-0.1532774,-0.5789268,-0.17210366,-0.030714292
-0.06707043,-0.53228176,-0.14970814,-0.031173307
-0.09289921,-0.53719586,-0.14756632,-0.028909257
-0.14498536,-0.55559015,-0.15498495,-0.025173439
-0.12528104,-0.57004684,-0.1427522,-0.030863727
-0.16094783,-0.5911367,-0.15138096,-0.03192415
-0.20632564,-0.59473366,-0.1685651,-0.030491026
-0.13168606,-0.59069914,-0.16174288,-0.03506228
-0.15483187,-0.58971554,-0.1643718,-0.030271364
-0.10757374,-0.5648931,-0.16244991,-0.035899945
-0.08293304,-0.5372396,-0.1493749,-0.030221546
-0.19055183,-0.59877795,-0.16001432,-0.022553256
-0.11310511,-0.5738855,-0.14841597,-0.035602357
-0.096700564,-0.53321505,-0.14531411,-0.033999056
-0.11875276,-0.53954816,-0.1756041,-0.03032064
-0.14485598,-0.56973493,-0.15627426,-0.025544925
-0.12831175,-0.59708107,-0.15003498,-0.033145808
-0.20119478,-0.59822273,-0.15575944,-0.03266244
-0.17410865,-0.61236763,-0.1645747,-0.03314275
-0.18106818,-0.62039816,-0.15548463,-0.028919403
-0.16397767,-0.6023835,-0.1671565,-0.034097005
-0.09847029,-0.5441929,-0.15198141,-0.030666092
-0.11156348,-0.55865335,-0.15545553,-0.026681596
-0.12371906,-0.56949085,-0.15184833,-0.02789553
-0.1568558,-0.5769823,-0.14726111,-0.029059382
-0.18728632,-0.59312826,-0.15493679,-0.031128243
-0.17235826,-0.58977044,-0.15743144,-0.034305744
-0.09719966,-0.5639056,-0.16304216,-0.0376418
-0.124670595,-0.5562033,-0.1691807,-0.028136993
-0.11897631,-0.5735686,-0.15765657,-0.030071145
-0.13812569,-0.5760694,-0.14202438,-0.029018657
-0.117694184,-0.5842986,-0.15132727,-0.03477939
-0.18484293,-0.584883,-0.15267019,-0.026169766
-0.13273704,-0.5846656,-0.16017434,-0.03489972
-0.13124011,-0.5647321,-0.15647995,-0.032401185
-0.11723509,-0.5669556,-0.16086474,-0.03247275
-0.09033701,-0.5437206,-0.14877042,-0.032489084
-0.05145212,-0.5068944,-0.1502902,-0.034909323
-0.15932287,-0.56153643,-0.15507497,-0.020008326
-0.13244787,-0.592056,-0.15035486,-0.03233429
-0.1936933,-0.6118262,-0.14422463,-0.030408908
-0.19328468,-0.62357414,-0.16528642,-0.033783402
-0.20625082,-0.6097452,-0.16570428,-0.030508703
-0.17984948,-0.6459472,-0.16839214,-0.029021947
-0.14369245,-0.5906722,-0.15999328,-0.033156004
-0.19091825,-0.60742176,-0.15918788,-0.02696084
-0.18436864,-0.636841,-0.15136631,-0.027329212
-0.14744863,-0.6194857,-0.14913918,-0.03438568
-0.20203753,-0.59945965,-0.15934281,-0.026561754
-0.12944555,-0.59188306,-0.15511547,-0.030845845
-0.11424552,-0.57590175,-0.14608823,-0.03321849
-0.11385417,-0.5576298,-0.15851872,-0.03194361
-0.11527386,-0.55989134,-0.1498972,-0.028839301
-0.098790795,-0.55967176,-0.14910881,-0.03314096
-0.1304898,-0.5563159,-0.15269919,-0.030139139
-0.07820861,-0.5348236,-0.15155941,-0.036836118
-0.089437634,-0.52412635,-0.15106796,-0.028960051
-0.1677561,-0.58340853,-0.15926017,-0.026290687
-0.09971156,-0.5603622,-0.14517441,-0.036979154
-0.11871064,-0.5567084,-0.1521642,-0.03406548
-0.16199625,-0.57384044,-0.17202677,-0.028325975
-0.21246773,-0.61958057,-0.16004682,-0.026591245
-0.1156583,-0.5953272,-0.15379973,-0.038503285
-0.13856725,-0.56292367,-0.1634052,-0.03384079
-0.15607971,-0.58855623,-0.16986525,-0.026357882
-0.099616565,-0.5745649,-0.1474388,-0.030795196
-0.084778816,-0.53479284,-0.14804003,-0.036911365
-0.1309816,-0.54909974,-0.15519823,-0.023134734
-0.116019085,-0.57773584,-0.14568217,-0.028653605
-0.15504315,-0.59636277,-0.14751562,-0.031140814
-0.28938496,-0.6269776,-0.1599832,-0.026767649
-0.21382026,-0.63770777,-0.15529516,-0.03545285
-0.15644655,-0.61680335,-0.15725204,-0.03833358
-0.16275518,-0.60016656,-0.18254562,-0.029735375
-0.19704723,-0.6198867,-0.16120692,-0.021274192
-0.14960364,-0.6358214,-0.14424774,-0.031076964
-0.115595244,-0.5798827,-0.14193527,-0.038319707
-0.13692845,-0.5719274,-0.16371964,-0.026144689
-0.11278421,-0.57414204,-0.15095271,-0.026617367
-0.12811285,-0.57159907,-0.14387377,-0.031880565
-0.12903449,-0.5668054,-0.15046376,-0.033720627
-0.09924621,-0.5528702,-0.14738642,-0.033784315
-0.12414115,-0.5687259,-0.15422751,-0.029671907
-0.1323761,-0.5640976,-0.16206963,-0.032346528
-0.11131369,-0.55428565,-0.15183462,-0.03338272
-0.09860517,-0.55191046,-0.1561969,-0.03366391
-0.10084179,-0.548046,-0.15275563,-0.031957537
-0.12676565,-0.5627064,-0.15343012,-0.029935237
-0.12163955,-0.560027,-0.15388869,-0.03343473
-0.112508506,-0.56773657,-0.15373321,-0.032554068
-0.19029212,-0.5957336,-0.16086146,-0.027361596
-0.11964623,-0.5771239,-0.15860559,-0.03830201
-0.20029953,-0.59535694,-0.15842065,-0.026556162
-0.15634607,-0.6041481,-0.1695512,-0.03337082
-0.1533661,-0.5900117,-0.149186,-0.03215321
-0.10835392,-0.5684179,-0.16460975,-0.03548605
-0.10950644,-0.53995943,-0.15721689,-0.026993247
-0.1499081,-0.5770739,-0.1575113,-0.025916725
-0.20005567,-0.59883344,-0.15123925,-0.026805995
-0.12467056,-0.58632505,-0.14588901,-0.03856124
-0.120821826,-0.54227865,-0.15529394,-0.031681746
-0.0475137,-0.4732296,-0.17450565,-0.035612047
-0.0516087,-0.46171108,-0.14901507,-0.022042396
-0.028642785,-0.43691292,-0.13609129,-0.035435814
-0.08954565,-0.5377679,-0.12723304,-0.01951193
-0.14943552,-0.6190164,-0.14817344,-0.027938077
-0.084173456,-0.5749571,-0.16999501,-0.0268918
-0.31148556,-0.6752203,-0.1882919,-0.01618493
-0.3649568,-0.7354846,-0.21555886,-0.020851657
-0.4086421,-0.7674806,-0.1637468,-0.019413183
-0.32855958,-0.78814197,-0.17578973,-0.02549206
-0.40698877,-0.77841365,-0.1652547,-0.025473522
-0.21708304,-0.8226841,-0.17856711,-0.018234834
-0.29910848,-0.79637754,-0.1531592,-0.0150882285
-0.22923882,-0.697717,-0.16234942,-0.023580337
-0.16158816,-0.7100761,-0.13691987,-0.020735351
-0.09181109,-0.66092324,-0.1576175,-0.024334524
-0.19031832,-0.5994007,-0.1485841,-0.019301865
-0.17937855,-0.6099406,-0.15852131,-0.029002486
-0.198488,-0.5928869,-0.14287734,-0.032127406
-0.13325818,-0.5825921,-0.15942109,-0.037380464
-0.15099475,-0.57189363,-0.16205472,-0.026352042
-0.11375286,-0.58956933,-0.16540487,-0.032100163
-0.11720605,-0.55544084,-0.14864947,-0.029584723
-0.10485822,-0.5539012,-0.15113606,-0.033246703
-0.18446225,-0.58797616,-0.14840819,-0.024403675
-0.12327224,-0.5978942,-0.15392713,-0.036195546
-0.11723677,-0.5384614,-0.1522362,-0.036488805
-0.15901738,-0.5619834,-0.17618652,-0.026778571
-0.10397963,-0.5567644,-0.15447481,-0.032226846
-0.12475637,-0.5695703,-0.15119565,-0.031376667
-0.1818414,-0.5859443,-0.1622103,-0.029418187
-0.038284194,-0.4875251,-0.15263046,-0.03692692
-0.02235948,-0.3695527,-0.16506413,-0.012224724
-0.16725037,-0.55709565,-0.16182718,-0.016513942
-0.05179051,-0.5651181,-0.14657429,-0.030158864
-0.044898383,-0.5800126,-0.14864635,-0.018922206
-0.060921334,-0.52785695,-0.16701631,-0.023869703
-0.08979409,-0.5769114,-0.14738154,-0.019671582
-0.096791774,-0.67968744,-0.15036602,-0.017626204
-0.15625826,-0.68022895,-0.15004648,-0.021239506
-0.12227803,-0.65539813,-0.17123407,-0.026302764
-0.2820054,-0.83371943,-0.18604226,-0.011293616
-0.37403098,-0.7894803,-0.19363445,-0.016286805
-0.50172395,-0.78048503,-0.1677298,-0.01655628
-0.4159335,-0.7941807,-0.17637895,-0.021892598
-0.41106448,-0.83407813,-0.17347004,-0.020847628
-0.3175797,-0.75433224,-0.16468354,-0.023741113
-0.21958499,-0.66968846,-0.15559292,-0.018785492
-0.16523267,-0.5992504,-0.15169021,-0.023082213
-0.07082514,-0.5235967,-0.13404854,-0.02881621
-0.08282881,-0.5338511,-0.1516777,-0.022516323
-0.088785686,-0.54473877,-0.1398963,-0.025707485
-0.15411323,-0.5928037,-0.1367127,-0.022352714
-0.11255428,-0.61598766,-0.15153378,-0.033124194
-0.2473026,-0.6353733,-0.16250572,-0.027354397
-0.18472363,-0.65621173,-0.18540125,-0.029689638
-0.34617874,-0.68271387,-0.17535676,-0.020639349
-0.21768779,-0.6729718,-0.17302646,-0.029704414
-0.24940138,-0.66185665,-0.14376186,-0.023907747
-0.19786786,-0.6692676,-0.16970965,-0.027710075
-0.20130293,-0.63498855,-0.14974909,-0.021873718
-0.16338451,-0.600545,-0.16065246,-0.030621093
-0.20764272,-0.594159,-0.15021524,-0.023032408
-0.09730868,-0.5634505,-0.15382053,-0.037080016
-0.091849044,-0.53157115,-0.14874224,-0.026705442
-0.16197596,-0.5828086,-0.16750708,-0.023466753
-0.080269955,-0.5499398,-0.13819836,-0.032702208
-0.14609784,-0.5829512,-0.14308889,-0.028141253
-0.17574978,-0.60124993,-0.15730917,-0.03190197
-0.15075071,-0.5938156,-0.15109909,-0.03391833
-0.17017265,-0.6124662,-0.16823637,-0.031391643
-0.14569466,-0.57509047,-0.16947074,-0.032191195
-0.11644709,-0.57663625,-0.1563065,-0.030559137
-0.15474795,-0.58335286,-0.15863425,-0.026581815
-0.12255749,-0.5731796,-0.15511608,-0.03422412
-0.16876997,-0.58039856,-0.15230846,-0.026340852
-0.1753891,-0.5947234,-0.1648493,-0.030339953
-0.16517417,-0.59588873,-0.1560463,-0.031451035
-0.14919846,-0.59655666,-0.15885624,-0.032097254
-0.12365466,-0.57304347,-0.15713856,-0.035357445
-0.14495617,-0.5807544,-0.1575122,-0.028419072
-0.138709,-0.5881913,-0.15552191,-0.03086348
-0.14440162,-0.5846856,-0.15114973,-0.032636505
-0.15657431,-0.58496094,-0.15698223,-0.031060128
-0.14874601,-0.5872949,-0.15493041,-0.03136733
-0.12097628,-0.57623446,-0.15517926,-0.033881683
-0.13415508,-0.56735027,-0.15773825,-0.030972755
-0.09450735,-0.5554615,-0.15382914,-0.034447398
-0.12714945,-0.56492335,-0.15201056,-0.027883781
-0.1768463,-0.60134363,-0.15569647,-0.028139519
-0.20191143,-0.6168059,-0.14758193,-0.031270046
-0.22631863,-0.63528526,-0.15035918,-0.033067532
-0.24502496,-0.65128326,-0.1565899,-0.030311774
-0.17200792,-0.6530968,-0.15321502,-0.033644527
-0.08846844,-0.5803222,-0.15188469,-0.037641536
-0.11096495,-0.5649242,-0.16212909,-0.024878806
-0.07970241,-0.5548065,-0.14815658,-0.028941091
-0.08009321,-0.5374036,-0.13736798,-0.029659713
-0.12823252,-0.5588568,-0.14866096,-0.027568353
-0.066565715,-0.5291489,-0.14152054,-0.033653017
-0.12092081,-0.5532097,-0.14803143,-0.02504883
-0.15742588,-0.5916453,-0.16537231,-0.029980538
-0.13124469,-0.583997,-0.14271882,-0.03367028
-0.124143116,-0.5956135,-0.15701814,-0.034325037
-0.22271137,-0.6055745,-0.16947244,-0.025509644
-0.10157353,-0.5930665,-0.15671866,-0.0352983
-0.13204049,-0.5622344,-0.15328036,-0.027051939
-0.19682202,-0.6031588,-0.1674357,-0.024966262
-0.112423345,-0.5643572,-0.13782842,-0.032222312
-0.101035684,-0.5544448,-0.15032041,-0.034636445
-0.017862666,-0.4305828,-0.16977534,-0.023226488
-0.13607414,-0.4974735,-0.14723426,-0.010708867
-0.13532716,-0.6428317,-0.20920882,-0.026135951
-0.19706741,-0.70462483,-0.14516062,-0.016111623
-0.29476205,-0.8169381,-0.19976276,-0.013287252
-0.39480737,-0.8134899,-0.188037,-0.016407313
-0.32606366,-0.9421791,-0.23343688,-0.005886618
-0.36851367,-0.9225684,-0.18359536,-0.00982745
-0.21704505,-0.9056601,-0.17752379,-0.012738685
-0.19987284,-0.90881205,-0.14643711,-0.012305528
-0.18743677,-0.9381653,-0.16545701,-0.008803756
-0.23999777,-0.777717,-0.14162669,-0.021489352
-0.18199798,-0.58957255,-0.15371697,-0.028767651
-0.18410563,-0.58482206,-0.17190714,-0.02796823
-0.12393808,-0.570813,-0.14607173,-0.029118484
-0.14567962,-0.5774,-0.15572537,-0.030230068
-0.15574872,-0.57621795,-0.1631971,-0.030616593
-0.11713907,-0.5640637,-0.1457477,-0.031803403
-0.114771865,-0.56076795,-0.15976618,-0.034667518
-0.057468183,-0.52434874,-0.16268253,-0.032802142
-0.113985226,-0.5605613,-0.14428851,-0.02214781
-0.15348218,-0.61510134,-0.15112466,-0.029290121
-0.15502259,-0.6146289,-0.13454019,-0.032321382
-0.013279364,-0.39058867,-0.14057639,-0.0130555555
-0.19103272,-0.51598626,-0.1941345,-0.012892253
-0.009778428,-0.3204959,-0.21281528,-0.032548238
-0.1097129,-0.5050615,-0.1688958,-0.010475845
-0.2811237,-0.723827,-0.28321266,-0.013448028
-0.5234582,-0.8515329,-0.38966832,-0.003308364
-0.55272114,-0.9372927,-0.4217218,-0.0011884939
-0.55832565,-0.9796405,-0.48683435,-0.00071636814
-0.4257853,-0.99684465,-0.49174085,-0.00033939103
-0.12850289,-1.0151265,-0.44323224,-0.0004715348
-0.14290474,-1.0306363,-0.42249104,-0.0007863171
-0.28861704,-1.033497,-0.39486304,-0.0009926682
-0.28279632,-1.0377113,-0.33868492,-0.0010750666
-0.19243729,-1.0262142,-0.25394452,-0.0023786458
-0.3348417,-0.6605106,-0.14783512,-0.034493078
-0.36429968,-0.7092958,-0.20554054,-0.022895379
-0.28118268,-0.70612967,-0.16902906,-0.022642126
-0.18632595,-0.6385819,-0.1512304,-0.034059666
-0.18357167,-0.61779463,-0.16530184,-0.02623447
-0.15955363,-0.70454913,-0.15594539,-0.020448463
-0.19802982,-0.6435186,-0.1464915,-0.024788417
-0.2789045,-0.6132483,-0.15622509,-0.02144724
-0.24990238,-0.6239051,-0.15161137,-0.030447925
-0.19528444,-0.6295951,-0.15223551,-0.035772327
-0.19991955,-0.6267917,-0.16435035,-0.032394536
-0.07082186,-0.56548643,-0.16477327,-0.03478786
-0.06923573,-0.51812905,-0.14931267,-0.02663299
-0.013452834,-0.35564864,-0.14807174,-0.03264343
-0.007583496,-0.08517798,-0.1364286,0.020228684
-0.003831542,0.0984437,-0.14563102,0.0068912175
-0.10159106,-0.5084502,-0.17863266,-0.041152183
-0.0789317,-0.5962054,-0.29470238,-0.00461208
-0.078903794,-0.8199868,-0.42460358,0.00097468233
-0.22495529,-0.97688556,-0.58112496,-0.00032728128
-0.36001444,-1.0067244,-0.6193735,-0.0005945302
-0.63542694,-1.0232022,-0.5994488,-0.0005750892
-0.75228506,-1.0240028,-0.61162,-0.00046446727
-0.83381915,-1.0182728,-0.7613805,-0.00027976738
-0.76260406,-1.0219749,-0.5901181,-0.00039202496
-0.7056935,-1.0225942,-0.5855725,-0.0003541441
-0.8637488,-1.0166018,-0.5613736,-0.00034790928
-0.42691597,-0.94751394,-0.18810056,-0.006058196
-0.63477784,-0.8339575,-0.17315629,-0.013231775
-0.70436233,-0.8290264,-0.16603954,-0.019296525
-0.6379201,-0.84635,-0.16149248,-0.023809917
-0.55024797,-0.84284097,-0.15443847,-0.025087282
-0.16312581,-0.73354965,-0.17121983,-0.024674349
-0.20675147,-0.6602438,-0.16326655,-0.01901518
-0.17637533,-0.63338387,-0.16908158,-0.018806908
-0.16825177,-0.6350394,-0.13868499,-0.020907085
-0.13435929,-0.60044324,-0.14622588,-0.03699
-0.21796837,-0.583457,-0.1506093,-0.024444124
-0.06557413,-0.5338926,-0.16194712,-0.037369523
-0.02695055,-0.42003855,-0.14820057,-0.016653
-0.0018569933,0.21808352,-0.17216362,0.0444627
-0.19880122,-0.27781186,-0.18818302,-0.015294884
-0.1660975,-0.5936804,-0.3271161,-0.016046684
-0.53101856,-0.8326096,-0.50422865,-0.0018241672
-0.6783639,-0.9214582,-0.5924563,-0.00039724394
-0.75828004,-0.9592674,-0.63452643,-0.00022730995
-0.736517,-0.9732367,-0.5934186,-0.00022295398
-0.75481975,-0.98826844,-0.58759034,-0.0002544904
-0.6929009,-1.0076438,-0.60019046,-0.00021252765
-0.69485027,-0.9970409,-0.6276308,-0.00016271946
-0.58810514,-1.0218526,-0.53419936,-0.00026916468
-0.57279,-1.021275,-0.5285036,-0.00024731396
-0.23173422,-0.6143245,-0.15511322,-0.02510424
-0.24780351,-0.6066648,-0.15475984,-0.02464912
-0.19207819,-0.5988729,-0.1448318,-0.030820852
-0.12811722,-0.58204836,-0.15327045,-0.036350235
-0.19546041,-0.59741837,-0.16341498,-0.024415128
-0.09030743,-0.57772386,-0.15358606,-0.035672016
-0.117189385,-0.5562611,-0.14692649,-0.030123308
-0.1368816,-0.5739501,-0.15906802,-0.030107893
-0.14081955,-0.57546055,-0.14189093,-0.028464548
-0.18324329,-0.6162809,-0.15140711,-0.029911
-0.2433413,-0.62190145,-0.1546514,-0.028867465
-0.2175451,-0.6418454,-0.14959615,-0.033344902
-0.21277492,-0.650546,-0.15407917,-0.030433213
-0.21125622,-0.6610662,-0.1538343,-0.029458083
-0.13958964,-0.6353391,-0.14613502,-0.03303871
-0.10217412,-0.60051125,-0.1470931,-0.031137444
-0.074121565,-0.55797654,-0.15136105,-0.028932745
-0.09297467,-0.54676396,-0.14407004,-0.023856182
-0.09460401,-0.55065584,-0.14207207,-0.029884785
-0.11609609,-0.5572795,-0.1395036,-0.02944766
-0.10232481,-0.5566529,-0.14741974,-0.03394212
-0.13502531,-0.5598976,-0.15243666,-0.028987387
-0.0713427,-0.5355942,-0.15706803,-0.039053123
-0.11472209,-0.54635954,-0.15534554,-0.028387524
-0.18291305,-0.6051993,-0.15756513,-0.027732836
-0.12583369,-0.5866,-0.14233857,-0.03682522
-0.08696655,-0.5486867,-0.15527141,-0.039241854
-0.2398106,-0.59989756,-0.18236892,-0.017621277
-0.073233664,-0.57624084,-0.15405837,-0.035258442
-0.1730544,-0.58171767,-0.14365219,-0.028084273
-0.23788348,-0.6262381,-0.17039841,-0.026951404
-0.022955349,-0.42899227,-0.12865084,-0.012928363
-0.037963953,-0.3643412,-0.17302854,-0.014343622
-0.17622362,-0.585044,-0.19472165,-0.019235143
-0.091824286,-0.6117875,-0.13409477,-0.02499848
-0.119655885,-0.7324136,-0.18055335,-0.019790443
-0.32942152,-0.69081,-0.18282986,-0.021080595
-0.25353923,-0.7591568,-0.19564065,-0.021894462
-0.14497134,-0.77979666,-0.1798393,-0.011407739
-0.13157628,-0.6621282,-0.15800565,-0.021896925
-0.23213507,-0.69826025,-0.16234064,-0.011763952
-0.21086383,-0.94263476,-0.17265753,-0.0067907865
-0.36516374,-0.72720724,-0.14258984,-0.030400658
-0.45005834,-0.7457551,-0.16369683,-0.022809697
-0.16000687,-0.6458188,-0.17032531,-0.030161347
-0.27069107,-0.6598267,-0.16203302,-0.024305115
-0.20617321,-0.6308964,-0.17294885,-0.026563618
-0.237498,-0.65879864,-0.14168186,-0.022200415
-0.18147977,-0.6962252,-0.15362108,-0.02906651
-0.26587814,-0.63762695,-0.15185632,-0.024023127
-0.10473474,-0.5765989,-0.16382295,-0.035228305
-0.12869076,-0.5725601,-0.15159278,-0.022831088
-0.11234058,-0.57761425,-0.15320896,-0.030690078
-0.12859537,-0.56608343,-0.13350672,-0.025296085
-0.14995235,-0.59834254,-0.14600389,-0.030023925
-0.14585854,-0.57266164,-0.14466241,-0.031398416
-0.09443358,-0.54518515,-0.15551053,-0.035708357
-0.19203854,-0.57628256,-0.16614273,-0.023522004
-0.16744427,-0.6006226,-0.15555757,-0.031981185
-0.12578572,-0.57909983,-0.14747055,-0.037376523
-0.09546831,-0.53367466,-0.1679576,-0.037572313
-0.12311311,-0.55087346,-0.16939893,-0.02469235
-0.08764376,-0.55700684,-0.15005669,-0.030894052
-0.10568526,-0.5520433,-0.14332862,-0.03357787
-0.13028643,-0.5648895,-0.14971171,-0.031877115
-0.1313533,-0.5699084,-0.15062988,-0.030839413
-0.20680434,-0.6104259,-0.16373381,-0.029061632
-0.13133246,-0.57119983,-0.16211003,-0.03777469
-0.13634193,-0.56817,-0.16196284,-0.030992469
-0.15413485,-0.59337884,-0.16622755,-0.028663225
-0.14301169,-0.59021735,-0.1522076,-0.032452077
-0.111106925,-0.56745625,-0.15485382,-0.035500433
-0.1519125,-0.5684595,-0.16056588,-0.025506672
-0.13530152,-0.5862058,-0.15608507,-0.030720871
-0.16163471,-0.5799124,-0.14882539,-0.029628778
-0.107223734,-0.5614625,-0.1574425,-0.03732517
-0.15751578,-0.5696423,-0.15628526,-0.026209902
-0.13378887,-0.58685654,-0.16112512,-0.03314232
-0.16412295,-0.58090776,-0.1535237,-0.030851398
-0.08853999,-0.54910743,-0.16026178,-0.038704433
-0.13713178,-0.5543626,-0.15619458,-0.02540509
-0.18454388,-0.6071837,-0.16277218,-0.027199214
-0.24995856,-0.62419754,-0.14933422,-0.028356696
-0.19221629,-0.63176495,-0.15113549,-0.03725287
-0.11092684,-0.5631616,-0.15592061,-0.03716459
-0.15031052,-0.58523786,-0.17339958,-0.024611158
-0.081643105,-0.54285884,-0.15502287,-0.031352576
-0.028042402,-0.44983226,-0.1440289,-0.030491702
-0.11691421,-0.5312694,-0.14651343,-0.019648688
-0.117420144,-0.56941676,-0.14684209,-0.027440615
-0.116500236,-0.5933952,-0.13885032,-0.03021364
-0.012321179,-0.38564497,-0.17510548,-0.01632736
-0.11711321,-0.44787496,-0.17911948,-0.010221316
-0.12623385,-0.5782086,-0.21952373,-0.030542355
-0.18999472,-0.6582436,-0.16398129,-0.017787725
-0.36640516,-0.7977958,-0.23657767,-0.01164735
-0.48703408,-0.79836625,-0.18778242,-0.018890128
-0.27034202,-0.9438238,-0.29409587,-0.0033775193
-0.37443882,-0.95964015,-0.227475,-0.005915326
-0.25462922,-0.8853998,-0.19435376,-0.010539733
-0.21795075,-0.9909852,-0.18320368,-0.0059721107
-0.13825905,-1.0059811,-0.21174335,-0.0052007306
-0.33884498,-0.837375,-0.14369279,-0.0148174
-0.29387987,-0.6450936,-0.16261016,-0.027052855
-0.20323998,-0.6123889,-0.15056448,-0.033277713
-0.16752556,-0.5917958,-0.16544901,-0.03459235
-0.16903424,-0.5889468,-0.16272867,-0.024115507
-0.14371128,-0.6146564,-0.15346718,-0.030028552
-0.115160875,-0.5583373,-0.14849992,-0.03405022
-0.13129163,-0.5511717,-0.16271596,-0.02755292
-0.060800727,-0.5146634,-0.15028724,-0.033694755
-0.13336256,-0.55098075,-0.14974988,-0.02324577
-0.1496117,-0.59522265,-0.15371971,-0.031351343
-0.18438667,-0.5956842,-0.14210594,-0.0311696
-0.15541904,-0.6062592,-0.1595256,-0.035007402
-0.13599843,-0.56220686,-0.16786115,-0.032361872
-0.11419922,-0.575546,-0.17320105,-0.029726531
-0.11025957,-0.55954695,-0.15275347,-0.026968814
-0.06452607,-0.53462696,-0.14355852,-0.03566292
-0.11469223,-0.5522767,-0.14186253,-0.022899352
-0.09961519,-0.5553172,-0.15223642,-0.033650763
-0.06153989,-0.51025814,-0.14551944,-0.031091118
-0.09036312,-0.5271148,-0.15408847,-0.028711576
-0.1984519,-0.5986488,-0.16174704,-0.02559999
-0.023519428,-0.49210846,-0.14046015,-0.021757014
-0.068453796,-0.49194908,-0.14574316,-0.019467818
-0.26762965,-0.6382042,-0.21184757,-0.023518477
-0.11495722,-0.6087537,-0.1369524,-0.02312907
-0.10013265,-0.6474945,-0.16596358,-0.023290452
-0.39670962,-0.69982255,-0.18295665,-0.013857486
-0.20601383,-0.73112214,-0.18181497,-0.022067344
-0.46910486,-0.819553,-0.16570684,-0.016445879
-0.26844123,-0.74239653,-0.1867642,-0.024745842
-0.260704,-0.76702744,-0.14508705,-0.019999392
-0.3142418,-0.8873369,-0.17650875,-0.011289706
-0.24698883,-0.7005879,-0.15297092,-0.025239373
-0.1660471,-0.6091348,-0.14644112,-0.029003857
-0.13137192,-0.58810055,-0.17195886,-0.021040102
-0.070940085,-0.51681983,-0.14537217,-0.028584784
-0.12192544,-0.53899115,-0.13996696,-0.022195755
-0.0725869,-0.52247524,-0.15608652,-0.03735473
-0.082660586,-0.5286201,-0.14422067,-0.023936447
-0.122607544,-0.5728791,-0.16398707,-0.032183565
-0.2172519,-0.6090704,-0.16292126,-0.02705438
-0.09110298,-0.58684176,-0.16310689,-0.032611348
-0.17714787,-0.6034255,-0.17254385,-0.027334299
-0.16089517,-0.6192725,-0.18438648,-0.029326346
-0.25046754,-0.64992386,-0.15066871,-0.01626058
-0.10061047,-0.6169543,-0.15843935,-0.0329557
-0.11281669,-0.56797427,-0.1443426,-0.025948985
-0.07976996,-0.52540976,-0.1734116,-0.026812965
-0.0030557052,-0.19211586,-0.12799485,0.026541453
-0.07084143,-0.1981349,-0.17106593,0.0072268196
-0.04405578,-0.48257202,-0.21771733,-0.027280675
-0.07583732,-0.6206529,-0.20599735,-0.008339755
-0.4837351,-0.85277396,-0.37051433,-0.004175744
-0.80738586,-0.9143619,-0.5235921,-0.001689444
-0.8448501,-0.9392415,-0.5959786,-0.00040116534
-0.7925993,-0.9670924,-0.5467022,-0.0002295581
-0.6719747,-0.99945766,-0.5471512,-0.00023236958
-0.7651629,-0.9935867,-0.61856467,-0.0002315362
-0.72655296,-1.0138946,-0.5539295,-0.00039564352
-0.59084594,-1.0288237,-0.47611016,-0.0004885829
-0.49472192,-0.97471386,-0.17906761,-0.009095981
-0.35047844,-0.88299495,-0.14679907,-0.019612504
-0.37158573,-0.6933401,-0.15162165,-0.026173051
-0.27565515,-0.6602135,-0.16957587,-0.025740087
-0.16359977,-0.62543213,-0.15360679,-0.036027208
-0.14881885,-0.60009456,-0.15471385,-0.032825597
-0.20710848,-0.6381168,-0.16475646,-0.021036483
-0.1375091,-0.61518806,-0.14942479,-0.030923668
-0.1911619,-0.5960527,-0.14714134,-0.029354006
-0.13712832,-0.59023124,-0.15876977,-0.032208484
-0.19467135,-0.6122908,-0.14463793,-0.025334591
-0.119464025,-0.60368496,-0.15298995,-0.03648696
-0.035013914,-0.50633043,-0.15722361,-0.03320697
-0.11264006,-0.5442031,-0.15190996,-0.01854111
-0.121325284,-0.583041,-0.15446219,-0.024755763
-0.12334636,-0.6202259,-0.12663999,-0.03024028
-0.17171311,-0.63516,-0.1392133,-0.036078215
-0.19285491,-0.58308816,-0.16788718,-0.030531136
-0.04624617,-0.5456343,-0.16139059,-0.028352542
-0.08894949,-0.51635927,-0.14963232,-0.02731012
-0.12073598,-0.5579568,-0.16137238,-0.029259454
-0.104667015,-0.55362535,-0.13257015,-0.026589977
-0.14685914,-0.64109224,-0.14932476,-0.024771895
-0.20582885,-0.601885,-0.15408102,-0.030860072
-0.0993899,-0.548278,-0.16259576,-0.032168377
-0.20563893,-0.61509603,-0.17397888,-0.021990512
-0.13913473,-0.6170492,-0.15896007,-0.030954521
-0.14082521,-0.6002959,-0.1444107,-0.031135263
-0.020554466,-0.44277626,-0.18523863,-0.02725687
-0.011970141,-0.06154715,-0.17910193,0.017527154
-0.10792178,-0.37408203,-0.18161331,-0.02100714
-0.19399752,-0.6247649,-0.27471465,-0.018132638
-0.48623097,-0.82684004,-0.38493744,-0.005264682
-0.60525656,-0.89964753,-0.3923955,-0.0024772536
-0.5229886,-0.9547288,-0.4839351,-0.0004753514
-0.43691766,-0.99060535,-0.46780312,-0.00056184275
-0.38135284,-1.0105505,-0.36162588,-0.0012403557
-0.34948725,-1.0283285,-0.4162526,-0.0008700323
-0.5478767,-1.0275418,-0.52183455,-0.0004166224
-0.31272808,-1.032169,-0.2996902,-0.0017951017
-0.16825368,-1.0380391,-0.391957,-0.00093354384
-0.3584746,-0.6989431,-0.17145407,-0.026452541
-0.2801944,-0.6824348,-0.17169519,-0.027090712
-0.20512643,-0.6729283,-0.16583295,-0.02752061
-0.20191087,-0.66894376,-0.15651697,-0.021445977
-0.14804521,-0.6424071,-0.15568665,-0.027432607
-0.16310112,-0.6126431,-0.14048749,-0.02484961
-0.14990722,-0.5855893,-0.16024795,-0.02681841
-0.16655926,-0.5840291,-0.14571175,-0.024657868
-0.120273955,-0.5820444,-0.14519867,-0.033130225
-0.19742648,-0.60909027,-0.15591638,-0.028290879
-0.13945505,-0.5996627,-0.1566449,-0.03544357
-0.1705878,-0.6019038,-0.15443556,-0.03082535
-0.18488605,-0.61896116,-0.17246418,-0.029578086
-0.20186816,-0.6245836,-0.1503739,-0.02785801
-0.11426536,-0.6015293,-0.15127103,-0.03688847
-0.17624158,-0.59250367,-0.15754679,-0.02548182
-0.10026455,-0.57558227,-0.1587862,-0.033342328
-0.1030757,-0.5550193,-0.14172038,-0.026331967
-0.09371278,-0.55027753,-0.15262762,-0.032973714
-0.06966053,-0.51587814,-0.13463491,-0.026609706
-0.056746,-0.5134831,-0.14251502,-0.029902944
-0.14935477,-0.5717399,-0.14328317,-0.021751251
-0.14156812,-0.6151673,-0.14375295,-0.032193374
-0.16334057,-0.6105847,-0.14368722,-0.03427724
-0.15506248,-0.5914799,-0.17603497,-0.035702493
-0.057555586,-0.51493627,-0.17550927,-0.033899426
-0.0333179,-0.41113454,-0.15210123,-0.025613997
-0.02538606,-0.34526145,-0.12987354,-0.026202992
-0.025743712,-0.4355714,-0.11411378,-0.022262497
-0.042517968,-0.52770555,-0.127185,-0.021305347
-0.041188605,-0.5284958,-0.13832723,-0.019306056
-0.06569169,-0.56687695,-0.13666607,-0.016610999
-0.10797125,-0.6574256,-0.15358825,-0.018003607
-0.102784686,-0.7076324,-0.15812634,-0.0165494
-0.15450558,-0.7537814,-0.16581692,-0.015603454
-0.24510165,-0.80880034,-0.1830735,-0.014271572
-0.3606819,-0.88653004,-0.1912503,-0.009505339
-0.3993204,-0.8511472,-0.16491635,-0.0112679005
-0.48918685,-0.8317089,-0.16430664,-0.012989039
-0.51741314,-0.8483987,-0.166718,-0.013921765
-0.53489584,-0.8284106,-0.15868776,-0.01915045
-0.4081734,-0.7619817,-0.15530416,-0.027035689
-0.27899712,-0.7052766,-0.15451004,-0.023922572
-0.17185809,-0.635745,-0.15996188,-0.022612548
-0.27201676,-0.6431087,-0.15690151,-0.01655591
-0.27624333,-0.652621,-0.15036896,-0.025757562
-0.21723694,-0.6350216,-0.1451664,-0.035646398
-0.27412173,-0.63597596,-0.16845568,-0.028320903
-0.20923239,-0.632914,-0.1652203,-0.028477157
-0.20133723,-0.6388957,-0.15382484,-0.030505959
-0.1843265,-0.62017685,-0.1572047,-0.03179759
-0.15351322,-0.61706877,-0.14759912,-0.030921776
-0.1100287,-0.60312885,-0.1496799,-0.031564225
-0.15857364,-0.5900192,-0.15722428,-0.022741066
-0.15324701,-0.592762,-0.15135658,-0.028073573
-0.13733459,-0.5890659,-0.14060435,-0.032217428
-0.08352399,-0.5522367,-0.14831693,-0.03858983
-0.13365233,-0.55875355,-0.1573294,-0.024005743
-0.12001038,-0.5795667,-0.15420252,-0.030481048
-0.081043735,-0.54794514,-0.14261314,-0.0366714
-0.11304936,-0.5485439,-0.15399306,-0.03174285
-0.13720407,-0.56623,-0.1549324,-0.028140314
-0.08904088,-0.562393,-0.14634122,-0.035032753
-0.18177935,-0.58372587,-0.1583281,-0.028480217
-0.09467593,-0.5569612,-0.1598512,-0.038597383
-0.081860065,-0.5284409,-0.14788006,-0.030239664
-0.14765112,-0.5688609,-0.16991119,-0.027612085
-0.1790924,-0.5842862,-0.15273438,-0.026655411
-0.12726918,-0.590235,-0.14719844,-0.036222998
-0.23295805,-0.6058011,-0.1638157,-0.027007308
-0.1952014,-0.6257108,-0.1693062,-0.031506106
-0.170401,-0.61257136,-0.14743847,-0.031106459
-0.13959107,-0.5909038,-0.16314879,-0.034802444
-0.10526028,-0.55940837,-0.15149239,-0.028568856
-0.09901937,-0.5743349,-0.15111205,-0.028591387
-0.1536502,-0.5826348,-0.14916101,-0.02523429
-0.09441684,-0.55519545,-0.1441837,-0.036416005
-0.117793545,-0.5504549,-0.14791703,-0.028454114
-0.11823063,-0.5587317,-0.1613961,-0.032118704
-0.1294094,-0.5632138,-0.14979443,-0.03009303
-0.10474989,-0.56405413,-0.15412106,-0.03623862
-0.15676525,-0.57919115,-0.15743867,-0.029028077
-0.09864643,-0.57016057,-0.155572,-0.036498953
-0.18057843,-0.5852749,-0.156867,-0.02667306
-0.10239089,-0.5721823,-0.16309014,-0.03618
-0.15636928,-0.5722357,-0.14799275,-0.024901025
-0.17725563,-0.61071765,-0.16135691,-0.030182786
-0.18452227,-0.6030023,-0.14711057,-0.029384093
-0.0879245,-0.56675684,-0.15559399,-0.038154118
-0.18430176,-0.58005095,-0.16277733,-0.020479081
-0.07298858,-0.5574688,-0.15911373,-0.036217913
-0.07494295,-0.5205739,-0.13886751,-0.023841973
-0.12220419,-0.5646704,-0.15673545,-0.028641118
-0.1378867,-0.56929326,-0.13383308,-0.023520583
-0.121112764,-0.6060418,-0.14456038,-0.031869948
-0.24860908,-0.61007524,-0.15572023,-0.027683144
-0.1595321,-0.6101608,-0.16960062,-0.035031334
-0.20557275,-0.62720746,-0.1597339,-0.026386358
-0.21660031,-0.6408261,-0.16750146,-0.03090495
-0.1743315,-0.6074401,-0.14716488,-0.03178631
-0.15295592,-0.6287606,-0.16040896,-0.029089212
-0.19824658,-0.6353128,-0.15885168,-0.023792664
-0.072065584,-0.56334823,-0.14821571,-0.037483167
-0.13616799,-0.5632681,-0.14915241,-0.022314884
-0.074705645,-0.5456022,-0.15503749,-0.03506524
-0.10388892,-0.55702215,-0.13556466,-0.021366999
-0.0966207,-0.57785565,-0.14691149,-0.033938296
-0.20189257,-0.5858511,-0.14204006,-0.022209743
-0.115265734,-0.5932675,-0.1474806,-0.03550024
-0.17468026,-0.5801498,-0.15525621,-0.029768866
-0.17705202,-0.6055268,-0.17423423,-0.030115591
-0.10881559,-0.5542477,-0.14488842,-0.030488506
-0.13297504,-0.5690779,-0.1570961,-0.03152616
-0.125599,-0.5495076,-0.15514381,-0.027372522
-0.14414154,-0.5757142,-0.15317468,-0.027607482
-0.21791002,-0.6081199,-0.15848021,-0.028559962
-0.28673247,-0.6326331,-0.15952116,-0.02978629
-0.18928513,-0.6314781,-0.15759978,-0.037042882
-0.120672345,-0.5735511,-0.16658406,-0.037059665
-0.10593765,-0.5524786,-0.17712946,-0.029151144
-0.06454646,-0.51871264,-0.14987054,-0.02811491
-0.12132009,-0.5548107,-0.14251845,-0.024502913
-0.005445792,-0.2588961,-0.11372789,-0.0022844977
-0.2268532,-0.44356322,-0.17821555,-0.008758684
-0.29713207,-0.59950316,-0.32770717,-0.025482869
-0.37959948,-0.78087324,-0.23906752,-0.0067472267
-0.39402413,-0.8698941,-0.3948858,-0.0020350085
-0.4255394,-0.93824255,-0.31661972,-0.00414066
-0.37904197,-0.9860325,-0.4075321,-0.0010249692
-0.16881692,-1.0141777,-0.37188867,-0.0011580935
-0.19394755,-1.0267221,-0.3149067,-0.0015681189
-0.17397667,-1.0347908,-0.30997643,-0.0018045981
-0.06423869,-1.0395154,-0.333063,-0.0013654262
-0.1903857,-1.0114212,-0.18901818,-0.0067814486
-0.14812969,-0.5811891,-0.17029074,-0.03419094
-0.157037,-0.58348966,-0.16904242,-0.025815306
-0.19364111,-0.60448176,-0.16325653,-0.02058407
-0.16386952,-0.6129194,-0.14628878,-0.028859174
-0.1576129,-0.6048794,-0.1472811,-0.034185596
-0.19738722,-0.60122377,-0.1673543,-0.02645692
-0.10566251,-0.5755116,-0.16040842,-0.03286073
-0.076835275,-0.5318238,-0.14992078,-0.030137518
-0.12379708,-0.5530773,-0.15112029,-0.027938195
-0.1379116,-0.5732798,-0.14250875,-0.027088512
-0.15157662,-0.6118976,-0.1425806,-0.031672385
-0.22324124,-0.6126562,-0.15768789,-0.03267165
-0.1751735,-0.59192485,-0.1693033,-0.033948883
-0.18897028,-0.6199635,-0.16717625,-0.028322585
-0.19323245,-0.6188211,-0.16591273,-0.02984192
-0.11431504,-0.5822303,-0.15188569,-0.03672435
-0.13638076,-0.5816258,-0.15517083,-0.028641416
-0.18761584,-0.6112966,-0.16652676,-0.023594141
-0.16171087,-0.5950881,-0.14680201,-0.03081222
-0.09330819,-0.5497833,-0.15092577,-0.039156258
-0.114734896,-0.54350126,-0.1628912,-0.02841757
-0.1311659,-0.5714952,-0.1562143,-0.027125578
-0.12031895,-0.5764055,-0.14533125,-0.033886213
-0.13396227,-0.5745189,-0.15073997,-0.03470091
-0.16548578,-0.5799654,-0.15992324,-0.029658834
-0.14010493,-0.5954314,-0.15521783,-0.032580055
-0.16269982,-0.59029996,-0.15913522,-0.03200291
-0.17542899,-0.59688747,-0.16255848,-0.030328318
-0.13688885,-0.59887576,-0.15047319,-0.03297678
-0.1446654,-0.59921986,-0.15275156,-0.03228802
-0.13080093,-0.5761347,-0.1616817,-0.031601284
-0.15840577,-0.5893223,-0.15304276,-0.025554555
-0.1335021,-0.59971005,-0.15122364,-0.032865394
-0.22648445,-0.61849546,-0.1468844,-0.02724624
-0.21806869,-0.64801043,-0.15221693,-0.031444117
-0.21407625,-0.6498887,-0.14175619,-0.032837175
-0.13390714,-0.627462,-0.1551345,-0.036035918
-0.09788821,-0.5750658,-0.15169275,-0.029107435
-0.08398615,-0.5534002,-0.15251736,-0.02938259
-0.036606513,-0.48101497,-0.13940157,-0.031081
-0.022413636,-0.39651772,-0.1430829,-0.020354629
-0.105336204,-0.5208186,-0.1339244,-0.018298207
-0.06265911,-0.55008984,-0.1342536,-0.03210625
-0.04450595,-0.5300729,-0.13931379,-0.024779383
-0.04830295,-0.47295234,-0.1632834,-0.028476475
-0.18692578,-0.60385764,-0.1718225,-0.018695164
-0.1550776,-0.68194604,-0.16117789,-0.02354056
-0.25637648,-0.7024703,-0.15842898,-0.025252635
-0.360779,-0.7355029,-0.1838438,-0.0264082
-0.36045682,-0.8069816,-0.18048546,-0.021137595
-0.3145703,-0.7846774,-0.18860804,-0.021560902
-0.37896568,-0.7477408,-0.16061752,-0.017255219
-0.21368591,-0.7396526,-0.16106649,-0.021359801
-0.23497443,-0.8424732,-0.14391439,-0.015794976
-0.13823049,-0.62455434,-0.15868911,-0.029732214
-0.18531533,-0.5967677,-0.14576638,-0.01960759
-0.114277005,-0.5709974,-0.15730287,-0.03250393
-0.20393068,-0.5887951,-0.1472626,-0.02441137
-0.126922,-0.5974046,-0.15418357,-0.036118425
-0.2471243,-0.608259,-0.15535666,-0.023732508
-0.12348899,-0.6030988,-0.17369981,-0.0358903
-0.10018412,-0.5512042,-0.1475435,-0.025879059
-0.13649525,-0.5707851,-0.16274121,-0.026540998
-0.19720526,-0.5927415,-0.14577737,-0.020594405
-0.11745089,-0.6077666,-0.14163768,-0.035643328
-0.24221927,-0.59955937,-0.15014368,-0.028630316
-0.14522319,-0.5830479,-0.17917797,-0.03402442
-0.16010074,-0.59324217,-0.15201639,-0.024723798
-0.12091311,-0.579609,-0.15671347,-0.035275325
-0.18656929,-0.5814037,-0.15010999,-0.025277743
-0.052440852,-0.53552574,-0.15105915,-0.036381118
-0.005162873,-0.15251875,-0.1784797,0.024888154
-0.16657235,-0.37587464,-0.19005068,-0.00385841
-0.15588738,-0.58307374,-0.27908006,-0.020191634
-0.19732189,-0.75579154,-0.26159865,-0.008671305
-0.23069939,-0.8711595,-0.4123944,-0.0015814696
-0.23148966,-0.9257033,-0.3357688,-0.0037326044
-0.426444,-0.9806295,-0.44273004,-0.00112129
-0.16699508,-0.990861,-0.34582165,-0.0012625874
-0.16842276,-1.0030234,-0.2695352,-0.0017874555
-0.17473687,-1.0318797,-0.38192776,-0.0010215859
-0.11730062,-1.033514,-0.36247605,-0.0009876331
-0.05331874,-1.0156734,-0.28545874,-0.0019380591
-0.12855253,-0.5962027,-0.12707478,-0.013112934
-0.14373657,-0.65973204,-0.1583111,-0.023948714
-0.33917043,-0.73398393,-0.15211648,-0.010575363
-0.18259302,-0.7301397,-0.17091465,-0.021934448
-0.39979842,-0.7663227,-0.16480653,-0.019452905
-0.3670522,-0.78300494,-0.2142983,-0.01744766
-0.30637738,-0.744391,-0.1590948,-0.017580334
-0.2574337,-0.72334,-0.16197725,-0.02205742
-0.26217133,-0.7749659,-0.16040657,-0.014781929
-0.22141466,-0.70508426,-0.16059507,-0.02058836
-0.30321264,-0.6545358,-0.15446433,-0.022075078
-0.28279293,-0.6281163,-0.15781322,-0.025068082
-0.24105513,-0.62170273,-0.15876737,-0.029742673
-0.22162652,-0.62857175,-0.17390123,-0.029213522
-0.14373118,-0.5982312,-0.16903286,-0.032708984
-0.16619258,-0.5905954,-0.16109782,-0.026613373
-0.1222173,-0.5679798,-0.16330776,-0.031327322
-0.19035706,-0.59024084,-0.15509301,-0.023271428
-0.16245033,-0.60681766,-0.15753667,-0.032676578
-0.14576769,-0.5740337,-0.15092139,-0.03506899
-0.2302522,-0.61134535,-0.1706838,-0.025071051
-0.126826,-0.5892841,-0.15911104,-0.034487896
-0.08277759,-0.5374449,-0.15017188,-0.037382774
-0.14650173,-0.5596722,-0.17413531,-0.024191756
-0.09989317,-0.5601974,-0.14820844,-0.03056195
-0.1205996,-0.5638367,-0.14576404,-0.030505324
-0.13546994,-0.5605079,-0.16385005,-0.031894624
-0.12537512,-0.558838,-0.1536229,-0.031184053
-0.13836165,-0.57392603,-0.15956056,-0.031298257
-0.15371525,-0.5745563,-0.16459996,-0.033505894
-0.10191014,-0.5510516,-0.15722963,-0.035324793
-0.1368495,-0.5629642,-0.1630963,-0.028286172
-0.16379456,-0.5925474,-0.16284391,-0.029313076
-0.0879923,-0.53988725,-0.14822969,-0.03564584
-0.15762211,-0.56653154,-0.16107424,-0.026754951
-0.035504676,-0.48058328,-0.15862256,-0.040039312
-0.13742389,-0.5463493,-0.1538033,-0.01747181
-0.025944024,-0.47277987,-0.17061979,-0.040489294
-0.011853279,-0.2363752,-0.14414191,0.016354648
-0.05187078,-0.35820246,-0.14552997,-0.016476873
-0.22753145,-0.6079952,-0.20658244,-0.015684215
-0.29278952,-0.75564724,-0.25139213,-0.013782727
-0.58616376,-0.87347937,-0.25825027,-0.00918268
-0.61605066,-0.9225239,-0.3564388,-0.002652965
-0.49690545,-0.9625914,-0.39612094,-0.0011182013
-0.5029155,-0.9708895,-0.23557825,-0.0055461284
-0.4403094,-1.0127689,-0.32255718,-0.0021036137
-0.31391644,-1.0265626,-0.43781728,-0.00054340716
-0.18787839,-1.0189021,-0.2599857,-0.0037550845
-0.17974971,-1.0327523,-0.24821645,-0.0028567582
-0.20974946,-0.61874366,-0.15236846,-0.022256117
-0.17725782,-0.59665203,-0.14802824,-0.030158473
-0.114760846,-0.56871426,-0.15816452,-0.03892963
-0.18012437,-0.57977784,-0.16128556,-0.0230738
-0.15944864,-0.60848415,-0.17301355,-0.031146275
-0.110582866,-0.54783285,-0.14764291,-0.032831278
-0.16811965,-0.5872113,-0.16579406,-0.026088487
-0.14155354,-0.60146064,-0.15041123,-0.028710099
-0.1585557,-0.61448216,-0.14653467,-0.032137718
-0.09993384,-0.54564327,-0.16225861,-0.037895463
-0.179002,-0.5799842,-0.16415562,-0.021884475
-0.11744627,-0.60322505,-0.1587602,-0.03217764
-0.18352465,-0.60056317,-0.14592907,-0.030602084
-0.10511262,-0.57891744,-0.15893771,-0.03683426
-0.18952227,-0.5891602,-0.15034848,-0.02031108
-0.11886307,-0.6023489,-0.16328794,-0.03391501
-0.14850381,-0.562999,-0.14304413,-0.025455924
-0.13793571,-0.5770241,-0.16233148,-0.030996203
-0.026441315,-0.46527326,-0.13902986,-0.018723752
-0.16005997,-0.54753894,-0.15149546,-0.01734361
-0.2206872,-0.60697305,-0.18431406,-0.02206471
-0.23436269,-0.6632133,-0.1452586,-0.025638744
-0.3260751,-0.7578055,-0.17684375,-0.023767097
-0.3796821,-0.74222237,-0.1812243,-0.026083896
-0.31205055,-0.8574592,-0.18761225,-0.015457188
-0.21156971,-0.7959788,-0.16215412,-0.022380767
-0.21115768,-0.768409,-0.16388744,-0.01870283
-0.13268661,-0.74847406,-0.14973949,-0.017247582
-0.106078215,-0.8109415,-0.14221409,-0.014861064
-0.14535621,-0.6068141,-0.14316651,-0.026705714
-0.040006403,-0.47777873,-0.13807221,-0.02667488
-0.10725833,-0.52590466,-0.14394078,-0.02113579
-0.098855615,-0.5553376,-0.14946702,-0.030893201
-0.146145,-0.59693485,-0.1388626,-0.027594801
-0.12806143,-0.6254379,-0.16095796,-0.03250657
-0.28066447,-0.632527,-0.17742074,-0.026325248
-0.24014117,-0.70651585,-0.18764636,-0.023848642
-0.18401888,-0.62995344,-0.15603851,-0.028361239
-0.20234334,-0.62716734,-0.16571715,-0.028128752
-0.14146307,-0.61178267,-0.15148324,-0.024302645
-0.19098002,-0.64819884,-0.15781455,-0.022481889
-0.10601844,-0.5572342,-0.1490906,-0.03293634
-0.16968882,-0.56726307,-0.15491039,-0.02274917
-0.1472527,-0.5935389,-0.16384664,-0.030935906
-0.19609706,-0.5954941,-0.14457701,-0.026470492
-0.100046866,-0.5884073,-0.1616364,-0.035359386
-0.17847459,-0.5789768,-0.1532265,-0.020909032
-0.014153932,-0.3792219,-0.18108708,-0.025106171
-0.061435215,-0.40358534,-0.1587352,-0.0065517463
-0.048883475,-0.50195056,-0.18504885,-0.03731946
-0.10271289,-0.63613254,-0.1564452,-0.01230798
-0.16480464,-0.7439859,-0.18712889,-0.0154460715
-0.3025949,-0.7892278,-0.20009744,-0.013519657
-0.40486082,-0.89768445,-0.2674304,-0.0060733263
-0.434174,-0.89875144,-0.21917057,-0.007436326
-0.39205727,-0.88569057,-0.18259957,-0.011062112
-0.28229874,-0.9340144,-0.19150579,-0.010097382
-0.26976353,-0.9847311,-0.20486107,-0.00646464
-0.47791114,-0.8778294,-0.16859096,-0.013586463
-0.29028252,-0.7393049,-0.1479121,-0.023107726
-0.19181962,-0.61891377,-0.15515883,-0.02774622
-0.20256582,-0.6227711,-0.15713026,-0.017915979
-0.19458078,-0.6377397,-0.15808631,-0.025083309
-0.259086,-0.624918,-0.14818172,-0.02783692
-0.20018065,-0.61603576,-0.16201925,-0.034127325
-0.16575788,-0.6100333,-0.16324864,-0.031179965
-0.20056313,-0.6372989,-0.16708407,-0.026050048
-0.13203487,-0.6010906,-0.15616542,-0.034302656
-0.13207461,-0.5824382,-0.14882149,-0.02992447
-0.14084832,-0.6050729,-0.15509981,-0.02731938
-0.012851068,-0.39627483,-0.14673105,-0.016888116
-0.021725975,-0.17471908,-0.1582109,0.0034496996
-0.11186525,-0.49511316,-0.18676239,-0.027130475
-0.08710256,-0.61502194,-0.1746509,-0.021800213
-0.28318748,-0.8164628,-0.2534448,-0.0087008225
-0.3441259,-0.836203,-0.24394181,-0.013138796
-0.27734458,-0.93382967,-0.28813508,-0.005760916
-0.35655802,-0.9637761,-0.27540356,-0.003351079
-0.12318474,-0.8849534,-0.19206655,-0.007720595
-0.18011594,-0.90732354,-0.1454391,-0.0072025135
-0.22930722,-1.0327069,-0.30725345,-0.0014901382
-0.35728693,-0.90591323,-0.1364619,-0.010489651
-0.226337,-0.9354381,-0.15818141,-0.01230859
-0.38002813,-0.6935877,-0.16629013,-0.027819594
-0.3024396,-0.70057404,-0.18082899,-0.025988659
-0.17433141,-0.6614378,-0.1556779,-0.026307734
-0.16748656,-0.6156387,-0.15955982,-0.028296517
-0.17338818,-0.62049097,-0.15456255,-0.019745313
-0.0819161,-0.57100064,-0.14595199,-0.028279884
-0.21241406,-0.59055686,-0.15033817,-0.021831913
-0.20735614,-0.5926778,-0.1628978,-0.02798514
-0.16740523,-0.5955666,-0.14866616,-0.03175478
-0.102761164,-0.56535834,-0.1702055,-0.03861149
-0.16849694,-0.5740881,-0.17542486,-0.025986537
-0.11883278,-0.58829165,-0.15945756,-0.030871952
-0.18999062,-0.6059549,-0.15190624,-0.02718307
-0.1650335,-0.618012,-0.1572234,-0.033281382
-0.19173433,-0.6033179,-0.14675403,-0.028533904
-0.1266216,-0.5961832,-0.17565237,-0.033494253
-0.12103652,-0.56771564,-0.15211079,-0.022769772
-0.097099885,-0.55615115,-0.14952399,-0.03250675
-0.1521984,-0.5719939,-0.14147164,-0.024615731
-0.12080838,-0.59828556,-0.14860904,-0.032982767
-0.1892434,-0.5906552,-0.14808375,-0.028510815
-0.18714607,-0.6005653,-0.17077373,-0.03215771
-0.14425164,-0.5786938,-0.15915985,-0.0321599
-0.16534989,-0.5954819,-0.16113575,-0.029936645
-0.14696988,-0.58806425,-0.15911663,-0.03220384
-0.18012677,-0.611502,-0.15256631,-0.029361747
-0.17840351,-0.6157016,-0.15917231,-0.030523762
-0.18685395,-0.60386866,-0.15532357,-0.030378088
-0.14678033,-0.5965046,-0.15834388,-0.032264985
-0.1491695,-0.59401864,-0.15590882,-0.02894901
-0.09612607,-0.574867,-0.15137321,-0.034706365
-0.12305035,-0.5631951,-0.147828,-0.02653682
-0.12309679,-0.5792327,-0.15301542,-0.029989513
-0.117598996,-0.56672776,-0.14147525,-0.03065607
-0.1179533,-0.5684957,-0.15128678,-0.033447072
-0.050931923,-0.5085451,-0.15179218,-0.03587493
-0.09688557,-0.5246883,-0.1499021,-0.024953399
-0.10363362,-0.5545819,-0.15470892,-0.032632545
-0.075406164,-0.5468916,-0.13894363,-0.03173387
-0.09456763,-0.57016027,-0.14958304,-0.030763097
-0.19527374,-0.582557,-0.16468963,-0.02540392
-0.14535823,-0.6167207,-0.15617873,-0.030458009
-0.15022264,-0.60157835,-0.1550763,-0.032100115
-0.24555975,-0.6288225,-0.1700134,-0.027728504
-0.1910914,-0.631222,-0.15692228,-0.029588997
-0.17183483,-0.6424604,-0.15651242,-0.033602934
-0.28243425,-0.63814056,-0.16896926,-0.024597032
-0.17241602,-0.6271339,-0.1550079,-0.029642403
-0.17461966,-0.6298434,-0.14742857,-0.030783717
-0.16441867,-0.59898293,-0.16508076,-0.028751403
-0.121075,-0.58044714,-0.14964986,-0.028861506
-0.12522279,-0.5833225,-0.15068261,-0.029367954
-0.14975545,-0.58175564,-0.15498137,-0.027901003
-0.09007833,-0.5668412,-0.1461728,-0.033637583
-0.14025234,-0.5761312,-0.14877826,-0.02582259
-0.09772093,-0.57018346,-0.15528533,-0.03476049
-0.10488512,-0.5678577,-0.14244626,-0.026709992
-0.08691783,-0.5629479,-0.15010293,-0.035066992
-0.13053767,-0.57558894,-0.1416657,-0.026510343
-0.14967725,-0.6091526,-0.14596404,-0.03154709
-0.24571969,-0.6324307,-0.15140954,-0.029281963
-0.15721276,-0.62769157,-0.15567353,-0.036224283
-0.17144491,-0.59636134,-0.15653676,-0.031438064
-0.19546074,-0.62303936,-0.17400242,-0.026330454
-0.13240409,-0.5995964,-0.14673641,-0.029720888
-0.11284552,-0.5742973,-0.14612657,-0.03531233
-0.07928963,-0.54086196,-0.1545367,-0.029387811
-0.095681444,-0.5523008,-0.14640866,-0.023562886
-0.13519491,-0.57183677,-0.14503619,-0.027506322
-0.12585454,-0.5768055,-0.13883634,-0.032710403
-0.08915048,-0.57141304,-0.14775148,-0.034887586
-0.18618019,-0.59191006,-0.16320334,-0.025092788
-0.08200242,-0.56689864,-0.16008641,-0.037661355
-0.16676337,-0.5821363,-0.15096293,-0.023797333
-0.10531125,-0.58973235,-0.15733233,-0.035327103
-0.15387435,-0.580671,-0.13914886,-0.02552276
-0.10662297,-0.5926147,-0.16347507,-0.03348124
-0.2686447,-0.6165738,-0.15577944,-0.017395675
-0.15295056,-0.6383228,-0.1566339,-0.032735754
-0.25301972,-0.6257938,-0.14140072,-0.026963733
-0.23114607,-0.6572082,-0.17035867,-0.02955379
-0.22358489,-0.64659977,-0.1407781,-0.025343224
-0.12485369,-0.62555736,-0.1563743,-0.03687288
-0.1685141,-0.59954226,-0.15113725,-0.02096365
-0.13895397,-0.6144082,-0.15544842,-0.027628837
-0.19979218,-0.62423855,-0.13702123,-0.024554146
-0.16380759,-0.62998956,-0.14833806,-0.03365998
-0.18443479,-0.6082372,-0.14013675,-0.029364403
-0.10963466,-0.5985907,-0.15677066,-0.03342205
-0.13304053,-0.58911926,-0.14894594,-0.026023865
-0.12647735,-0.5944978,-0.14920026,-0.0305358
-0.1689485,-0.60480976,-0.14011802,-0.027768575
-0.082786955,-0.5829353,-0.14475054,-0.03766864
-0.11870814,-0.5590662,-0.14681475,-0.026111975
-0.034481294,-0.4790135,-0.16022155,-0.03970677
-0.060801536,-0.47447422,-0.14042646,-0.016115122
-0.06757567,-0.5253857,-0.14406021,-0.03420889
-0.1640188,-0.5815256,-0.13461709,-0.018488828
-0.20057574,-0.65617794,-0.14928786,-0.029026898
-0.43707457,-0.67909414,-0.15739207,-0.02575159
-0.31819117,-0.74501514,-0.18400171,-0.0275244
-0.22752722,-0.68142205,-0.15515228,-0.030933354
-0.18376131,-0.64231825,-0.17509045,-0.028745893
-0.09301178,-0.57971156,-0.14770266,-0.023672285
-0.13873158,-0.62506264,-0.14294255,-0.02162123
-0.1331655,-0.5703856,-0.14433588,-0.026768813
-0.17951722,-0.5807668,-0.14721581,-0.022779219
-0.057353824,-0.52749944,-0.15309441,-0.039863378
-0.23210242,-0.5970536,-0.15869503,-0.019783068
-0.18515286,-0.65156645,-0.17233989,-0.029076727
-0.21266142,-0.6494488,-0.13784307,-0.03045232
-0.18928184,-0.66961765,-0.15540469,-0.031971682
-0.14686184,-0.5939202,-0.15188152,-0.025680047
-0.10101097,-0.6075597,-0.15966606,-0.026439289
-0.13179639,-0.57128286,-0.14841403,-0.020890774
-0.044942997,-0.5041502,-0.14736228,-0.035728958
-0.03124431,-0.4282692,-0.13242242,-0.011678497
-0.14020187,-0.54992586,-0.15426108,-0.0203363
-0.13395931,-0.57263154,-0.14545375,-0.025940582
-0.26874834,-0.6762377,-0.16288313,-0.02357582
-0.33044416,-0.7107761,-0.17841724,-0.028710973
-0.42685625,-0.73218673,-0.17771223,-0.028930448
-0.3781745,-0.822723,-0.1983984,-0.018769167
-0.17284434,-0.68984795,-0.16091207,-0.03214293
-0.16338967,-0.64298654,-0.16550532,-0.023404649
-0.1792192,-0.788014,-0.15822032,-0.012612343
-0.14186962,-0.6780328,-0.137541,-0.02247862
-0.16536334,-0.6027189,-0.13767466,-0.030510023
-0.13071656,-0.5589531,-0.15220536,-0.02836333
-0.15671201,-0.5844096,-0.15265545,-0.026895748
-0.11653002,-0.58137584,-0.15321179,-0.036155652
-0.17769377,-0.59623384,-0.15426046,-0.030464167
-0.14271867,-0.59825194,-0.16069436,-0.03461309
-0.12739225,-0.5882501,-0.15255834,-0.033063743
-0.08053051,-0.5342184,-0.16418454,-0.03660795
-0.14347331,-0.5644586,-0.1586427,-0.019674664
-0.11206569,-0.59991544,-0.1457848,-0.030106703
-0.20984843,-0.6205667,-0.13882133,-0.026095023
-0.13904536,-0.6060134,-0.15560798,-0.036722638
-0.20554133,-0.59683675,-0.14868258,-0.024702864
-0.2417124,-0.65591997,-0.17612304,-0.026131304
-0.19799615,-0.63091505,-0.14845653,-0.032235958
-0.11274573,-0.58138955,-0.15198117,-0.04063631
-0.07763165,-0.5366801,-0.15874138,-0.026220253
-0.108911745,-0.5581419,-0.15706545,-0.023821373
-0.11864857,-0.5453017,-0.14363913,-0.027033743
-0.017319871,-0.42749736,-0.13724828,-0.027976554
-0.11198304,-0.50228703,-0.14891261,-0.0150623275
-0.14746168,-0.58835775,-0.19290555,-0.029716467
-0.16834885,-0.63515306,-0.14406821,-0.021807574
-0.079219475,-0.659154,-0.18215218,-0.023048164
-0.31624347,-0.67199874,-0.18810299,-0.019016942
-0.27424613,-0.78708875,-0.19479686,-0.016506737
-0.2764209,-0.7575386,-0.15138869,-0.021813862
-0.21609215,-0.7197205,-0.16099341,-0.028565623
-0.18388815,-0.7172512,-0.14959057,-0.017688792
-0.135348,-0.7921997,-0.160538,-0.01602395
-0.24020952,-0.65201914,-0.14705396,-0.019624107
-0.13407986,-0.57653373,-0.15817556,-0.032686166
-0.16262117,-0.59102815,-0.14542142,-0.024849977
-0.15896088,-0.60022324,-0.16737927,-0.029767772
-0.24124096,-0.6001271,-0.15893915,-0.024508458
-0.092708126,-0.5614442,-0.15795939,-0.03776925
-0.10687525,-0.53965896,-0.16182394,-0.032243192
-0.07721996,-0.5207611,-0.16426082,-0.034251012
-0.0900547,-0.5338324,-0.1421945,-0.022626089
-0.11714658,-0.5858805,-0.14588879,-0.029276382
-0.17807941,-0.5784185,-0.14191835,-0.026251009
-0.16571788,-0.6002725,-0.1560877,-0.031797234
-0.165537,-0.5883052,-0.16584125,-0.031010062
-0.12287177,-0.5657754,-0.1735435,-0.03508708
-0.16436908,-0.5786065,-0.16800839,-0.02500626
-0.17035237,-0.6061766,-0.15973191,-0.02867665
-0.15189853,-0.60487276,-0.14980844,-0.03208335
-0.20261833,-0.60773695,-0.16544922,-0.029251829
-0.1924638,-0.60014945,-0.1734178,-0.029588731
-0.1473823,-0.5870342,-0.15760459,-0.030249638
-0.20825051,-0.6046013,-0.16508693,-0.027612466
-0.14928927,-0.60026854,-0.15728354,-0.03337611
-0.17941324,-0.611413,-0.15093641,-0.029763155
-0.21433695,-0.62675834,-0.1694954,-0.02798679
-0.18774964,-0.6127177,-0.15113233,-0.030052194
-0.09970835,-0.575528,-0.1550551,-0.037378147
-0.09877604,-0.53940105,-0.16082941,-0.029443834
-0.08022771,-0.5308663,-0.15360329,-0.030485561
-0.12796976,-0.5591739,-0.14625172,-0.024295134
-0.14011219,-0.5915589,-0.145989,-0.03206838
-0.14402486,-0.570091,-0.14398016,-0.035312515
-0.12907419,-0.56333697,-0.1648771,-0.033628296
-0.17851666,-0.5904025,-0.17010996,-0.02572593
-0.102548175,-0.5734988,-0.1555176,-0.03688705
-0.18242076,-0.58751357,-0.15430452,-0.028251898
-0.14266025,-0.6040398,-0.15926301,-0.03330264
-0.20748873,-0.6190853,-0.14670825,-0.027494773
-0.20420524,-0.63097644,-0.16544141,-0.03140056
-0.13976699,-0.5868623,-0.14924304,-0.03424888
-0.14868039,-0.5933728,-0.15810552,-0.029512845
-0.13636275,-0.5875958,-0.1576092,-0.027237117
-0.13875735,-0.5932114,-0.14640893,-0.029762588
-0.13989301,-0.578506,-0.15106931,-0.031224784
-0.1466777,-0.5792942,-0.1507917,-0.028937234
-0.13783751,-0.5873491,-0.15266882,-0.030732488
-0.048615295,-0.5069737,-0.15190999,-0.039909437
-0.019442098,-0.3573652,-0.15478899,-0.022687241
-0.058485832,-0.44002664,-0.1445242,-0.02164346
-0.03156788,-0.48064062,-0.1306003,-0.033959497
-0.008087569,-0.3561039,-0.13389997,0.0016900129
-0.2129344,-0.5201812,-0.1485355,-0.011125494
-0.32128534,-0.627774,-0.26891005,-0.025488151
-0.39137748,-0.8011493,-0.2193658,-0.009159926
-0.51149225,-0.85067445,-0.312288,-0.0051944144
-0.6315833,-0.9270076,-0.30607274,-0.0050728517
-0.5106393,-0.97679615,-0.32678923,-0.0018757167
-0.49350792,-0.98570144,-0.26449233,-0.0038030548
-0.4242559,-1.013894,-0.29261848,-0.003093434
-0.23323806,-1.0339943,-0.35187006,-0.0014624503
-0.09286691,-1.0147657,-0.25414664,-0.0043979776
-0.1003002,-0.9747982,-0.18217397,-0.0077709886
-0.11361758,-0.57077354,-0.15475824,-0.020549906
-0.051193785,-0.5425963,-0.12660901,-0.02929362
-0.13001974,-0.5756418,-0.12566112,-0.02435718
-0.13501531,-0.57607585,-0.14836876,-0.033172883
-0.17216438,-0.5965268,-0.14918745,-0.026765214
-0.08798686,-0.5822293,-0.16968894,-0.03403211
-0.1876042,-0.59787375,-0.16872245,-0.026233846
-0.15199113,-0.63173443,-0.16712558,-0.028492685
-0.11073028,-0.59679824,-0.1399756,-0.028336596
-0.17652664,-0.6171404,-0.1542994,-0.027280362
-0.13473095,-0.57231736,-0.14289418,-0.026657121
-0.14715011,-0.60175544,-0.15407674,-0.024529012
-0.14434792,-0.5827343,-0.14943549,-0.027365662
-0.11261836,-0.5487914,-0.15073873,-0.031479888
-0.035250742,-0.47829702,-0.15470937,-0.03335496
-0.23076771,-0.592248,-0.16122891,-0.015234349
-0.07528618,-0.5847465,-0.16128194,-0.03531665
-0.19185483,-0.61207616,-0.14494552,-0.018160362
-0.14980242,-0.62384737,-0.18856859,-0.028825836
-0.21601501,-0.63564473,-0.14731489,-0.016985377
-0.15709685,-0.68123394,-0.17184591,-0.025292102
-0.25175253,-0.64895767,-0.14718047,-0.020231528
-0.23284318,-0.6665273,-0.17576505,-0.025621403
-0.16754913,-0.68370736,-0.1460615,-0.021817125
-0.25007418,-0.6599789,-0.16967931,-0.024253542
-0.32520276,-0.6506924,-0.16107965,-0.02027245
-0.2274829,-0.65846753,-0.15578459,-0.030990012
-0.17596926,-0.61660904,-0.15791911,-0.03794929
-0.14987206,-0.5770188,-0.17895192,-0.02793488
-0.18057656,-0.60959333,-0.16729918,-0.022362476
-0.19956832,-0.6289761,-0.15184975,-0.026825083
-0.04061394,-0.51509434,-0.14812054,-0.040921796
-0.11793917,-0.5292726,-0.16026348,-0.019328061
-0.05949905,-0.51290834,-0.17246053,-0.036222197
-0.013728988,-0.36632025,-0.12957692,0.0024806708
-0.034775645,-0.33867368,-0.13297442,-0.014354071
-0.03520038,-0.47807938,-0.13988481,-0.027042214
-0.03637272,-0.49545354,-0.13524376,-0.022008944
-0.10593064,-0.6506385,-0.15638424,-0.014060141
-0.117783256,-0.6913293,-0.17384763,-0.018384825
-0.42191043,-0.80863273,-0.19494416,-0.010329333
-0.3155469,-0.8019556,-0.20866065,-0.013241804
-0.56602526,-0.8795137,-0.19287854,-0.011287063
-0.29722583,-0.96261406,-0.2701116,-0.0037528952
-0.32159606,-0.92977077,-0.20142385,-0.007349152
-0.33639875,-0.8678959,-0.17772032,-0.009470688
-0.25518873,-0.75756437,-0.1476348,-0.013687443
-0.21112344,-0.688055,-0.14426787,-0.022169229
-0.2988583,-0.6746577,-0.1515402,-0.021027392
-0.31965312,-0.6669227,-0.17664897,-0.024739476
-0.34008086,-0.681087,-0.1558456,-0.02269994
-0.1661458,-0.63843167,-0.16904946,-0.03459627
-0.2106401,-0.6262894,-0.16421054,-0.025464678
-0.2826414,-0.6976535,-0.17642291,-0.019175477
-0.25874305,-0.68913203,-0.15263118,-0.025576564
-0.29602394,-0.6671161,-0.14538556,-0.029509338
-0.20429598,-0.6480371,-0.16138904,-0.03044187
-0.19279686,-0.6461964,-0.15331429,-0.026289197
-0.13047627,-0.60643756,-0.15792678,-0.031814307
-0.12036012,-0.5624957,-0.14718038,-0.029507017
-0.121117465,-0.5784981,-0.15188727,-0.028516795
-0.07085915,-0.54740065,-0.14092632,-0.032328412
-0.0946032,-0.53499645,-0.14668202,-0.029521266
-0.11612459,-0.5385205,-0.15191266,-0.026541147
-0.13212536,-0.57188374,-0.14489959,-0.027953748
-0.07926151,-0.5653034,-0.14951368,-0.037353583
-0.22050786,-0.5964535,-0.16075929,-0.025112111
-0.11915237,-0.6009683,-0.16180618,-0.034788366
-0.17412747,-0.5990382,-0.1464899,-0.028249577
-0.22988847,-0.6427233,-0.16228305,-0.027060667
-0.17152315,-0.6070879,-0.14088725,-0.030916383
-0.1534218,-0.62287873,-0.14894529,-0.03248848
-0.18809204,-0.6036346,-0.16291131,-0.021999216
-0.081684574,-0.56507635,-0.15360327,-0.033717006
-0.052976303,-0.49401268,-0.14098686,-0.028710976
-0.09944949,-0.52579296,-0.15811081,-0.025282335
-0.098456584,-0.55304873,-0.13816969,-0.026717748
-0.14294846,-0.59968024,-0.13724113,-0.02979494
-0.19257723,-0.6222725,-0.15537156,-0.03262184
-0.3062859,-0.64586717,-0.16240533,-0.027134668
-0.31100747,-0.7163178,-0.17449014,-0.029109182
-0.22807312,-0.6720444,-0.1607704,-0.034794554
-0.23420732,-0.65241945,-0.16645133,-0.028106341
-0.18460926,-0.68124074,-0.15338933,-0.025202941
-0.09344359,-0.6415285,-0.14468896,-0.031530518
-0.17313609,-0.5975285,-0.16041578,-0.021270353
-0.10947784,-0.56981647,-0.15137596,-0.028015748
-0.1296179,-0.5756382,-0.13881616,-0.02676511
-0.07989565,-0.5523748,-0.15157174,-0.038802724
-0.11157523,-0.53790337,-0.1453587,-0.025192501
-0.109816365,-0.5670552,-0.15393189,-0.031278502
-0.162053,-0.5757114,-0.14784065,-0.028470097
-0.042352945,-0.5148597,-0.1491548,-0.037599005
-0.13329884,-0.53603476,-0.1549441,-0.018982446
-0.15157443,-0.591272,-0.17253433,-0.029325435
-0.12858589,-0.5772363,-0.13657156,-0.02670721
-0.05527948,-0.5360239,-0.15399261,-0.035523504
-0.21574439,-0.5842302,-0.15678711,-0.016208611
-0.076718435,-0.5896069,-0.15896775,-0.03330042
-0.15327376,-0.5856522,-0.13939276,-0.022462439
-0.18047845,-0.61779916,-0.16753155,-0.029199982
-0.23996846,-0.61469114,-0.14385958,-0.022090571
-0.17910314,-0.681084,-0.16360451,-0.028384877
-0.30494493,-0.6510333,-0.15388209,-0.024225486
-0.14280781,-0.62213355,-0.17521064,-0.033820376
-0.124271706,-0.59702194,-0.14381269,-0.023677424
-0.1870405,-0.6095912,-0.1657687,-0.025074666
-0.12437479,-0.56602746,-0.13780998,-0.02694817
-0.10533383,-0.56935924,-0.14739358,-0.028762676
-0.18626292,-0.5852714,-0.16087922,-0.024572559
-0.18863256,-0.5991201,-0.15020119,-0.02903246
-0.076591894,-0.5519646,-0.15356205,-0.03886721
-0.048160426,-0.48843318,-0.17568913,-0.032574728
-0.1232632,-0.5555464,-0.15590343,-0.02054925
-0.0952532,-0.58326554,-0.13968053,-0.028017813
-0.14958233,-0.63209337,-0.1355442,-0.027853996
-0.23512597,-0.65196663,-0.15177278,-0.03288488
-0.055928476,-0.52913046,-0.17758426,-0.03959217
-0.25657612,-0.64867216,-0.18900688,-0.014778825
-0.09671447,-0.59670746,-0.17399053,-0.03107443
-0.12537839,-0.5947847,-0.14351659,-0.023242796
-0.15856005,-0.6872194,-0.1638431,-0.024750318
-0.26071164,-0.6695511,-0.1574471,-0.022153134
-0.32699797,-0.7095837,-0.16305669,-0.024357926
-0.34835982,-0.7313818,-0.15201639,-0.024053914
-0.25756854,-0.7224685,-0.16927987,-0.028718438
-0.21005489,-0.7018299,-0.14853336,-0.02246199
-0.1947422,-0.7348564,-0.16679002,-0.020688232
-0.17738628,-0.6414889,-0.14431663,-0.023365352
-0.09995258,-0.56147915,-0.14996101,-0.032376923
-0.13698544,-0.55712587,-0.15499493,-0.026278354
-0.15971455,-0.5799242,-0.15058601,-0.02609074
-0.12668148,-0.57348335,-0.14936753,-0.03579295
-0.120497875,-0.55340075,-0.156528,-0.035086438
-0.13126048,-0.5645355,-0.1655873,-0.028515805
-0.08939298,-0.5605491,-0.15254013,-0.03427803
-0.07166094,-0.5226871,-0.14775206,-0.036651608
-0.08845336,-0.5240846,-0.15366139,-0.031513046
-0.046213426,-0.4946657,-0.14432845,-0.03276247
-0.11541948,-0.5483553,-0.14568204,-0.02433798
-0.07905033,-0.5442243,-0.1535109,-0.038524475
-0.16379702,-0.58373404,-0.14962225,-0.022881161
-0.12214552,-0.61298275,-0.16711107,-0.032923087
-0.25324646,-0.63391477,-0.16559255,-0.027525913
-0.21055286,-0.6569858,-0.17958128,-0.028333403
-0.22068447,-0.6304619,-0.15643618,-0.024389122
-0.14645822,-0.62048477,-0.16366564,-0.031459812
-0.27585208,-0.65686005,-0.16081986,-0.015717493
-0.20820515,-0.6683733,-0.16421857,-0.02863701
-0.25814644,-0.64941305,-0.14051957,-0.027360866
-0.18435317,-0.6216424,-0.17458442,-0.031463277
-0.121931404,-0.57975835,-0.14885715,-0.027158868
-0.09918956,-0.56193244,-0.1563186,-0.030928764
-0.20837368,-0.5942174,-0.15790008,-0.020939007
-0.15940155,-0.6180411,-0.14438331,-0.03212176
-0.16320348,-0.6040679,-0.14161265,-0.035516005
-0.17669667,-0.59725714,-0.17309274,-0.030250765
-0.1464356,-0.5890711,-0.15664782,-0.027562194
-0.12629111,-0.59646946,-0.1537171,-0.032328762
-0.079599336,-0.53948057,-0.1499301,-0.03800793
-0.1370391,-0.5646629,-0.15393518,-0.025285006
-0.10902399,-0.57698256,-0.1499793,-0.03138329
-0.1399679,-0.57174563,-0.1456342,-0.031154785
-0.106119186,-0.55535,-0.15808362,-0.03651769
-0.16525261,-0.5722966,-0.15512224,-0.025063246
-0.102052,-0.5855345,-0.15368646,-0.034861725
-0.13375562,-0.559034,-0.150541,-0.031745527
-0.14992736,-0.58493763,-0.1629849,-0.030142114
-0.14537223,-0.5804339,-0.14550313,-0.028321335
-0.166527,-0.6089458,-0.15385644,-0.03233771
-0.20294517,-0.5982054,-0.15694958,-0.028068753
-0.11289947,-0.581177,-0.1556897,-0.035974268
-0.16443795,-0.5875071,-0.15761985,-0.026651973
-0.14889498,-0.59519243,-0.16579622,-0.030712184
-0.13460433,-0.5868784,-0.14612277,-0.030512778
-0.10217688,-0.5643119,-0.15455085,-0.035896264
-0.13750844,-0.56639373,-0.1558474,-0.026409205
-0.10487096,-0.5753043,-0.15212005,-0.031741884
-0.12521023,-0.56464714,-0.14623399,-0.03158363
-0.108359784,-0.5592375,-0.15076923,-0.03507821
-0.017177248,-0.42519474,-0.15219894,-0.021846764
-0.06638429,-0.4216117,-0.14571056,-0.014800472
-0.08512259,-0.54380566,-0.18341434,-0.033864055
-0.10400958,-0.5902827,-0.13292642,-0.022643752
-0.12835288,-0.71078515,-0.18317373,-0.020118082
-0.36970383,-0.6994709,-0.18778442,-0.019616753
-0.31251553,-0.8244564,-0.22577266,-0.01327678
-0.36702976,-0.8088813,-0.17171796,-0.015557312
-0.28186786,-0.7900675,-0.17487629,-0.019610478
-0.2760257,-0.7813889,-0.15257888,-0.016727133
-0.27664545,-0.91210485,-0.16598004,-0.011830456
-0.4663152,-0.7905547,-0.1541876,-0.02122438
-0.31757718,-0.69700587,-0.15542515,-0.029328609
-0.14974281,-0.6074536,-0.14996353,-0.03513514
-0.13597932,-0.5740049,-0.1695068,-0.024663098
-0.117304966,-0.5675516,-0.16032565,-0.025510276
-0.15221621,-0.5843687,-0.1440557,-0.026071912
-0.15864128,-0.5967314,-0.14654796,-0.034078985
-0.2573972,-0.61740655,-0.1524078,-0.026516682
-0.21299542,-0.6501821,-0.15747985,-0.031925127
-0.23977697,-0.65451,-0.14986128,-0.03197472
-0.22637112,-0.66062635,-0.15666234,-0.030450596
-0.1379016,-0.63425314,-0.14611635,-0.032388344
-0.108179726,-0.62328863,-0.14619376,-0.031246752
-0.087995686,-0.56819445,-0.15117791,-0.026565854
-0.123340845,-0.57437676,-0.14766008,-0.022732621
-0.073896416,-0.5466676,-0.13852237,-0.034677677
-0.096615784,-0.53939676,-0.14143138,-0.028146546
-0.08438688,-0.53823334,-0.15090364,-0.03268094
-0.112378135,-0.5442052,-0.14316599,-0.02634865
-0.08664936,-0.55401057,-0.14848816,-0.03595964
-0.113678955,-0.54197806,-0.15016423,-0.032315593
-0.03345235,-0.4702354,-0.15605353,-0.03862399
-0.08947089,-0.5031398,-0.15371783,-0.019244876
-0.083915986,-0.54458225,-0.16156073,-0.035526652
-0.08642449,-0.54368776,-0.13036369,-0.02260616
-0.04300385,-0.53655094,-0.15212719,-0.029463338
-0.15669614,-0.576267,-0.14551742,-0.017431403
-0.20212895,-0.6520578,-0.16828544,-0.025785754
-0.24032398,-0.6509526,-0.14731811,-0.022476338
-0.163897,-0.6465372,-0.1645372,-0.029155321
-0.3076375,-0.66593885,-0.1637881,-0.019672466
-0.29021642,-0.72998184,-0.18320054,-0.023927895
-0.27037078,-0.6731023,-0.14971752,-0.025436467
-0.13195884,-0.5910264,-0.17375468,-0.031866
-0.14611681,-0.609404,-0.15668276,-0.019555934
-0.10815329,-0.57882893,-0.15670575,-0.027482316
-0.17645639,-0.5723659,-0.14528692,-0.021026626
-0.1294785,-0.571754,-0.15169315,-0.032574758
-0.070335515,-0.5179877,-0.15538338,-0.033362962
-0.18615049,-0.5806163,-0.17079233,-0.022757163
-0.17901786,-0.5939841,-0.16686907,-0.027319636
-0.09619562,-0.57476413,-0.14980593,-0.033533584
-0.12436135,-0.5759558,-0.16603139,-0.033018406
-0.25595707,-0.6181708,-0.18304464,-0.021547608
-0.13554378,-0.6214018,-0.16059984,-0.029425787
-0.19986293,-0.6160028,-0.15538564,-0.027987035
-0.13534462,-0.5930484,-0.17446409,-0.033948373
-0.13543072,-0.5872678,-0.14421299,-0.022811383
-0.20928513,-0.63713527,-0.17163673,-0.024670923
-0.25138462,-0.61034966,-0.1508916,-0.023147006
-0.1713761,-0.60957587,-0.15474224,-0.034136076
-0.19945423,-0.61237365,-0.16893403,-0.028813168
-0.21999422,-0.62211263,-0.17246835,-0.027609868
-0.13204072,-0.5851268,-0.1549048,-0.0324084
-0.15483862,-0.5791835,-0.16015284,-0.02985533
-0.13491435,-0.58334655,-0.15882792,-0.029991316
-0.102143206,-0.56544423,-0.14530613,-0.0317041
-0.17097323,-0.5838339,-0.15777186,-0.027560242
-0.15712689,-0.58098704,-0.15540944,-0.029509226
-0.129673,-0.58339506,-0.14809322,-0.032959875
-0.13283564,-0.57149917,-0.16229014,-0.033417385
-0.15077007,-0.57401633,-0.16066383,-0.02960186
-0.10876309,-0.57904774,-0.15475878,-0.032525815
-0.1741677,-0.5929029,-0.15607527,-0.028236076
-0.12342666,-0.5837115,-0.15253644,-0.035935335
-0.13125464,-0.56550545,-0.14761528,-0.029345896
-0.14057924,-0.57856774,-0.16430444,-0.030739136
-0.14224848,-0.56965846,-0.1513378,-0.028416991
-0.10371605,-0.5624184,-0.15157431,-0.03561387
-0.08042764,-0.5286711,-0.15331446,-0.03346993
-0.13152835,-0.5556624,-0.15791467,-0.026230095
-0.10387157,-0.5552287,-0.15011096,-0.03348337
-0.15047303,-0.57935405,-0.15017428,-0.029810993
-0.13075945,-0.58762294,-0.15767066,-0.035311382
-0.23073398,-0.6103556,-0.15813757,-0.026571646
-0.12994064,-0.611895,-0.16578443,-0.03525133
-0.17539129,-0.5892185,-0.15564148,-0.028846523
-0.10945048,-0.57759416,-0.16635373,-0.033826903
-0.13669993,-0.5790981,-0.14391059,-0.022838641
-0.1262291,-0.5988927,-0.15146437,-0.031748805
-0.19737875,-0.5854578,-0.14179695,-0.023837952
-0.116817795,-0.5865366,-0.15375485,-0.03525474
-0.18361348,-0.5820395,-0.14970541,-0.025134206
-0.13049646,-0.5875072,-0.16559282,-0.03486572
-0.16087995,-0.58197606,-0.14730586,-0.025773056
-0.0775391,-0.553806,-0.15748802,-0.038862772
-0.09666159,-0.5368502,-0.14662382,-0.023403013
-0.11256111,-0.5677143,-0.15478444,-0.029569717
-0.14616083,-0.5708306,-0.13942951,-0.0256567
-0.10924635,-0.5783848,-0.14499165,-0.035290103
-0.19102213,-0.5786581,-0.15387465,-0.026583629
-0.1317442,-0.584633,-0.1663204,-0.0347
-0.14339489,-0.5739591,-0.15563694,-0.028953852
-0.17832074,-0.59762627,-0.16456126,-0.029666645
-0.008766497,-0.31471944,-0.10057549,-0.0025891452
-0.16444993,-0.49511358,-0.17082733,-0.010038167
-0.17634702,-0.63684595,-0.27554712,-0.024316879
-0.17178024,-0.7321808,-0.14522839,-0.00934931
-0.17285821,-0.84086293,-0.2619912,-0.0071344255
-0.5329123,-0.8672579,-0.23434603,-0.0066368673
-0.45131227,-0.9559097,-0.299421,-0.0028037874
-0.35497615,-0.97552025,-0.2515668,-0.004075056
-0.1817405,-0.98892015,-0.2406345,-0.005322335
-0.25284618,-0.9918137,-0.18456611,-0.0069793207
-0.07140881,-1.0280367,-0.26870325,-0.0031063852
-0.27222967,-0.9613074,-0.15487275,-0.010830063
-0.19137432,-0.6442463,-0.16129662,-0.025608636
-0.2102742,-0.61126673,-0.13885856,-0.024083108
-0.20571783,-0.5980333,-0.15184176,-0.029156921
-0.21194161,-0.5925096,-0.14918062,-0.02646948
-0.109911814,-0.5778574,-0.15308699,-0.03713385
-0.14551349,-0.5700501,-0.15796128,-0.02696216
-0.11020561,-0.56537783,-0.16366465,-0.03359758
-0.15507051,-0.57393277,-0.14883682,-0.024873348
-0.08542136,-0.562727,-0.15349856,-0.037891746
-0.12097965,-0.5494053,-0.14735086,-0.02700756
-0.13178538,-0.57185507,-0.1628706,-0.03113356
-0.18466708,-0.5835857,-0.15118207,-0.026147204
-0.12439088,-0.5914955,-0.15253918,-0.035629272
-0.21756472,-0.5948835,-0.15768646,-0.026530936
-0.1501567,-0.61242145,-0.16389926,-0.03366688
-0.17331035,-0.5983254,-0.1488262,-0.027849885
-0.12510277,-0.58267057,-0.16540119,-0.034704145
-0.13463116,-0.57042295,-0.14653857,-0.025076559
-0.09008826,-0.5659602,-0.15261017,-0.034146175
-0.12640613,-0.5535875,-0.14613546,-0.025632616
-0.14462586,-0.5838362,-0.1540236,-0.029256709
-0.22912544,-0.6110045,-0.14775701,-0.026155015
-0.14575906,-0.61493504,-0.15142359,-0.038095426
-0.22169402,-0.6160824,-0.15595165,-0.027911762
-0.07133734,-0.56652504,-0.16979371,-0.03751475
-0.064223185,-0.5042379,-0.14583537,-0.025519678
-0.024128951,-0.3855778,-0.15273401,-0.03806315
-0.045382794,-0.45179132,-0.12894274,-0.012236049
-0.011031331,-0.36920157,-0.13919152,-0.018096555
-0.1072965,-0.5229746,-0.12929416,-0.012330594
-0.1967412,-0.63624376,-0.18463795,-0.025186477
-0.5026218,-0.7572871,-0.19886088,-0.011890276
-0.5019047,-0.8259706,-0.21935946,-0.011419673
-0.6040399,-0.8850427,-0.21669759,-0.012715619
-0.43972597,-0.9089275,-0.23733328,-0.0086641405
-0.36788768,-0.9700757,-0.21476121,-0.006941181
-0.396131,-0.97078186,-0.20642571,-0.0069169994
-0.2440925,-1.0031577,-0.22090083,-0.0052908966
-0.28148353,-0.9388527,-0.15398254,-0.009991325
-0.26017603,-0.7952004,-0.14686053,-0.019851528
-0.24095634,-0.6148716,-0.14425372,-0.026877962
-0.15702593,-0.6008482,-0.17017347,-0.034049165
-0.14832158,-0.5859469,-0.15366238,-0.029638227
-0.1357159,-0.5947356,-0.15719704,-0.031312376
-0.1334627,-0.57582784,-0.15233949,-0.029761534
-0.12319776,-0.57545996,-0.15310211,-0.030948764
-0.12730898,-0.5616332,-0.15011622,-0.029098004
-0.12474482,-0.56650615,-0.15308715,-0.031881545
-0.16862261,-0.585583,-0.15420473,-0.027027884
-0.13060473,-0.5862715,-0.15300794,-0.035689183
-0.11766715,-0.5722274,-0.15266736,-0.033939492
-0.1382856,-0.57649773,-0.16450936,-0.029348735
-0.107693925,-0.56948185,-0.1519911,-0.032883067
-0.091269806,-0.5488747,-0.14859624,-0.03381928
-0.12511829,-0.5620297,-0.15540397,-0.02950581
-0.104546145,-0.5633153,-0.14887664,-0.032527167
-0.20351748,-0.6006137,-0.15210041,-0.026304489
-0.09613621,-0.5697569,-0.15886736,-0.04005452
-0.20331477,-0.5894768,-0.15675814,-0.024869898
-0.14360383,-0.60898244,-0.17213064,-0.032952618
-0.1511939,-0.5847198,-0.1443665,-0.030401984
-0.09566051,-0.56634396,-0.15957892,-0.03618914
-0.1481228,-0.5666997,-0.14841187,-0.020111939
-0.08207606,-0.5632525,-0.14924802,-0.03452769
-0.1256502,-0.54281646,-0.13962191,-0.023589812
-0.13937524,-0.57293874,-0.15907253,-0.029615166
-0.18865871,-0.57916063,-0.1428919,-0.024111547
-0.17862652,-0.6163118,-0.15782443,-0.03417284
-0.22882386,-0.6052277,-0.15666619,-0.029500965
-0.20281732,-0.62525237,-0.16857038,-0.03160816
-0.077519394,-0.55817336,-0.15788068,-0.03713852
-0.14668,-0.5691137,-0.16705893,-0.026295884
-0.13234797,-0.5814224,-0.16139476,-0.027449686
-0.11847332,-0.58384126,-0.13844486,-0.029707411
-0.10627731,-0.5657909,-0.15003534,-0.03658396
-0.14521426,-0.55151045,-0.15701418,-0.024923958
-0.13465412,-0.58654004,-0.15592527,-0.028930169
-0.13031623,-0.5726061,-0.15171261,-0.034772445
-0.16209902,-0.583783,-0.15618399,-0.032366738
-0.15164171,-0.58507264,-0.15735207,-0.031459853
-0.18491797,-0.6184421,-0.15789834,-0.030282917
-0.1633545,-0.5978188,-0.16078708,-0.034088902
-0.13879886,-0.57494706,-0.15679947,-0.031569716
-0.1339554,-0.5874899,-0.15683952,-0.029942142
-0.09662737,-0.5541826,-0.15161544,-0.03294261
-0.11746036,-0.55211276,-0.1535133,-0.029396724
-0.110775515,-0.54983395,-0.15211105,-0.030366741
-0.14192852,-0.5730347,-0.14946261,-0.028612155
-0.13909426,-0.5872642,-0.1527458,-0.033608086
-0.14085317,-0.57007205,-0.1546744,-0.03436775
-0.13693592,-0.5803349,-0.16144611,-0.03203024
-0.12081943,-0.5649263,-0.15932788,-0.031833086
-0.13293208,-0.57654417,-0.15648398,-0.03125424
-0.13891669,-0.5772988,-0.15396793,-0.030590333
-0.11295978,-0.57095045,-0.15166225,-0.034213174
-0.14860582,-0.5824899,-0.15686534,-0.028334357
-0.18439336,-0.6055501,-0.15985364,-0.028025988
-0.10107707,-0.5733586,-0.14802863,-0.03812833
-0.17484674,-0.58546895,-0.15961294,-0.027441159
-0.11831753,-0.58360773,-0.162961,-0.03342617
-0.14156032,-0.5841109,-0.14722623,-0.02839084
-0.1561366,-0.5935247,-0.16105337,-0.03170861
-0.12757553,-0.57212305,-0.14836763,-0.032352284
-0.10395393,-0.5665878,-0.15347126,-0.03321005
-0.11283319,-0.55067897,-0.1610587,-0.029110132
-0.13124529,-0.5730151,-0.15228708,-0.028114215
-0.100894615,-0.55579144,-0.14504124,-0.03419374
-0.15681067,-0.5750795,-0.15110663,-0.02924808
-0.14950866,-0.589697,-0.15818061,-0.031641327
-0.119688034,-0.5698325,-0.15112026,-0.035461888
-0.13641547,-0.57605463,-0.16126873,-0.03228902
-0.1284536,-0.5615983,-0.15998217,-0.029398996
-0.13157943,-0.5834476,-0.15098973,-0.029841512
-0.10506256,-0.5532198,-0.15318723,-0.03535685
-0.19522905,-0.5829575,-0.16023946,-0.025533106
-0.112101786,-0.56807834,-0.155094,-0.035817556
-0.15063913,-0.57631457,-0.15631999,-0.030204393
-0.11082107,-0.57387525,-0.16261669,-0.034123093
-0.15817507,-0.57292217,-0.14656852,-0.024442162
-0.14468028,-0.60284233,-0.15239973,-0.032029096
-0.14515924,-0.5730086,-0.14684372,-0.030468088
-0.14027868,-0.5791713,-0.1602362,-0.031779595
-0.13542452,-0.56035274,-0.15230037,-0.028010108
-0.14533253,-0.58125436,-0.15727016,-0.030488255
-0.060500603,-0.52022445,-0.15238227,-0.037726097
-0.13886558,-0.5638884,-0.15875316,-0.022567023
-0.07938667,-0.57094574,-0.1508282,-0.034161672
-0.099251024,-0.5611721,-0.13196035,-0.027134897
-0.13027836,-0.59931546,-0.15052597,-0.029871864
-0.10200133,-0.55316544,-0.13876724,-0.029508187
-0.1312399,-0.5980459,-0.15092292,-0.026511198
-0.25994933,-0.6326049,-0.16466194,-0.021553451
-0.18174924,-0.64232945,-0.15131268,-0.03323
-0.1437719,-0.6017855,-0.15343139,-0.035222787
-0.21420494,-0.60957116,-0.18562488,-0.025438428
-0.113711104,-0.5934156,-0.16245617,-0.030824058
-0.17421907,-0.598205,-0.14892437,-0.025036063
-0.2003361,-0.61211556,-0.16042598,-0.029519731
-0.20064865,-0.6090223,-0.14299837,-0.027861262
-0.12056122,-0.5881123,-0.16050278,-0.03589784
-0.28875202,-0.6132492,-0.17259672,-0.018796636
-0.22360528,-0.6472785,-0.16096227,-0.02974693
-0.24516824,-0.654579,-0.1416026,-0.034498554
-0.21814132,-0.6565198,-0.15951104,-0.03348705
-0.21477625,-0.65637434,-0.15118808,-0.02545344
-0.1415544,-0.6609395,-0.15067625,-0.030410368
-0.13390204,-0.6010027,-0.14346944,-0.030661833
-0.12916915,-0.596607,-0.15239292,-0.026930232
-0.08619711,-0.5779684,-0.14009026,-0.029516013
-0.09008399,-0.5521831,-0.14186116,-0.031016024
-0.12051455,-0.54916775,-0.15234703,-0.025265569
-0.10163275,-0.5637967,-0.14323062,-0.02966573
-0.0826469,-0.54514164,-0.14252435,-0.036522195
-0.09514178,-0.5349367,-0.15709364,-0.032674614
-0.121482514,-0.5626764,-0.15281919,-0.02771261
-0.10947713,-0.57377213,-0.1480902,-0.034742095
-0.11678878,-0.5688551,-0.14976974,-0.0358948
-0.100203104,-0.5529305,-0.15866311,-0.03515123
-0.1860445,-0.59226006,-0.1607044,-0.024632536
-0.09065486,-0.57307065,-0.1555442,-0.03778797
-0.16011214,-0.56867945,-0.15328936,-0.029016929
-0.1450022,-0.5908117,-0.1660178,-0.031652123
-0.1137855,-0.5647686,-0.14253004,-0.030783355
-0.14880374,-0.58384883,-0.15981509,-0.030965269
-0.1613051,-0.56539834,-0.15649763,-0.026305804
-0.109553,-0.5705421,-0.15157728,-0.032480616
-0.14136706,-0.5612472,-0.15803511,-0.029316545
-0.12751037,-0.55706,-0.16356166,-0.032676347
-0.043580845,-0.49194646,-0.14965901,-0.03207655
-0.15386675,-0.55937785,-0.15788297,-0.021743082
-0.1223861,-0.5911944,-0.15506627,-0.031864
-0.16314702,-0.60782677,-0.13800016,-0.02811666
-0.15773119,-0.62401354,-0.15954083,-0.0331448
-0.22546023,-0.6047333,-0.16444258,-0.026460275
-0.0831153,-0.59211046,-0.1715029,-0.031152766
-0.12862484,-0.56132007,-0.15909517,-0.024081064
-0.07777881,-0.5300502,-0.15807621,-0.035100073
-0.08561139,-0.5361891,-0.13461308,-0.020205004
-0.14899497,-0.6037567,-0.15316516,-0.026235398
-0.19899866,-0.5832845,-0.14615226,-0.02558664
-0.19706659,-0.6083577,-0.16089512,-0.029674241
-0.26780665,-0.6396604,-0.18271951,-0.028456243
-0.25736645,-0.65493166,-0.17308186,-0.030497406
-0.1548854,-0.6218216,-0.16945323,-0.034108397
-0.12819494,-0.5757593,-0.17453238,-0.0317704
-0.011029848,-0.33008417,-0.17118536,-0.011133116
-0.15453683,-0.47614145,-0.15815969,-0.009669645
-0.106549144,-0.5955714,-0.2326484,-0.030026035
-0.3889494,-0.7308443,-0.22824794,-0.00872876
-0.27022943,-0.79787254,-0.25235453,-0.010515537
-0.44563323,-0.832515,-0.21464519,-0.012286337
-0.38813996,-0.94309574,-0.2966952,-0.0035654628
-0.3628435,-0.92065924,-0.2052256,-0.008585276
-0.35170135,-0.9117207,-0.18165603,-0.010956112
-0.113953754,-0.99443936,-0.22435065,-0.0062716035
-0.12618619,-0.97379684,-0.17602155,-0.0077310414
-0.2969489,-0.83502907,-0.1599042,-0.011739884
-0.074779324,-0.55114645,-0.15205033,-0.035961952
-0.13895206,-0.55062467,-0.15081725,-0.028151158
-0.20183599,-0.5930893,-0.17378248,-0.022695566
-0.106062695,-0.5756709,-0.14363234,-0.032672748
-0.0899409,-0.54145634,-0.15483977,-0.038791817
-0.16879895,-0.56074464,-0.18102296,-0.024535852
-0.044077624,-0.5035264,-0.14924353,-0.035771526
-0.017967703,-0.38064614,-0.14787005,-0.017167816
-0.056234486,-0.40584454,-0.14105822,-0.020381536
-0.07406486,-0.5398147,-0.13855141,-0.025217887
-0.039444964,-0.56341356,-0.14582786,-0.023197018
-0.07926918,-0.6000304,-0.16226934,-0.019182306
-0.23989527,-0.6571609,-0.18818626,-0.018239846
-0.16960871,-0.7564641,-0.20663589,-0.014445086
-0.07720066,-0.63558275,-0.16688307,-0.015990566
-0.07426907,-0.5877003,-0.16714646,-0.019678844
-0.19103788,-0.76260036,-0.16159031,-0.009559849
-0.24826689,-0.7784491,-0.16320598,-0.013717332
-0.31636524,-0.73324573,-0.16487907,-0.018695893
-0.27809,-0.72456443,-0.16507782,-0.024883272
-0.20104456,-0.7038998,-0.20325431,-0.018584104
-0.22010049,-0.68178695,-0.1644969,-0.0134920105
-0.1030375,-0.6115032,-0.14107169,-0.020959541
-0.2053932,-0.6625559,-0.14724441,-0.018141592
-0.19550946,-0.7049727,-0.17232293,-0.019795723
-0.07418055,-0.57279986,-0.13553934,-0.01873128
-0.06215331,-0.4693289,-0.14812034,-0.015829585
-0.123515874,-0.5500317,-0.14137138,-0.016651968
-0.047761556,-0.57438684,-0.15037155,-0.026760038
-0.35387057,-0.70791334,-0.1544935,-0.012419559
-0.37194002,-0.7389347,-0.20384753,-0.02487499
-0.50846016,-0.7795904,-0.17618525,-0.020119453
-0.32927728,-0.81114995,-0.21833323,-0.013839844
-0.42706472,-0.7816808,-0.16821946,-0.015511593
-0.33258927,-0.843584,-0.17587288,-0.014021883
-0.31226015,-0.9580458,-0.17569819,-0.009460305
-0.31897396,-0.784485,-0.16134802,-0.023976788
-0.3029417,-0.7676369,-0.15142931,-0.01959672
-0.20254616,-0.6561358,-0.16902502,-0.026675858
-0.30841586,-0.6420875,-0.15117389,-0.02061334
-0.21877302,-0.64833164,-0.1553319,-0.032461084
-0.1875933,-0.62938535,-0.14341532,-0.03440011
-0.11104733,-0.59083164,-0.16951881,-0.034758016
-0.13427047,-0.5716074,-0.15865529,-0.021263983
-0.11858875,-0.57731783,-0.15244587,-0.02934819
-0.1424784,-0.57539576,-0.14071263,-0.03007882
-0.10720094,-0.5736531,-0.14855164,-0.035841618
-0.15209292,-0.5683557,-0.1497036,-0.025944408
-0.15745544,-0.593303,-0.16243035,-0.029976696
-0.13852876,-0.5792366,-0.14831194,-0.032369863
-0.080222495,-0.54768336,-0.15262191,-0.038810626
-0.13053842,-0.56091964,-0.15644117,-0.024561185
-0.10268386,-0.58447886,-0.1513942,-0.032160282
-0.14253384,-0.569966,-0.1421222,-0.029978395
-0.10344346,-0.560558,-0.15569162,-0.036287922
-0.11463984,-0.550491,-0.14860256,-0.028215587
-0.12735412,-0.5760873,-0.15783657,-0.03173392
-0.16431105,-0.57630867,-0.1554194,-0.029279478
-0.078301705,-0.5492587,-0.15180142,-0.037948754
-0.14756456,-0.56089544,-0.1577051,-0.024991363
-0.1264624,-0.57997847,-0.16491097,-0.032612
-0.16204304,-0.5885079,-0.14782467,-0.026306385
-0.12880774,-0.5975006,-0.15619382,-0.03495941
-0.14487131,-0.5713895,-0.14784724,-0.030592117
-0.1920817,-0.6230031,-0.16412677,-0.02604974
-0.19598967,-0.6307137,-0.15482157,-0.028770186
-0.21936363,-0.6405449,-0.14663237,-0.03244606
-0.24767973,-0.6474154,-0.15543853,-0.02842792
-0.15715566,-0.6481983,-0.15126365,-0.03380683
-0.14583358,-0.6084201,-0.15094167,-0.030891217
-0.111722924,-0.5741702,-0.16365357,-0.028547574
-0.066637285,-0.5340001,-0.14468834,-0.030434396
-0.08656325,-0.527648,-0.14645529,-0.028215759
-0.10327416,-0.5451739,-0.14638095,-0.027670845
-0.10098495,-0.55322737,-0.14089058,-0.030552333
-0.11292132,-0.5467463,-0.14921372,-0.033954307
-0.1342287,-0.5696825,-0.16135965,-0.02972661
-0.13164096,-0.59249187,-0.15452681,-0.031237582
-0.1403551,-0.59878147,-0.15457949,-0.035975464
-0.15995345,-0.5970908,-0.15713894,-0.032221694
-0.105946,-0.57948357,-0.15714656,-0.03461261
-0.14346527,-0.58519244,-0.15837236,-0.028862879
-0.13523065,-0.57828796,-0.160657,-0.031406816
-0.12906978,-0.5744613,-0.14911945,-0.02964073
-0.15282166,-0.5991389,-0.15407853,-0.029825127
-0.18498795,-0.6082658,-0.15358198,-0.029719826
-0.18846875,-0.6208392,-0.15175264,-0.032287627
-0.14119683,-0.59503716,-0.15751442,-0.03511199
-0.19774051,-0.6110652,-0.16068907,-0.026890038
-0.1984035,-0.6370033,-0.15859231,-0.027937656
-0.015799899,-0.46258557,-0.112497255,-0.02020039
-0.051479302,-0.3795105,-0.15480335,-0.012298727
-0.088660665,-0.5523551,-0.1981327,-0.029688269
-0.030811492,-0.52942,-0.10197667,-0.016328152
-0.08887671,-0.68835545,-0.1550034,-0.015567713
-0.106190756,-0.6351408,-0.14192258,-0.019449396
-0.08579655,-0.6955302,-0.13690358,-0.019098736
-0.15058094,-0.73983467,-0.13492449,-0.013410672
-0.05561706,-0.67266667,-0.1433169,-0.016442517
-0.10692109,-0.65259224,-0.11908216,-0.014855342
-0.037460107,-0.75082016,-0.16595761,-0.009373291
-0.023369977,-0.5372607,-0.096576005,-0.0021323904
-0.18693638,-0.6024808,-0.11715433,-0.011685676
-0.08476887,-0.68157005,-0.16680235,-0.017248366
-0.25831404,-0.75287753,-0.16192783,-0.008952997
