-0.0012669553,0.010285916,0.008061947,-0.006938824
-0.0011667883,0.010362354,0.0081675425,-0.0039732703
-0.0012669743,0.010303965,0.008052636,-0.0039956677
-0.0013643189,0.010491176,0.0076476163,-0.0077339066
-0.0009891632,0.010429798,0.008293032,-0.0050088065
-0.001355182,0.01024109,0.008099706,-0.0069526606
-0.0015691096,0.010363552,0.008165233,-0.007142221
-0.0010401508,0.010289525,0.00838549,-0.0049814167
-0.0009927725,0.010270589,0.008063193,-0.007231735
-0.0014589425,0.010435277,0.008222413,-0.0050033457
-0.0011391252,0.0102288285,0.008161797,-0.003750485
-0.0012065714,0.010389442,0.0077421083,-0.008994358
-0.0010999118,0.010448008,0.008209841,-0.0041989977
-0.0010567034,0.0099067995,0.008200059,-0.0025574905
-0.0010338121,0.010430453,0.00747715,-0.006004817
-0.0010977134,0.010611045,0.008132042,-0.0056720288
-0.0014020022,0.010404899,0.007917051,-0.0067501366
-0.0013275449,0.010185933,0.008375348,-0.0065118163
-0.0016502287,0.010404674,0.008085554,-0.0070439456
-0.0014255665,0.0102477465,0.008432424,-0.0064085196
-0.0011857267,0.01036556,0.008129132,-0.006745855
-0.0011642429,0.010171138,0.00831501,-0.003605923
-0.0011282794,0.010357558,0.007911398,-0.0062483978
-0.0012341989,0.010562608,0.007965011,-0.006371864
-0.0013404589,0.010358953,0.008324838,-0.0061019477
-0.001289204,0.010301361,0.008004674,-0.008070738
-0.0014160405,0.010276396,0.008458124,-0.006002181
-0.0014212942,0.010201828,0.008193441,-0.004500742
-0.001011616,0.0102846,0.008050074,-0.00530902
-0.0014231201,0.010611109,0.007919577,-0.0065789777
-0.0014922329,0.010411529,0.008236596,-0.006428403
-0.0013823583,0.010280524,0.008156096,-0.0055557066
-0.0010631249,0.01028154,0.008219035,-0.0067914966
-0.001086959,0.010448831,0.008078263,-0.0066055157
-0.0009800084,0.010189525,0.008405682,-0.0046122377
-0.0011069826,0.010354193,0.007928415,-0.0066606635
-0.0011077519,0.010393058,0.008203816,-0.004347813
-0.0011372311,0.010176373,0.007860722,-0.0014373903
-0.0015398251,0.010336263,0.00748793,-0.0066522863
-0.0013968464,0.010724171,0.0077392114,-0.006439703
-0.0013244661,0.010143722,0.008382911,-0.004781578
-0.0012517881,0.010225281,0.007882367,-0.0076744496
-0.0012018416,0.010385061,0.008405002,-0.0060482854
-0.0012848764,0.010334169,0.008186826,-0.0070917555
-0.001551445,0.010281987,0.008287406,-0.006042719
-0.0014369203,0.010374386,0.008259538,-0.007933635
-0.00132318,0.010375602,0.008123624,-0.008434724
-0.0011292221,0.010079276,0.008589708,-0.005026468
-0.0013044331,0.010213555,0.008035314,-0.0084187435
-0.0011482998,0.010427968,0.008312795,-0.00690817
-0.0011979374,0.010241332,0.008465756,-0.0059789177
-0.0012834568,0.010261881,0.00806982,-0.006741291
-0.0012245416,0.0103889415,0.008385687,-0.0061488533
-0.001327796,0.0104037905,0.008057996,-0.006713643
-0.0015855978,0.010280084,0.008381738,-0.0055984994
-0.000932333,0.010349357,0.008029564,-0.004999799
-0.00088846247,0.0102695115,0.008098075,-0.0040961886
-0.0009605259,0.0104796635,0.007793046,-0.008219739
-0.00092667085,0.010347922,0.008179906,-0.004266776
-0.0009459621,0.010061723,0.008219424,-0.0041594435
-0.0010154411,0.010451386,0.007663486,-0.0077907923
-0.0011101067,0.010498516,0.008431386,-0.0073211025
-0.000894677,0.010173961,0.008110143,-0.0053968756
-0.0008605539,0.009952583,0.008352202,-0.0038800428
-0.0011585976,0.01050899,0.007666681,-0.0083956225
-0.000983674,0.010337212,0.008349752,-0.0037915667
-0.0010969994,0.010122633,0.008018288,-0.0033778227
-0.0012025253,0.010437833,0.0076645096,-0.0059546577
-0.0013469588,0.010631673,0.008039601,-0.0053270757
-0.0013101762,0.010352082,0.008034488,-0.006497673
-0.0014172955,0.010314143,0.00813531,-0.0093803145
-0.0014020959,0.010312657,0.008275922,-0.0076245232
-0.001461077,0.009875598,0.008563003,-0.0046273535
-0.0014692203,0.010264459,0.007980055,-0.0069113034
-0.0010875001,0.010506506,0.008229422,-0.0090782605
-0.0014189054,0.010380798,0.008267756,-0.007741921
-0.0012168608,0.009814697,0.008532222,-0.0040482036
-0.0011304612,0.010260686,0.00794191,-0.0070471955
-0.0009323207,0.010557748,0.008145943,-0.006786166
-0.0012467005,0.01035849,0.0083608795,-0.0063878326
-0.0013198566,0.010251796,0.0081216255,-0.007033907
-0.0010244718,0.010272364,0.008360602,-0.0050218524
-0.0013007579,0.010365205,0.00806725,-0.007361893
-0.00136114,0.010416448,0.008218647,-0.006022741
-0.0011350688,0.010267704,0.008318754,-0.0054137916
-0.0009971312,0.010340121,0.007982574,-0.0059610233
-0.00087467243,0.010333822,0.008216368,-0.0041719223
-0.00067886675,0.0104039805,0.0078666285,-0.007057304
-0.000814723,0.010400669,0.008163235,-0.005241169
-0.0010664124,0.010253864,0.008194798,-0.0048019635
-0.0011441052,0.010373777,0.007894416,-0.008407083
-0.0008213389,0.0103609,0.008298475,-0.004323912
-0.0008992401,0.010168105,0.008201028,-0.0077583175
-0.0012868198,0.010454254,0.00794156,-0.0075801746
-0.00108033,0.0100904815,0.008724467,-0.00462952
-0.0011141736,0.010261008,0.0077698412,-0.006799496
-0.0009921148,0.010222728,0.008392711,-0.003295191
-0.0011462426,0.010426925,0.0076763025,-0.008849369
-0.0012872642,0.010431188,0.008257524,-0.0074340156
-0.0010590784,0.01007193,0.008429889,-0.0042974916
-0.0011860998,0.010115031,0.007996428,-0.0050863395
-0.0011585595,0.010213712,0.007669371,0.00023756473
-0.0014283058,0.0102090575,0.0068505066,0.00022973375
-0.0017191147,0.01033664,0.0062249857,0.0029696857
-0.0017914709,0.01019665,0.00642532,2.342314e-05
-0.0022501065,0.010545397,0.0068584974,-0.0053335987
-0.0021516925,0.009142163,0.0070885913,0.0050212825
-0.0022023353,0.009587163,0.0063370424,-0.004429102
-0.0029245974,0.01084989,0.0068236976,-0.004016164
-0.002551781,0.010164939,0.008275358,-0.0034281763
-0.0029737551,0.010214129,0.0074347705,-0.008706621
-0.0028618474,0.010259845,0.008761179,-0.004572802
-0.0030531923,0.01040341,0.007913939,-0.0057736444
-0.00313424,0.010380604,0.008322293,-0.007310759
-0.002826317,0.010701198,0.008018457,-0.0071483175
-0.0027144528,0.010117738,0.008545169,-0.0046974765
-0.002988406,0.010409313,0.007941193,-0.0044496553
-0.0031062593,0.010508763,0.008078363,-0.0064934622
-0.0037237005,0.010695651,0.00788154,-0.008714233
-0.0031592941,0.010234701,0.008552626,-0.005434039
-0.0033203757,0.010242925,0.008168327,-0.006004287
-0.0021437376,0.010434482,0.008174319,-0.006754146
-0.0015499876,0.010474479,0.008209088,-0.00504905
-0.0026633802,0.010348706,0.0081779305,-0.0052365814
-0.0012201349,0.010462334,0.007945062,-0.006046135
-0.0014199496,0.010468185,0.0081638135,-0.008307426
-0.0009817182,0.010274394,0.008165647,-0.0055911867
-0.0010118927,0.009843754,0.008357217,-0.0024797108
-0.0011732953,0.010393574,0.007544803,-0.008020554
-0.0014032627,0.010600098,0.008225838,-0.004926414
-0.001090957,0.010239189,0.008181943,-0.005686607
-0.0012245283,0.010336543,0.007961193,-0.007886353
-0.0011638338,0.009683303,0.007962672,0.0015023116
-0.0016101365,0.009198874,0.0055170036,0.0076804906
-0.0019317057,0.009785853,0.00488039,-0.0005538851
-0.0021628803,0.010409906,0.0059438916,0.0036288614
-0.0023827152,0.009370192,0.0062774927,0.0061656674
-0.0029818334,0.010047985,0.0053920834,0.0041806367
-0.0034468921,0.010391982,0.005210805,0.0055310167
-0.0039694523,0.010322913,0.0059554777,0.0025304637
-0.004409919,0.010465276,0.006773947,-0.0021270702
-0.004492049,0.010474558,0.0073626037,0.00031129707
-0.0043869233,0.010374692,0.00736889,-0.0033508018
-0.0050806855,0.01080424,0.0074762227,-0.0059695602
-0.0052893288,0.010635636,0.008246512,-0.005406329
-0.0051224707,0.010461278,0.0080106,-0.0075215255
-0.005091579,0.010436133,0.008445116,-0.0046023885
-0.004924883,0.010488818,0.008112906,-0.0041378
-0.0047613964,0.010634478,0.007882113,-0.004893422
-0.0055957106,0.010814348,0.007977515,-0.004789045
-0.0059256502,0.0104282275,0.007779079,-0.00045949363
-0.003778231,0.010270636,0.00713201,-0.0007370344
-0.004262579,0.010779784,0.0068920814,-0.0022097535
-0.00466582,0.01064817,0.0075496207,-0.0032429963
-0.004337277,0.010600634,0.0076136603,-0.004547654
-0.0035844755,0.010406843,0.008116717,-0.004770329
-0.0029772182,0.010552629,0.0078496635,-0.004970328
-0.002559048,0.010407859,0.008211586,-0.0068899086
-0.0028916772,0.010585103,0.007946717,-0.0067604785
-0.0022765896,0.010180058,0.00856162,-0.005297962
-0.002127239,0.010420815,0.007864191,-0.0071881087
-0.0019247527,0.010330987,0.008492403,-0.005203212
-0.0019386251,0.010448205,0.007962849,-0.0071424427
-0.002173962,0.010387923,0.0083652325,-0.006695167
-0.002244981,0.010387313,0.008197668,-0.0047707795
-0.0021252874,0.010161702,0.008091003,-0.0028600306
-0.0020138687,0.01053658,0.007643966,-0.0067223837
-0.0025434191,0.010610585,0.007948648,-0.003340984
-0.0021555864,0.010291727,0.008052697,-0.0056550493
-0.0020832687,0.010537455,0.007728586,-0.008071923
-0.0014760067,0.0101787355,0.008535446,-0.0037247052
-0.0015734645,0.010245598,0.0078770425,-0.0072398754
-0.0013751222,0.010436647,0.008212096,-0.005150514
-0.0014877034,0.010389936,0.008204828,-0.0050900066
-0.0011948779,0.0103724925,0.007903131,-0.007434583
-0.0013058357,0.010390998,0.008324742,-0.004530419
-0.0012621942,0.010287575,0.008056349,-0.0068273065
-0.0013821785,0.010450296,0.008105141,-0.0070812935
-0.001329858,0.010342249,0.008398163,-0.005832602
-0.0013093041,0.010274613,0.008089853,-0.0068612597
-0.0012466861,0.010343987,0.008321552,-0.0052838232
-0.0014945919,0.010405522,0.008098506,-0.00734636
-0.0016814601,0.010422782,0.008213789,-0.006992477
-0.0012107443,0.010277131,0.008377713,-0.006308042
-0.0014739363,0.01030214,0.008130931,-0.007430148
-0.0010420415,0.010331023,0.008376577,-0.0066732354
-0.000978826,0.0102955755,0.00822648,-0.0064331153
-0.0011225205,0.010276322,0.008296049,-0.006453793
-0.0010277017,0.010374382,0.008169463,-0.0057036728
-0.0011703988,0.010329994,0.008236134,-0.0064287004
-0.0011302817,0.010431417,0.008030962,-0.008758393
-0.0009908242,0.010297245,0.008401598,-0.007896165
-0.0011032321,0.0101270145,0.008277343,-0.008993073
-0.0009501405,0.010113068,0.008276838,-0.009496313
-0.0008913502,0.010047848,0.008464742,-0.007386643
-0.00083948066,0.009907845,0.008399077,-0.0049408902
-0.00088499807,0.010239978,0.008161841,-0.006651533
-0.0009837021,0.010537066,0.008096777,-0.006586768
-0.0007799654,0.010237062,0.00835443,-0.0045272885
-0.00085623236,0.010311271,0.007937111,-0.0073788054
-0.0008115416,0.010252973,0.008110452,-0.0023899889
-0.00088854006,0.010205191,0.0078915525,-0.0052687232
-0.001024721,0.010591715,0.0075853057,-0.0074099107
-0.0010453532,0.010249229,0.008505346,-0.0041665207
-0.0010891396,0.010230858,0.00781769,-0.0069281794
-0.0011893559,0.010383546,0.008349567,-0.006892572
-0.001041744,0.010396444,0.008134399,-0.005290629
-0.00082017155,0.010054587,0.008263447,-0.00414472
-0.0008873422,0.010464358,0.0077622593,-0.008641831
-0.00077977113,0.010354421,0.00826512,-0.0041752486
-0.0007656141,0.0100054955,0.008167626,-0.003274873
-0.0009812579,0.009481702,0.00665738,0.0049478533
-0.0018971969,0.009294396,0.004963436,0.0031416218
-0.0025048172,0.010353324,0.005670712,0.00084373524
-0.0027064872,0.010084028,0.0069921287,0.0006802516
-0.0030288605,0.010306255,0.007392975,-0.0064464076
-0.0029634554,0.010538504,0.007925136,-0.0034349228
-0.0033770204,0.0102448305,0.008221674,-0.004139644
-0.0032132107,0.010508919,0.007510261,-0.00932946
-0.0030317786,0.010342968,0.008565706,-0.0031319293
-0.0030072846,0.010255428,0.007947868,-0.0070852567
-0.0031866168,0.010591121,0.008071631,-0.0081721945
-0.0029384866,0.010423342,0.008537467,-0.0045887693
-0.0031735715,0.0102472035,0.008071841,-0.0069138687
-0.0032529244,0.010611353,0.0082308585,-0.006771624
-0.002696473,0.010461042,0.0083011165,-0.0052807475
-0.0031993526,0.010382823,0.008166675,-0.006955423
-0.0026031192,0.0105535155,0.008179189,-0.006637839
-0.0041969744,0.010459849,0.008391632,-0.0055427793
-0.0018152618,0.010342395,0.008082956,-0.005683322
-0.0015877861,0.010167259,0.007912943,-0.00075808226
-0.0015911422,0.010291955,0.007405019,-0.005215478
-0.0013441717,0.010706522,0.007489789,-0.0067909476
-0.00168619,0.010234766,0.008331733,-0.003858864
-0.0013016906,0.008649154,0.006796867,0.0058921925
-0.001898275,0.009059253,0.004452636,0.0041316133
-0.0027491245,0.007786749,0.002016044,0.016064992
-0.003333764,0.0083592925,0.002050201,0.016190343
-0.0045946245,0.009548208,0.004194749,0.003844562
-0.0056277933,0.010228033,0.0061262753,0.0019553069
-0.005946606,0.010049632,0.0075703566,-0.0030990876
-0.006661968,0.01064094,0.0074414266,-0.008226134
-0.006577172,0.010317252,0.008713326,-0.002593361
-0.006361598,0.010360099,0.007646752,-0.0014871284
-0.0064253868,0.010373564,0.006772589,0.001898955
-0.0067990976,0.010828261,0.006428759,-0.0010398662
-0.007247268,0.010745518,0.007256819,-0.0060546645
-0.008022538,0.010765391,0.007905742,-0.0054102237
-0.0071475124,0.010250776,0.008409457,-0.0034936736
-0.0074049165,0.010647036,0.007839283,-0.008457992
-0.0074875904,0.010913178,0.008451043,-0.006080299
-0.0080612,0.010619541,0.008452102,-0.00568379
-0.0058061867,0.0105666015,0.008110864,-0.0069941934
-0.008979877,0.010925614,0.008454631,-0.0057736794
-0.0032511258,0.010469396,0.008128211,-0.006767321
-0.0020641747,0.010437057,0.00816585,-0.008468866
-0.0024699927,0.010413256,0.008298688,-0.008917659
-0.0018847848,0.01010632,0.00842398,-0.007159664
-0.0018970653,0.0101395715,0.008382205,-0.0074676177
-0.0018967951,0.010207363,0.008243323,-0.0036628547
-0.0024214745,0.010176502,0.008019235,-0.0024681925
-0.002271839,0.009978685,0.0065234136,0.0044346163
-0.0026486432,0.0069313254,-0.0007267411,0.019364502
-0.008370085,0.003819286,-0.006462888,0.027347822
-0.010809076,0.0062905066,-0.0040872237,0.036397453
-0.008924154,0.006243021,-0.0037367907,0.035501234
-0.012025008,0.0075681754,0.00024493062,0.02307122
-0.016703071,0.009723616,0.0030161606,0.013220268
-0.021680078,0.010530969,0.00407284,0.011384278
-0.025924055,0.0106185945,0.0047233314,0.004603228
-0.02785222,0.011730241,0.0057404283,0.003920765
-0.027781626,0.011677526,0.006864402,0.0014883925
-0.029434955,0.011837205,0.007347618,-0.0033090445
-0.02997573,0.012163769,0.007881206,-0.0009879443
-0.030370712,0.011982924,0.0077726794,-0.003015427
-0.032877095,0.012200926,0.007939595,-0.006611317
-0.034105677,0.012335773,0.008625405,-0.008249072
-0.035477597,0.0121001825,0.00887464,-0.010106479
-0.029470926,0.01174876,0.009032372,-0.009574714
-0.03171755,0.011879287,0.009115168,-0.010031196
-0.033857215,0.012112995,0.00925016,-0.003856437
-0.009918691,0.010592439,0.007967151,-0.0048896153
-0.007236901,0.011011303,0.0075197415,-0.0072139543
-0.005860662,0.010625077,0.00852362,-0.004712953
-0.004893503,0.010427544,0.00787688,-0.0068732416
-0.0046768156,0.010492766,0.008459962,-0.005593705
-0.0031048341,0.0104846265,0.007976304,-0.0033080766
-0.0028231388,0.009356207,0.0068405187,0.0051582935
-0.003500225,0.0010932871,-0.006004676,0.022004254
-0.00854964,0.0057506817,-0.0013640844,0.027344048
-0.007753631,0.0067186165,-0.0027011011,0.030999286
-0.010159771,0.008278377,0.0018708721,0.014548595
-0.013389167,0.009908059,0.005157796,0.0013027115
-0.015535739,0.010583373,0.0075578126,-0.0025405793
-0.016959053,0.010799771,0.008007019,-0.0057873405
-0.017646061,0.011159937,0.008481583,-0.0077159777
-0.017977085,0.011402608,0.0084277205,-0.00806621
-0.018537281,0.011173186,0.008915666,-0.006990689
-0.01832242,0.011260688,0.008450417,-0.008833211
-0.017842883,0.011306592,0.008852838,-0.0057013184
-0.017688492,0.011240865,0.008527081,-0.008235782
-0.017995715,0.011364389,0.008467509,-0.00931511
-0.01699778,0.011225718,0.008943702,-0.0073716617
-0.014662927,0.010937321,0.008502096,-0.007213734
-0.014090017,0.011029987,0.008647419,-0.008785199
-0.01999807,0.011542822,0.008654324,-0.007091717
-0.0024067368,0.010143356,0.008495841,-0.0047773505
-0.002159575,0.010485663,0.007759454,-0.0085213315
-0.0013333625,0.010421668,0.008501317,-0.006378953
-0.0010220964,0.0102414675,0.008101369,-0.008760598
-0.0010079934,0.010199342,0.008325953,-0.008604991
-0.001068046,0.0101850685,0.0084031755,-0.0086939
-0.00088028517,0.010055542,0.008241592,-0.009196402
-0.0008652885,0.010079395,0.008467185,-0.008804714
-0.00086811883,0.0100558605,0.008289527,-0.007974961
-0.00075829093,0.0099743605,0.008545306,-0.00577519
-0.0009839498,0.010238288,0.00815967,-0.0057234154
-0.00076361006,0.010371677,0.00821906,-0.006510053
-0.0007398829,0.010475006,0.008084635,-0.006828753
-0.00072835025,0.010233716,0.008338886,-0.0059653115
-0.0009161546,0.010298823,0.008112781,-0.005954695
-0.00070428895,0.010321339,0.008230802,-0.006313628
-0.00097133877,0.010336223,0.008071631,-0.0038242233
-0.00094948604,0.010243223,0.008057336,-0.005157014
-0.0009163101,0.010504401,0.00766953,-0.009569336
-0.0008018428,0.0101589225,0.008452389,-0.0040039592
-0.0006315607,0.00985009,0.008080491,-0.00285279
-0.00074815605,0.010353315,0.0075982166,-0.00913461
-0.00068032637,0.010536656,0.008116615,-0.0032750373
-0.00072500523,0.009999981,0.00822795,-0.00568673
-0.00085904193,0.010402058,0.007552412,-0.0102001075
-0.0007780974,0.00774331,0.0071088946,0.006697358
-0.0017251478,0.008976393,0.0039056602,0.009413673
-0.0026981677,0.010064554,0.00418633,0.0053775264
-0.00298088,0.010292672,0.005795521,0.0030571332
-0.0032769707,0.010129524,0.006864486,2.681845e-05
-0.0035409592,0.010409042,0.0074954513,-0.0041352254
-0.003938031,0.010701171,0.0076598697,-0.0050669606
-0.0036763581,0.00984821,0.007774309,0.0016781928
-0.0041962876,0.010307589,0.0068205716,-0.0021845163
-0.0042642113,0.010834745,0.007112623,-0.0053955656
-0.0040407768,0.010648305,0.00790063,-0.0046524033
-0.0045029083,0.010274367,0.008081533,-0.0060488656
-0.0047525223,0.010539422,0.008182672,-0.007776094
-0.00423325,0.010411648,0.008328451,-0.0035417718
-0.0045509655,0.010360186,0.0081589585,-0.0069161374
-0.004653525,0.01078791,0.0078559015,-0.007832392
-0.0033232407,0.010394521,0.0087091895,-0.007069766
-0.0053298417,0.010425509,0.0079704095,-0.008309541
-0.004332879,0.010267226,0.008821347,-0.0061688707
-0.002468454,0.010414307,0.007942213,-0.00647423
-0.0021524003,0.010205899,0.00851512,-0.004582555
-0.0022365507,0.010578253,0.0077774664,-0.007247329
-0.0017965103,0.010384519,0.008389737,-0.0055412212
-0.0017437412,0.010428301,0.008035721,-0.0078518065
-0.0022876856,0.010295374,0.008332231,-0.005270288
-0.0016507918,0.010200774,0.008218282,-0.0037590982
-0.0012040478,0.010381789,0.0077516944,-0.009086328
-0.0011147554,0.010553956,0.008234291,-0.0076544145
-0.001055345,0.009950375,0.008462745,-0.004492288
-0.0009151079,0.01004359,0.008013717,-0.004371801
-0.0014023172,0.010524386,0.007931546,-0.005497481
-0.0010457094,0.010552131,0.007920368,-0.0052591106
-0.001093787,0.010279409,0.008122133,-0.0045850477
-0.0009072027,0.010394341,0.007905147,-0.006496929
-0.0011105245,0.010415598,0.008172738,-0.0054420936
-0.0011124811,0.010339581,0.008143587,-0.0074186674
-0.0013786297,0.010311135,0.008166808,-0.0049371053
-0.0012899489,0.010189359,0.008292836,-0.0047981218
-0.0013367826,0.010478407,0.007731974,-0.008329907
-0.0012376384,0.010356608,0.008485732,-0.004976102
-0.0010816109,0.0102009,0.008067796,-0.0053155674
-0.0013431674,0.010354972,0.008100263,-0.0061027813
-0.0014661584,0.010564945,0.008089913,-0.00664951
-0.0010511797,0.010305986,0.008233793,-0.006476705
-0.0010302006,0.010238507,0.008213052,-0.004826108
-0.0012839272,0.0103325285,0.008120128,-0.007153034
-0.00157202,0.010514082,0.0080806585,-0.006752318
-0.0013189719,0.010245931,0.008466429,-0.006092422
-0.0012961074,0.010276681,0.008004837,-0.005133342
-0.0012371188,0.010264532,0.008292246,-0.005262959
-0.0012281594,0.010479877,0.007691964,-0.009582707
-0.0012335716,0.010302034,0.008532957,-0.007888211
-0.0009918128,0.010054248,0.008217203,-0.0073529305
-0.0012324811,0.009883159,0.008407388,-0.0036616642
-0.0011445385,0.010326828,0.007976761,-0.0069876444
-0.0010523887,0.010556624,0.007989361,-0.005365596
-0.001019936,0.009430464,0.007702876,0.0028415306
-0.0014215892,0.010041517,0.0065901172,-0.00534634
-0.0015335657,0.010870759,0.0072562764,-0.0040122494
-0.0014320627,0.0100979265,0.007939155,-0.0013009169
-0.001416476,0.008699575,0.0061679333,0.007260401
-0.0025977213,0.009073286,0.0032844264,0.009550298
-0.0032211735,0.009984806,0.004382052,0.006441796
-0.003803654,0.010202908,0.0061106617,0.0006388667
-0.0040284214,0.01029912,0.0074185086,-0.0042950166
-0.0046117455,0.010513955,0.007911384,-0.006287297
-0.0042860564,0.010149858,0.008273874,-0.0019906107
-0.00411706,0.010410434,0.007728473,-0.005497045
-0.00427094,0.0108429035,0.007761538,-0.004916038
-0.004338677,0.010568042,0.008235983,-0.0054529887
-0.004953405,0.0105685955,0.0078851525,-0.006479106
-0.0047134524,0.010483691,0.008508914,-0.0061076228
-0.0049400716,0.010581231,0.00791633,-0.009095244
-0.005415118,0.010370045,0.008698971,-0.005024138
-0.004184792,0.01039831,0.008152494,-0.0069701285
-0.004389815,0.010591012,0.008226686,-0.0077552907
-0.0032967215,0.01052997,0.008453713,-0.0064925086
-0.005375022,0.010396163,0.008296483,-0.0052076825
-0.0025906148,0.0103747025,0.008184944,-0.0054290225
-0.001707668,0.01051853,0.007854859,-0.0037075835
-0.0014787073,0.010328985,0.008011468,-0.005117484
-0.0013683216,0.010551997,0.007649823,-0.008099097
-0.0012987403,0.010244042,0.008480603,-0.0051705632
-0.0017501173,0.010236968,0.008051499,-0.0067128143
-0.001396455,0.010255738,0.008249174,-0.004377878
-0.0014163118,0.010384753,0.008027104,-0.004178522
-0.0011780666,0.010463837,0.007792023,-0.005647893
-0.0013003973,0.010367496,0.007937797,-0.0020360895
-0.0012071142,0.010311475,0.0076573044,-0.0046103112
-0.001223053,0.010567851,0.0076526334,-0.004298978
-0.0014185649,0.009989251,0.007659055,0.001117302
-0.001580166,0.010243566,0.00693032,-0.0027445843
-0.0017859044,0.010701256,0.0072848704,-0.00588019
-0.0016692394,0.009248881,0.0069388626,0.0051781978
-0.002369299,0.009234204,0.0050786,0.0061626984
-0.0028972172,0.01038983,0.0054043587,-0.00046699194
-0.003352021,0.010324635,0.006586855,0.0029128413
-0.0031126575,0.010013674,0.0069352407,0.00077024853
-0.00339856,0.010519702,0.0070386506,-0.0067870473
-0.0035913754,0.010707274,0.007836212,-0.0033936356
-0.0036859356,0.010231899,0.008154325,-0.0067796065
-0.004070752,0.010552554,0.007897885,-0.006290019
-0.0038443774,0.010267342,0.008633105,-0.004026992
-0.0039793104,0.010454883,0.0075769867,-0.0099533945
-0.0040064906,0.010236282,0.0085691,-0.0021474229
-0.003580084,0.010260337,0.007864928,-0.0038189075
-0.0038323023,0.010690664,0.007562167,-0.005103894
-0.004027338,0.010519913,0.007825707,-0.0001747819
-0.0037362124,0.010406987,0.007309833,-0.0051761316
-0.0028323783,0.010572829,0.007530222,-0.000989108
-0.004278674,0.010379475,0.007497255,-0.0011009004
-0.0034997337,0.010605173,0.0071372977,-0.0044340584
-0.0024978085,0.010592231,0.007878704,-0.004005723
-0.002851776,0.010399157,0.007696804,-0.0027315267
-0.002609075,0.0101785725,0.0077794935,-0.0023093417
-0.002057744,0.010668223,0.0073268777,-0.004242419
-0.002326651,0.010516358,0.007954769,-0.0056250696
-0.0020070414,0.010427454,0.007798616,-0.0036281843
-0.002230482,0.009651652,0.007626344,0.0019514118
-0.002418191,0.010411935,0.0064740763,-0.0006484064
-0.0024602741,0.0034652827,-0.0014484281,0.018645205
-0.007122451,0.006825929,-0.0016305713,0.025506468
-0.0074345674,0.006934068,-0.002840592,0.030724308
-0.008438567,0.0080212755,0.00056265265,0.02219482
-0.011019795,0.009429218,0.003898552,0.006481317
-0.014172257,0.0106334295,0.006521706,-0.00071681367
-0.016556578,0.010636362,0.007826075,-0.004040856
-0.017033504,0.011050809,0.0080989525,-0.00505419
-0.016840152,0.0112986015,0.008214755,-0.0032349722
-0.016439702,0.011290676,0.007903379,-0.0036711732
-0.017194632,0.011393486,0.007929624,-0.006381696
-0.017615372,0.011418694,0.008234776,-0.008028478
-0.017501637,0.0111949565,0.008642182,-0.0069467174
-0.017232293,0.011106804,0.008641247,-0.0068367994
-0.017133882,0.011232561,0.0085202865,-0.008853773
-0.016574014,0.011241479,0.008630775,-0.009700421
-0.013184285,0.0108662285,0.008744524,-0.0068672798
-0.018271491,0.011107347,0.008802892,-0.007012945
-0.007891734,0.010739068,0.008171909,-0.009785683
-0.0059321113,0.010659972,0.008551191,-0.006556811
-0.00355149,0.010235593,0.008447009,-0.007592764
-0.0016506094,0.010355768,0.008086952,-0.0074540796
-0.0013910977,0.010307103,0.008588124,-0.008754748
-0.0013674217,0.010261318,0.008020854,-0.007541342
-0.001228063,0.008654663,0.007946149,0.0038278252
-0.0016577184,0.009913131,0.006366738,-0.0056327423
-0.0018103794,0.0109389145,0.0071854936,-0.0048507303
-0.0013855002,0.010197715,0.0080032805,-0.0022233513
-0.00128682,0.010045187,0.0076746834,-0.007259823
-0.0013585365,0.010589514,0.008154994,-0.0049659237
-0.0013723675,0.0099434685,0.007995527,-0.00025130925
-0.001411055,0.010183901,0.0071492973,-0.002819417
-0.0014835864,0.010751063,0.0072397785,-0.003430711
-0.0017503966,0.010435162,0.007657405,-0.00269895
-0.001944029,0.010338145,0.007747689,-0.005713177
-0.0017552389,0.01046251,0.007921221,-0.0034248615
-0.0018745451,0.0101079885,0.007795608,-0.0007359644
-0.0020282594,0.010441084,0.007262601,-0.006594462
-0.0022285609,0.010718942,0.007830386,-0.004129126
-0.0020988062,0.010213195,0.008089257,-0.0034771773
-0.0020473176,0.009324159,0.00679394,0.005012199
-0.004140917,0.006578696,-0.0018500296,0.020550305
-0.0054836003,0.007880311,4.368356e-05,0.021070391
-0.006020931,0.008636972,0.0018408481,0.017877273
-0.0077982927,0.009710768,0.004687605,0.003255827
-0.008707248,0.010176694,0.007108575,-0.0006374612
-0.00956829,0.010695891,0.0074922815,-0.0027747105
-0.009893681,0.0102715725,0.0074430807,0.0025510353
-0.009985618,0.010754503,0.0065241624,-0.0026786046
-0.010039808,0.011095909,0.0069564744,2.9461102e-05
-0.010148645,0.010799959,0.007529016,-0.0048695174
-0.010774372,0.010914332,0.0077533964,-0.00761496
-0.010726873,0.010691715,0.008652939,-0.0037804085
-0.0110831475,0.010737811,0.008055265,-0.0077861557
-0.0103581855,0.011011472,0.008413957,-0.006578015
-0.009939297,0.0108808335,0.008494924,-0.004957627
-0.008484826,0.010690904,0.008115141,-0.0074096923
-0.009287329,0.010995619,0.008366165,-0.0053983615
-0.010478759,0.0108348355,0.008356636,-0.004507165
-0.0031136468,0.010511779,0.007852544,-0.0058228928
-0.0024840608,0.010621896,0.008054893,-0.00551512
-0.00236934,0.0104394965,0.008079246,-0.0052443785
-0.0022788087,0.010412752,0.008102829,-0.0075880336
-0.0025577026,0.010503021,0.00818715,-0.0059777456
-0.0028305748,0.010279053,0.008427173,-0.006069575
-0.0021220148,0.010448684,0.007950861,-0.007857557
-0.0019662448,0.010401419,0.008527683,-0.0074735787
-0.0012226042,0.010258015,0.008136318,-0.006068302
-0.0011280049,0.010125681,0.0084741935,-0.0061274474
-0.0013464538,0.010497215,0.007901323,-0.006774636
-0.0011746569,0.010147136,0.008474857,-0.0035876294
-0.001291155,0.010413418,0.0077384496,-0.005867386
-0.0013588183,0.010302654,0.007987924,-0.0019779266
-0.0013076445,0.010364068,0.0074892314,-0.0020782512
-0.0015928908,0.0104939295,0.0074143917,-0.006302911
-0.0017215892,0.010643064,0.007891482,-0.0055749915
-0.0015747881,0.010149065,0.008198934,-0.0043975892
-0.0014882766,0.01026816,0.007947061,-0.0047202907
-0.0014837673,0.010153372,0.007659673,0.0004591591
-0.0014372261,0.009896378,0.0062355315,0.00439947
-0.0021400582,0.009934594,0.0045518656,0.008468658
-0.00267358,0.009696597,0.0036268,0.011557316
-0.0033065986,0.009857943,0.004197352,0.008900108
-0.0037400248,0.0100170765,0.004801244,0.008323462
-0.0044476576,0.010031202,0.0050562825,0.0073673143
-0.0050842124,0.010312449,0.005445009,0.003558927
-0.0057620364,0.010511013,0.0061484915,0.0024878888
-0.0062045017,0.010515321,0.006723954,0.00055940537
-0.006592548,0.010654281,0.0070858966,-0.0017504636
-0.007055094,0.010765438,0.007415848,-0.0020355193
-0.007136122,0.010706177,0.007583393,-0.002936188
-0.006896375,0.01076436,0.0077116727,-0.005568464
-0.00701146,0.010814246,0.008042709,-0.0059958464
-0.0071940273,0.010650669,0.00828724,-0.0069307345
-0.0071986034,0.010632584,0.008287771,-0.005407284
-0.0072976947,0.010564665,0.008321356,-0.0037011101
-0.00743134,0.010819201,0.007823044,-0.0048435386
-0.00738209,0.010851893,0.008056967,-0.007952847
-0.006448974,0.010727288,0.008042772,-0.009033853
-0.005014909,0.010118117,0.008615937,-0.0044640554
-0.0047887163,0.010303231,0.008085438,-0.008888559
-0.004063057,0.010632557,0.008218779,-0.008310405
-0.0029930347,0.010290621,0.00872879,-0.007054014
-0.0026584386,0.010201448,0.0079834005,-0.009303431
-0.0022050478,0.010252423,0.008718646,-0.0063760923
-0.0018685531,0.010261462,0.008154393,-0.0069237947
-0.0017013744,0.010283912,0.008412976,-0.007113587
-0.0015387306,0.010468143,0.008135883,-0.008824097
-0.001165276,0.010190435,0.008457165,-0.006864989
-0.0010282918,0.010054579,0.0083420845,-0.004372298
-0.00095208146,0.010278719,0.008035028,-0.0075745545
-0.0012075171,0.010586417,0.008103358,-0.0076211784
-0.001224788,0.010075407,0.008463861,-0.0036177337
-0.0012026691,0.010198984,0.007923139,-0.0067194495
-0.0007200741,0.010568879,0.008046235,-0.007521619
-0.0005562425,0.010235481,0.008350452,-0.0042330553
-0.0008968479,0.010159476,0.008041644,-0.008013336
-0.0006786433,0.01043908,0.008100441,-0.0048568062
-0.00071872055,0.010004965,0.008290848,-0.0025231256
-0.00078225095,0.010387367,0.007455055,-0.007844067
-0.0008378563,0.010576249,0.008318765,-0.006894931
-0.0009225012,0.010224546,0.008125869,-0.0059037684
-0.001070201,0.010094051,0.008335973,-0.007433955
-0.0010285925,0.010466171,0.008030439,-0.008131333
-0.0008389933,0.010126334,0.0086250035,-0.006047358
-0.00097226124,0.010225497,0.008069773,-0.0070021427
-0.0012222636,0.010261328,0.0084026,-0.0049468973
-0.0010258293,0.010409124,0.008026474,-0.0061812266
-0.0010212206,0.010425926,0.00814651,-0.0072537744
-0.0012564446,0.01035762,0.00822583,-0.0047057658
-0.0011224722,0.010181355,0.00816705,-0.0052379244
-0.0010413694,0.010497429,0.007885042,-0.0062899375
-0.0012448847,0.010425245,0.0082908645,-0.005823815
-0.0009896214,0.0103318915,0.008013119,-0.005891979
-0.0013411097,0.010304575,0.008298851,-0.0062340093
-0.0013543247,0.010442444,0.008011408,-0.0055923816
-0.0010829677,0.010269051,0.008333863,-0.0062867827
-0.00090538384,0.010438853,0.007913108,-0.0055511086
-0.0010537306,0.010207725,0.008406351,-0.0054649482
-0.001007089,0.01043719,0.0077127577,-0.008942442
-0.000988318,0.0101916585,0.00861234,-0.005260542
-0.0010244637,0.010128568,0.008062573,-0.0043471996
-0.0011819174,0.010304682,0.008057567,-0.0071631507
-0.0013209204,0.010602234,0.007950136,-0.0040385965
-0.0012325238,0.00989937,0.008044368,-0.0011194731
-0.0012499526,0.01045897,0.0072418875,-0.006395105
-0.0015160029,0.010647137,0.007996653,-0.0045402795
-0.0014710202,0.010351492,0.007974457,-0.0052536856
-0.0015262049,0.010309805,0.008057325,-0.0073553855
-0.0013532002,0.010437371,0.008205332,-0.0051878113
-0.00147606,0.0102456305,0.008265733,-0.007205516
-0.0013847599,0.010442103,0.007999644,-0.008381307
-0.0014935,0.0102003645,0.008620902,-0.005323354
-0.0012554193,0.0102123385,0.0080364635,-0.0072479453
-0.0015175305,0.01042369,0.00833775,-0.007599746
-0.0011969637,0.010244179,0.008230036,-0.0033127614
-0.0011429794,0.010118686,0.008055021,-0.005487023
-0.0013319576,0.01066401,0.007673622,-0.005111096
-0.0016046971,0.010246946,0.008257706,-0.0031146903
-0.0014078842,0.010440456,0.0075352998,-0.0064912266
-0.0017489536,0.010471118,0.008306696,-0.0059382967
-0.0018193258,0.010453599,0.00796376,-0.0063585066
-0.001436562,0.010130777,0.008378881,-0.004832685
-0.001355364,0.010451395,0.007923131,-0.0070751538
-0.0012815635,0.01032495,0.008256874,-0.004178267
-0.001130228,0.010314038,0.008048519,-0.005277063
-0.0013799504,0.010477142,0.007889122,-0.0055230637
-0.0011491682,0.010410206,0.008208384,-0.005729084
-0.0012479846,0.010391528,0.0078786295,-0.008972326
-0.0013256655,0.01028703,0.008435675,-0.008103468
-0.0013532698,0.010104083,0.008308013,-0.006603228
-0.0011351344,0.009952969,0.008367397,-0.004040884
-0.0016344951,0.010405344,0.007945037,-0.0049348488
-0.0013522083,0.010505232,0.007863847,-0.0036332803
-0.0016107772,0.01047226,0.007881271,-0.0061104214
-0.0012772946,0.0070064366,0.0052440255,0.010241586
-0.0027281598,0.007655484,0.0023908422,0.010209692
-0.0036274344,0.009380153,0.003630335,0.010690155
-0.0042703724,0.0099137975,0.005591048,0.002816498
-0.0047114105,0.0102831535,0.0071031023,-0.0019776993
-0.005011054,0.010628674,0.0076298234,-0.0032889459
-0.0053650104,0.010504218,0.007961631,-0.0037585152
-0.005352475,0.010665085,0.007669869,-0.0031678926
-0.0054852534,0.010623852,0.007877337,-0.005158127
-0.0055109896,0.010783375,0.007742133,-0.0073868013
-0.0052568475,0.010463085,0.008487155,-0.0055219266
-0.005397311,0.010486156,0.008097164,-0.007426564
-0.0053267605,0.010384622,0.008358463,-0.002868259
-0.0056286673,0.010552966,0.0079495935,-0.004955729
-0.005698854,0.010821059,0.0077334647,-0.007643571
-0.0057349587,0.0106922295,0.008460161,-0.0056335838
-0.0036585717,0.010338663,0.008084269,-0.0062264586
-0.0067839217,0.0106242085,0.008392297,-0.0060977186
-0.0023449976,0.010513924,0.008077363,-0.0049180347
-0.0021768303,0.010204563,0.007994669,-0.0019357691
-0.0019909549,0.010469145,0.007531718,-0.0055801403
-0.0019135609,0.010671932,0.00776997,-0.006684729
-0.0019931402,0.010343342,0.008263739,-0.0052692536
-0.0018257106,0.010230601,0.00807103,-0.0071613975
-0.0019646164,0.010387414,0.008263611,-0.005428152
-0.0014708878,0.010344478,0.0082397,-0.007085232
-0.0013955157,0.0104191415,0.008049807,-0.008246885
-0.0013225086,0.010141504,0.008528664,-0.004080376
-0.0013013241,0.010218079,0.008004826,-0.0066510662
-0.0018219143,0.010557466,0.008103682,-0.007982723
-0.0014759164,0.010410237,0.008385031,-0.0066412515
-0.0012160225,0.010011587,0.008241213,-0.0040067905
-0.0011781352,0.010257515,0.0080196075,-0.004868155
-0.0013987764,0.010598419,0.007778257,-0.008080676
-0.0013684189,0.01038634,0.008342399,-0.005233141
-0.0014788706,0.010170455,0.0081843585,-0.0062448895
-0.0017368657,0.010413222,0.008087223,-0.0074427794
-0.0012189229,0.010392155,0.0083836485,-0.006173004
-0.0010311863,0.010256435,0.008173165,-0.0072321757
-0.0010310573,0.010333148,0.008289722,-0.0076195337
-0.0009673726,0.01030847,0.00830616,-0.006945614
-0.0011173484,0.010201867,0.008355483,-0.0067010447
-0.0009255689,0.010303294,0.008225261,-0.0062327995
-0.000877367,0.010334857,0.008266754,-0.007998805
-0.0011521303,0.010388588,0.008182536,-0.0075301104
-0.0010355215,0.010181947,0.008476006,-0.009081844
-0.00093926606,0.010190792,0.008001073,-0.009993508
-0.0008365129,0.009950471,0.0087369345,-0.0077609313
-0.0012176079,0.0100202905,0.008078505,-0.0075679854
-0.0010005196,0.00998835,0.008625783,-0.004974137
-0.00075815833,0.010376564,0.007950664,-0.007162382
-0.00079348736,0.010018545,0.008164893,-0.0010637233
-0.00086676294,0.009791284,0.006851178,0.0032239822
-0.0012348199,0.010163323,0.00618562,-0.003933125
-0.0014440614,0.010658946,0.0069141863,-0.00031131707
-0.0014482995,0.009371961,0.0069055716,0.0046029505
-0.0017889753,0.010016911,0.005659777,0.0036034412
-0.0022991707,0.010400008,0.005805421,0.0006551829
-0.0027098297,0.010544108,0.006765213,-0.0026134097
-0.0029735586,0.010241715,0.0076918504,-0.0040425602
-0.002863532,0.0103763845,0.007967596,-0.005887519
-0.002968805,0.010424818,0.008163091,-0.0060113636
-0.0027098798,0.010362203,0.008225031,-0.004183587
-0.0028011706,0.0104422085,0.008005663,-0.0074130865
-0.0028706917,0.010607499,0.008100906,-0.0056689773
-0.0030790968,0.010310978,0.008405686,-0.0049945847
-0.0033397458,0.010476575,0.007858368,-0.004619019
-0.0032460014,0.010443046,0.008154024,-0.004197343
-0.0038847914,0.010697826,0.0076526552,-0.0066340845
-0.004196838,0.0105179,0.008408292,-0.0062765325
-0.0029035565,0.010463377,0.007994255,-0.0063969423
-0.0029269364,0.010303124,0.008465079,-0.0072108135
-0.0033804264,0.010528606,0.008061586,-0.005363357
-0.0028936025,0.009963365,0.008260968,-0.0011791022
-0.0017592133,0.010469307,0.0072857984,-0.0069098086
-0.0015596797,0.010676521,0.008035582,-0.007905619
-0.0014216643,0.010230972,0.008163279,-0.0044716126
-0.001402857,0.009969078,0.0082749035,-0.006444236
-0.0014941923,0.010568178,0.007866589,-0.0063094823
-0.0015901388,0.0102564795,0.008582654,-0.0051497137
-0.0013722134,0.010389745,0.0077320086,-0.0073621226
-0.0015114791,0.01032338,0.00859329,-0.0063900785
-0.0013734313,0.010265994,0.007899313,-0.0031910725
-0.0016085553,0.0041800905,0.0016506609,0.015844513
-0.0034729077,0.0074287998,0.0011904393,0.012834035
-0.004362801,0.008660545,0.001893598,0.017930621
-0.0051189293,0.009606511,0.004500028,0.006226115
-0.00571017,0.009995339,0.0061748684,0.0042120107
-0.006227331,0.010670463,0.006321318,0.0022180069
-0.007170807,0.010517029,0.00653431,0.00041483375
-0.0076895123,0.010677711,0.006520045,0.0022052103
-0.0073906556,0.010442659,0.0066474834,0.0013514966
-0.007496278,0.010830426,0.0066526565,-0.0004588605
-0.007859558,0.010585388,0.0069753528,0.0017850786
-0.007927158,0.01050081,0.0062991497,0.0040143523
-0.008211135,0.010380969,0.0056004864,0.0042093773
-0.008822545,0.010769659,0.00599136,0.0009386086
-0.009063028,0.0107724955,0.007050424,-0.002712362
-0.009800148,0.010797864,0.0077092317,-0.0029165528
-0.008309186,0.010590849,0.007951224,-0.0029325304
-0.012087896,0.011083796,0.0077898856,-0.005422157
-0.005767687,0.010716185,0.007954528,-0.0030575353
-0.005455119,0.010608896,0.0077945273,-0.0042978134
-0.005468671,0.010695724,0.007845595,-0.0045344643
-0.005280828,0.010680783,0.007990866,-0.0043733455
-0.0052988203,0.01064429,0.00794438,-0.006302291
-0.0045480873,0.010626383,0.008168,-0.006139317
-0.004809528,0.010539539,0.00826131,-0.006176262
-0.0041078962,0.010487576,0.008212348,-0.006676526
-0.0038749408,0.010487695,0.008277224,-0.0047514853
-0.0035690593,0.010466385,0.008135674,-0.006040148
-0.0039913123,0.010640926,0.0080407355,-0.005428946
-0.002949255,0.010468066,0.008255524,-0.0071355593
-0.0022890407,0.010476302,0.007973985,-0.0075219665
-0.0016701584,0.010043788,0.008538644,-0.0034536817
-0.0018882604,0.010287459,0.0077599026,-0.009691321
-0.0018200644,0.01048225,0.008307055,-0.0051239775
-0.0015477185,0.009919546,0.008352087,-0.0020568483
-0.0017169242,0.010350583,0.0074408273,-0.007875844
-0.0015498811,0.010669514,0.008216264,-0.0043120515
-0.0015113156,0.010302721,0.0080426065,-0.005763521
-0.0014391048,0.010318253,0.008019028,-0.005486436
-0.0012625973,0.010427932,0.008194908,-0.0050427862
-0.0012774509,0.010409811,0.007908812,-0.0069637573
-0.0012638647,0.010352478,0.0083122095,-0.005137705
-0.0012408771,0.010304374,0.0080622425,-0.0050171255
-0.0014460658,0.010373421,0.008065173,-0.005649907
-0.0013414846,0.010528506,0.008027814,-0.006828874
-0.0013785587,0.010178514,0.008148004,-0.0026606463
-0.0011241351,0.01021701,0.007890867,-0.005904686
-0.0012431869,0.01032159,0.0074676718,-2.563307e-05
-0.0015541232,0.009908247,0.0072708228,-0.0012664528
-0.0015113533,0.010355976,0.006439578,0.0018976233
-0.0022315737,0.0056325276,-0.00015881314,0.018483143
-0.0044196364,0.008353039,0.0007979003,0.01693239
-0.0049336306,0.009086299,0.0022989544,0.01607625
-0.0062459763,0.009837026,0.0049127396,0.0026007153
-0.00693268,0.010131717,0.007107507,-0.0013526003
-0.0076517933,0.010613358,0.007679141,-0.0053420607
-0.0077280104,0.01049698,0.00822162,-0.0030076604
-0.00780095,0.010700117,0.007921264,-0.0069040013
-0.008158637,0.010962433,0.00804391,-0.0066717737
-0.007920517,0.010569153,0.008519447,-0.0036420054
-0.007984204,0.010663789,0.007887382,-0.004632242
-0.007821942,0.010861408,0.008042289,-0.0051541445
-0.0084763095,0.010981692,0.007939412,-0.0068602343
-0.0081737265,0.010685392,0.008394017,-0.0057049533
-0.008407214,0.010709852,0.008240227,-0.004800543
-0.0071652136,0.010687295,0.00816542,-0.00675311
-0.0072169295,0.010889803,0.008142067,-0.0063537336
-0.008909608,0.010618298,0.008450027,-0.0032216907
-0.003338343,0.0104475,0.0077577443,-0.0073285964
-0.0017894581,0.0106430035,0.008042898,-0.005865326
-0.001645271,0.0102954535,0.008328775,-0.0053269747
-0.0015204332,0.010234138,0.007915011,-0.003677447
-0.001545182,0.0103364065,0.008043964,-0.005947919
-0.0019390014,0.010640555,0.0076669334,-0.0069860844
-0.0014685919,0.010126513,0.008558068,-0.0044069104
-0.0015828094,0.010346011,0.0077776187,-0.0059036696
-0.0016500922,0.01036397,0.008353596,-0.006463816
-0.0018686984,0.010557548,0.007915472,-0.005986473
-0.0014868295,0.01005321,0.008424689,-0.0038332012
-0.0014388517,0.010471825,0.0076935827,-0.007436325
-0.0012933644,0.009003322,0.0072006444,0.0050945035
-0.001856755,0.009489916,0.0057881614,-0.0013091557
-0.0021716687,0.010639608,0.006386971,-0.0038942997
-0.002234626,0.010181622,0.007772419,-0.0018987727
-0.0026082122,0.010105036,0.007605613,-0.008526473
-0.0022945353,0.010456902,0.0082649505,-0.0064890003
-0.0023043498,0.010229543,0.008512824,-0.0063911113
-0.0022156832,0.0102697695,0.008021773,-0.006945604
-0.0025391243,0.010393565,0.008570554,-0.0052387407
-0.0020754957,0.010443779,0.007872991,-0.007074871
-0.0021034451,0.010292206,0.008428563,-0.004025641
-0.002087844,0.010461477,0.007867621,-0.005325839
-0.0022010317,0.009959025,0.0075742546,0.0015364238
-0.0021792885,0.010183886,0.006811454,-0.0027883255
-0.0026342582,0.010742258,0.006979375,-0.003696949
-0.0027536065,0.010341472,0.007979254,-0.0029585904
-0.0023177573,0.010369556,0.007609149,-0.00586836
-0.0037524004,0.010465694,0.008312557,-0.004771432
-0.0020578178,0.010508907,0.007872598,-0.0070960643
-0.0017668196,0.010246458,0.008281612,-0.003943132
-0.0017311253,0.010374624,0.008018445,-0.006298921
-0.0015403673,0.010473212,0.007956139,-0.005000189
-0.0017023865,0.010339564,0.008282958,-0.005166376
-0.0017277915,0.010389866,0.0077329315,-0.0034300578
-0.0019246412,0.010217188,0.008016622,-0.0037459787
-0.0021084787,0.010623185,0.0073879175,-0.0075185318
-0.0020824661,0.010273253,0.008472966,-0.0042551
-0.00221996,0.01031825,0.007869702,-0.004629514
-0.0021113711,0.010330786,0.008097432,-0.005135627
-0.0026637928,0.009398029,0.0066770185,0.005841817
-0.002553675,0.008914561,0.0033703407,0.011162645
-0.0033921339,0.009808384,0.0033883834,0.011037468
-0.003571155,0.009892733,0.0047055455,0.0078168325
-0.0042796433,0.010319897,0.0061742156,-0.0012529443
-0.004598128,0.010357821,0.007135346,0.0015603018
-0.004718699,0.010239561,0.007239348,-0.0026027765
-0.0054765334,0.010823746,0.0072526373,-0.005760857
-0.0052283597,0.0105864955,0.008236708,-0.0041561974
-0.005535135,0.010493293,0.007873643,-0.0051714326
-0.005182763,0.010493329,0.0082306275,-0.0044642426
-0.0058726617,0.010793865,0.007862365,-0.0075804675
-0.005244016,0.010507451,0.008328273,-0.003657012
-0.0051217894,0.010434406,0.008020385,-0.003495176
-0.005154509,0.010696352,0.0077030226,-0.0066402424
-0.005571235,0.010840837,0.008188954,-0.0067565995
-0.004546309,0.010475495,0.0082130255,-0.0068548103
-0.0063039367,0.010473668,0.008421958,-0.0060969666
-0.004600604,0.010554143,0.0082342625,-0.0064654914
-0.0038560557,0.010553501,0.008246788,-0.0077371243
-0.0026659558,0.010451609,0.00830295,-0.0058834353
-0.0018263177,0.0102373,0.0083073415,-0.005589533
-0.0023360096,0.010496024,0.008016933,-0.0073600374
-0.0014417617,0.008493977,0.0068735383,0.006495518
-0.0024172724,0.0084077325,0.0016353528,0.01596924
-0.0035169604,0.009158935,0.0021213738,0.013787575
-0.0043613683,0.009678524,0.0040214173,0.009386877
-0.0050512343,0.010108866,0.005981486,0.00084024336
-0.005353266,0.010391531,0.0073369048,-0.0010492651
-0.0059265927,0.0105307605,0.007485117,-0.0016109055
-0.0061451336,0.010618544,0.007389792,-0.0020006613
-0.006047127,0.010698213,0.0071234847,0.000114793795
-0.0059519587,0.010534368,0.0070205387,-0.000576986
-0.0063149403,0.010799606,0.0071313335,-0.0042485646
-0.0068201167,0.010795907,0.00786263,-0.0058114533
-0.006763324,0.010609884,0.0081139775,-0.005223169
-0.0067939516,0.010509103,0.0083139865,-0.005879753
-0.0068087177,0.010778613,0.008094004,-0.0066851005
-0.006837082,0.010593381,0.008388443,-0.0033098948
-0.005459224,0.01059118,0.007878152,-0.0053446325
-0.0073723188,0.010907807,0.007987882,-0.0055258716
-0.006682487,0.010640742,0.008087604,-0.0022621045
-0.0033044475,0.010407781,0.007686684,-0.006477785
-0.0031150808,0.010742414,0.007875908,-0.006420584
-0.002574767,0.010291428,0.008379051,-0.004314021
-0.0026127473,0.010281811,0.007886059,-0.004094654
-0.0027061072,0.010474843,0.007972685,-0.0045546377
-0.0025641518,0.010673018,0.0077179684,-0.0062745507
-0.0027054476,0.010425787,0.008277812,-0.0059957416
-0.0022284384,0.010404727,0.008029299,-0.0068088584
-0.0017454947,0.010260867,0.008361086,-0.005432498
-0.0014445563,0.010336174,0.008052082,-0.004236275
-0.0016016375,0.010339715,0.007972521,-0.0039819363
-0.0016406585,0.010580337,0.0077210967,-0.0049767885
-0.0017328764,0.0104999235,0.008008224,-0.006379578
-0.0019703512,0.010436327,0.0080346055,-0.0055909352
-0.0017791038,0.010229139,0.008291325,-0.0053264666
-0.001735831,0.01045903,0.00793389,-0.0072257486
-0.0018876182,0.010367967,0.008376354,-0.004773264
-0.0014602777,0.010340377,0.008038393,-0.0075310073
-0.0014762075,0.010433151,0.008189144,-0.0064068614
-0.0014387347,0.010307443,0.0083991755,-0.006859474
-0.0017784893,0.010354505,0.008045373,-0.0077435886
-0.0014126655,0.01025665,0.00856916,-0.0062307664
-0.0013285297,0.010320199,0.00803791,-0.007657074
-0.0011251471,0.010259814,0.00848509,-0.006282314
-0.0011823485,0.010345991,0.008147082,-0.0058674696
-0.0012294673,0.010280383,0.008277005,-0.005918017
-0.0014932099,0.010512496,0.0080384975,-0.007104068
-0.0013872554,0.010330528,0.008329283,-0.005675827
-0.0012508447,0.010312316,0.008146562,-0.00614363
-0.0009273249,0.010086862,0.007987713,-0.0013262586
-0.0011447966,0.010225393,0.0075201406,-0.0037210535
-0.00129235,0.010679168,0.0073572653,-0.0056622247
-0.0012075393,0.010124349,0.008004473,-0.0009031952
-0.0014244088,0.010259424,0.007484791,-0.004942848
-0.0013208936,0.010617053,0.0077671427,-0.0051909266
-0.0014500574,0.0104714995,0.008071807,-0.0047534793
-0.0013450012,0.010257815,0.0079399245,-0.004909685
-0.0014739534,0.010429398,0.008102342,-0.0070131402
-0.0015063485,0.010505497,0.008009143,-0.0073028896
-0.001487572,0.010096464,0.008497703,-0.004408449
-0.0015875319,0.010291339,0.007892262,-0.0093051065
-0.0017031522,0.010455182,0.008335769,-0.006244709
-0.0015927572,0.010168234,0.0085039055,-0.006240441
-0.0015643876,0.010327241,0.007932201,-0.0076460806
-0.0015664228,0.010291551,0.0085941525,-0.004499212
-0.0015487715,0.010363334,0.007860092,-0.007943904
-0.0021142287,0.010434074,0.008406637,-0.0059252135
-0.0015390621,0.010332839,0.008194129,-0.004839052
-0.001427303,0.010320332,0.008050202,-0.0068807853
-0.0016020095,0.010537813,0.008105316,-0.0043905145
-0.0013687325,0.010251376,0.008118468,-0.0044781673
-0.0013184963,0.010496755,0.0077461875,-0.0050671557
-0.0012298736,0.010442325,0.00812635,-0.0052623
-0.0014263579,0.010460739,0.0078118476,-0.008118186
-0.0011021675,0.010293281,0.008410825,-0.007558727
-0.0011065014,0.010166718,0.008213626,-0.0059522907
-0.001204619,0.010109275,0.008388177,-0.0060071284
-0.0009755978,0.010461303,0.007961077,-0.008440559
-0.0011581552,0.010305351,0.008511438,-0.005894969
-0.0010486221,0.010185889,0.0082009025,-0.005967926
-0.0011615205,0.010205452,0.00810229,-0.003077923
-0.0012572263,0.010394831,0.007816373,-0.0046591787
-0.0013077784,0.010597958,0.007675113,-0.0070951986
-0.0013241349,0.010353359,0.008267753,-0.004481784
-0.0014746574,0.010184965,0.007996699,-0.0041326773
-0.0013689117,0.010406363,0.007937126,-0.006628078
-0.0015913439,0.010532573,0.00795932,-0.0032182268
-0.001488214,0.01021163,0.008064891,-0.00576068
-0.0016622655,0.010593284,0.0076800124,-0.006206802
-0.0012909162,0.010180039,0.008477844,-0.003928667
-0.0012308003,0.010379394,0.007656591,-0.005766563
-0.0011488015,0.010364877,0.008342406,-0.0074355556
-0.0014838323,0.010517715,0.007848123,-0.0075622257
-0.0014025434,0.010000393,0.0087199565,-0.0060555884
-0.001365791,0.010313785,0.0077929166,-0.009076203
-0.001422365,0.010234792,0.008711992,-0.0074298093
-0.0014449414,0.0102218045,0.008151255,-0.00610131
-0.0017690939,0.010122747,0.008494604,-0.006168197
-0.0015069457,0.01052574,0.007877211,-0.008823297
-0.0012658738,0.010314872,0.008580917,-0.008311616
-0.0012943154,0.010179363,0.008163924,-0.00781441
-0.0014342542,0.010061068,0.008581509,-0.0072451415
-0.0011070014,0.010310799,0.008102549,-0.0071690804
-0.0013985231,0.010218142,0.008582443,-0.006563278
-0.00095839147,0.01036665,0.007983082,-0.0086511485
-0.0011013452,0.010274014,0.008558908,-0.008385376
-0.0008985091,0.010110613,0.008229463,-0.0050764037
-0.0010277573,0.00999588,0.008405069,-0.005196162
-0.0006042296,0.010400884,0.0076233745,-0.0020751152
-0.0008600618,0.009938437,0.0074036,0.00024146642
-0.0010336563,0.010532575,0.0067707836,-0.0043155462
-0.0011393502,0.010463268,0.007859942,-0.0046110987
-0.0012007472,0.010393147,0.007672369,-0.008113495
-0.0015130665,0.010143333,0.008420885,-0.007906456
-0.0013955809,0.010177615,0.008191542,-0.0068241735
-0.0012276844,0.010010097,0.008482769,-0.0053118635
-0.0011117576,0.010393591,0.008028507,-0.0067409957
-0.0012329759,0.010339597,0.008275396,-0.0039171837
-0.0012676322,0.010369391,0.0079764025,-0.0062982584
-0.0015211501,0.010502987,0.007970865,-0.00515569
-0.0014168005,0.010349391,0.008257775,-0.006158138
-0.0014255269,0.010236925,0.007800465,-0.0021340188
-0.0013141718,0.010069495,0.007901976,-0.005348355
-0.002052769,0.010640419,0.0073042824,-0.008527189
-0.0017076554,0.009998037,0.008695073,-0.0033850078
-0.002499709,0.010228012,0.0076810187,-0.008503299
-0.0018947149,0.010280831,0.008408191,-0.0036369856
-0.0016249049,0.010323121,0.008035302,-0.0039427797
-0.0012826129,0.010440777,0.0076707634,-0.0065987357
-0.0010833701,0.010110643,0.007831728,0.0007399895
-0.001191335,0.0097428495,0.0065229395,0.0035703804
-0.0018095032,0.010261573,0.005992675,-0.0019896522
-0.0022671574,0.010723677,0.0069117006,-0.0025778108
-0.0023702872,0.010247911,0.0077185775,-0.0049089626
-0.0026775547,0.010318739,0.007957332,-0.006969973
-0.002405606,0.0103605855,0.008314242,-0.0077553373
-0.0025734243,0.0103155365,0.008286708,-0.0069179735
-0.0020695673,0.010029847,0.008402835,-0.0031571793
-0.0027979906,0.010419079,0.0078447005,-0.0052832607
-0.0021025187,0.01067329,0.007871741,-0.0064344257
-0.002097724,0.010481898,0.008163382,-0.004727166
-0.0021727441,0.01026284,0.008051477,-0.0046998975
-0.002134355,0.010473098,0.007948909,-0.004648253
-0.002570135,0.010573152,0.007985764,-0.0071259025
-0.002514466,0.010487117,0.008100876,-0.0051929546
-0.0022831575,0.010275317,0.008322931,-0.006651017
-0.0028032607,0.010524901,0.00793379,-0.0073467363
-0.0028744563,0.010190901,0.008586757,-0.0034280522
-0.0015994398,0.010324073,0.007721202,-0.0042247325
-0.0014075921,0.010449999,0.0079060225,-0.0050294544
-0.0012975048,0.010633799,0.007728005,-0.0064739813
-0.0012918344,0.010273397,0.008282919,-0.006268698
-0.0012516369,0.010305824,0.008071242,-0.005307923
-0.0013719688,0.010263691,0.008288977,-0.006880567
-0.0018376197,0.010506596,0.007935948,-0.0090326
-0.0016343063,0.010201944,0.008624604,-0.0063378653
-0.0013752716,0.010115205,0.008169618,-0.0056661465
-0.0013668184,0.010124475,0.0081695905,-0.0026651367
-0.0015117412,0.010486707,0.0076871454,-0.0058799516
-0.0016019652,0.010620051,0.007866961,-0.006010136
-0.0011234527,0.008892148,0.0071539087,0.0052093384
-0.001773734,0.009504976,0.0056121387,-8.1638645e-05
-0.0019876398,0.010697864,0.006146911,-0.0006467876
-0.0022343763,0.010235814,0.007377665,-0.0005821681
-0.002492257,0.0102089485,0.007328721,-0.0018556177
-0.0028158436,0.010425682,0.0076043,-0.0036161817
-0.0027050378,0.010664043,0.007457435,-0.0076204943
-0.0025694515,0.010247857,0.008300998,-0.0038544117
-0.0024482447,0.010240689,0.008026076,-0.0054516606
-0.0027206007,0.0105209965,0.007989295,-0.0057157455
-0.0024487644,0.010468882,0.008186938,-0.0036179433
-0.002504428,0.010439152,0.007826428,-0.006896117
-0.0025487454,0.010554469,0.008124276,-0.0049216854
-0.0027861495,0.010390177,0.008190736,-0.005179428
-0.0031298304,0.010504445,0.007944383,-0.0063519143
-0.0028705,0.010536933,0.008316828,-0.006976579
-0.0023146234,0.010348275,0.00807685,-0.004170821
-0.0035659291,0.010149863,0.008156449,-0.0024982204
-0.0022212542,0.010612787,0.0073715174,-0.004246366
-0.002059718,0.010446514,0.007774189,-0.0020454177
-0.0019222116,0.010515461,0.0074726013,-0.005956382
-0.0023279472,0.0104654785,0.00800908,-0.00437964
-0.001775491,0.010378971,0.008046913,-0.0054709623
-0.0015368498,0.010369806,0.007952256,-0.0047650794
-0.0016791575,0.010251278,0.008042028,-0.0022528667
-0.0018056155,0.010471319,0.007553475,-0.0064912015
-0.0019310252,0.010620164,0.008014576,-0.006005811
-0.0019354093,0.010327649,0.0082012005,-0.0050138305
-0.0017106739,0.010262826,0.008063737,-0.0062243068
-0.0018334065,0.0104959905,0.008159463,-0.0058985166
-0.0017229243,0.010389078,0.00818862,-0.005551827
-0.0018069738,0.010396923,0.008098103,-0.0080022635
-0.0015385064,0.010420676,0.00824116,-0.0062635867
-0.0019190246,0.010229918,0.008413236,-0.0066211964
-0.001939288,0.010393808,0.0080177765,-0.008651483
-0.0018971858,0.010328927,0.008578043,-0.0067102322
-0.0016240552,0.010181514,0.008214447,-0.0054189437
-0.0012855598,0.01017777,0.008224928,-0.004203944
-0.0014083905,0.010547781,0.007817736,-0.0054829046
-0.0013054655,0.010492078,0.008074185,-0.006650001
-0.0015313944,0.01044439,0.008064359,-0.0071955565
-0.001536681,0.01015389,0.00836515,-0.0048604254
-0.0011876415,0.010260738,0.008077408,-0.005444043
-0.0011340945,0.010465414,0.008041772,-0.0076626744
-0.0011612894,0.010412657,0.00823361,-0.005021827
-0.0011592581,0.010200893,0.008245356,-0.007573121
-0.0011979893,0.010445785,0.007999517,-0.0073392075
-0.0011409416,0.010208229,0.008649589,-0.00708072
-0.00096308,0.010243181,0.007857065,-0.0091441255
-0.000993325,0.0099653825,0.00875445,-0.0041796407
-0.00095327623,0.010215692,0.0078792805,-0.008666821
-0.000918842,0.010408688,0.008344883,-0.0067662243
-0.0009105593,0.010282113,0.008448402,-0.006897175
-0.0012113379,0.010226345,0.008069178,-0.0074679228
-0.0012213767,0.010279861,0.008565894,-0.00602028
-0.0011804298,0.010332385,0.007956569,-0.00865284
-0.00077887194,0.009701517,0.008289059,-0.0003524505
-0.0008681003,0.009462699,0.006515893,0.0049000722
-0.0015864419,0.010141295,0.005312438,0.0014443067
-0.0019601653,0.01033501,0.0056177326,0.0054556606
-0.001991741,0.008270395,0.0037784833,0.013186933
-0.0030942287,0.008629631,0.0033612014,0.005630351
-0.0038052185,0.010083679,0.004808773,0.0059714187
-0.004353743,0.009990577,0.0064062243,0.0015778608
-0.004575251,0.010295906,0.007314614,-0.0042447224
-0.005006268,0.010755835,0.007806778,-0.006581088
-0.0053132023,0.0104942415,0.008388534,-0.0059642885
-0.0052525853,0.010434308,0.008161229,-0.0069313943
-0.0053759636,0.010585954,0.0083953645,-0.0076388167
-0.005272319,0.010592141,0.008277644,-0.008184002
-0.005220582,0.010165695,0.008486187,-0.002529306
-0.005062861,0.010289553,0.0077184313,-0.0014859365
-0.005248336,0.010769021,0.0072195777,-0.0053530317
-0.0059351986,0.010792508,0.007594547,-0.00041425752
-0.0064429957,0.010465445,0.007572714,-0.004059957
-0.0053249164,0.010825064,0.0075395624,-0.005254611
-0.0047669797,0.010560418,0.008247472,-0.0041447883
-0.0063284677,0.010566155,0.0078043994,-0.003385949
-0.0022772262,0.010276562,0.007847498,-0.003326203
-0.0024601372,0.010701663,0.0074331057,-0.0063278587
-0.0022101293,0.010141853,0.008068498,-0.00096287526
-0.0020345936,0.010319947,0.0075422344,-0.0061014136
-0.0019723752,0.010561648,0.007696945,-0.0024725639
-0.0019246679,0.010228318,0.007887845,-0.0026195415
-0.0022052003,0.01054742,0.0073114354,-0.0051292796
-0.0020679582,0.01018051,0.007900096,-0.00016155977
-0.0021665145,0.0102756005,0.0069429264,0.0007639482
-0.0029313741,0.010277906,0.0068656765,-0.004262444
-0.003303882,0.010787647,0.0071345125,-0.0019056551
-0.0027158798,0.0098824045,0.0077609336,-0.0002245981
-0.003216726,0.010568783,0.0071576578,-0.0047268113
-0.0027411643,0.010597285,0.007885208,-0.0035125888
-0.0028522804,0.010546649,0.0076856324,-0.0041788993
-0.0026778139,0.010328179,0.007986875,-0.0042199646
-0.0031929172,0.010649157,0.0078090443,-0.0064456835
-0.002786471,0.010352668,0.008134079,-0.0029663413
-0.0026709584,0.010366907,0.007915045,-0.006423878
-0.0031263423,0.010653829,0.007858249,-0.008445354
-0.0025319438,0.010323391,0.00855819,-0.005878051
-0.0029424469,0.010200616,0.008133735,-0.005737019
-0.0024181586,0.010300267,0.008240937,-0.004194092
-0.0026278559,0.0105767725,0.007869933,-0.0083795795
-0.0026371062,0.010546726,0.008214173,-0.007918735
-0.002725249,0.009402601,0.008074513,0.0015477125
-0.0017347318,0.009833723,0.0068365796,-0.0024447276
-0.0023502568,0.010837243,0.0066700135,-0.00034536314
-0.00214155,0.008315734,0.0047763065,0.01127458
-0.0030756202,0.009432195,0.0033206176,0.00930188
-0.0035995042,0.009589691,0.002592546,0.014981618
-0.0041044075,0.009572599,0.0036520518,0.011961642
-0.0048172665,0.010040896,0.004861961,0.005514244
-0.0053614164,0.010477932,0.0059743733,0.0031539013
-0.006339379,0.010480857,0.0068972055,-0.0031776377
-0.0064137806,0.010655091,0.00753772,-0.002714742
-0.0063925944,0.010512704,0.007984818,-0.004049026
-0.006524282,0.010687835,0.00763433,-0.0024385615
-0.0065602353,0.010338258,0.0074394746,0.0010005774
-0.0071110213,0.010785643,0.0068347487,-0.003958421
-0.006968221,0.010835835,0.007556411,-0.0018579405
-0.006848658,0.010676713,0.007620796,-0.002718121
-0.008088135,0.01074379,0.0077609876,-0.0050919424
-0.0075645647,0.010928317,0.007988111,-0.0063283984
-0.0074129435,0.010707638,0.008258176,-0.0064474354
-0.008249838,0.010619593,0.008338943,-0.0044800364
-0.0063400255,0.010610636,0.008127023,-0.005379355
-0.0059910007,0.010774114,0.007952508,-0.008721614
-0.0046684383,0.010614628,0.008395743,-0.00664825
-0.003465017,0.01026054,0.0083347205,-0.008181026
-0.002867844,0.010361742,0.00823235,-0.006783784
-0.0021084954,0.010258919,0.008553741,-0.0066464604
-0.0023314634,0.010427664,0.007999988,-0.0072364905
-0.0018983616,0.010233506,0.008599123,-0.0046407944
-0.0024690826,0.010448401,0.007831302,-0.008418131
-0.0021660228,0.010228785,0.008371896,-0.002716706
-0.0017325283,0.010264187,0.007893542,-0.004401354
-0.0017169825,0.01058534,0.0076334933,-0.0060544224
-0.001632711,0.010519919,0.00825807,-0.0054408163
-0.0014197833,0.010268201,0.007875367,-0.004287968
-0.0012373168,0.010219879,0.008193357,-0.0061007994
-0.001292688,0.010613499,0.0077275676,-0.006509423
-0.0014533289,0.010107632,0.008557768,-0.004169989
-0.0014636187,0.010335046,0.0076120114,-0.009909261
-0.0010472538,0.010229491,0.008526107,-0.0045268754
-0.0010913858,0.010151713,0.008214385,-0.005982995
-0.0010406558,0.010393873,0.007925948,-0.0076865307
-0.0011854058,0.010233534,0.008418202,-0.0024106135
-0.0011506767,0.010100872,0.007607566,-0.0018892009
-0.0014676419,0.010435049,0.007236326,-0.0024477846
-0.0016737961,0.010678549,0.007356194,-0.0050187963
-0.0015875142,0.010410276,0.007853055,-0.0052583823
-0.0020342846,0.010306364,0.008123298,-0.0057017235
-0.0018760505,0.01035853,0.008048292,-0.008668259
-0.0018172292,0.01039003,0.008329626,-0.007800296
-0.0014559801,0.010114361,0.008463583,-0.0061774845
-0.001839225,0.010239973,0.008177002,-0.008689858
-0.0014072969,0.0104106115,0.008333845,-0.008134149
-0.0014722041,0.010004826,0.008487231,-0.0036626551
-0.00140526,0.01017538,0.0080248155,-0.0070025683
-0.00119476,0.0106426235,0.007970503,-0.0067358157
-0.0014788313,0.010321757,0.008502065,-0.005862933
-0.00142629,0.01025015,0.007938877,-0.005189208
-0.0014113047,0.010210788,0.008264909,-0.0037506216
-0.0017587036,0.010561149,0.007607507,-0.007687735
-0.002036649,0.0104442695,0.008396464,-0.0058575016
-0.0015133976,0.009965223,0.0079342285,-0.0008163126
-0.0012167167,0.01003085,0.007432777,-0.003962352
-0.0013365144,0.010779978,0.007280407,-0.0061607882
-0.0012482686,0.010117781,0.008164863,-0.0017640173
-0.0011335369,0.010092061,0.007520923,-0.002111377
-0.0013231795,0.010430467,0.007522408,-0.0061161933
-0.0015365618,0.010643552,0.007630428,-0.002813039
-0.0014677206,0.009929762,0.007950496,-0.0017273264
-0.0016546656,0.010497026,0.007298717,-0.007596958
-0.0020899356,0.01060026,0.008283897,-0.0058953604
-0.0018503475,0.010254886,0.008102945,-0.005366454
-0.001950552,0.010230418,0.008218458,-0.007274372
-0.0017533447,0.01052786,0.008098942,-0.005087184
-0.0020394428,0.010140417,0.008301457,-0.0032758983
-0.0020424235,0.010484493,0.0076117544,-0.008048847
-0.001865303,0.010454307,0.00822157,-0.0031298762
-0.0016756982,0.010219354,0.007977006,-0.0043644924
-0.002551763,0.010567925,0.00772537,-0.0072696796
-0.0019059716,0.010559457,0.008327974,-0.006389671
-0.0017131736,0.010078448,0.0080586495,-0.002767662
-0.0017774346,0.009605541,0.007269615,0.002796811
-0.0023569923,0.010337473,0.0063882885,-0.004323409
-0.0019260785,0.010745509,0.007164578,-0.0023156158
-0.00234594,0.010282138,0.007816939,-0.004042729
-0.0022851175,0.010369257,0.007757156,-0.0063455235
-0.0018398957,0.009477148,0.00755623,0.0034897877
-0.0020113506,0.0098528005,0.006510834,-0.004917355
-0.002481361,0.010820591,0.0069060815,-0.0020186598
-0.0022582544,0.009914065,0.007741855,0.00078952225
-0.0028407145,0.010346016,0.0070492537,-0.007042467
-0.0028950407,0.010682426,0.008122363,-0.0035320474
-0.00267443,0.0104368655,0.007900381,-0.007887331
-0.003067857,0.010392091,0.00812447,-0.007912589
-0.0027673957,0.010268747,0.00857643,-0.0050477
-0.0026525855,0.01025969,0.008013279,-0.0077127735
-0.0024725234,0.010495111,0.008403258,-0.0059444285
-0.0028791267,0.0104484195,0.008248839,-0.005888365
-0.003344639,0.010399877,0.008171243,-0.0051500956
-0.0022654147,0.010506513,0.008105261,-0.005796173
-0.002236438,0.010515228,0.007986874,-0.0077943094
-0.002000005,0.010331551,0.008348132,-0.004893014
-0.0017715918,0.010203462,0.008150044,-0.0045888247
-0.0028365885,0.010535579,0.007937209,-0.0063383793
-0.0014840353,0.010512484,0.008111287,-0.0043378123
-0.0018028407,0.010262931,0.007949228,-0.0029728964
-0.0016455866,0.0104079405,0.00766006,-0.0039478336
-0.0014595644,0.010424962,0.0074886647,-0.00074252236
-0.0015407117,0.010320384,0.0073766503,-0.0035096947
-0.0013588473,0.010571266,0.0073287906,-0.0026059898
-0.0014551379,0.0102792075,0.00784839,-0.0034884072
-0.0017408651,0.010531867,0.007496485,-0.0051947
-0.0017395746,0.010266325,0.008215532,-0.003456189
-0.001925053,0.010498711,0.0076430393,-0.0068497024
-0.001932236,0.01034558,0.008282246,-0.004114015
-0.0020596585,0.010406458,0.007940943,-0.0046158154
-0.0019927595,0.010436209,0.0079521835,-0.008008808
-0.0018595068,0.010574734,0.008149366,-0.0065164017
-0.0019893695,0.010151565,0.008443264,-0.005950404
-0.0021197123,0.010364951,0.008030068,-0.00679586
-0.0019507833,0.010320854,0.008380755,-0.003897366
-0.0020310504,0.01042363,0.007884012,-0.005231174
-0.00227031,0.010538935,0.008015615,-0.008322504
-0.002098076,0.010535085,0.008136776,-0.0073667574
-0.0022511818,0.010030891,0.008513158,-0.004912972
-0.0016599788,0.010290755,0.00799451,-0.0070291352
-0.0018588468,0.010516349,0.008291564,-0.0068916706
-0.0013622406,0.010381239,0.0082534,-0.006489002
-0.0014555134,0.010137505,0.008244939,-0.0038808864
-0.0013228795,0.010356904,0.00798714,-0.0069417767
-0.0012944358,0.010584351,0.007954658,-0.0064143916
-0.0013005837,0.010192457,0.008452152,-0.0046797767
-0.0013689429,0.010332121,0.007844694,-0.005969132
-0.001009831,0.010390574,0.008293879,-0.0063313893
-0.0011453471,0.010480796,0.007949422,-0.0062239813
-0.0010938796,0.010089736,0.008401023,-0.004104784
-0.001278809,0.010435731,0.0077916505,-0.0076648197
-0.0014107586,0.0104490025,0.008313979,-0.0059817717
-0.0013537016,0.010324101,0.008217994,-0.006863395
-0.0009623922,0.010286449,0.00816009,-0.0074663037
-0.000944898,0.010245841,0.0083875,-0.0046704663
-0.0011583901,0.010275394,0.008081164,-0.007789494
-0.0011720113,0.010478757,0.008157121,-0.0067733745
-0.0010755392,0.010225252,0.008477512,-0.0056668012
-0.0010926762,0.0102849435,0.007982739,-0.006191664
-0.0013677464,0.010356471,0.008360672,-0.005333445
-0.0010789748,0.010457683,0.007897697,-0.0069665606
-0.0011494765,0.0102877645,0.008366283,-0.005115739
-0.0011170577,0.010369118,0.008021612,-0.0061236825
-0.001153905,0.008949654,0.007076802,0.0052338988
-0.0015548819,0.0093803955,0.00478945,0.0052362746
-0.002295375,0.010340836,0.0051062657,0.003923286
-0.0025885813,0.010255276,0.0064597153,0.0012938124
-0.0027356967,0.01037532,0.007114555,-0.0029958538
-0.00289978,0.010432175,0.007830983,-0.003371437
-0.0029785417,0.010524904,0.0077677057,-0.005298919
-0.003044431,0.010486924,0.008081345,-0.005575401
-0.0033021031,0.010545898,0.008077336,-0.0059701866
-0.0030945372,0.010435376,0.008212591,-0.006701448
-0.0032441374,0.0105103,0.00819143,-0.007837529
-0.0032807419,0.010411835,0.008359386,-0.008452249
-0.0033621995,0.010325913,0.008374363,-0.0077053984
-0.0031707718,0.010099564,0.008463265,-0.0038484586
-0.0030178584,0.010347425,0.008041801,-0.0057638474
-0.0033665013,0.010732931,0.007938294,-0.007046441
-0.0026572607,0.010513305,0.0083675105,-0.0070581255
-0.0043662395,0.010416008,0.008156428,-0.007923035
-0.0026945148,0.010298184,0.008471997,-0.008560309
-0.0021893044,0.010307648,0.008136274,-0.009154315
-0.0015268333,0.0100802,0.00861397,-0.008281675
-0.001460434,0.010129365,0.008084396,-0.009998259
-0.0012265414,0.010016033,0.008611807,-0.0069085457
-0.0010923913,0.010058621,0.008328962,-0.006524105
-0.00095828436,0.010216711,0.008264346,-0.0058582136
-0.00092535873,0.010423815,0.008240579,-0.007805865
-0.0008387622,0.010343858,0.008153477,-0.005560637
-0.00068708154,0.010051916,0.008382516,-0.0040569794
-0.0007227686,0.010436945,0.0076928027,-0.0062831147
-0.00076700526,0.010406513,0.008277803,-0.004813107
-0.0012433714,0.010429846,0.007877052,-0.0057225944
-0.0011018914,0.01024654,0.008206656,-0.0046886457
-0.0009596486,0.01012201,0.007636934,0.000107062166
-0.0009662034,0.010041353,0.006998684,-0.0011308957
-0.001238444,0.010670636,0.0068209884,-0.0023721913
-0.0011777777,0.01016944,0.0073962323,0.00045633924
-0.00136876,0.010241977,0.006948914,0.00011396925
-0.001590784,0.010336087,0.0068733497,-0.0008759073
-0.0018166656,0.01062414,0.0070940135,-0.0046085105
-0.0021195626,0.010357501,0.007776165,-0.002788014
-0.0023140234,0.010256404,0.007863028,-0.00367388
-0.002641931,0.010549273,0.0077468283,-0.0068236175
-0.0023955656,0.010555947,0.008194403,-0.0053747334
-0.0026804057,0.010312975,0.008162067,-0.0048971
-0.002617863,0.010304105,0.0079688225,-0.002944872
-0.0027234098,0.0105028115,0.0077175745,-0.0038359852
-0.0026823084,0.010635057,0.007590945,-0.0038091147
-0.0028329093,0.010485985,0.007915232,-0.004493855
-0.0027702886,0.010534365,0.0077734087,-0.004872621
-0.0033225936,0.009997738,0.007762557,0.0011240476
-0.0028847372,0.010305153,0.0070254304,-0.005381772
-0.0030170772,0.010838853,0.007456026,-0.0051448587
-0.0027571453,0.010071268,0.008058874,-0.0007080558
-0.0030777827,0.0102697555,0.007448764,-0.004361285
-0.0025795996,0.010727433,0.0077287145,-0.006039568
-0.0021499998,0.010526963,0.007983957,-0.003840249
-0.0022804327,0.010181476,0.008046543,-0.004894068
-0.0022729237,0.0105702365,0.007827662,-0.004613057
-0.0020442542,0.010395069,0.008062837,-0.0037308587
-0.002203994,0.010521471,0.007710286,-0.0071442653
-0.002275345,0.010499523,0.008243357,-0.006116383
-0.002531047,0.010355758,0.008200004,-0.0064010248
-0.0022710336,0.010313535,0.00823376,-0.006106298
-0.0022410366,0.010452056,0.008229353,-0.007368773
-0.0019535571,0.010377888,0.008219589,-0.0052422574
-0.0019272098,0.010263886,0.008310388,-0.005673371
-0.0025255873,0.010553872,0.007892872,-0.007607507
-0.0015797057,0.010243548,0.008426346,-0.003494712
-0.0015792028,0.010314175,0.007878117,-0.00784459
-0.0018190693,0.010540029,0.008141039,-0.0063713663
-0.0016500108,0.010265504,0.00844466,-0.0051509547
-0.0013194892,0.010304579,0.007904696,-0.0068567265
-0.0014370453,0.01041476,0.0083986875,-0.005656006
-0.0013439601,0.01041286,0.007996941,-0.0066131507
-0.0014736776,0.010312931,0.008349489,-0.0067421524
-0.00133852,0.010426683,0.008107548,-0.0065595177
-0.0010411505,0.010177425,0.008379482,-0.005131493
-0.0010467406,0.010393662,0.007997703,-0.006894207
-0.0010510362,0.010408447,0.008259344,-0.0064427797
-0.0011239452,0.010316029,0.008213078,-0.00537432
-0.0009670289,0.010156324,0.0080997525,-0.0033370927
-0.0012837861,0.010428559,0.007823186,-0.006317074
-0.0012162771,0.010588918,0.007914705,-0.0056200754
-0.0011580421,0.01026867,0.008288538,-0.0056302906
-0.0014021976,0.010367723,0.007923438,-0.006686395
-0.0010780863,0.0103322705,0.008412959,-0.007235652
-0.0012275764,0.0103635015,0.008050788,-0.005972844
-0.0011275352,0.01009413,0.008500381,-0.005339319
-0.0012788007,0.010488541,0.0077955597,-0.006508424
-0.0011379456,0.010278614,0.00846962,-0.0050963312
-0.0012600708,0.010449661,0.0078050527,-0.007392244
-0.0011115028,0.010288475,0.008465231,-0.006345744
-0.0012122226,0.010364739,0.008063649,-0.0062323646
-0.0012695092,0.010230836,0.008377957,-0.006958667
-0.0012110795,0.010451867,0.00805714,-0.006398945
-0.0011603911,0.010218427,0.008474849,-0.0063862964
-0.0012571997,0.0103694,0.007966075,-0.004936363
-0.0014488861,0.01010642,0.008229785,-0.0027159129
-0.0012310912,0.0105171595,0.0074627013,-0.007147172
-0.0012873965,0.010500074,0.008240458,-0.00520577
-0.0011205688,0.010311662,0.0080298055,-0.005519735
-0.0012504474,0.010274878,0.008153139,-0.006570306
-0.0010151725,0.010449808,0.008121831,-0.00529922
-0.0013051524,0.010268223,0.008230963,-0.005412381
-0.0012375596,0.010447018,0.007940401,-0.007945623
-0.0011645502,0.00725036,0.006055364,0.008916479
-0.002190403,0.008231694,0.003245551,0.0074354745
-0.0030631558,0.009698335,0.0038462293,0.0103573445
-0.0033424052,0.009858585,0.0055140457,0.005035791
-0.0039974265,0.0103638,0.006630996,-0.0022422292
-0.0042810785,0.010673065,0.00765438,-0.0046304227
-0.0047323904,0.010492589,0.007942933,-0.0063678524
-0.0046382286,0.010414016,0.008263774,-0.006724627
-0.0050042537,0.010540362,0.008269388,-0.0055864933
-0.0049473247,0.010486612,0.00830816,-0.00768156
-0.004708455,0.0106387315,0.00818471,-0.005662417
-0.0045968513,0.010370048,0.008490177,-0.005212419
-0.004668825,0.010649271,0.007829255,-0.0074124252
-0.0046042386,0.01053901,0.008558188,-0.0050165285
-0.0045992574,0.010545186,0.007944289,-0.008169797
-0.004893804,0.010550486,0.008475472,-0.0070214784
-0.0031147206,0.010388911,0.0083122505,-0.005235665
-0.0057343263,0.010479375,0.008282047,-0.0065831137
-0.002613901,0.010595366,0.0080922935,-0.005539228
-0.0026960354,0.010446438,0.008270743,-0.0073085856
-0.0019360202,0.010404407,0.008038935,-0.005017633
-0.0014411586,0.010108046,0.008334645,-0.0038477066
-0.0012133797,0.010485843,0.007575461,-0.0077412254
-0.0011168078,0.0104347905,0.008457379,-0.006093439
-0.001084555,0.010286403,0.008026132,-0.0065361257
-0.0012646535,0.010204864,0.008384931,-0.007249626
-0.0010470661,0.010438024,0.008092336,-0.006958817
-0.0012798493,0.010182356,0.008521793,-0.0064345296
-0.0011553077,0.010351779,0.008037987,-0.0064406064
-0.0011457594,0.010256092,0.008443097,-0.005696529
-0.0011247763,0.010434861,0.007939883,-0.006045884
-0.0009999535,0.010260166,0.008341153,-0.004901455
-0.0010551312,0.010446772,0.007836847,-0.008202947
-0.0012711394,0.010383799,0.008354614,-0.008520861
-0.0011490679,0.010162884,0.008299117,-0.00594948
-0.0012313083,0.010070003,0.008385574,-0.007877129
-0.0009061538,0.010328526,0.008046157,-0.0040420154
-0.0011976812,0.009790255,0.008046345,-0.00020805404
-0.001276565,0.010312781,0.0066241696,0.0012097794
-0.001529035,0.009930417,0.005780841,0.004436259
-0.001824498,0.009774355,0.004791653,0.0088012945
-0.0024888907,0.009433168,0.0044073053,0.008007404
-0.003088585,0.010235809,0.0055817687,-0.0015166539
-0.003644278,0.010388138,0.0071283393,-0.002503755
-0.0037267448,0.010149996,0.007940373,-0.0050340258
-0.0040786457,0.0104321465,0.007932655,-0.0060728914
-0.0038870666,0.01033587,0.008385477,-0.003324993
-0.004150418,0.010572592,0.0077872155,-0.006490115
-0.0041084844,0.010668075,0.008185788,-0.0057753376
-0.0038983917,0.010552778,0.008138949,-0.005255677
-0.0037984976,0.010442046,0.008138774,-0.0077361814
-0.004149117,0.010635125,0.008223634,-0.0061411923
-0.0038626806,0.010366276,0.008460212,-0.006977821
-0.0045885956,0.01056795,0.008078199,-0.007199738
-0.004332182,0.010405764,0.008639766,-0.0054373825
-0.004831018,0.010562114,0.007949336,-0.008240076
-0.0034406418,0.010421127,0.008543912,-0.0051108915
-0.0046021147,0.010523951,0.0081427,-0.0069560525
-0.002120454,0.010417842,0.00819754,-0.006044943
-0.0011465056,0.010382488,0.008253538,-0.0055829883
-0.0012111753,0.010364539,0.008001733,-0.008209184
-0.0010335868,0.010344696,0.008357248,-0.005641192
-0.0012073138,0.010182026,0.008263121,-0.0051810206
-0.0013637083,0.01039069,0.008005698,-0.0068133273
-0.0012141987,0.010485156,0.008244949,-0.0054629818
-0.0011015831,0.010280349,0.008115694,-0.004846346
-0.0011738137,0.010367091,0.008035944,-0.0061003054
-0.0009635076,0.010487708,0.008042545,-0.005587761
-0.0011531592,0.010344847,0.008189049,-0.008213379
-0.0009713716,0.010245516,0.008105694,-0.0041680774
-0.0011085502,0.01006974,0.008371643,-0.00648873
-0.0012079702,0.0105239805,0.0076152817,-0.007949758
-0.0010422806,0.009997836,0.008808455,-0.003457563
-0.0012508971,0.010288463,0.0076001068,-0.0066765337
-0.0011550942,0.010341923,0.008406688,-0.0051198136
-0.0012865459,0.010542474,0.007830267,-0.005591727
-0.0012080945,0.010114721,0.008234673,-0.00370032
-0.0011364253,0.010506913,0.0077439104,-0.006840471
-0.0013184324,0.010468708,0.008167372,-0.0070361895
-0.0013872831,0.010330357,0.008252855,-0.0064783436
-0.0013384533,0.010209892,0.008252079,-0.00739377
-0.0013264186,0.010357522,0.00824834,-0.0077092242
-0.0013311029,0.010049369,0.008348447,-0.0028065909
-0.0012129126,0.01017427,0.00792522,-0.0058645406
-0.0013693889,0.010675887,0.0077300197,-0.0076146023
-0.00092469837,0.010234123,0.0084627215,-0.00402276
-0.001468124,0.010208406,0.007901477,-0.0058847577
-0.0010454803,0.010407145,0.008130051,-0.0050722435
-0.0012819079,0.010509204,0.008013545,-0.0072659673
-0.0012646788,0.010319803,0.00817991,-0.0055760285
-0.0014282317,0.010268902,0.008309049,-0.006444025
-0.0012920108,0.0104121,0.007969126,-0.007667251
-0.0013483324,0.010288106,0.008553585,-0.0062640244
-0.0013875198,0.010302409,0.008038271,-0.0076201656
-0.0010831453,0.010201149,0.008477043,-0.005358516
-0.0010098559,0.010358748,0.008073459,-0.007426445
-0.0009896313,0.0102903,0.008257157,-0.0047204
-0.0010007955,0.010282608,0.008189521,-0.005277741
-0.0010115339,0.010460568,0.007848925,-0.006736838
-0.0014979134,0.010416565,0.008382368,-0.0058221705
-0.0012188639,0.010344895,0.007974864,-0.0074364915
-0.0010543356,0.010204631,0.008409597,-0.0049501373
-0.0011496465,0.010349598,0.008068829,-0.0067144195
-0.0012188064,0.010392613,0.008170572,-0.0058475775
-0.0011810721,0.010365922,0.008264014,-0.0059116455
-0.00097152777,0.010365637,0.008013697,-0.007189174
-0.0010932421,0.010283392,0.00835757,-0.004567047
-0.0009665241,0.010313372,0.008024608,-0.0070113013
-0.0010398632,0.010458786,0.008123778,-0.00784503
-0.0009398136,0.010211965,0.008387481,-0.004266407
-0.0010161018,0.010173678,0.008080057,-0.0076820822
-0.0011694751,0.010527341,0.00807908,-0.006268588
-0.0009974003,0.010215835,0.008513173,-0.005723964
-0.0013393458,0.01034068,0.007827287,-0.00845778
-0.0010930247,0.010213829,0.008600798,-0.0045421096
-0.0011129718,0.010279203,0.00797502,-0.0065070763
-0.000980774,0.010335447,0.00819113,-0.0047337078
-0.0010045121,0.010454522,0.008070482,-0.006732121
-0.0011720716,0.010387384,0.008030478,-0.0054184822
-0.0010674066,0.010260311,0.008337873,-0.005748365
-0.0012436312,0.010432059,0.007818202,-0.008009587
-0.0010431021,0.010117117,0.008519046,-0.0034791054
-0.0010859482,0.010284859,0.0078706015,-0.0068681375
-0.0012322045,0.010485839,0.0081191985,-0.005708327
-0.0010806638,0.010398382,0.008266983,-0.0061540627
-0.0009947851,0.010272688,0.007996329,-0.005236577
-0.0012480394,0.010310659,0.008319209,-0.006606215
-0.0010687757,0.010471604,0.007845412,-0.0066919434
-0.0011661125,0.010046699,0.008556764,-0.003698409
-0.0011228679,0.010400128,0.007671939,-0.0066769756
-0.0011013749,0.010421673,0.008337507,-0.005860247
-0.0013080726,0.010475144,0.007966702,-0.00746783
-0.0012575889,0.010103467,0.008383353,-0.0044313315
-0.0013862117,0.0103316,0.008056472,-0.006179765
-0.0011503565,0.010471465,0.008029335,-0.006405377
-0.0013304603,0.010384095,0.00833215,-0.0056581693
-0.0011118415,0.010154024,0.007948933,-0.0026678878
-0.0011543912,0.0102119725,0.007814692,-0.004261005
-0.0015244511,0.0107021015,0.007463878,-0.0049087615
-0.0013427341,0.010109707,0.00802835,-0.001198232
-0.001584736,0.010409593,0.007391836,-0.0066131353
-0.0013924707,0.010371943,0.0078557925,-0.0013964198
-0.0017109633,0.010284715,0.007704584,-0.00404876
-0.0015879561,0.010540516,0.0074705994,-0.008004818
-0.0017388865,0.010379805,0.008414827,-0.0042590974
-0.0017435243,0.010152928,0.007976318,-0.0048923222
-0.0018219469,0.010392223,0.008062512,-0.0059311064
-0.0016825588,0.010610533,0.008003342,-0.00523185
-0.0015964853,0.010303063,0.00818837,-0.0059394836
-0.0019217634,0.010480484,0.007981931,-0.008009007
-0.0017360715,0.010323555,0.008410801,-0.0059689
-0.001755387,0.010181624,0.00822426,-0.004670852
-0.0016803943,0.010328124,0.0080216145,-0.009702091
-0.0022734725,0.010555185,0.0080993455,-0.009448496
-0.0017043848,0.009974945,0.008698879,-0.0072736344
-0.0018183192,0.010043734,0.00801318,-0.008906146
-0.0017551536,0.010223573,0.008590996,-0.0086664995
-0.0013607157,0.010203864,0.0081902435,-0.008246556
-0.0016658985,0.009996898,0.00867328,-0.006289843
-0.0011796325,0.010284137,0.008045769,-0.008702226
-0.00090899086,0.010241576,0.008515874,-0.0057262178
-0.0009328094,0.010212111,0.008272498,-0.0056189876
-0.0011600368,0.010372261,0.008057654,-0.0072172317
-0.000971149,0.0104658445,0.008295327,-0.0063153366
-0.0010098906,0.010235402,0.00819917,-0.0051860525
-0.00083143765,0.010215315,0.008110842,-0.0041557653
-0.0007827386,0.010466839,0.007872997,-0.007204015
-0.0008860683,0.010485723,0.008108224,-0.0060362252
-0.0010381828,0.010170548,0.008310155,-0.0047469875
-0.0006077288,0.010279496,0.007933803,-0.0054100794
-0.0006144708,0.010439115,0.008139883,-0.0075073885
-0.00064797467,0.01036721,0.008055532,-0.004635757
-0.00072733255,0.010047674,0.008337591,-0.005151636
-0.00077693,0.010489593,0.007660687,-0.0080284625
-0.0008422187,0.010129734,0.008542468,-0.0031541751
-0.0010433416,0.010267449,0.0077859564,-0.0073943995
-0.0010199999,0.010460583,0.008183059,-0.005816145
-0.0011877376,0.010341823,0.008279943,-0.0049144044
-0.0012965701,0.010304563,0.00794642,-0.0064802063
-0.0012064147,0.0104110325,0.008234312,-0.0044574356
-0.0011639884,0.010101236,0.007750933,-0.0005823935
-0.0014711778,0.010221187,0.0073134913,-0.004690789
-0.0017555628,0.010778297,0.007390331,-0.005738998
-0.0014070136,0.010155562,0.008208925,-0.0031132533
-0.0015643819,0.010279409,0.0077461153,-0.0067064827
-0.0016079799,0.010478292,0.0082049435,-0.0054355524
-0.001657975,0.010228652,0.008044385,-0.0020632746
-0.0014040353,0.01022558,0.0076146093,-0.0038142386
-0.0018589727,0.010668741,0.007443739,-0.0025147144
-0.001695561,0.010314657,0.007593522,-0.0015885619
-0.0018674466,0.010480931,0.007374529,-0.0064164903
-0.0020653175,0.010484732,0.007969796,-0.0030583297
-0.0019032387,0.010283626,0.007980358,-0.005920072
-0.0021355103,0.010530288,0.007844329,-0.0073738373
-0.002021319,0.010345928,0.008529342,-0.0055736373
-0.0020978318,0.010286894,0.007988771,-0.005741232
-0.0019773443,0.010166883,0.008220619,-0.0024770906
-0.0024380472,0.009190666,0.0060802978,0.0073765907
-0.0025577205,0.0090270415,0.0042195404,0.0034850524
-0.0031497916,0.010231968,0.0052143675,0.0043493826
-0.0034256957,0.010088618,0.0067355703,-0.00051978213
-0.0036597608,0.010416216,0.007421854,-0.004031037
-0.0037372168,0.010430976,0.008040494,-0.003277399
-0.004258111,0.010568311,0.007820817,-0.0061113127
-0.0040929527,0.010631351,0.008119879,-0.0063838516
-0.004208227,0.01056074,0.008215716,-0.0072702505
-0.0038631726,0.010297659,0.008272924,-0.0039581456
-0.0034048045,0.010313789,0.008097877,-0.004140108
-0.0038459986,0.010666709,0.0076861684,-0.0086186705
-0.0033227578,0.0102940295,0.008234179,-0.001490001
-0.003377251,0.010165836,0.007798425,-0.0040048645
-0.0034401792,0.010714902,0.0074766814,-0.008002123
-0.0036952482,0.010486577,0.008376668,-0.0026598405
-0.0031364968,0.01017432,0.007811866,-0.0033569764
-0.0049953666,0.010678839,0.007736099,-0.005441151
-0.002052692,0.010530086,0.007667575,-0.0010335593
-0.0021102368,0.008936917,0.005959123,0.0077842465
-0.0024268883,0.009669707,0.0041081533,0.0067274324
-0.0030696788,0.010235046,0.0048058033,0.005837709
-0.0034246463,0.010050413,0.0057532433,0.005607928
-0.0035476596,0.009915326,0.0059251725,0.0047915247
-0.0040536346,0.010519564,0.006101579,-0.0009933297
-0.004273101,0.01052191,0.0067977565,0.0013943823
-0.004699478,0.010017168,0.0066581205,0.0037042622
-0.0049745925,0.010314378,0.0057539786,0.0040449174
-0.0050123925,0.010489359,0.005824666,0.0017650331
-0.0060960175,0.010674545,0.006755533,-0.0034537492
-0.0059784073,0.010423948,0.0075728428,-0.0010464466
-0.005648897,0.010227963,0.0075888927,-0.00046593457
-0.006199474,0.010753729,0.0070093456,-0.0015485007
-0.006333876,0.010739439,0.0072670253,-0.00160391
-0.0063192663,0.010672283,0.007101858,-0.00014160997
-0.0062440354,0.010416652,0.007273433,-0.0013462402
-0.007799445,0.010976581,0.0071957163,-0.0040636784
-0.005721674,0.009706314,0.0069436836,0.005182953
-0.005081953,0.009863899,0.0048710667,0.0075566336
-0.006090914,0.010272461,0.004803744,0.00350143
-0.0059944713,0.010468724,0.00575278,0.004787514
-0.005494879,0.010244638,0.0068618744,-0.002839519
-0.006118726,0.010793883,0.00744269,-0.006092233
-0.006245154,0.0103807,0.008440754,-0.003319671
-0.0060296357,0.010457307,0.007810843,-0.0040235487
-0.0049761278,0.010609115,0.007973505,-0.005750702
-0.0045871953,0.010817148,0.0077919667,-0.0069101546
-0.0048861676,0.01039196,0.0084802825,-0.0053753247
-0.0049113245,0.010513236,0.008039557,-0.006517959
-0.0048840228,0.010546025,0.00838681,-0.005912772
-0.004310909,0.0106261065,0.008113809,-0.0070537115
-0.004747219,0.010521335,0.008326357,-0.009484731
-0.0040728296,0.010459209,0.008266479,-0.008659969
-0.0034969053,0.01007073,0.008669147,-0.0061265836
-0.004323542,0.010322992,0.008185012,-0.005518711
-0.003815122,0.01049662,0.008316432,-0.0064146766
-0.002151692,0.010595193,0.007949069,-0.008063715
-0.0022491054,0.010313315,0.008515712,-0.00648393
-0.0012130847,0.010208191,0.008139476,-0.0058757993
-0.0012043881,0.010272755,0.008299212,-0.006626571
-0.0012656074,0.010494611,0.0080434885,-0.007930891
-0.0015023164,0.0102477195,0.008487839,-0.0058102105
-0.0010244363,0.010179683,0.008142605,-0.004749733
-0.0009985521,0.010349685,0.008087747,-0.006593294
-0.000996578,0.010560907,0.008012902,-0.006293268
-0.0010643069,0.010244651,0.008366767,-0.005642708
-0.0010444907,0.010330166,0.007982539,-0.0058372742
-0.00095197157,0.010293117,0.0082754,-0.0049321074
-0.00071984174,0.010440471,0.007884658,-0.0070847073
-0.0008027719,0.010355266,0.008308203,-0.0061998176
-0.0009208266,0.010209602,0.008135793,-0.0038665119
-0.0012848264,0.010258586,0.008038086,-0.0060785343
-0.0011503373,0.010610306,0.007863914,-0.00609866
-0.0010271437,0.010284063,0.008378705,-0.0055172634
-0.0010567029,0.010354464,0.007886245,-0.0068701236
-0.0012121109,0.010243372,0.008419509,-0.0044702077
-0.0011668922,0.010381188,0.007866503,-0.008690812
-0.001123856,0.010402551,0.008319482,-0.0069639226
-0.0011717731,0.010227446,0.008387738,-0.008207209
-0.0014568198,0.010211672,0.008070497,-0.009690188
-0.0011147691,0.010052504,0.008676877,-0.00568371
-0.0011640841,0.0101026585,0.008144184,-0.0077382936
-0.0010488088,0.010324957,0.008329159,-0.0060413643
-0.0011548849,0.010272816,0.008323659,-0.004195947
-0.0011442505,0.0103403805,0.007891733,-0.0061338968
-0.0010755137,0.010529046,0.008100109,-0.005259419
-0.0010282763,0.010372581,0.008052126,-0.0054406
-0.0013545481,0.010332954,0.008074972,-0.005125988
-0.0011084799,0.010412283,0.0080533,-0.0053432267
-0.0012026448,0.01043965,0.008020117,-0.0064975754
-0.0010493794,0.010396692,0.008186784,-0.0057225632
-0.0011330213,0.010326725,0.008173075,-0.0065613464
-0.0011693572,0.01033464,0.008153872,-0.0051151393
-0.00090044324,0.0102951,0.008195336,-0.005577079
-0.0010160566,0.010462074,0.007930385,-0.0065711867
-0.0008305436,0.010313324,0.008323319,-0.005018738
-0.00087709323,0.01035099,0.007962852,-0.007578356
-0.00110986,0.010387175,0.008293512,-0.0068342485
-0.0011375161,0.010305891,0.008286229,-0.007688262
-0.0012904841,0.010215037,0.008272955,-0.005970093
-0.0013943994,0.010266892,0.008373279,-0.007848086
-0.0013817835,0.010386169,0.007957119,-0.00987822
-0.00100986,0.0074620293,0.0070838165,0.0068488703
-0.0018942606,0.0088408515,0.0036754836,0.009195989
-0.0027755098,0.0100076785,0.00361556,0.010119045
-0.0031034825,0.009763531,0.0045653083,0.009761596
-0.003559585,0.010054666,0.005644815,0.0022122115
-0.004064211,0.010468952,0.0061514196,0.0042428533
-0.0043730596,0.010171609,0.006219006,0.00248474
-0.005130817,0.010593899,0.0063715586,-0.00016200438
-0.0051395786,0.010362518,0.0066454113,0.0034142563
-0.0053750984,0.010346597,0.006300712,0.0022988722
-0.00561968,0.010207419,0.0053437985,0.007404028
-0.00590705,0.0091971755,0.0024859742,0.01525985
-0.006553211,0.009215288,0.0032427704,0.0083501525
-0.007693821,0.010026563,0.0043405374,0.009696592
-0.007951479,0.00994712,0.0055999844,0.0064482186
