6.925674e-08,6.07357e-08,0.4830997,0.45805588
1.067405e-07,9.468232e-08,0.49252576,0.43031606
7.38194e-08,7.739026e-08,0.49445784,0.4346018
5.006315e-08,5.145642e-08,0.49028307,0.45765653
9.064677e-08,7.823939e-08,0.4852111,0.4528189
8.344179e-08,6.8788175e-08,0.47297046,0.46285975
6.8720425e-08,6.180489e-08,0.48356545,0.46113798
1.0777547e-07,9.0902276e-08,0.48558027,0.44767532
7.0619926e-08,6.5950545e-08,0.48716182,0.45671368
8.344806e-08,8.0385234e-08,0.4921885,0.44123203
1.1012391e-07,9.585077e-08,0.48981637,0.4341615
4.8089642e-08,5.0247884e-08,0.4884689,0.46268833
9.867322e-08,8.868842e-08,0.49108788,0.44052023
1.16401836e-07,9.934758e-08,0.48827013,0.43090913
6.315922e-08,6.741588e-08,0.49508473,0.4337073
7.600107e-08,7.8365716e-08,0.49263,0.44746125
7.796295e-08,6.733894e-08,0.4845943,0.45663765
6.731832e-08,6.323412e-08,0.48530683,0.46177632
8.845842e-08,7.121338e-08,0.47522295,0.4593294
7.8165534e-08,7.051887e-08,0.48584422,0.45731208
6.350861e-08,6.322831e-08,0.49038532,0.4533173
1.01901875e-07,8.914114e-08,0.49131924,0.43508077
5.917206e-08,6.0503325e-08,0.4920501,0.44939613
5.9781875e-08,6.304608e-08,0.4926592,0.44921434
7.0132685e-08,6.3406176e-08,0.4844223,0.4594489
7.313937e-08,6.045369e-08,0.47128728,0.4672341
7.56411e-08,6.631207e-08,0.48280576,0.4611936
1.0519406e-07,8.7764455e-08,0.48723647,0.4420122
7.274049e-08,7.370415e-08,0.49373382,0.43730038
6.762946e-08,6.928059e-08,0.4925128,0.44588712
7.2848806e-08,6.705103e-08,0.48771653,0.45607752
8.3293386e-08,7.2216665e-08,0.48601994,0.45257944
7.613829e-08,6.6545525e-08,0.48097306,0.45982113
7.953933e-08,6.977586e-08,0.48550895,0.4555842
9.070938e-08,8.4520806e-08,0.49069375,0.44490415
7.107442e-08,6.661837e-08,0.48922843,0.4513466
9.040751e-08,8.494048e-08,0.49243075,0.43831947
1.1026752e-07,1.04877095e-07,0.4960333,0.40912408
4.89352e-08,5.631538e-08,0.49471387,0.4441868
6.5279444e-08,6.595083e-08,0.49211714,0.44977835
9.185209e-08,8.045181e-08,0.4864174,0.45152882
6.356089e-08,5.5574684e-08,0.48022622,0.46367446
8.3130956e-08,7.528971e-08,0.4872388,0.45549652
7.4429074e-08,6.5091506e-08,0.48223782,0.4610698
7.038433e-08,6.958949e-08,0.49120107,0.44906914
5.9942124e-08,5.5222014e-08,0.48061797,0.46717763
6.4871756e-08,5.52192e-08,0.47420174,0.4695218
8.036335e-08,7.139193e-08,0.48606798,0.456662
6.72426e-08,5.6168815e-08,0.4712363,0.46684244
7.3634084e-08,6.5008734e-08,0.48420435,0.45925468
7.538818e-08,6.779473e-08,0.48387507,0.45973766
7.233201e-08,6.3252e-08,0.48521695,0.45634046
7.4137326e-08,6.6773346e-08,0.48377103,0.45881423
9.7734414e-08,7.963953e-08,0.47890115,0.45565718
7.7875015e-08,7.163289e-08,0.4876823,0.4534165
9.79672e-08,8.237664e-08,0.48651254,0.44442832
1.00984394e-07,9.219114e-08,0.49154127,0.43642414
5.979538e-08,6.017982e-08,0.487242,0.4602436
1.0937271e-07,9.338561e-08,0.48961556,0.4406513
9.171459e-08,8.102388e-08,0.48710802,0.4466443
6.9815826e-08,6.547465e-08,0.48736522,0.45539352
7.471623e-08,6.95775e-08,0.4845355,0.4624865
1.0489094e-07,8.3739366e-08,0.481784,0.4509657
8.663367e-08,8.021931e-08,0.49122167,0.4407506
6.23346e-08,5.93471e-08,0.48628917,0.4593521
9.753589e-08,9.1938446e-08,0.4938168,0.43443662
8.3300726e-08,8.123679e-08,0.49415427,0.4312826
7.44727e-08,7.11525e-08,0.49218985,0.43999973
7.463887e-08,7.6961065e-08,0.49406436,0.4411867
6.669528e-08,6.5388235e-08,0.49044415,0.4532658
4.198478e-08,4.0528217e-08,0.47753805,0.47517008
8.4302066e-08,6.4578636e-08,0.4579551,0.47068477
9.704161e-08,7.9024055e-08,0.47982743,0.4569099
6.1871916e-08,6.113777e-08,0.4908789,0.45008102
5.390368e-08,5.169783e-08,0.48230836,0.46777457
7.1836745e-08,6.2963224e-08,0.480694,0.4654206
8.4584585e-08,7.188406e-08,0.48596278,0.45242283
6.737523e-08,5.7569064e-08,0.48188397,0.45727342
8.7061665e-08,7.861999e-08,0.48761603,0.4512007
6.642832e-08,6.367055e-08,0.4877838,0.4582859
7.192272e-08,6.196111e-08,0.48158944,0.46054444
1.0161942e-07,8.347725e-08,0.48237914,0.45116895
7.4819106e-08,6.631791e-08,0.48073667,0.46162322
7.1531794e-08,6.8306896e-08,0.48975557,0.45224297
9.212418e-08,7.856094e-08,0.4827374,0.45307073
9.307514e-08,8.160386e-08,0.48834434,0.44592896
9.2205845e-08,8.8263604e-08,0.4924022,0.4368893
7.042179e-08,6.5677796e-08,0.48719895,0.45562562
8.367247e-08,7.840948e-08,0.4907782,0.44681546
9.9474065e-08,8.614398e-08,0.486818,0.44609222
6.3016536e-08,5.898405e-08,0.4840438,0.46250242
9.813928e-08,8.8833275e-08,0.49086726,0.44219524
6.460586e-08,5.844838e-08,0.47748846,0.46710184
6.715289e-08,6.1659364e-08,0.4857657,0.45945036
1.0086992e-07,8.5000394e-08,0.48181304,0.4550016
8.1581554e-08,6.907149e-08,0.4850299,0.4523212
8.432946e-08,8.437209e-08,0.4938329,0.43564212
6.337666e-08,5.7489565e-08,0.47899726,0.46507943
7.265112e-08,6.800309e-08,0.48598322,0.4604061
9.7318384e-08,7.8359086e-08,0.48049387,0.45373675
1.0166729e-07,8.339753e-08,0.48563638,0.44185457
1.08005295e-07,1.1213148e-07,0.49779877,0.38488722
9.889981e-08,1.0842109e-07,0.49788213,0.38541552
9.4879354e-08,1.186072e-07,0.49928173,0.33964968
5.813086e-08,7.492227e-08,0.49783018,0.414833
4.6116117e-08,4.8664404e-08,0.4944097,0.45015937
2.0139217e-07,1.7571999e-07,0.49811712,0.3561702
5.0954984e-08,5.663104e-08,0.49276316,0.4516049
8.069767e-08,9.7890585e-08,0.49825197,0.3922832
9.243747e-08,9.328308e-08,0.49562982,0.43584508
3.809735e-08,3.4171563e-08,0.47618765,0.46723786
1.0677279e-07,8.982812e-08,0.4928396,0.44404662
9.5215505e-08,7.8328526e-08,0.48085463,0.44401023
5.5966314e-08,6.132249e-08,0.4930235,0.44955865
1.11622505e-07,9.092478e-08,0.4887724,0.44617316
1.0101066e-07,8.456142e-08,0.48514897,0.4460603
6.746227e-08,6.404946e-08,0.49544364,0.4257015
7.709205e-08,7.501215e-08,0.49291947,0.44776747
8.54626e-08,7.152064e-08,0.47751668,0.45929933
8.1543256e-08,7.342978e-08,0.48619977,0.45907673
6.483166e-08,5.455661e-08,0.4819453,0.45818946
7.559843e-08,7.0074144e-08,0.4871198,0.4543693
8.439365e-08,8.069924e-08,0.49277347,0.44021654
7.29467e-08,7.1470765e-08,0.49286723,0.441392
6.269739e-08,6.1627105e-08,0.4917131,0.44815382
5.812773e-08,5.4713283e-08,0.4801519,0.46907747
8.71276e-08,7.297906e-08,0.48387986,0.4555176
1.03336816e-07,8.8759734e-08,0.4891732,0.43782586
5.7890368e-08,5.6014947e-08,0.4878211,0.45700908
8.926364e-08,8.807192e-08,0.4928619,0.4408385
7.148358e-08,6.718726e-08,0.4879751,0.4553819
6.2913344e-08,5.5947172e-08,0.4811391,0.46366107
1.8729172e-07,1.5422005e-07,0.49584445,0.38289768
2.4207276e-07,2.3840052e-07,0.49921653,0.27654698
2.4091891e-08,4.2732438e-08,0.4996358,0.3299296
1.15739425e-07,1.4483537e-07,0.4995395,0.32530713
1.0254818e-07,1.2133147e-07,0.49943227,0.35083228
1.8940165e-08,2.5413442e-08,0.4998741,0.3075115
1.3672151e-07,1.6960772e-07,0.49978736,0.29487014
6.753687e-08,8.151994e-08,0.4992768,0.39476126
6.135451e-08,8.336154e-08,0.49877492,0.39875463
9.767551e-08,1.0672164e-07,0.49923068,0.3777758
5.0810392e-08,6.248307e-08,0.4943775,0.42234513
5.9452017e-08,7.284831e-08,0.49845988,0.4113212
8.465778e-08,7.976496e-08,0.4951763,0.43256685
3.5558017e-08,3.27445e-08,0.47727606,0.46980143
1.0300656e-07,9.093457e-08,0.49498537,0.43373916
7.801454e-08,7.4122184e-08,0.49586946,0.4276582
9.1338926e-08,9.323269e-08,0.4961109,0.41949505
5.8942828e-08,6.570891e-08,0.49653944,0.43323812
8.04258e-08,8.411769e-08,0.49810836,0.4010844
6.381655e-08,7.7929826e-08,0.49857512,0.3976457
6.219813e-08,7.9224755e-08,0.49886587,0.39091372
5.2295977e-08,6.411431e-08,0.49812943,0.42165244
5.7292983e-08,6.160323e-08,0.49649966,0.4332701
5.900029e-08,6.021156e-08,0.4944399,0.44625562
7.0978324e-08,6.658745e-08,0.4925094,0.44160554
5.1275425e-08,5.679688e-08,0.4933292,0.45421973
5.846209e-08,5.848936e-08,0.4921731,0.45196667
6.039013e-08,5.91836e-08,0.49056348,0.4558288
5.3046016e-08,5.4089e-08,0.49161866,0.45542094
6.714627e-08,6.750298e-08,0.49286804,0.44927847
5.9213754e-08,5.5977868e-08,0.48841622,0.45789376
6.011659e-08,5.923625e-08,0.48951945,0.45822552
6.982222e-08,6.496563e-08,0.49137855,0.44816136
8.660737e-08,8.549245e-08,0.4954797,0.4225632
4.9944397e-08,5.7785627e-08,0.49567452,0.4390247
9.82261e-08,9.619821e-08,0.49616513,0.4161128
5.629974e-08,5.952236e-08,0.49352863,0.44767207
5.3438956e-08,5.107809e-08,0.48722318,0.46090454
1.0044521e-07,8.698554e-08,0.48984888,0.44421554
7.6762184e-08,6.668383e-08,0.48096547,0.45896444
7.547282e-08,7.5803044e-08,0.49352545,0.44057858
8.463787e-08,7.829572e-08,0.49024096,0.44611973
5.337712e-08,5.643177e-08,0.49219528,0.4539471
7.726088e-08,7.493e-08,0.49199027,0.44720757
8.284051e-08,7.0725314e-08,0.48001298,0.45575142
5.6663723e-08,5.7068938e-08,0.49026358,0.45660132
7.9730846e-08,7.288423e-08,0.48747963,0.45519477
7.800069e-08,6.824915e-08,0.4857541,0.45379388
7.6863394e-08,7.481309e-08,0.4915869,0.44541806
6.2724446e-08,5.8906874e-08,0.48647705,0.45977667
6.6144146e-08,6.141398e-08,0.48709536,0.45949024
7.2779024e-08,6.43162e-08,0.48190573,0.46189132
7.687624e-08,6.403939e-08,0.476589,0.46255204
7.261965e-08,6.569961e-08,0.48382774,0.46080118
7.67404e-08,6.771316e-08,0.4844449,0.4575818
7.0225205e-08,6.391624e-08,0.48575297,0.45792925
8.53658e-08,7.528113e-08,0.48711848,0.45049515
7.503582e-08,6.86313e-08,0.4862193,0.4557006
5.738004e-08,5.3045202e-08,0.47968128,0.46833268
7.711756e-08,6.305925e-08,0.46646708,0.47046852
6.807067e-08,5.3038193e-08,0.44124326,0.47784722
6.492433e-08,5.0603873e-08,0.435247,0.48056132
9.1284036e-08,6.7540924e-08,0.44595054,0.47315976
1.0815692e-07,8.265408e-08,0.4755785,0.454495
6.614752e-08,6.0573576e-08,0.48591426,0.45515352
8.857924e-08,7.6976036e-08,0.48482636,0.4527884
9.856963e-08,8.482524e-08,0.48637992,0.4481994
7.4920706e-08,6.2416625e-08,0.47690743,0.4610922
1.7376215e-07,1.3490784e-07,0.48958415,0.41560492
9.6090346e-08,8.9247024e-08,0.4887283,0.44196147
7.50149e-08,7.6660115e-08,0.4930317,0.44082054
1.15378526e-07,1.0078914e-07,0.48851684,0.4447585
1.0049064e-07,7.899181e-08,0.47400805,0.45688426
7.582979e-08,7.226082e-08,0.4870704,0.45773163
1.0892153e-07,8.851324e-08,0.48335743,0.44725126
9.1856634e-08,8.774272e-08,0.49274805,0.43689966
5.0994956e-08,5.3803877e-08,0.48910388,0.4602501
1.0434009e-07,8.941717e-08,0.49021947,0.44043884
7.97287e-08,7.8080554e-08,0.4936112,0.43669978
2.716456e-07,2.4504808e-07,0.49919888,0.27200007
5.1911233e-08,7.223275e-08,0.49932542,0.31309745
7.2944e-08,1.05631415e-07,0.49961156,0.33072385
1.1584099e-07,1.3363466e-07,0.49945045,0.35994783
1.8384569e-08,2.087619e-08,0.49391013,0.4756678
1.1833737e-07,1.1382165e-07,0.4979348,0.40178066
9.474332e-08,9.038545e-08,0.49341735,0.4385139
3.9346013e-08,4.4632365e-08,0.48871014,0.46259022
1.2343179e-07,1.0600189e-07,0.49569383,0.4222902
2.0974326e-07,1.4825069e-07,0.3834425,0.44190988
4.2707292e-08,5.084708e-08,0.4951535,0.449547
2.0509708e-07,1.4870727e-07,0.4881708,0.41480285
1.4886307e-07,1.1659172e-07,0.47143194,0.45033577
6.209044e-08,6.500407e-08,0.49283463,0.45119822
9.291724e-08,8.022808e-08,0.49127355,0.44105706
4.7513147e-08,5.1826458e-08,0.49319074,0.45364013
6.28128e-08,6.3111514e-08,0.49163115,0.45229882
9.384425e-08,7.899027e-08,0.48480824,0.4429761
6.849764e-08,6.749551e-08,0.49216172,0.44601148
1.3337737e-07,1.2689975e-07,0.49713516,0.387601
7.347492e-08,7.7255045e-08,0.49499145,0.42471293
6.34167e-08,7.5559704e-08,0.4969053,0.42500114
8.848091e-08,8.4053376e-08,0.49426657,0.43660682
2.0498992e-07,1.6586765e-07,0.49843445,0.31580988
4.589326e-08,6.773893e-08,0.4992661,0.34529904
2.3278312e-07,2.8286212e-07,0.4999042,0.17624667
3.7925787e-08,6.7852945e-08,0.49981242,0.2517498
1.2057619e-08,1.9172834e-08,0.4993231,0.4165673
1.3780068e-07,1.5883077e-07,0.4998062,0.3218014
1.1381484e-08,1.4946309e-08,0.49098545,0.48538455
5.637091e-08,6.381034e-08,0.49466336,0.44258276
7.0826854e-07,4.5291907e-07,0.48543367,0.30093938
1.1530524e-07,9.9471805e-08,0.49259984,0.40406558
1.2678498e-07,1.4909837e-07,0.49921322,0.34599113
5.128316e-07,3.6496053e-07,0.48411733,0.33293453
3.8889826e-08,5.0753794e-08,0.49758804,0.44315502
1.5379355e-07,1.16501354e-07,0.49350566,0.41803163
1.374747e-07,1.12669106e-07,0.4837034,0.4338108
5.2223207e-08,5.4288062e-08,0.49559548,0.44921184
8.862909e-08,7.7716784e-08,0.49598798,0.4323415
4.9977658e-08,5.12394e-08,0.49422666,0.4499896
6.1595614e-08,6.038098e-08,0.48980758,0.45523396
5.6631524e-08,5.7105257e-08,0.49446544,0.4490364
5.1422305e-08,5.293711e-08,0.4920362,0.45513058
5.5501502e-08,5.18859e-08,0.4814415,0.46771464
6.331931e-08,5.2352405e-08,0.4621612,0.4746697
6.630968e-08,5.630225e-08,0.47549787,0.4697498
5.9405295e-08,5.317606e-08,0.47926918,0.46915093
1.199904e-07,9.7687035e-08,0.490601,0.42803806
8.809014e-08,8.755418e-08,0.49567902,0.41296145
1.6777376e-07,1.7789067e-07,0.49937326,0.28671438
2.5191682e-07,3.051779e-07,0.4999064,0.12712823
4.229351e-07,6.067995e-07,0.50003546,0.02808369
1.2061413e-08,3.1741887e-08,0.49999297,0.0323721
3.8870127e-08,1.1913785e-07,0.49999267,0.13350753
6.2966585e-08,9.951257e-08,0.4999083,0.3190983
2.6554257e-09,7.778574e-09,0.4984525,0.42704532
6.1431155e-07,5.1473774e-07,0.4973754,0.27251455
7.5202604e-07,5.099848e-07,0.45882967,0.25739145
3.247374e-08,5.321846e-08,0.4998959,0.3501197
6.4187525e-08,8.9138176e-08,0.4996215,0.36036435
3.568692e-08,4.0389565e-08,0.49305946,0.46554956
4.764324e-08,5.8112054e-08,0.49940947,0.3892168
1.152938e-07,1.2205702e-07,0.49853256,0.3958502
5.0224326e-08,6.088075e-08,0.496823,0.43189883
3.468934e-08,4.0642377e-08,0.49844986,0.43532425
3.4796283e-08,3.540925e-08,0.4987031,0.43198007
3.0063553e-08,3.001767e-08,0.49472052,0.4604778
4.894149e-08,4.2489628e-08,0.49554005,0.44838786
7.7489034e-08,6.884441e-08,0.49804786,0.40858907
7.0745045e-08,7.2493165e-08,0.49716008,0.43011728
4.075732e-08,4.9165013e-08,0.49712303,0.442114
7.160482e-08,7.22473e-08,0.4947775,0.44542307
5.0661104e-08,4.537416e-08,0.48744076,0.45813358
5.950993e-08,5.7163575e-08,0.49070203,0.45534047
1.0058285e-07,9.010639e-08,0.4944058,0.423043
1.2239407e-07,1.3562175e-07,0.49914715,0.33099616
6.7442295e-07,7.546409e-07,0.5000967,0.058205258
5.798667e-09,1.2704246e-08,0.49995953,0.09096851
1.0831813e-07,2.0244278e-07,0.49998772,0.18411723
3.4556088e-08,3.2045328e-08,0.4999863,0.3936305
2.218004e-09,4.8427307e-09,0.48016277,0.48520684
6.0799394e-08,6.066927e-08,0.4982806,0.41915673
5.317283e-07,3.444307e-07,0.3976634,0.3496037
2.613111e-08,3.1989426e-08,0.49174586,0.46258944
1.6060983e-07,1.2236546e-07,0.49377364,0.41114187
1.3303338e-07,9.804201e-08,0.4102337,0.454509
2.699084e-08,3.2074066e-08,0.49555856,0.45189908
2.637692e-07,1.8766025e-07,0.48345983,0.40985176
9.057868e-08,8.327475e-08,0.4878841,0.45485905
7.4158535e-08,7.2869845e-08,0.49289837,0.44704038
8.034537e-08,6.338356e-08,0.4950629,0.43146494
5.1246264e-08,4.824278e-08,0.49104753,0.45817918
4.758365e-08,4.9079254e-08,0.48987657,0.46432203
6.460321e-08,5.8953468e-08,0.49243596,0.4495505
7.539528e-08,7.034018e-08,0.4900216,0.4485303
5.03099e-08,4.874096e-08,0.4864205,0.46212277
8.096163e-08,7.0161306e-08,0.48207903,0.46067834
6.6301375e-08,5.5179047e-08,0.46302596,0.47348428
6.555724e-08,5.3927806e-08,0.46062168,0.47471848
7.2779656e-08,5.5762616e-08,0.4372089,0.47727987
7.595541e-08,5.7938337e-08,0.43713188,0.47851974
6.212136e-08,5.0466575e-08,0.4471718,0.4793819
1.0012624e-07,7.005777e-08,0.42719197,0.47305858
9.051561e-08,7.043954e-08,0.4703059,0.4635442
8.270159e-08,6.938066e-08,0.4844026,0.44982895
8.57107e-08,7.300088e-08,0.47991088,0.45620513
8.689522e-08,7.338501e-08,0.4798904,0.4590813
1.1101304e-07,8.6821856e-08,0.4715435,0.45787022
1.1265606e-07,8.6477456e-08,0.47413293,0.4532813
1.0986144e-07,9.0909595e-08,0.4788345,0.4545921
1.3993731e-07,1.1716289e-07,0.4904351,0.42950338
9.747397e-08,9.215196e-08,0.49056497,0.4411565
6.4667624e-08,6.017217e-08,0.4800195,0.46756595
1.3214003e-07,1.04825865e-07,0.48342806,0.44729418
1.2225264e-07,9.99946e-08,0.4874558,0.43384913
5.263746e-08,5.4842236e-08,0.48873177,0.45853475
1.378813e-07,1.2085897e-07,0.494072,0.41978312
7.130969e-08,7.047053e-08,0.48977727,0.45203817
4.2088146e-08,4.141733e-08,0.48229095,0.47051445
3.9828313e-07,2.9664855e-07,0.49779806,0.29635853
1.5844874e-07,1.7129483e-07,0.49919534,0.29574776
4.5180666e-08,7.8305824e-08,0.49984956,0.266922
2.1754899e-07,2.277212e-07,0.49969196,0.2706311
6.92457e-08,7.918089e-08,0.49892628,0.39903516
1.0941665e-08,1.2863998e-08,0.4997343,0.37057078
3.4509497e-07,2.6307916e-07,0.49254364,0.36097977
1.14818924e-07,1.1710944e-07,0.4977961,0.39233202
5.797979e-08,7.560602e-08,0.4987403,0.38651025
8.192308e-08,8.519158e-08,0.4978333,0.40537915
8.936963e-08,8.0557385e-08,0.4922721,0.43552274
5.177382e-08,5.3157212e-08,0.49539635,0.4498334
8.330523e-08,6.9867035e-08,0.48011452,0.45553768
1.860227e-07,1.4648651e-07,0.48777863,0.42599896
5.2885316e-08,5.9443348e-08,0.495194,0.44726363
5.273247e-08,5.666799e-08,0.4946815,0.45011258
6.0694965e-08,5.628514e-08,0.48541358,0.46505266
4.865128e-08,4.5970406e-08,0.48635226,0.46610215
6.1728464e-08,5.619907e-08,0.4864004,0.46475136
1.2937555e-07,9.892704e-08,0.47695222,0.43967724
7.684767e-08,7.772073e-08,0.49370983,0.4387481
5.911261e-08,6.1455516e-08,0.49313506,0.44609374
7.822107e-08,7.240393e-08,0.4900884,0.4485985
5.443238e-08,5.1099185e-08,0.4833655,0.46602258
9.247128e-08,7.6333215e-08,0.4845388,0.4509062
9.208871e-08,8.111043e-08,0.48967358,0.43922186
5.1901537e-08,5.264243e-08,0.48572186,0.4642132
6.6848735e-08,6.2455634e-08,0.48403263,0.46504518
1.0997673e-07,8.5386255e-08,0.47365135,0.45636776
8.613694e-08,7.43999e-08,0.4889647,0.44280922
8.0524984e-08,7.94848e-08,0.49252668,0.43909377
9.182922e-08,8.725874e-08,0.49327064,0.4359412
6.957719e-08,7.381986e-08,0.49475554,0.43720835
7.1056384e-08,6.304183e-08,0.4848007,0.4557771
9.148679e-08,8.083686e-08,0.48786867,0.45022357
6.00757e-08,5.8308476e-08,0.48550832,0.463524
8.672048e-08,7.508421e-08,0.4885627,0.4472672
8.700136e-08,8.0202454e-08,0.4893632,0.4464005
6.0239074e-08,5.999094e-08,0.48863357,0.45782816
7.6093414e-08,7.321623e-08,0.49114332,0.45049283
9.340933e-08,7.836729e-08,0.48516086,0.44732717
6.7288155e-08,6.578076e-08,0.49116343,0.44834444
6.6420604e-08,6.505789e-08,0.4899688,0.45417082
7.354931e-08,6.763416e-08,0.48748654,0.45662284
7.991994e-08,7.3365094e-08,0.4900546,0.44768792
7.028387e-08,6.3105354e-08,0.48188928,0.4608986
6.987841e-08,6.517962e-08,0.48841137,0.4561033
6.916589e-08,6.493061e-08,0.48587823,0.46026295
8.945334e-08,7.493095e-08,0.4874107,0.44528678
7.331854e-08,7.102331e-08,0.48993608,0.44988862
5.0745907e-08,4.931049e-08,0.48203516,0.46923947
6.640417e-08,5.8214567e-08,0.4737553,0.47191203
7.956171e-08,5.8993137e-08,0.44659388,0.4717757
1.16925484e-07,9.1915325e-08,0.48463973,0.44216436
6.1395056e-08,6.013006e-08,0.48885944,0.45356292
8.2002494e-08,7.933496e-08,0.49310005,0.4389075
1.6048621e-07,1.4834644e-07,0.4974751,0.37370494
7.1552094e-08,7.2352336e-08,0.49349225,0.43179476
7.239322e-08,8.3686345e-08,0.4969577,0.42024398
1.1934601e-07,1.11699215e-07,0.4950298,0.41674984
2.2886763e-07,1.9552193e-07,0.49907184,0.288821
6.0418756e-08,9.182874e-08,0.49963406,0.2845718
5.1308888e-08,7.49011e-08,0.49949417,0.3829771
1.04981936e-07,1.2195402e-07,0.49894282,0.392654
1.9149864e-08,2.1794536e-08,0.49318326,0.4754346
6.246273e-08,5.7451526e-08,0.48982897,0.45716408
1.2433263e-07,1.0909047e-07,0.49579433,0.41528058
4.6555673e-08,5.683785e-08,0.49664992,0.43009555
6.302016e-08,7.33196e-08,0.49775916,0.42043546
3.1046096e-07,2.2211346e-07,0.45689142,0.40979546
4.8639393e-08,5.7905314e-08,0.4971169,0.43402922
8.2118284e-08,7.359089e-08,0.49015123,0.45480895
1.3318689e-07,1.01941595e-07,0.4532658,0.4559923
8.4117104e-08,7.76681e-08,0.49041617,0.45077068
6.110576e-08,5.788874e-08,0.4912012,0.4575114
4.9469126e-08,5.0476306e-08,0.49046797,0.46017694
7.047333e-08,6.646554e-08,0.48757568,0.45960397
6.639146e-08,5.9885004e-08,0.490308,0.44910192
5.7089338e-08,5.60811e-08,0.49077454,0.45123827
1.0101717e-07,9.2273325e-08,0.49381614,0.425284
6.134286e-08,6.621535e-08,0.49410114,0.44296485
5.7976507e-08,5.6627574e-08,0.48723182,0.45937258
9.440579e-08,7.9542616e-08,0.4831637,0.45456073
8.074714e-08,6.615981e-08,0.475232,0.46153742
8.5865196e-08,8.000865e-08,0.49183923,0.44123384
1.02408045e-07,9.472518e-08,0.4928697,0.43057668
7.5389785e-08,7.950609e-08,0.49530655,0.4301731
9.5254855e-08,9.8926826e-08,0.49675485,0.41113767
7.66697e-08,7.611081e-08,0.49373484,0.43613
6.884771e-08,7.308925e-08,0.49584168,0.43086424
1.3054857e-07,1.2692456e-07,0.4973765,0.39117497
7.204312e-08,7.8581195e-08,0.49702522,0.415515
5.2008858e-08,6.756078e-08,0.4971565,0.43327242
2.1098066e-07,1.8994494e-07,0.49894276,0.32107434
7.836199e-08,9.870953e-08,0.499216,0.34441337
3.8637385e-08,6.255948e-08,0.49951643,0.37545094
1.0031735e-07,1.17794556e-07,0.49965578,0.34228358
5.4322502e-08,6.319131e-08,0.49825576,0.41268173
4.2161876e-08,5.3307538e-08,0.4985744,0.42564234
1.4395724e-07,1.2631307e-07,0.49778795,0.38370878
3.776261e-08,4.485512e-08,0.4917057,0.46103883
6.244637e-08,6.4835824e-08,0.49599415,0.43639466
2.1522813e-07,1.6942779e-07,0.4881908,0.39715847
2.8694753e-08,3.6448515e-08,0.49444595,0.45880866
1.4343067e-07,1.1799107e-07,0.49514133,0.41658148
2.7092383e-07,2.0855282e-07,0.47571716,0.38219497
7.419315e-08,8.24462e-08,0.49698177,0.41269848
1.4680188e-07,1.4099977e-07,0.49749705,0.39400548
6.4101805e-08,6.436572e-08,0.4940317,0.43789998
7.6732505e-08,8.6815874e-08,0.49808758,0.40261102
9.116113e-08,9.479062e-08,0.4971839,0.40741873
5.9312264e-08,6.676704e-08,0.4972261,0.42342776
7.268713e-08,8.3255706e-08,0.49673763,0.43262377
8.5157104e-08,7.686098e-08,0.49476284,0.42092788
8.7247834e-08,9.6378436e-08,0.49724814,0.4109707
6.593798e-08,7.425824e-08,0.4973195,0.41995117
5.2364058e-08,6.052863e-08,0.49634343,0.4416176
7.746775e-08,8.124201e-08,0.49638197,0.42453995
1.1364187e-07,1.1278518e-07,0.49779114,0.3877013
6.087824e-08,7.6824655e-08,0.49889174,0.3813071
5.9602326e-07,6.852701e-07,0.500233,0.098837115
1.8260923e-08,3.6955253e-08,0.49997407,0.08028156
7.668742e-08,1.6127196e-07,0.49999195,0.14270023
9.198362e-08,1.5240582e-07,0.49999547,0.15743315
2.1239615e-09,6.622302e-09,0.49707335,0.468096
5.583147e-08,7.0012895e-08,0.49979463,0.346691
5.237379e-07,3.546465e-07,0.4416338,0.30455106
4.4295525e-08,5.1677286e-08,0.48862806,0.45381325
1.3076274e-07,1.1327612e-07,0.49888426,0.367534
1.15110076e-07,1.01399436e-07,0.47177362,0.42703485
2.5407731e-08,3.6340502e-08,0.49835095,0.43591896
1.3329081e-07,1.1146493e-07,0.4951249,0.417488
8.7973966e-08,7.378647e-08,0.48572075,0.45826277
1.2035876e-07,1.01018045e-07,0.48749357,0.45008573
6.57683e-08,5.8737257e-08,0.48938516,0.45606127
4.7217963e-08,4.4643922e-08,0.4889012,0.46611974
8.3666464e-08,6.779252e-08,0.49224707,0.44984528
5.8309016e-08,5.3833105e-08,0.49335903,0.45366624
3.430915e-08,3.573534e-08,0.48658255,0.4719102
6.410888e-08,5.8371732e-08,0.48721653,0.4607304
6.049779e-08,5.2105737e-08,0.47376907,0.4686017
6.455749e-08,5.471925e-08,0.48098135,0.4618214
5.737228e-08,5.1000814e-08,0.46698052,0.47523615
7.888573e-08,6.3273426e-08,0.47390255,0.46563226
2.848852e-07,2.2229347e-07,0.4964627,0.3469403
8.491733e-08,8.531082e-08,0.49536932,0.40096056
7.097989e-08,9.366234e-08,0.49874395,0.3847604
1.2956133e-07,1.2479518e-07,0.4971295,0.40334207
5.04221e-08,4.4624326e-08,0.48782435,0.4588113
8.746298e-08,8.187429e-08,0.4937819,0.44247037
2.2944444e-07,1.9256177e-07,0.49093273,0.39156035
5.6148924e-08,6.9736686e-08,0.49809197,0.3977847
6.7762244e-08,8.489347e-08,0.49773148,0.41689593
1.1697906e-07,1.0369251e-07,0.49161306,0.4202571
5.9869336e-08,6.693247e-08,0.49515387,0.4429169
7.5569325e-08,7.415868e-08,0.4963421,0.42956522
2.946036e-07,2.42173e-07,0.49163696,0.36429068
5.086515e-08,6.7550886e-08,0.49787852,0.418207
7.659514e-08,8.627601e-08,0.4975733,0.41711798
7.0675526e-08,6.9680276e-08,0.49434462,0.43777594
1.6765658e-07,1.7115349e-07,0.49926478,0.30905715
2.8639414e-07,3.5346466e-07,0.49993026,0.12509453
1.1378141e-08,2.5301976e-08,0.49991673,0.20567146
9.553611e-08,1.5820807e-07,0.4999557,0.26104704
3.1862406e-08,4.9614993e-08,0.4996093,0.4356534
5.7770144e-09,8.611188e-09,0.49713498,0.47273314
1.0203688e-07,9.691875e-08,0.4992484,0.3577598
1.1144423e-06,7.0979576e-07,0.4582339,0.24841085
3.6937703e-08,5.5475184e-08,0.49952045,0.33162373
2.375497e-07,2.3022783e-07,0.49957347,0.25777853
6.947623e-08,6.5377705e-08,0.4696075,0.44734928
2.082175e-08,2.2117822e-08,0.49830312,0.432598
1.4868856e-07,1.3549372e-07,0.4954838,0.4060141
9.92954e-08,8.35023e-08,0.47761166,0.4615982
8.894756e-08,8.253026e-08,0.496495,0.42835653
9.771668e-08,8.2871026e-08,0.49771848,0.40799376
3.957457e-08,4.475267e-08,0.49516377,0.45053813
6.964767e-08,7.412589e-08,0.49642426,0.4326733
7.0833394e-08,6.856635e-08,0.4960631,0.42533502
1.05722265e-07,9.673638e-08,0.49286842,0.43081954
7.2879466e-08,7.600343e-08,0.49489245,0.43848136
6.744577e-08,6.691654e-08,0.49429685,0.4404601
5.3804822e-08,5.777968e-08,0.49269035,0.45578218
6.490828e-08,6.102188e-08,0.491323,0.45268056
6.6472204e-08,6.091618e-08,0.4868441,0.4576337
6.07384e-08,5.984558e-08,0.4897103,0.4561921
5.961814e-08,5.6432295e-08,0.48554638,0.46408227
7.590056e-08,6.651954e-08,0.48735014,0.45370057
6.252025e-08,6.151447e-08,0.48924476,0.4567298
6.8146846e-08,6.2250784e-08,0.48885244,0.45297143
9.231673e-08,8.695639e-08,0.49287644,0.43668652
6.5718964e-08,6.587538e-08,0.49378365,0.43867362
9.9175395e-08,9.8662426e-08,0.4963833,0.41059747
9.216291e-08,9.579087e-08,0.49700463,0.40586257
5.6103122e-08,6.651423e-08,0.49636275,0.43342814
7.035337e-08,7.068581e-08,0.4937979,0.44389713
8.68153e-08,7.654079e-08,0.48949733,0.4450987
7.927363e-08,7.528925e-08,0.49294966,0.43961212
1.3390661e-07,1.322085e-07,0.49787712,0.38029036
1.0133279e-07,1.2057413e-07,0.4992412,0.33765566
8.88606e-08,1.3208296e-07,0.4997521,0.26752782
6.696161e-08,1.0665959e-07,0.49979755,0.2915487
5.1189573e-08,8.218156e-08,0.4997286,0.34073454
6.493206e-08,9.0886424e-08,0.49974185,0.33394283
5.808088e-08,8.1996774e-08,0.4997133,0.359229
6.3882716e-08,9.215298e-08,0.49967918,0.34326228
8.122934e-08,1.1308096e-07,0.49964252,0.33531293
4.1200266e-08,5.482268e-08,0.49933255,0.39593044
4.1929013e-08,5.622348e-08,0.49904564,0.40564087
4.8878192e-08,6.053332e-08,0.49889666,0.4080537
4.8344752e-08,5.5962083e-08,0.49813256,0.42306614
5.4763245e-08,6.0582856e-08,0.49640307,0.43883127
6.092762e-08,6.072888e-08,0.49487108,0.44369942
4.5997094e-08,4.6782112e-08,0.49253014,0.45692602
6.6149504e-08,6.399816e-08,0.49578443,0.43914816
8.34244e-08,7.9830365e-08,0.49638906,0.42138067
5.4446293e-08,6.224805e-08,0.49764973,0.42132887
4.0576865e-08,4.978447e-08,0.49645317,0.4503627
4.158614e-08,4.1940066e-08,0.48993257,0.4676483
7.1337354e-08,6.1083234e-08,0.4872831,0.45724377
4.160455e-08,3.9377728e-08,0.48192433,0.47239867
5.2707925e-08,4.9940546e-08,0.48642582,0.46602198
6.1309024e-08,5.5753908e-08,0.48275492,0.46731853
4.8182354e-08,4.3405077e-08,0.4759799,0.4730778
7.0026076e-08,5.8998715e-08,0.47544193,0.46804518
7.940311e-08,6.4685494e-08,0.4766414,0.46117955
5.3476292e-08,5.166162e-08,0.48600638,0.46265373
6.037167e-08,5.1717084e-08,0.46880084,0.47208843
1.0304911e-07,7.8814e-08,0.46549618,0.46370757
9.9519326e-08,8.00977e-08,0.48365337,0.44776407
6.387435e-08,5.6972954e-08,0.48060232,0.46109655
8.090043e-08,7.068915e-08,0.48201472,0.4608466
1.374767e-07,1.1140634e-07,0.4857578,0.440614
8.117831e-08,6.9583315e-08,0.4824959,0.45461428
8.026324e-08,7.167133e-08,0.4821678,0.4602969
1.257747e-07,1.0303849e-07,0.4854147,0.4446311
6.701424e-08,6.14225e-08,0.48099646,0.46374273
1.0446045e-07,8.807999e-08,0.4881154,0.44196957
1.3356194e-07,1.1491942e-07,0.48925015,0.43094766
5.5288098e-08,6.023961e-08,0.49347812,0.44621372
6.5306615e-08,6.436656e-08,0.48717678,0.46132874
1.0667477e-07,8.25562e-08,0.4724026,0.45405436
6.848518e-08,6.214759e-08,0.47984424,0.4654845
6.781258e-08,5.8703673e-08,0.47731817,0.4669074
9.705955e-08,7.9223064e-08,0.4761342,0.46049362
6.996904e-08,6.511666e-08,0.48712024,0.45588467
9.0276366e-08,7.852945e-08,0.48734817,0.44728693
8.138616e-08,7.4046106e-08,0.4890713,0.4474297
5.891448e-08,6.061985e-08,0.49053082,0.4545755
8.985697e-08,7.712595e-08,0.48797753,0.44606832
9.8817516e-08,8.468996e-08,0.48560494,0.4469282
7.2008625e-08,7.0068886e-08,0.49137694,0.44657862
7.5503856e-08,7.1633686e-08,0.4886416,0.4538238
8.572475e-08,7.506201e-08,0.4874039,0.4510474
8.061989e-08,7.4178054e-08,0.4861584,0.45539045
9.3616386e-08,8.037477e-08,0.4877075,0.44593722
6.957496e-08,6.804253e-08,0.4891397,0.45486024
8.2058904e-08,7.650788e-08,0.4918715,0.44175613
7.350929e-08,6.9831366e-08,0.48857233,0.45307112
5.4898866e-08,5.170529e-08,0.4828322,0.46652824
9.517096e-08,8.247696e-08,0.48501056,0.45532137
9.970707e-08,8.227651e-08,0.48721546,0.44017205
5.507108e-08,5.7619957e-08,0.4913364,0.4524975
9.884064e-08,9.352938e-08,0.49465156,0.4265408
1.09682226e-07,1.06572095e-07,0.49586514,0.41188076
5.335847e-08,5.9046464e-08,0.4958116,0.43313178
9.2532005e-08,9.1448136e-08,0.4946706,0.43184468
7.788964e-08,7.2496306e-08,0.49170515,0.4446245
5.488259e-08,5.5937743e-08,0.49001867,0.45862314
9.219818e-08,7.9260744e-08,0.4890396,0.4461411
7.0753465e-08,6.59707e-08,0.48389086,0.4620838
5.481452e-08,5.634466e-08,0.4894145,0.46020728
8.729589e-08,7.346713e-08,0.4832691,0.45548362
7.2130824e-08,6.407157e-08,0.4851259,0.45711622
6.0333605e-08,6.1584636e-08,0.49000102,0.45703083
1.2270588e-07,1.0287428e-07,0.49250677,0.42195588
6.5051296e-08,6.74007e-08,0.49372506,0.43967593
6.443775e-08,6.949346e-08,0.4961782,0.42586303
1.0138423e-07,9.6896514e-08,0.494038,0.4274994
7.273676e-08,6.9768e-08,0.49291137,0.4401056
6.596702e-08,6.848746e-08,0.4924433,0.45058823
7.5183856e-08,6.468624e-08,0.4861601,0.45268896
8.6723134e-08,8.2472205e-08,0.49097642,0.44658086
6.508348e-08,6.230784e-08,0.48861137,0.45643312
8.709326e-08,7.9526394e-08,0.4917268,0.44134063
6.1431926e-08,6.554931e-08,0.49403998,0.4442769
6.5447026e-08,6.641507e-08,0.49334678,0.44388354
6.3271166e-08,6.245246e-08,0.49014103,0.45456776
5.205701e-08,4.991877e-08,0.4806355,0.46980643
5.6346856e-08,4.9790813e-08,0.47292653,0.47408703
8.1911764e-08,6.3594314e-08,0.465207,0.46731588
8.908339e-08,7.7913874e-08,0.4895947,0.4433032
7.336253e-08,7.3795086e-08,0.4941122,0.43283048
8.434975e-08,8.59848e-08,0.49596107,0.42099905
5.2573625e-08,5.836606e-08,0.49374923,0.44893956
4.3413817e-07,3.4039957e-07,0.49933642,0.22690243
4.4277634e-08,6.2358914e-08,0.49922118,0.31684265
7.668148e-08,1.0948008e-07,0.4997228,0.29990143
1.8322109e-07,2.1106676e-07,0.49962917,0.32883146
1.7000911e-08,1.9888875e-08,0.49640545,0.46516886
1.2069782e-07,1.2347098e-07,0.4988674,0.3854749
7.473858e-07,5.1273486e-07,0.4587014,0.34204125
5.8225776e-08,6.763327e-08,0.49721348,0.4060863
8.3903444e-08,8.948836e-08,0.4979598,0.41925582
1.6907937e-07,1.265085e-07,0.44452858,0.43662542
4.7393996e-08,5.541471e-08,0.49596405,0.44606528
1.1105651e-07,8.802593e-08,0.48945913,0.44479308
1.8978787e-07,1.5267231e-07,0.4921746,0.4162444
9.801648e-08,9.873042e-08,0.49533662,0.4298594
4.198848e-08,5.068796e-08,0.4969021,0.44325417
6.6800396e-08,6.793131e-08,0.49380556,0.4493259
6.309379e-08,5.7429034e-08,0.48854306,0.45457125
5.2149375e-08,5.3729185e-08,0.49392402,0.45115998
8.0933845e-08,7.6015326e-08,0.49383232,0.43589222
8.776465e-08,9.1623775e-08,0.4972979,0.40687734
5.227172e-08,6.335527e-08,0.4967894,0.42954844
5.973275e-08,6.156985e-08,0.49335444,0.44945437
6.83575e-08,6.511758e-08,0.490446,0.45437792
5.8553937e-08,5.1443667e-08,0.4797484,0.46502864
8.317107e-08,7.3491286e-08,0.48864022,0.44994307
6.3836325e-08,6.209411e-08,0.48783156,0.459244
5.3791766e-08,5.578299e-08,0.48985505,0.45943412
9.392603e-08,8.179908e-08,0.48876795,0.4474079
6.846124e-08,6.152648e-08,0.4855099,0.45582765
4.8284804e-08,5.177272e-08,0.49078918,0.45936954
7.926517e-08,6.799123e-08,0.4814405,0.46066695
1.05875515e-07,8.6983505e-08,0.4878302,0.44020241
6.84207e-08,6.832152e-08,0.49321538,0.43892813
6.0801796e-08,5.995937e-08,0.4889348,0.4572682
8.252637e-08,7.806182e-08,0.49103084,0.4490142
7.161778e-08,6.1745e-08,0.4810226,0.46015084
7.423261e-08,6.293711e-08,0.47897926,0.46168903
8.789429e-08,7.7305955e-08,0.48417902,0.4571442
6.5327924e-08,6.072064e-08,0.48516473,0.46116164
6.126715e-08,5.640343e-08,0.4819475,0.46549162
9.381795e-08,7.526696e-08,0.47298342,0.46186095
7.2172284e-08,6.442878e-08,0.483309,0.46087623
6.887837e-08,6.321818e-08,0.48715124,0.45537844
7.5134714e-08,6.418284e-08,0.4738799,0.46526086
7.461718e-08,6.531452e-08,0.48128578,0.4625776
5.5861953e-08,4.8158963e-08,0.4584685,0.47777253
6.59942e-08,4.9157567e-08,0.4245908,0.48070714
8.4894765e-08,6.301164e-08,0.42887884,0.47813228
9.4340244e-08,6.7371e-08,0.44735053,0.46985552
9.346466e-08,7.597277e-08,0.47888988,0.45610914
8.124289e-08,6.92312e-08,0.4816423,0.45632306
1.3189248e-07,1.15381255e-07,0.4942771,0.4133527
1.6848472e-07,1.5329744e-07,0.49765477,0.35208848
6.575022e-08,7.367345e-08,0.49590975,0.42188522
1.10510655e-07,1.1671963e-07,0.49750277,0.39845496
1.6251238e-07,1.5743836e-07,0.4980135,0.36700615
1.230617e-07,1.2667229e-07,0.49869296,0.35440323
8.323221e-08,1.17913e-07,0.49924326,0.36556396
6.174716e-08,6.738296e-08,0.4977867,0.43059787
7.9461344e-08,8.268148e-08,0.4947094,0.44110575
5.07226e-08,4.6241446e-08,0.48491508,0.46199068
6.1599046e-08,5.9143797e-08,0.48867837,0.45727783
8.262835e-08,8.542341e-08,0.49585688,0.42699108
4.786581e-08,5.219439e-08,0.49295574,0.4552131
7.2624594e-08,6.797299e-08,0.4922534,0.4454454
7.9088025e-08,7.9055894e-08,0.49405783,0.4431038
6.025864e-08,6.3880584e-08,0.49649084,0.42997724
1.1078675e-07,1.0135348e-07,0.49195656,0.42880696
8.946463e-08,8.23381e-08,0.492534,0.43885538
5.789384e-08,6.1842634e-08,0.4938451,0.45350122
6.072725e-08,5.4311236e-08,0.48738882,0.45801315
6.2469354e-08,5.8332617e-08,0.4839167,0.46444327
7.7195665e-08,6.983015e-08,0.49092516,0.44596875
1.0862104e-07,1.028977e-07,0.49571434,0.41142553
4.6830547e-08,5.509578e-08,0.49637192,0.43303233
4.896577e-08,5.6071645e-08,0.4930055,0.45663372
8.350229e-08,7.165588e-08,0.48896903,0.44875973
6.63052e-08,5.722443e-08,0.47687125,0.46462977
7.1839445e-08,6.5409836e-08,0.48954386,0.4511717
8.911169e-08,8.1849976e-08,0.48858923,0.45051938
5.84059e-08,6.088689e-08,0.4930535,0.4477402
6.638813e-08,6.32438e-08,0.48532817,0.4621403
1.202214e-07,9.597547e-08,0.49021718,0.42501682
6.2421094e-07,5.6940564e-07,0.4998448,0.14213102
1.4429755e-08,2.652462e-08,0.49988994,0.18169117
1.02982135e-07,1.7386677e-07,0.49994797,0.23637505
1.1968277e-07,1.5768642e-07,0.4998882,0.30788738
8.313976e-09,1.3469851e-08,0.49893504,0.45590013
1.19051734e-07,1.4063528e-07,0.4998108,0.29282647
6.208966e-07,4.0881028e-07,0.44870782,0.27126676
7.9411436e-08,1.03401945e-07,0.49908063,0.34572273
1.6161042e-07,1.7090937e-07,0.49944136,0.34163418
7.923966e-08,7.9793445e-08,0.49295163,0.4210509
7.7308094e-08,1.0155842e-07,0.49953985,0.34857732
1.630503e-07,1.7340882e-07,0.49959144,0.29482067
1.1678292e-07,1.5127218e-07,0.4995132,0.3277132
6.929525e-08,1.0244754e-07,0.49973258,0.34278473
4.5273982e-08,6.0722776e-08,0.49952045,0.39620325
3.508734e-08,3.9668304e-08,0.49830857,0.42833602
6.092819e-08,6.4073056e-08,0.4979977,0.421609
4.250727e-08,4.9048364e-08,0.4979134,0.4302007
6.056853e-08,7.136493e-08,0.49819568,0.413205
4.8727962e-08,5.6042264e-08,0.4974886,0.43225858
5.643187e-08,6.179191e-08,0.49654368,0.43562123
5.1374535e-08,5.974018e-08,0.4972846,0.43425792
5.242416e-08,5.7224483e-08,0.49539736,0.44660375
8.7624514e-08,7.9025995e-08,0.49082416,0.44535893
6.052312e-08,5.9003003e-08,0.49143893,0.45437354
5.2835336e-08,5.5178404e-08,0.49382982,0.45306945
7.1733595e-08,7.156747e-08,0.49483797,0.44017944
5.192288e-08,5.439326e-08,0.49343145,0.45041203
5.7724932e-08,6.079681e-08,0.49480814,0.44280744
5.037223e-08,5.1689774e-08,0.48932755,0.46206087
6.07346e-08,5.4967064e-08,0.48472506,0.46233174
9.16103e-08,8.1107494e-08,0.4899471,0.4448003
4.7480402e-08,4.476719e-08,0.47853175,0.47070986
8.536054e-08,7.949798e-08,0.4916204,0.4440432
1.0173397e-07,9.14667e-08,0.49219838,0.4313028
5.565826e-08,5.6884325e-08,0.49223852,0.4490298
8.699624e-08,8.6844814e-08,0.49358034,0.4389429
8.52221e-08,7.4077256e-08,0.4842237,0.4519747
7.096251e-08,6.905445e-08,0.49226665,0.44468787
9.376146e-08,8.361196e-08,0.4877553,0.44715336
7.490248e-08,6.8249875e-08,0.48766345,0.4554501
8.076937e-08,8.00365e-08,0.4918242,0.44716218
9.646375e-08,8.103797e-08,0.48546344,0.44442147
7.0304644e-08,6.992909e-08,0.4923033,0.44613126
6.2793994e-08,6.4398236e-08,0.4906036,0.45459068
1.10009815e-07,9.569028e-08,0.49316972,0.42590523
5.7778628e-08,6.0292116e-08,0.49199134,0.44947448
1.2768453e-07,1.2196526e-07,0.4976236,0.38058227
6.785121e-08,7.951142e-08,0.4970144,0.41562176
1.2275318e-07,1.2980752e-07,0.49898693,0.33746308
2.9242733e-07,3.402866e-07,0.49987093,0.16582303
3.022491e-08,5.4889046e-08,0.4998119,0.31527674
6.666827e-08,1.16623234e-07,0.49985322,0.34551784
4.0176463e-08,5.9398072e-08,0.49956724,0.42649776
2.2247514e-08,2.4076591e-08,0.49178615,0.471798
7.8674034e-08,7.459235e-08,0.498561,0.40239173
5.259855e-07,3.8661184e-07,0.47751147,0.37044603
3.3729624e-08,4.301383e-08,0.4960666,0.44496134
1.4403656e-07,1.16553394e-07,0.49374524,0.4169991
1.4072191e-07,1.1698972e-07,0.48843923,0.4086844
5.7058674e-08,6.2307414e-08,0.49764118,0.4106703
1.2261965e-07,1.0949027e-07,0.4930454,0.4197229
1.6528331e-07,1.3449531e-07,0.48555812,0.4406837
5.980191e-08,6.21609e-08,0.49494594,0.44736838
8.21754e-08,7.48132e-08,0.49713445,0.42560714
5.1971714e-08,5.3967973e-08,0.49324432,0.4525455
6.1124176e-08,6.4468075e-08,0.4943398,0.44579268
6.4572106e-08,6.457406e-08,0.49544176,0.43494132
5.3786344e-08,5.5240413e-08,0.49175945,0.45237625
7.597059e-08,7.6514375e-08,0.4937053,0.44084677
6.4902565e-08,6.4537076e-08,0.49239865,0.44917282
8.4907505e-08,8.0768906e-08,0.49503076,0.42586306
5.8230246e-08,6.214223e-08,0.49294838,0.44946077
6.9073884e-08,6.807187e-08,0.49262032,0.4463356
7.845046e-08,7.699132e-08,0.49265766,0.4464777
7.725193e-08,6.641418e-08,0.4877362,0.4472028
6.108132e-08,6.2571104e-08,0.49132955,0.45458904
7.078312e-08,6.7928724e-08,0.49173576,0.44823745
7.594395e-08,7.448133e-08,0.49305373,0.4425049
5.2591428e-08,5.1895892e-08,0.4892154,0.45799553
2.4285077e-07,2.1614821e-07,0.49870992,0.3189963
3.4489794e-08,4.8418695e-08,0.49858448,0.39104185
4.9638754e-08,6.710885e-08,0.4985198,0.4064507
1.1540125e-07,1.1246579e-07,0.49715042,0.41079825
3.3453468e-08,2.9485484e-08,0.47176945,0.47459698
8.742849e-08,7.7378736e-08,0.49239537,0.44806924
2.0714576e-07,1.5514358e-07,0.456673,0.43536326
5.5923195e-08,5.7066824e-08,0.49135903,0.4499266
1.2268129e-07,1.06134955e-07,0.4886175,0.44729477
2.3809116e-07,1.6766589e-07,0.45373896,0.4215942
7.4798024e-08,8.0302776e-08,0.49566215,0.43204287
9.6818624e-08,8.89037e-08,0.49310452,0.43433544
3.5773556e-07,2.8020042e-07,0.4955491,0.33204556
5.660085e-08,7.440661e-08,0.49835226,0.39851558
5.639939e-08,6.88759e-08,0.49805358,0.4135498
7.475149e-08,7.900317e-08,0.49583817,0.43677318
5.9601998e-08,5.1871275e-08,0.48603305,0.45279917
7.623604e-08,7.491957e-08,0.49375454,0.44453534
7.0514226e-08,6.289474e-08,0.48403773,0.459071
7.963993e-08,8.164923e-08,0.49492028,0.4324229
6.166893e-08,6.281829e-08,0.49142662,0.45339167
6.889497e-08,6.44964e-08,0.49203125,0.4449066
6.372137e-08,6.850617e-08,0.49419102,0.44675407
9.89747e-08,8.961527e-08,0.49474797,0.4200491
7.673957e-08,7.8578516e-08,0.49394614,0.4338943
5.415719e-08,5.8734248e-08,0.4936684,0.4483063
7.250897e-08,7.2105294e-08,0.49380544,0.44629213
8.435979e-08,7.2305056e-08,0.48906773,0.4423782
6.684613e-08,6.864573e-08,0.49393082,0.44176787
1.9509088e-07,1.8704782e-07,0.49918404,0.305801
7.692554e-08,1.07345606e-07,0.49966413,0.2662142
5.868958e-08,9.702614e-08,0.4998355,0.27727526
7.767364e-08,1.17862804e-07,0.49981242,0.3175981
2.3299052e-08,3.2097425e-08,0.49881127,0.443237
8.182299e-08,8.433709e-08,0.499347,0.37069714
1.02806666e-07,1.0895696e-07,0.49650285,0.41901976
5.648441e-08,7.028195e-08,0.49627465,0.43125683
7.740233e-08,8.166454e-08,0.4970948,0.42781663
1.9455469e-07,1.4858563e-07,0.47069487,0.4188387
5.5513418e-08,6.429068e-08,0.4971474,0.42976218
5.877991e-08,6.121437e-08,0.49465606,0.4481285
1.347888e-07,1.16799065e-07,0.49408838,0.42348126
1.12233366e-07,1.03912704e-07,0.4941658,0.4229342
5.7522914e-08,5.979822e-08,0.4943498,0.44433263
4.9561038e-08,5.5332215e-08,0.49522832,0.45195925
6.119078e-08,5.8376422e-08,0.49174643,0.45657858
5.7558157e-08,5.3352338e-08,0.49009392,0.45519438
6.590262e-08,6.356326e-08,0.4917213,0.4502025
4.8830064e-08,5.1932766e-08,0.49277747,0.45560816
6.810238e-08,6.805082e-08,0.49297577,0.4470466
7.594292e-08,6.8747e-08,0.4890201,0.44899926
5.873155e-08,5.770859e-08,0.49053147,0.45409825
2.604706e-07,2.332116e-07,0.49906927,0.2934573
1.6383957e-07,1.9628452e-07,0.49980944,0.17964144
3.0109714e-08,5.922556e-08,0.4999055,0.23871692
8.792295e-08,1.4727586e-07,0.4999268,0.26684695
3.3391004e-08,4.705364e-08,0.49908075,0.44891053
8.920086e-09,1.1894679e-08,0.49943665,0.41821486
3.8018e-07,3.0850921e-07,0.4973936,0.32816318
9.2226266e-08,9.80415e-08,0.49829724,0.40177643
8.143666e-08,1.04897694e-07,0.4992057,0.34319744
3.649064e-07,3.138528e-07,0.49565476,0.31742004
7.0911554e-08,7.249777e-08,0.4914922,0.4232733
5.4401752e-08,6.74198e-08,0.498806,0.41488865
9.3040654e-08,8.6855955e-08,0.4927088,0.43049458
8.485912e-08,7.7220704e-08,0.4884228,0.4536037
8.120673e-08,7.5757654e-08,0.49680993,0.43005812
6.884515e-08,7.161733e-08,0.49790636,0.4168895
5.656098e-08,6.6594446e-08,0.49757496,0.42608488
4.9230263e-08,5.6948295e-08,0.4970839,0.43662703
6.372943e-08,6.905916e-08,0.4974896,0.42209637
4.2713513e-08,4.9636085e-08,0.4951597,0.44895667
5.7728958e-08,5.9058856e-08,0.49345547,0.45006555
7.273845e-08,6.959763e-08,0.49267474,0.44677067
6.881877e-08,7.096382e-08,0.49607414,0.42862064
6.4275156e-08,7.173613e-08,0.49618107,0.43355617
5.99611e-08,6.1243405e-08,0.49420053,0.44491377
5.834494e-08,6.34086e-08,0.49409834,0.44908515
6.288738e-08,5.5993716e-08,0.48464558,0.45979458
7.921694e-08,7.075536e-08,0.4878848,0.45186165
8.633411e-08,8.4748336e-08,0.49491736,0.42898265
7.3341276e-08,7.9407585e-08,0.4966354,0.42021674
5.7455445e-08,6.605023e-08,0.49682012,0.4279515
5.3854276e-08,5.9579143e-08,0.49399418,0.4506345
6.8036286e-08,6.319781e-08,0.490393,0.45162147
7.419886e-08,6.7453314e-08,0.48743767,0.45368242
6.2930376e-08,5.8673333e-08,0.4875208,0.45755807
8.073901e-08,7.856974e-08,0.49288768,0.44310364
5.4057622e-08,5.4840864e-08,0.48948175,0.45971093
6.813739e-08,6.5044325e-08,0.48963553,0.4541968
6.4167686e-08,5.886511e-08,0.48337102,0.46354583
6.299409e-08,5.7152093e-08,0.4845345,0.46183965
6.554809e-08,6.047948e-08,0.48518512,0.46166396
7.514759e-08,6.332925e-08,0.47888842,0.46186686
7.2533474e-08,6.8076105e-08,0.48791158,0.45598587
7.9705295e-08,7.118483e-08,0.48815238,0.44953576
7.391335e-08,6.869687e-08,0.4893866,0.4501131
6.563455e-08,6.295016e-08,0.4887122,0.45513698
9.039933e-08,7.844567e-08,0.48624358,0.45128357
7.605781e-08,6.802071e-08,0.4864643,0.4541447
1.4551993e-07,1.2610501e-07,0.49505916,0.4022361
7.0524955e-08,7.599228e-08,0.49568388,0.42472792
6.565465e-08,7.499272e-08,0.49634284,0.4285518
1.2100385e-07,1.159995e-07,0.49635717,0.41118824
8.0398124e-08,7.41265e-08,0.49142683,0.43925628
7.112525e-08,7.764725e-08,0.4956718,0.4337516
8.547542e-08,8.14589e-08,0.49316886,0.440373
7.860377e-08,7.8704794e-08,0.49428722,0.43623504
5.815812e-08,6.1415946e-08,0.49206275,0.45516923
7.141232e-08,6.217795e-08,0.48343164,0.45919573
7.8841154e-08,7.716665e-08,0.49327174,0.44284615
4.2623533e-08,4.31472e-08,0.4849089,0.46954757
8.62693e-08,7.4141596e-08,0.48716727,0.4528605
6.8329555e-08,6.5011335e-08,0.48757222,0.45870027
5.2089764e-08,5.1771295e-08,0.49052796,0.45666787
8.758358e-08,7.9545586e-08,0.49013805,0.44686028
6.458707e-08,5.990056e-08,0.48690072,0.45754665
6.4298526e-08,6.5362755e-08,0.4923856,0.44955674
1.0449003e-07,8.875742e-08,0.48835656,0.43873104
7.3269966e-08,6.9632975e-08,0.49051815,0.44838423
8.989021e-08,8.926628e-08,0.49485257,0.42716452
1.08399185e-07,9.8172436e-08,0.49194843,0.4287894
7.861933e-08,8.22308e-08,0.49630225,0.4211504
7.2700466e-08,7.6746836e-08,0.49443734,0.4394789
5.8723614e-08,5.4913748e-08,0.48801824,0.45996958
6.9397764e-08,6.385275e-08,0.48200634,0.46632668
8.690555e-08,6.941295e-08,0.47696698,0.45817885
7.184565e-08,6.624048e-08,0.48684758,0.45623934
5.4055217e-08,5.5527497e-08,0.48921382,0.46041882
7.2418324e-08,6.70934e-08,0.4887912,0.45553505
6.5939474e-08,6.1238886e-08,0.48849386,0.4548107
9.745849e-08,9.035228e-08,0.49472362,0.4202938
7.064946e-08,7.389863e-08,0.49521258,0.42765078
5.5733093e-08,6.268146e-08,0.49513203,0.4411853
7.788001e-08,7.558337e-08,0.49306712,0.4438125
1.0734023e-07,8.906171e-08,0.48888907,0.43442428
6.7114776e-08,6.934553e-08,0.49297416,0.44547397
9.663037e-08,9.446956e-08,0.49610654,0.41833174
6.0902984e-08,6.4869134e-08,0.493647,0.44728932
7.265675e-08,7.2929e-08,0.49375632,0.43897754
8.321147e-08,7.885339e-08,0.49144146,0.4453321
7.4736576e-08,7.0547e-08,0.49244282,0.44065925
5.398594e-08,5.896522e-08,0.4918803,0.4576963
7.4083786e-08,6.291444e-08,0.48386312,0.45773894
7.130505e-08,6.733147e-08,0.4869018,0.45974123
5.2311545e-08,4.6908298e-08,0.47823852,0.47068748
6.735678e-08,5.8486034e-08,0.47729778,0.46870545
6.9581866e-08,6.065267e-08,0.48549736,0.45792523
6.5382615e-08,6.209489e-08,0.48789102,0.4557648
5.0743026e-08,4.8304344e-08,0.48464411,0.4653248
6.214178e-08,5.608442e-08,0.47546327,0.471605
6.2912434e-08,5.0871762e-08,0.4686003,0.47127113
8.197527e-08,6.269224e-08,0.4547325,0.46996483
8.007079e-08,6.496301e-08,0.47714028,0.4614314
7.780554e-08,6.971734e-08,0.48233664,0.45960733
6.45791e-08,5.635245e-08,0.47790673,0.46643537
7.6402294e-08,6.2068004e-08,0.4581559,0.47371748
1.3019778e-07,9.487403e-08,0.47366768,0.45008102
8.9568715e-08,7.6663305e-08,0.48304468,0.4511325
1.3012337e-07,1.14753156e-07,0.4959623,0.39450267
1.106328e-07,1.1518498e-07,0.49677247,0.39666548
7.623793e-08,8.343905e-08,0.49684432,0.4159779
7.904812e-08,8.154675e-08,0.49266583,0.4474725
6.09583e-08,4.9799343e-08,0.465359,0.4705922
8.111371e-08,6.65711e-08,0.4598578,0.473707
8.97416e-08,6.879103e-08,0.46195966,0.46680042
9.169197e-08,7.891536e-08,0.48365253,0.4545415
7.084846e-08,6.996834e-08,0.49112606,0.4481431
9.236951e-08,8.409546e-08,0.4920788,0.43703988
5.1343065e-08,5.4657452e-08,0.49276334,0.45127162
7.3482774e-08,6.967104e-08,0.49153695,0.44433215
1.0143214e-07,8.5500524e-08,0.47712502,0.45256323
1.4058722e-07,1.1835759e-07,0.49456117,0.4053195
5.2295604e-08,5.99722e-08,0.49461254,0.44206086
6.8630705e-08,6.635318e-08,0.4907686,0.44909298
1.2605463e-07,1.1069961e-07,0.49202996,0.43515927
5.4006286e-08,4.5579373e-08,0.47570023,0.46567324
1.0343767e-07,9.508088e-08,0.4938929,0.4312635
9.6497104e-08,8.920597e-08,0.49210918,0.43420523
5.4250048e-08,6.25185e-08,0.49565804,0.4369997
1.2647972e-07,1.249949e-07,0.4974384,0.39480537
1.4250742e-07,1.3622441e-07,0.49760592,0.36838967
3.5669217e-08,5.5709027e-08,0.4990807,0.39394504
7.1166156e-08,8.411874e-08,0.49774873,0.41948608
6.422548e-08,6.3405345e-08,0.49201062,0.45035416
5.368683e-08,4.7501896e-08,0.4869295,0.46238875
7.281324e-08,6.194701e-08,0.4818679,0.4632805
7.032265e-08,6.232821e-08,0.48158982,0.46404636
9.74625e-08,9.42039e-08,0.49482945,0.42420158
8.141261e-08,7.7176736e-08,0.4932171,0.43112665
4.7636913e-08,5.5959156e-08,0.49607575,0.44058645
7.3897205e-08,7.892687e-08,0.4957406,0.43493563
1.074506e-07,9.0922654e-08,0.48879832,0.4318691
1.066789e-07,9.593173e-08,0.4927548,0.4283785
5.61258e-08,6.192046e-08,0.49419162,0.45033926
6.69332e-08,6.827633e-08,0.4947803,0.44110674
6.286585e-08,6.06318e-08,0.48710078,0.46043566
7.2832e-08,6.206222e-08,0.4821208,0.45889556
9.030451e-08,8.4784816e-08,0.49307945,0.43829715
7.1848376e-08,7.2419354e-08,0.49558824,0.42668086
6.1596474e-08,7.0669e-08,0.49613565,0.43126252
7.0993934e-08,7.31703e-08,0.4940207,0.44135818
6.5356865e-08,6.64191e-08,0.4922788,0.45100117
6.999477e-08,6.275468e-08,0.4902447,0.44868463
6.844277e-08,6.341625e-08,0.48615167,0.4588593
5.1468213e-08,5.149564e-08,0.4867587,0.46585727
7.527084e-08,6.7233394e-08,0.48369393,0.46229076
7.68446e-08,6.415129e-08,0.48272502,0.4560541
9.551925e-08,9.107032e-08,0.4949642,0.42157406
5.0409913e-08,5.7477806e-08,0.49554193,0.43851423
6.137875e-08,6.63542e-08,0.49455544,0.44295245
2.0245749e-07,1.7789635e-07,0.49829713,0.3399943
5.9513763e-08,6.973307e-08,0.49750677,0.40326864
6.09004e-08,8.461557e-08,0.4990576,0.3811703
1.0391395e-07,1.12264445e-07,0.4981397,0.40340525
7.002788e-08,6.484955e-08,0.49619347,0.41441196
8.559028e-08,9.5587886e-08,0.4976511,0.41867182
6.560017e-08,6.216435e-08,0.49160707,0.4513658
8.209037e-08,8.5202046e-08,0.49491048,0.43300182
6.394197e-08,6.087498e-08,0.49114567,0.45060647
6.615375e-08,6.3561316e-08,0.49253106,0.44447613
8.607716e-08,9.162519e-08,0.496642,0.4233986
4.8347175e-08,5.5591904e-08,0.49549785,0.44614726
8.7412914e-08,8.008579e-08,0.4920715,0.44053337
7.583931e-08,7.4006145e-08,0.49204728,0.44771856
5.014674e-08,5.5405565e-08,0.49551323,0.4447735
5.67744e-08,5.8463343e-08,0.49114367,0.45898083
9.04703e-08,7.9090405e-08,0.49242544,0.43567765
7.5628876e-08,7.991454e-08,0.4961914,0.42466018
6.090258e-08,6.776562e-08,0.4969913,0.42112306
7.655641e-08,8.6455316e-08,0.49750543,0.41377202
5.7980575e-08,6.320339e-08,0.49482477,0.44199675
7.26858e-08,7.142572e-08,0.4937561,0.44073296
6.698822e-08,6.3244585e-08,0.48943806,0.4532239
8.2395886e-08,7.977523e-08,0.49365836,0.43740594
8.219549e-08,8.59936e-08,0.4965646,0.42115805
5.7029645e-08,6.0678545e-08,0.49377424,0.44647962
6.12971e-08,6.7571925e-08,0.4948882,0.44416568
6.8739446e-08,6.50029e-08,0.49010506,0.4529512
6.250314e-08,5.8599074e-08,0.48873088,0.4553024
6.973092e-08,6.83052e-08,0.49165472,0.4500092
6.967124e-08,6.717698e-08,0.49183264,0.44839707
4.7110344e-08,5.1323788e-08,0.49134526,0.4601324
7.397886e-08,6.6226576e-08,0.4864207,0.45747927
6.5158154e-08,5.8714193e-08,0.48295647,0.46258715
5.045045e-08,4.8814154e-08,0.4844525,0.4667736
7.393378e-08,6.353649e-08,0.48011765,0.4638027
8.966116e-08,7.481198e-08,0.48539382,0.45009926
7.436338e-08,7.3085445e-08,0.49347457,0.43641067
7.093407e-08,7.040841e-08,0.49316868,0.43983066
6.628119e-08,6.658817e-08,0.49093947,0.45326266
6.5359714e-08,5.8852535e-08,0.48261553,0.4631322
1.0073765e-07,8.017066e-08,0.47898293,0.45214388
9.1228266e-08,7.9315356e-08,0.48684493,0.44804144
6.1794395e-08,6.2465546e-08,0.48927665,0.45655826
8.667384e-08,7.963839e-08,0.4911489,0.4450758
6.9531076e-08,6.315586e-08,0.4800087,0.46475488
7.637008e-08,6.513674e-08,0.48107478,0.4606752
6.883842e-08,6.052418e-08,0.4749739,0.46876815
6.582266e-08,5.3817878e-08,0.46609107,0.47207576
1.037902e-07,8.59754e-08,0.48294678,0.45335954
6.6857325e-08,5.6440136e-08,0.47135893,0.46764517
7.098951e-08,6.684033e-08,0.48727384,0.45680708
7.274327e-08,6.285246e-08,0.4756806,0.46641234
9.425801e-08,7.326602e-08,0.47229463,0.46039364
7.0588655e-08,6.293878e-08,0.48186806,0.46189526
9.128937e-08,7.105225e-08,0.46117926,0.4660573
1.4494243e-07,1.2414012e-07,0.49469316,0.40813842
1.8106986e-07,1.6599346e-07,0.4982215,0.32773373
5.645811e-08,7.663353e-08,0.4991051,0.35757226
1.0314721e-07,1.4014705e-07,0.49930882,0.34643868
2.1880469e-07,2.3614713e-07,0.49973384,0.25354862
3.0211382e-08,4.7927447e-08,0.49923876,0.39973405
9.008636e-08,1.2231925e-07,0.49959984,0.33427107
7.880671e-08,1.0028254e-07,0.49925777,0.4022702
3.4408433e-08,3.7976857e-08,0.49648103,0.4359991
8.689578e-08,8.5911836e-08,0.4983394,0.41742617
8.5454836e-08,8.245454e-08,0.488488,0.45211422
4.2582396e-08,4.8266152e-08,0.49301514,0.45479
1.214702e-07,9.725397e-08,0.491471,0.4309919
5.8117e-08,4.8077215e-08,0.45899826,0.47153872
7.873483e-08,8.02955e-08,0.49618825,0.42363468
2.2070903e-07,1.8504711e-07,0.4964044,0.3611282
1.0110128e-07,1.0675854e-07,0.49713063,0.40472433
1.5142109e-07,1.6649983e-07,0.49881318,0.34761465
4.0461288e-08,5.096668e-08,0.4984197,0.42076784
4.6213483e-08,4.836854e-08,0.4963455,0.43598896
7.432225e-08,7.5032645e-08,0.49565238,0.4396043
6.7815854e-08,6.3179904e-08,0.49458268,0.4276139
7.410178e-08,8.458269e-08,0.4972412,0.41819212
6.7421446e-08,6.7525605e-08,0.49456745,0.4379842
7.7057315e-08,8.7212555e-08,0.4979653,0.40420115
4.5315662e-08,5.4687728e-08,0.49670205,0.43930158
8.7205834e-08,8.713657e-08,0.49723047,0.41026363
8.009014e-08,8.5733014e-08,0.49645063,0.42260468
6.1857584e-08,7.2756364e-08,0.49762186,0.41634044
8.5123034e-08,9.371895e-08,0.49810174,0.40608302
9.6575626e-08,1.0224877e-07,0.49830577,0.3821287
3.9918373e-08,5.831852e-08,0.49858844,0.41775453
7.1285584e-08,7.7291304e-08,0.49782613,0.41097438
7.13509e-08,7.729301e-08,0.49725363,0.4203872
5.448736e-08,5.9011697e-08,0.49710175,0.42295343
7.752401e-08,8.564562e-08,0.49774915,0.41796052
5.7893054e-08,6.2683874e-08,0.49645117,0.43159014
6.6563395e-08,7.751412e-08,0.49728104,0.42330974
5.4801276e-08,5.5497633e-08,0.4942233,0.44826773
7.0299315e-08,7.427106e-08,0.4963056,0.42815915
4.5024706e-08,5.2493636e-08,0.49550265,0.44928885
5.4488332e-08,5.2709517e-08,0.4881565,0.46231613
7.048077e-08,6.3658106e-08,0.48777035,0.45827627
7.05803e-08,6.6131015e-08,0.4913707,0.45067075
6.7085786e-08,6.726536e-08,0.49477762,0.43852037
4.9758537e-08,5.2872473e-08,0.4911936,0.45790595
5.2244268e-08,5.4929256e-08,0.49165258,0.45801157
1.5360675e-07,1.2867825e-07,0.4963052,0.38872617
7.0264456e-08,7.283382e-08,0.49575886,0.4158228
7.433886e-08,9.788294e-08,0.49912575,0.3611851
2.1647682e-07,2.3981926e-07,0.49968204,0.25539774
5.5620447e-08,7.971978e-08,0.49965757,0.3217093
9.414419e-08,1.5593456e-07,0.49987277,0.2648939
6.6105805e-08,9.888962e-08,0.49983042,0.32358924
5.2730027e-08,7.8156226e-08,0.4995636,0.36216748
5.7254482e-08,7.879045e-08,0.4997739,0.3538742
4.7986322e-08,5.8919248e-08,0.49786276,0.44574192
8.182159e-08,9.416569e-08,0.49752176,0.41001475
5.4236924e-08,5.7789332e-08,0.49678734,0.43805134
7.7949956e-08,7.416555e-08,0.4965502,0.41091967
8.684698e-08,1.0697333e-07,0.49900404,0.3685267
5.404923e-08,6.476474e-08,0.49831277,0.41278452
6.4590644e-08,7.621985e-08,0.49844146,0.41181532
7.447476e-08,7.563453e-08,0.49653164,0.4229337
6.3409736e-08,6.6040755e-08,0.4961261,0.43447268
5.3022994e-08,5.599104e-08,0.49603203,0.44458437
5.4082147e-08,5.5291864e-08,0.49532664,0.44776645
6.540561e-08,6.6921984e-08,0.4967924,0.43131268
5.988172e-08,6.3497446e-08,0.4959739,0.43832666
3.5799154e-08,4.223354e-08,0.49494067,0.4564688
6.384995e-08,6.4670196e-08,0.49354008,0.449804
5.1663335e-08,4.6286665e-08,0.47845048,0.46922803
6.809497e-08,5.991104e-08,0.48555228,0.45916367
6.919768e-08,6.4578806e-08,0.4878752,0.4587681
5.729403e-08,5.6863538e-08,0.49197474,0.45162985
6.89633e-08,6.810482e-08,0.4922356,0.448674
6.1059836e-08,5.543858e-08,0.48390776,0.46205497
9.5468046e-08,9.004528e-08,0.49468932,0.42756927
6.795743e-08,6.716142e-08,0.49297485,0.43870673
7.457244e-08,7.343219e-08,0.49371588,0.43794742
6.861817e-08,7.0521004e-08,0.49204051,0.45132416
1.1067858e-07,9.1905775e-08,0.490039,0.43276072
6.396055e-08,6.5096835e-08,0.49097016,0.45175374
9.1259615e-08,7.9964344e-08,0.48918432,0.4448023
8.3416055e-08,8.135143e-08,0.4931683,0.44205198
4.9080008e-08,4.759981e-08,0.48215622,0.4685911
1.04972884e-07,8.906525e-08,0.48899433,0.4448375
7.3844014e-08,6.64972e-08,0.4848894,0.45663393
5.4665858e-08,5.764159e-08,0.4924703,0.45091164
1.1711273e-07,1.0503444e-07,0.49418527,0.42375088
1.1654291e-07,1.0913179e-07,0.49627155,0.40074304
5.850549e-08,7.6144985e-08,0.4985556,0.39416343
6.883659e-08,7.614674e-08,0.49619594,0.4308347
6.718495e-08,6.645777e-08,0.49393448,0.44530785
6.9203985e-08,6.126782e-08,0.4873844,0.45609143
6.796806e-08,5.8226174e-08,0.47546667,0.46594003
7.0833266e-08,6.4864665e-08,0.48328993,0.4641175
7.157773e-08,6.6441416e-08,0.48798496,0.45684156
5.1763934e-08,4.7490214e-08,0.47968858,0.4696736
6.1697506e-08,5.5724012e-08,0.47988212,0.46861124
8.547162e-08,7.6862605e-08,0.49169725,0.44261622
5.4762285e-08,5.3214084e-08,0.48869494,0.4554702
7.341097e-08,6.804866e-08,0.489368,0.44997787
7.117111e-08,6.679362e-08,0.4874217,0.45751983
8.1771894e-08,7.2162365e-08,0.49107385,0.44077224
7.965703e-08,7.6264065e-08,0.49211326,0.4390803
7.6824215e-08,6.9874694e-08,0.48763725,0.45287162
7.6575084e-08,7.624284e-08,0.49134797,0.4504246
1.4032479e-07,1.1437499e-07,0.49341068,0.40823007
7.376241e-08,7.650628e-08,0.49425492,0.43192565
6.217128e-08,7.144326e-08,0.49562958,0.43580806
1.0791498e-07,1.0308969e-07,0.49564207,0.42282647
9.07631e-08,8.307355e-08,0.49487978,0.41787025
5.6628725e-08,6.53809e-08,0.4949911,0.44189185
9.8600836e-08,9.580908e-08,0.49667352,0.4142629
8.580158e-08,9.458165e-08,0.4971625,0.41330054
4.3151918e-08,4.6818258e-08,0.49386105,0.45065966
7.224401e-08,7.019843e-08,0.49248955,0.450344
7.360903e-08,6.952316e-08,0.49099085,0.44981447
5.1431936e-08,5.3980344e-08,0.49158677,0.45802176
9.809517e-08,8.4697845e-08,0.49192637,0.43528283
7.579891e-08,8.029103e-08,0.4960122,0.42509866
4.2135202e-08,5.11667e-08,0.4957477,0.44665557
1.06034534e-07,9.607832e-08,0.49452576,0.42552924
7.589236e-08,7.3074425e-08,0.4927688,0.43873394
4.9418375e-08,5.646572e-08,0.49553344,0.44242728
7.02433e-08,6.585811e-08,0.4905033,0.4531611
1.1138918e-07,9.563038e-08,0.49304044,0.42655906
1.5862742e-07,1.610477e-07,0.4986782,0.34342462
5.1543825e-08,6.5560954e-08,0.4982569,0.39833245
7.408441e-08,9.704469e-08,0.499053,0.3813361
6.414696e-08,7.117311e-08,0.49693513,0.43329868
4.535322e-08,4.1543174e-08,0.4910792,0.45211658
1.9106044e-07,1.7373142e-07,0.49871075,0.34617212
4.33123e-08,5.5932688e-08,0.49709916,0.43297732
7.210566e-08,9.3450204e-08,0.49901983,0.37158814
1.1818788e-07,1.2432949e-07,0.49817237,0.39053455
4.8708813e-08,4.819716e-08,0.4928132,0.44329435
1.1029211e-07,1.1413528e-07,0.49872237,0.38233197
7.4409115e-08,6.9691495e-08,0.48441556,0.44794464
8.21659e-08,7.718308e-08,0.48860204,0.45575276
1.2198407e-07,9.4913304e-08,0.49079388,0.44245327
5.1201795e-08,4.592641e-08,0.4794845,0.46574032
8.966637e-08,8.6597396e-08,0.4928094,0.44395867
9.1791485e-08,7.928574e-08,0.48939002,0.44238734
7.5370785e-08,7.081679e-08,0.4924974,0.44119397
6.971811e-08,7.221438e-08,0.4931431,0.4475304
6.1164734e-08,5.6079116e-08,0.48607367,0.46027124
7.170773e-08,6.78337e-08,0.49052975,0.45142162
7.844395e-08,7.0583816e-08,0.4899853,0.44444436
6.907161e-08,6.821489e-08,0.49265608,0.44366723
8.4955495e-08,8.6998554e-08,0.49484217,0.43097422
7.986833e-08,7.961969e-08,0.49566093,0.42584673
7.21474e-08,7.454416e-08,0.4951814,0.4314404
1.1208703e-07,1.11256895e-07,0.49707443,0.40059918
6.375954e-08,7.307844e-08,0.49647772,0.42874128
8.04628e-08,8.685007e-08,0.49703673,0.41375208
7.4358425e-08,7.85767e-08,0.49499395,0.43727732
7.770388e-08,7.489489e-08,0.49361083,0.43470353
8.1276276e-08,8.582804e-08,0.4960772,0.4304175
5.830758e-08,5.6146813e-08,0.4911604,0.45131034
7.811405e-08,8.184233e-08,0.49568793,0.4322209
6.860903e-08,6.929882e-08,0.49430558,0.44005424
4.5774794e-08,5.0409287e-08,0.4922025,0.45822552
6.645222e-08,6.5652856e-08,0.4919501,0.4524841
6.6876474e-08,6.148938e-08,0.4872342,0.45769987
5.4012983e-08,5.3303616e-08,0.4914094,0.4544342
9.315044e-08,8.8152014e-08,0.4938668,0.43441024
5.989224e-08,6.387168e-08,0.4956854,0.43484053
4.3953932e-08,5.152115e-08,0.49337,0.45662406
6.888877e-08,6.017946e-08,0.48400855,0.46126035
8.533512e-08,7.235146e-08,0.48399588,0.4547542
6.0086315e-08,5.6277656e-08,0.48840865,0.45614302
7.230455e-08,6.713117e-08,0.48830613,0.45497662
7.105568e-08,6.773531e-08,0.48991278,0.45367542
8.5572935e-08,8.0943806e-08,0.4933534,0.43502432
6.022343e-08,5.7825122e-08,0.48736724,0.45704493
7.7608355e-08,7.338859e-08,0.490963,0.44840646
7.544369e-08,7.194963e-08,0.4903644,0.45036203
8.1520405e-08,7.017626e-08,0.48762104,0.44682026
6.844108e-08,6.756578e-08,0.4897611,0.4541686
8.1206004e-08,7.420812e-08,0.48898196,0.45006433
7.882054e-08,7.6557306e-08,0.49261606,0.44275358
6.536408e-08,5.9911024e-08,0.48515132,0.45852953
8.3571734e-08,7.6750275e-08,0.48916584,0.45133775
6.509113e-08,6.139974e-08,0.4861584,0.46054354
6.830588e-08,6.0636026e-08,0.48239827,0.46231395
9.0343036e-08,7.864056e-08,0.48811364,0.4478113
6.164657e-08,5.856222e-08,0.48506796,0.4616867
6.605878e-08,6.438421e-08,0.49019626,0.45365405
9.245999e-08,7.890088e-08,0.48237538,0.4545169
7.7341475e-08,6.8650905e-08,0.48879734,0.44887158
7.5074325e-08,7.3598805e-08,0.4910275,0.44809493
8.786047e-08,7.607473e-08,0.48601064,0.45049036
7.871774e-08,7.640236e-08,0.49182492,0.44555295
7.345245e-08,6.617324e-08,0.4868724,0.45362473
3.134435e-07,2.5970465e-07,0.49853688,0.3040129
6.093487e-08,8.172287e-08,0.49939606,0.3073091
6.234266e-08,9.445288e-08,0.49961132,0.33592933
8.206849e-08,1.0425884e-07,0.4993188,0.38403088
3.451195e-08,3.620757e-08,0.4956135,0.45174325
8.222607e-08,8.044827e-08,0.49664104,0.43235818
1.3120075e-07,1.1311704e-07,0.48945794,0.4327511
5.8851626e-08,6.5461684e-08,0.49361175,0.44536546
7.318716e-08,7.528554e-08,0.49485752,0.44099274
2.1556173e-07,1.5428176e-07,0.44524324,0.431975
4.9888786e-08,5.4783044e-08,0.49307626,0.45571828
5.7000086e-08,5.2986863e-08,0.4848907,0.46830606
1.3456095e-07,9.884285e-08,0.45409516,0.45869395
1.0542997e-07,8.868744e-08,0.4887917,0.44160047
5.1035347e-08,5.4447828e-08,0.49434328,0.44637537
5.1688087e-08,5.82265e-08,0.49451837,0.44759357
5.4391858e-08,5.4544063e-08,0.48861325,0.4631152
5.6905815e-08,4.7535607e-08,0.47340837,0.469091
5.740009e-08,4.776445e-08,0.45932662,0.47616032
7.223491e-08,5.5975544e-08,0.4495402,0.4752664
6.74324e-08,5.537679e-08,0.45784992,0.47590187
5.7816397e-08,4.5880995e-08,0.4393803,0.4808215
9.824834e-08,7.1478325e-08,0.44529244,0.47201362
8.968778e-08,6.957149e-08,0.46925315,0.4636677
7.659029e-08,6.54599e-08,0.4846006,0.4527137
7.254797e-08,6.250281e-08,0.4737142,0.46544746
1.2369003e-07,9.647675e-08,0.4810092,0.44825494
9.9083294e-08,8.3023146e-08,0.48444343,0.44696507
1.095893e-07,8.849788e-08,0.484102,0.44260046
1.0877467e-07,9.8133626e-08,0.48893568,0.4441471
1.0116524e-07,8.868846e-08,0.4883245,0.4454636
9.8095775e-08,8.8882956e-08,0.48943245,0.4452663
1.8888859e-07,1.5603756e-07,0.49485016,0.39186922
9.4301406e-08,1.02733196e-07,0.49683547,0.40616533
7.432443e-08,9.045284e-08,0.4981423,0.39810413
1.11338736e-07,1.1735824e-07,0.49775067,0.39810178
1.0804923e-07,1.073146e-07,0.49763286,0.3892088
7.687729e-08,9.6042676e-08,0.49854,0.39246085
5.414079e-08,6.28292e-08,0.4973695,0.4313581
8.486894e-08,9.082035e-08,0.49697006,0.42196777
6.46617e-08,6.456297e-08,0.49435708,0.44008014
5.473746e-08,5.634204e-08,0.49184838,0.4533579
6.4165995e-08,6.827079e-08,0.49526462,0.4420059
6.06703e-08,6.3930514e-08,0.49458513,0.4431168
7.168054e-08,7.349459e-08,0.49629927,0.42549062
6.2393795e-08,7.0813236e-08,0.49683407,0.427015
5.5599727e-08,6.935722e-08,0.49807814,0.4154382
5.7023254e-08,6.499426e-08,0.49602222,0.44070968
7.294472e-08,6.790397e-08,0.49254316,0.44110206
1.1031985e-07,1.12475334e-07,0.49804816,0.38861012
3.902838e-08,5.0621065e-08,0.49739215,0.43267804
5.42033e-08,6.5711085e-08,0.49733987,0.4293232
9.206691e-08,9.073663e-08,0.4965748,0.41960186
6.479564e-08,6.320063e-08,0.4936607,0.4367494
5.6798317e-08,6.624657e-08,0.49633557,0.44037664
7.8424414e-08,7.39534e-08,0.4944688,0.43592402
6.5372e-08,7.096031e-08,0.49537975,0.43730128
7.440939e-08,7.43695e-08,0.49511185,0.43320042
6.5907486e-08,6.8783415e-08,0.49550807,0.43539467
5.1353382e-08,6.088864e-08,0.495965,0.4428565
6.004229e-08,5.9684915e-08,0.4918214,0.45510396
7.032579e-08,6.1027876e-08,0.4829295,0.45817354
7.002833e-08,6.8872765e-08,0.49151087,0.45107648
5.3396274e-08,5.3621246e-08,0.489969,0.46093684
7.805523e-08,7.149206e-08,0.4912184,0.44620582
6.062198e-08,6.218351e-08,0.49237543,0.45020172
5.643989e-08,5.5111435e-08,0.48942474,0.4570592
8.370708e-08,7.9069345e-08,0.49326032,0.43901825
5.3896855e-08,5.2372513e-08,0.48657763,0.4613605
7.4401406e-08,6.884589e-08,0.48936063,0.45168602
8.5103316e-08,7.568513e-08,0.4863723,0.4525031
7.190836e-08,6.607995e-08,0.4887831,0.45194763
7.167441e-08,6.9905326e-08,0.4901977,0.45283794
9.501525e-08,7.924632e-08,0.48284054,0.45183024
6.6133985e-08,6.5047466e-08,0.48950556,0.45553663
7.457615e-08,6.548638e-08,0.48422465,0.4574356
9.073078e-08,7.912202e-08,0.48717993,0.44949043
6.318605e-08,6.19989e-08,0.4895342,0.45457727
7.3589746e-08,6.759627e-08,0.48687267,0.4564738
8.147366e-08,7.268948e-08,0.48794097,0.45114073
9.981252e-08,9.1574904e-08,0.49315733,0.42910486
5.7381225e-08,5.9886645e-08,0.4925164,0.44812524
8.0516e-08,7.76334e-08,0.49231195,0.44367245
7.3904495e-08,7.0324575e-08,0.48900542,0.45433038
7.7733866e-08,6.6131236e-08,0.48300546,0.45574903
6.952027e-08,6.3782046e-08,0.48261905,0.46359172
9.311553e-08,7.91957e-08,0.4863257,0.45014453
7.3208604e-08,7.0439356e-08,0.48981375,0.45140567
7.6907185e-08,7.031008e-08,0.49025688,0.44650304
7.959353e-08,7.683034e-08,0.49122638,0.44728857
6.299616e-08,6.036925e-08,0.48926517,0.4547578
6.8619734e-08,6.3794715e-08,0.48621833,0.4594697
8.0102595e-08,6.733826e-08,0.4829135,0.45572022
6.7755686e-08,6.365641e-08,0.48508763,0.46103737
7.21514e-08,6.572318e-08,0.4879394,0.45440927
7.894895e-08,7.065279e-08,0.4832702,0.45889783
8.3913676e-08,7.6050746e-08,0.49198067,0.43914714
9.79548e-08,9.430857e-08,0.49411598,0.42577055
6.262461e-08,6.3169686e-08,0.49299484,0.44411534
7.920104e-08,8.082829e-08,0.49337804,0.44243228
7.6308154e-08,6.740398e-08,0.48741058,0.45134404
7.487227e-08,6.796331e-08,0.48558325,0.45721108
8.5909306e-08,7.823556e-08,0.4899241,0.44758293
8.410944e-08,7.744847e-08,0.48899314,0.449502
5.3760022e-08,5.602141e-08,0.49042743,0.45797345
5.1014615e-07,3.9815697e-07,0.49916592,0.23535743
5.1873474e-08,7.2393306e-08,0.49957085,0.2716045
1.0250976e-07,1.5791707e-07,0.49993455,0.19687143
1.9937593e-07,2.4241336e-07,0.49986807,0.25374046
1.3621785e-08,1.959217e-08,0.4989125,0.45163468
8.2074294e-08,9.2940255e-08,0.499574,0.36329582
6.055356e-07,4.069105e-07,0.4516176,0.3270334
5.2933817e-08,5.5070874e-08,0.48444265,0.46208704
1.005505e-07,8.675314e-08,0.49619088,0.42635265
1.2829906e-07,1.01699435e-07,0.41068077,0.4474799
5.4496986e-08,6.366712e-08,0.4967544,0.4288547
1.566005e-07,1.2332973e-07,0.4928275,0.4212738
1.163011e-07,9.652577e-08,0.48572177,0.4485971
9.185413e-08,8.6180364e-08,0.4908386,0.44683555
8.850683e-08,7.405214e-08,0.4796211,0.4536262
5.9390256e-08,5.722521e-08,0.48894766,0.46010557
7.369697e-08,6.7717934e-08,0.49197173,0.450245
4.8190746e-08,4.9812982e-08,0.49279866,0.45394903
6.1741716e-08,6.383304e-08,0.494166,0.44327763
6.0552416e-08,5.7538145e-08,0.48579398,0.46125737
8.269141e-08,7.49072e-08,0.49160564,0.44257742
8.256753e-08,7.7421596e-08,0.4905029,0.44392112
6.400118e-08,5.961653e-08,0.48836696,0.45460787
7.4882564e-08,7.329723e-08,0.48940346,0.45539048
7.931397e-08,6.635883e-08,0.4805977,0.45872787
6.713059e-08,6.101837e-08,0.4813439,0.46452162
8.098519e-08,6.908182e-08,0.4813741,0.4598955
7.419109e-08,6.627153e-08,0.48282966,0.46136025
6.773112e-08,6.3442236e-08,0.48930863,0.45245695
8.5611674e-08,7.5569254e-08,0.48504305,0.4531477
7.680923e-08,7.061806e-08,0.4904919,0.44668922
7.303613e-08,7.254732e-08,0.4917303,0.44645014
6.2657236e-08,5.6208265e-08,0.48155725,0.46322325
6.787975e-08,5.974113e-08,0.47352132,0.47093934
9.576866e-08,7.458803e-08,0.47320738,0.46059993
7.304754e-08,6.1359124e-08,0.46929792,0.46838915
1.1016016e-07,9.437054e-08,0.4923624,0.428016
1.1800049e-07,1.1239806e-07,0.49560052,0.40493706
1.0666457e-07,1.1782053e-07,0.49900272,0.34168303
7.547348e-08,1.00872086e-07,0.49902326,0.3589183
1.8137615e-07,1.882169e-07,0.49952528,0.28510472
6.0275205e-08,9.041978e-08,0.49951428,0.33257732
2.9678093e-08,4.009825e-08,0.4982097,0.43405637
9.041482e-08,9.695156e-08,0.49838322,0.42057326
2.9431314e-08,2.8502292e-08,0.48416114,0.47238845
7.573164e-08,7.1093936e-08,0.48936856,0.4513757
1.03394086e-07,9.128066e-08,0.49489665,0.42810345
3.754948e-08,4.3182354e-08,0.49348864,0.45223513
6.293697e-08,7.047445e-08,0.49627227,0.43704337
2.3471986e-07,1.7601705e-07,0.4792603,0.4056784
6.884127e-08,6.534162e-08,0.4885898,0.4566267
1.08890745e-07,9.2257075e-08,0.49034318,0.44526
1.5142508e-07,1.1849001e-07,0.4638749,0.44740182
5.329671e-08,5.5143666e-08,0.49292287,0.4536786
8.5290786e-08,7.698311e-08,0.4919097,0.45008457
5.268375e-08,4.9480285e-08,0.4869106,0.46210176
7.277413e-08,7.080602e-08,0.49151915,0.44954666
6.686731e-08,5.9728784e-08,0.48514545,0.45641515
7.2045864e-08,6.786073e-08,0.49042553,0.44963604
7.087653e-08,6.786368e-08,0.4897654,0.45205414
6.756641e-08,6.047595e-08,0.4817263,0.46316835
7.7102236e-08,7.043972e-08,0.48798507,0.45419234
9.937664e-08,8.348706e-08,0.48478106,0.44733316
6.951235e-08,6.662132e-08,0.49058384,0.44930947
8.0853845e-08,7.8192755e-08,0.49144572,0.44531277
9.030241e-08,8.142846e-08,0.49108914,0.44132358
6.9866e-08,6.866742e-08,0.49110368,0.44871095
8.573796e-08,7.822743e-08,0.48985612,0.44627452
5.8185297e-08,5.523041e-08,0.48217452,0.46735474
1.0270819e-07,8.8516806e-08,0.49040332,0.43889028
6.695805e-08,6.250619e-08,0.48258016,0.46135816
7.022847e-08,6.4222476e-08,0.48777154,0.45493075
1.048134e-07,9.406298e-08,0.4898224,0.44529122
8.197963e-08,6.907709e-08,0.48651052,0.44739443
7.1300896e-08,7.308899e-08,0.4927557,0.44544587
8.6347235e-08,7.70672e-08,0.48972023,0.44484502
8.6318664e-08,8.526524e-08,0.49412903,0.4346407
5.4665296e-08,5.496267e-08,0.49021384,0.45539
7.9410846e-08,7.0435114e-08,0.48420122,0.45857766
6.7125946e-08,6.183058e-08,0.48550794,0.46135014
6.32912e-08,5.6120577e-08,0.47883403,0.46630305
6.289096e-08,5.514331e-08,0.479045,0.46686998
1.2292256e-07,1.0456824e-07,0.49139902,0.4299105
5.6854113e-08,5.984225e-08,0.49330622,0.4442587
6.1707695e-08,6.298809e-08,0.49154145,0.45049834
9.7696464e-08,8.733063e-08,0.490471,0.4430869
7.588578e-08,6.655322e-08,0.4874215,0.44978392
7.440234e-08,7.13817e-08,0.4915509,0.44533372
7.70337e-08,6.9901674e-08,0.48493892,0.45769253
8.268611e-08,7.8725634e-08,0.4912343,0.44650465
6.553724e-08,6.072014e-08,0.4841368,0.46176237
8.1752056e-08,6.7098426e-08,0.47585353,0.46198052
7.577761e-08,7.011362e-08,0.4859335,0.45943704
6.397491e-08,5.646893e-08,0.48105437,0.46389076
8.239983e-08,7.229508e-08,0.48608816,0.453472
6.776904e-08,6.196657e-08,0.48384213,0.46070844
8.195472e-08,7.6534086e-08,0.49188086,0.4425224
7.245323e-08,6.8924315e-08,0.4895847,0.44969925
8.0497045e-08,7.176375e-08,0.48759398,0.45090955
7.1653595e-08,6.8550015e-08,0.48843178,0.4559192
7.7844135e-08,6.537404e-08,0.47798544,0.46139914
8.88967e-08,7.804739e-08,0.48730645,0.45042354
8.153568e-08,7.171238e-08,0.48351556,0.45615166
8.1665675e-08,7.567737e-08,0.49021143,0.44835514
7.739926e-08,7.319984e-08,0.48869243,0.452659
7.8938996e-08,6.8704544e-08,0.4834398,0.45745242
8.888469e-08,8.059254e-08,0.48996916,0.44564426
7.666222e-08,6.926087e-08,0.48526993,0.45548812
6.359221e-08,6.0613786e-08,0.48691157,0.46000585
1.01383506e-07,8.746838e-08,0.48863432,0.44468203
6.482846e-08,5.9384224e-08,0.48287624,0.4623616
7.71219e-08,7.209291e-08,0.4897577,0.44976938
8.337892e-08,7.3829106e-08,0.48358372,0.45668685
6.1959646e-08,5.6290077e-08,0.48329866,0.463378
9.531656e-08,8.351806e-08,0.48689067,0.45096168
8.9988006e-08,7.509859e-08,0.48146024,0.45272508
8.111586e-08,8.104601e-08,0.49399632,0.43437436
6.76348e-08,6.5619496e-08,0.48870486,0.45437005
9.5574144e-08,8.380929e-08,0.49049407,0.44192696
6.663976e-08,6.512233e-08,0.4887552,0.45614734
7.814673e-08,6.508308e-08,0.47816193,0.4609423
1.0452904e-07,9.273341e-08,0.49088567,0.44018707
7.20602e-08,6.636509e-08,0.48689914,0.4536775
7.453523e-08,7.330429e-08,0.4928126,0.4434878
7.60417e-08,7.111404e-08,0.48694697,0.45651677
8.508745e-08,7.661081e-08,0.49080256,0.44389552
5.739252e-08,5.686805e-08,0.48687324,0.46186885
9.079452e-08,7.4729854e-08,0.4827814,0.45367697
9.4039066e-08,8.807994e-08,0.4917585,0.44145128
7.528107e-08,6.9173154e-08,0.49020445,0.4444396
6.784702e-08,6.862237e-08,0.4922835,0.44840926
6.491811e-08,6.114261e-08,0.48611784,0.46097708
9.166504e-08,8.0792574e-08,0.48966628,0.44589892
6.7375815e-08,6.183404e-08,0.48673636,0.4550327
7.828e-08,7.239867e-08,0.48924464,0.4508607
7.072887e-08,6.9863354e-08,0.49109235,0.45188287
1.1422477e-07,9.983424e-08,0.49369472,0.42028
7.355025e-08,7.730501e-08,0.49505237,0.42914584
9.151354e-08,9.401517e-08,0.49635777,0.41396353
9.3109215e-08,1.0053059e-07,0.49771872,0.40298012
5.6858102e-08,5.975401e-08,0.49485946,0.43953618
1.1428508e-07,1.1330083e-07,0.49748576,0.39920878
7.350626e-08,7.783049e-08,0.4952304,0.43438604
5.2931394e-08,6.019637e-08,0.49490026,0.44540173
8.147769e-08,7.775285e-08,0.49426273,0.44116938
7.266043e-08,6.382179e-08,0.48707068,0.44883683
6.209338e-08,6.86555e-08,0.49551553,0.4398202
7.4352e-08,7.256122e-08,0.49399912,0.44088644
5.551371e-08,5.9292123e-08,0.49389437,0.44890156
4.8355208e-08,5.132126e-08,0.49064004,0.46201995
7.745648e-08,6.6405356e-08,0.48417446,0.4576898
6.9025475e-08,6.673467e-08,0.49234405,0.44605792
3.7039698e-08,4.0712443e-08,0.48692232,0.47061902
5.6953088e-08,4.9451447e-08,0.4742417,0.47320887
7.036596e-08,5.7911127e-08,0.4638612,0.47405538
5.0488804e-08,4.1104993e-08,0.46038425,0.47707015
6.7026455e-08,5.3697473e-08,0.4519359,0.4768063
8.272963e-08,6.3309656e-08,0.4564595,0.4717878
6.545456e-08,5.6466334e-08,0.47615612,0.46761295
6.790862e-08,5.3852904e-08,0.46182644,0.4708959
1.1230139e-07,8.71568e-08,0.47434756,0.45699564
7.514152e-08,6.510136e-08,0.48360452,0.45557836
8.825946e-08,7.1959796e-08,0.4763608,0.45804346
9.963154e-08,8.233479e-08,0.47858095,0.45673585
1.2306977e-07,9.853652e-08,0.48172024,0.44708663
1.09722194e-07,9.59718e-08,0.4903328,0.43472043
9.535923e-08,8.450397e-08,0.48380056,0.45318142
1.0235876e-07,9.063452e-08,0.4881611,0.44944423
1.0402193e-07,9.090952e-08,0.48717472,0.4473607
1.0689559e-07,8.908435e-08,0.48626426,0.44338864
7.059136e-08,6.88986e-08,0.48701525,0.4588832
1.05822544e-07,9.267658e-08,0.49068642,0.43953085
7.422035e-08,7.140304e-08,0.4893458,0.45144793
6.715912e-08,6.100753e-08,0.48501775,0.4587487
1.042226e-07,9.3850694e-08,0.49170643,0.4392881
6.0015324e-08,5.7669656e-08,0.4875618,0.458103
7.10926e-08,6.92531e-08,0.4911643,0.4491769
8.727491e-08,7.741748e-08,0.48744008,0.44914797
6.853901e-08,6.739275e-08,0.49130493,0.44894406
7.398174e-08,7.3397075e-08,0.49280173,0.44415033
1.6898713e-07,1.4218897e-07,0.4949709,0.39001882
5.0096062e-08,6.2553205e-08,0.49732378,0.42065945
6.3371346e-08,7.174503e-08,0.4957728,0.43325734
9.561891e-08,8.9478156e-08,0.49404642,0.43081927
6.466988e-08,5.855853e-08,0.48695537,0.45493177
7.884158e-08,7.569366e-08,0.49242485,0.4464456
1.1361225e-07,1.0137651e-07,0.49447873,0.41944164
6.657922e-08,7.793976e-08,0.49728706,0.41374448
7.195671e-08,8.230452e-08,0.49767265,0.41122824
7.333531e-08,7.816214e-08,0.49659812,0.42362842
4.6598803e-08,5.6666867e-08,0.49611247,0.44299135
8.4713925e-08,8.112302e-08,0.49467903,0.43343663
7.120343e-08,6.646044e-08,0.48741257,0.45239282
5.8766332e-08,6.382971e-08,0.49365115,0.44909334
7.2079594e-08,6.738831e-08,0.49043354,0.45470235
7.6495056e-08,6.7843764e-08,0.4883698,0.44946963
8.706904e-08,8.9645646e-08,0.49624372,0.42064637
2.1895781e-07,2.0986734e-07,0.49939764,0.27485415
2.3078142e-08,3.929e-08,0.4994579,0.34277436
6.170947e-08,8.7667786e-08,0.49937308,0.36390415
7.5238276e-08,8.892659e-08,0.49796802,0.42098036
2.1186583e-08,2.126807e-08,0.49442223,0.4564715
1.2208383e-07,1.11236446e-07,0.49763793,0.41088918
1.3546735e-07,1.145629e-07,0.47996932,0.43705294
5.476644e-08,6.253181e-08,0.4942648,0.44294226
8.1214e-08,7.1440326e-08,0.48906755,0.4540751
3.0193692e-07,2.057877e-07,0.44942233,0.39952323
6.0905435e-08,6.903151e-08,0.4968209,0.4302911
8.1644e-08,7.321722e-08,0.48665565,0.45221436
2.2022472e-07,1.7442572e-07,0.49369943,0.40235266
8.719185e-08,8.6630976e-08,0.49466604,0.432287
3.807152e-08,4.422852e-08,0.4952414,0.45192853
1.10396776e-07,1.0251134e-07,0.4947827,0.42904896
7.383631e-08,7.054733e-08,0.4944814,0.43187928
4.745772e-08,5.6022053e-08,0.49637944,0.43801424
1.292381e-07,1.1832062e-07,0.49662086,0.39702776
1.6269868e-07,1.7999936e-07,0.49943382,0.29705772
4.4922007e-08,7.1071454e-08,0.49967453,0.3035101
6.1518875e-08,8.873273e-08,0.49954563,0.35670575
1.06292035e-07,1.3347959e-07,0.49957567,0.33813244
4.3385853e-08,5.472856e-08,0.49943304,0.38369167
4.56738e-08,6.194558e-08,0.4992365,0.4034113
9.150615e-08,1.0448581e-07,0.49918658,0.38004133
9.085428e-08,1.1260811e-07,0.4990345,0.3611534
6.573304e-08,8.501298e-08,0.4993842,0.36048657
6.035638e-08,8.0000206e-08,0.49935937,0.37117046
4.7035734e-08,6.736445e-08,0.49880308,0.4120407
6.879884e-08,7.012946e-08,0.49782896,0.4161038
9.8664515e-08,9.62215e-08,0.49579796,0.41420037
6.812513e-08,8.491496e-08,0.49892277,0.38648862
7.136743e-08,9.070819e-08,0.49905628,0.39107355
7.005327e-08,8.11674e-08,0.49890342,0.386383
4.904469e-08,6.264335e-08,0.49835828,0.41783398
5.1127696e-08,6.246306e-08,0.4986971,0.41178718
1.1510283e-07,1.2812575e-07,0.49945456,0.33507818
7.603644e-08,9.718042e-08,0.499499,0.3309523
3.735071e-08,6.459815e-08,0.49962434,0.36231956
8.591554e-08,1.14779475e-07,0.4996615,0.3361041
3.5836727e-08,4.869167e-08,0.49844518,0.43151405
2.6915533e-08,2.9799068e-08,0.49713656,0.44332626
9.237427e-08,8.812278e-08,0.4967185,0.42677152
5.9651924e-08,6.2121615e-08,0.49502876,0.43387675
5.9525817e-08,6.896911e-08,0.49700457,0.43162996
8.606609e-08,7.629616e-08,0.49365482,0.4309908
4.7206985e-08,5.541981e-08,0.49596623,0.44167724
5.4490965e-08,5.4702717e-08,0.49417672,0.4504604
1.4170237e-07,1.14457066e-07,0.4843159,0.43130958
9.9406904e-08,8.75295e-08,0.4883698,0.44869247
4.9198654e-08,4.9651465e-08,0.4876767,0.46920896
4.828274e-08,4.2351925e-08,0.4779049,0.4738767
7.654982e-08,6.316383e-08,0.47530395,0.46726313
6.4090166e-08,5.889485e-08,0.4909697,0.449515
5.6954214e-08,5.684043e-08,0.49058965,0.45285583
5.687142e-08,5.5273226e-08,0.48823816,0.4602405
6.648632e-08,6.110165e-08,0.4837019,0.4638619
8.701041e-08,6.747629e-08,0.47541487,0.45649803
7.906808e-08,6.835949e-08,0.48030987,0.45949155
6.87589e-08,6.1937456e-08,0.48200938,0.46304053
9.301892e-08,8.0036955e-08,0.48401755,0.45521444
1.0376086e-07,8.6655916e-08,0.4872891,0.4422695
8.193263e-08,7.528674e-08,0.48701945,0.45124212
8.079919e-08,7.598772e-08,0.49077168,0.44706905
8.156579e-08,7.458536e-08,0.48760504,0.45290476
8.35934e-08,7.169588e-08,0.48667818,0.4493309
9.698978e-08,8.7157694e-08,0.48848596,0.44622758
7.059557e-08,6.701636e-08,0.488147,0.45556158
7.471923e-08,7.120424e-08,0.48846108,0.45522794
1.0619389e-07,8.914127e-08,0.48888,0.43832895
7.179288e-08,7.0206134e-08,0.4904012,0.44904184
7.050671e-08,7.136764e-08,0.4931718,0.4432638
8.215078e-08,7.670775e-08,0.48931643,0.4505853
7.078604e-08,6.439549e-08,0.48822194,0.45263293
8.7309665e-08,8.061898e-08,0.49060452,0.44486713
6.200251e-08,5.7718893e-08,0.48360202,0.4636438
7.828342e-08,7.3835764e-08,0.48863158,0.45403618
5.892549e-08,5.1761962e-08,0.47270325,0.47146606
5.8268874e-08,4.823094e-08,0.45991018,0.47681338
9.334628e-08,7.532249e-08,0.47585353,0.46359676
6.944807e-08,5.7282968e-08,0.4712847,0.46713948
6.565453e-08,6.1428516e-08,0.48865235,0.45394528
1.02088464e-07,8.907296e-08,0.4890159,0.44077688
6.6399835e-08,6.4340036e-08,0.4914732,0.44724476
6.863144e-08,6.812886e-08,0.4914281,0.4472487
1.175132e-07,9.5872146e-08,0.48148015,0.44382238
8.157732e-08,7.525006e-08,0.4900556,0.4464065
9.03955e-08,8.329283e-08,0.48999915,0.4434484
9.770773e-08,8.6352536e-08,0.4877687,0.44709137
9.273901e-08,8.807066e-08,0.49119174,0.4429779
7.54508e-08,6.9334014e-08,0.48752677,0.45461485
9.28533e-08,8.1788215e-08,0.4898821,0.44432265
7.817413e-08,7.6155864e-08,0.4912749,0.44683826
7.121406e-08,6.793486e-08,0.4905847,0.44999707
8.3077396e-08,7.952143e-08,0.4915864,0.44550997
6.300767e-08,6.027267e-08,0.48752087,0.45844194
6.854704e-08,6.464251e-08,0.48811173,0.45715377
6.30441e-08,5.685677e-08,0.48069933,0.46638218
7.812017e-08,6.8669856e-08,0.48687202,0.45434234
5.3885515e-08,5.167517e-08,0.48310488,0.4672807
5.5874608e-08,4.885297e-08,0.4701426,0.47439274
5.1988394e-07,3.8191303e-07,0.49839202,0.26922026
8.2381796e-08,9.83074e-08,0.4996288,0.23217386
6.995472e-08,1.17664975e-07,0.4999256,0.21038964
2.2119771e-07,2.907734e-07,0.4999417,0.19717231
3.9289905e-08,5.4666476e-08,0.49942493,0.422356
6.960461e-08,8.560118e-08,0.49992692,0.24158016
9.911988e-07,7.5279706e-07,0.4890763,0.26398078
7.067966e-08,1.0052945e-07,0.49924362,0.35834575
1.3796128e-07,1.690311e-07,0.4996994,0.29689288
1.0873928e-07,1.2785968e-07,0.49888527,0.33668828
1.4549899e-07,2.0581817e-07,0.49987105,0.22983551
1.4420446e-07,2.1612286e-07,0.49996734,0.16976018
2.3188381e-08,4.5988273e-08,0.49985448,0.37096226
4.8375842e-08,7.587528e-08,0.49990138,0.29503557
2.4071477e-08,4.1184027e-08,0.49971446,0.41126743
