0.00087386236,0.0005695437,0.061216347,0.0013439816
0.001020019,0.0005548717,0.08852255,0.0010522854
0.00087853277,0.0005164851,0.078684084,0.0012074923
0.00076336024,0.00043946403,0.05625445,0.00088828587
0.000977834,0.0006244036,0.050393526,0.0013209906
0.0009922077,0.00048007912,0.046804044,0.0011709236
0.0010409529,0.00056800974,0.05208296,0.0013128455
0.0010038179,0.0005023155,0.0646897,0.0011178732
0.00069459836,0.00042329213,0.05812399,0.0009684574
0.00097436795,0.000587756,0.069134645,0.0012211248
0.0012972337,0.0007764403,0.081325464,0.0017447376
0.0006733916,0.00039007972,0.05018853,0.0008396791
0.0013093754,0.0008547667,0.063274115,0.0015759679
0.0014177959,0.00078773894,0.08061675,0.0019136321
0.0013006789,0.00066264346,0.08178551,0.0013302108
0.0006616861,0.0003771926,0.059147842,0.00080356025
0.0009067152,0.00057397934,0.04787622,0.0011965958
0.00078274996,0.00038526396,0.0455121,0.0010042947
0.0011947326,0.00073126063,0.05429726,0.0017299956
0.00080850185,0.00033839868,0.059009396,0.0007968779
0.0008058889,0.0005265758,0.056615256,0.0011175954
0.0009932893,0.00055176223,0.080734745,0.0011645679
0.0009105003,0.00054616533,0.06745956,0.0013883781
0.0009576548,0.00046767492,0.06598676,0.00091780256
0.00085561123,0.00053294847,0.049410317,0.0011542853
0.00070884766,0.00031217997,0.043609466,0.00068310957
0.00092275237,0.0005385403,0.049261574,0.0013889478
0.0016153919,0.0007073605,0.07714224,0.0016180528
0.0009675258,0.0005797357,0.0828607,0.0012984873
0.00068823464,0.00044289877,0.06495188,0.0007694265
0.0005617494,0.0003577943,0.04777278,0.00076805946
0.0011872336,0.0007349599,0.05297158,0.0018851401
0.0012092795,0.0005425468,0.05483579,0.0013170772
0.0010721762,0.0006717592,0.058071032,0.0013771906
0.0006775582,0.00029752374,0.0697001,0.00064723444
0.0009039838,0.00058809406,0.06407523,0.0014013884
0.0011852053,0.00057285134,0.078934714,0.0012715446
0.002301291,0.0015548214,0.10938347,0.002890875
0.0005616931,0.0002646609,0.08060328,0.0005248349
0.000841779,0.0005991155,0.048146974,0.001114703
0.00082518783,0.00042035757,0.049639776,0.0010579531
0.0011685505,0.0006490205,0.048581224,0.0016250766
0.0009321785,0.00034334644,0.057189684,0.0007995828
0.0007725435,0.00050564413,0.052606612,0.0011990232
0.0006724796,0.00027962646,0.065657556,0.0006114858
0.0006367747,0.0003985533,0.049287286,0.001033302
0.00069021515,0.00031124495,0.04320283,0.0007084505
0.0011111764,0.0006702579,0.055582486,0.0015421048
0.0008440913,0.00037428655,0.050278027,0.0009130506
0.0008408247,0.0005211225,0.05402468,0.0010801565
0.00058494613,0.00025257675,0.054017264,0.0006014541
0.0010158858,0.0006497493,0.05983371,0.0014544768
0.00078195333,0.00035109572,0.058109745,0.0008510647
0.0010164819,0.0006652536,0.05732091,0.0013295314
0.00076300505,0.0004084061,0.05947733,0.00088198355
0.0011215078,0.0007285475,0.06738055,0.001554277
0.0010881812,0.0006216932,0.07946181,0.0013958247
0.00066458277,0.00039570517,0.05002421,0.00091189344
0.0012241558,0.0007938531,0.06327456,0.0015344896
0.0011539708,0.00067617657,0.06859778,0.0017162189
0.00096639385,0.00051291945,0.059392102,0.0010772822
0.00059635995,0.00035610556,0.04167751,0.00083360285
0.0011414484,0.00064091856,0.05517262,0.0014245858
0.0013930225,0.0007338149,0.07882813,0.0019179842
0.00083580014,0.0004462235,0.059812956,0.0010177293
0.0010074015,0.00061428134,0.07390952,0.0010319784
0.0012228657,0.0007619655,0.08040601,0.0017673515
0.0013326784,0.0007360119,0.079581015,0.0015718128
0.001090071,0.0006519149,0.06709568,0.0013135802
0.0008489918,0.00044316193,0.056088194,0.0008349875
0.00046959735,0.0002713795,0.030576669,0.0007264178
0.0007503541,0.00036002585,0.031601205,0.0010056831
0.0013687474,0.0006615804,0.058685977,0.0018102846
0.0011800883,0.0005774583,0.07611908,0.0013618524
0.00033149673,0.00020066818,0.046636004,0.0003965627
0.00041691028,0.0002907038,0.03610851,0.0005403791
0.0011037007,0.0005827382,0.05247797,0.0019111177
0.0017915678,0.0008851598,0.068202995,0.0020946944
0.0008099729,0.00035077136,0.07295897,0.0006433226
0.000507015,0.0003303909,0.04471125,0.0006127717
0.0005293,0.00028726115,0.04992869,0.0006640467
0.0012221542,0.0007117997,0.063998684,0.002037043
0.0011435667,0.0004360406,0.058581505,0.0010280316
0.00094379263,0.0006358323,0.059585225,0.00114964
0.0005228464,0.00028218277,0.058489956,0.00055603957
0.00097257184,0.0006372785,0.064818315,0.001557875
0.0013467288,0.00064160605,0.07746337,0.001621013
0.0009868967,0.0005802203,0.06198552,0.001181585
0.0008513154,0.0005095828,0.060468998,0.0009314487
0.0010666302,0.00065491436,0.062173672,0.0016508226
0.0008875381,0.00042449366,0.05116386,0.001076367
0.0013214462,0.0007658624,0.06673155,0.0015197494
0.00050848315,0.0002501175,0.045008034,0.00064432167
0.00086528325,0.00055460626,0.04748295,0.001222313
0.0008625637,0.0003841513,0.05371993,0.0010874812
0.0014289231,0.0009074351,0.06976218,0.0019096489
0.0007650053,0.00031688076,0.08956469,0.0006710508
0.0005402468,0.00034797462,0.045239422,0.00080071
0.00057850033,0.00029028664,0.043803323,0.0006672315
0.0013660092,0.00082311983,0.05890973,0.002153749
0.0018513246,0.0007018142,0.08429144,0.0014980512
0.0019125068,0.0013347244,0.12370676,0.0025296377
0.0007098681,0.00039861034,0.14386752,0.00068618776
0.0018030329,0.0014342958,0.14335062,0.0025531314
0.00070767803,0.0004852459,0.10454367,0.0010018952
0.0010051758,0.0007701161,0.049084473,0.0011922682
0.0034433536,0.0026403675,0.14093791,0.0034254917
0.0006882871,0.00042571698,0.08506603,0.0012993907
0.0013607318,0.0012135841,0.0789598,0.0017032636
0.0005641857,0.0003494747,0.05284799,0.00084822427
0.0010928739,0.00075371895,0.041281603,0.0014898229
0.000741558,0.00030979663,0.05126135,0.00077379006
0.0014649625,0.000975055,0.06880683,0.0021723905
0.00039549783,0.0001262189,0.06767168,0.00033064018
0.00079059886,0.0005742187,0.051393174,0.0011139816
0.0005537748,0.00017603283,0.073363505,0.00044034125
0.0017546831,0.001217181,0.08439139,0.0025001115
0.00045374117,0.00013251934,0.08381643,0.00028053185
0.00059967366,0.00040773206,0.038423143,0.0007851426
0.00046084475,0.00014505514,0.054684408,0.00036113703
0.001209194,0.00078182254,0.06419037,0.0020234282
0.00064924103,0.00014742777,0.07567787,0.00036057385
0.0011288213,0.00081346306,0.06733996,0.0015539506
0.00046744014,0.00015568185,0.0941433,0.0003057878
0.00092047354,0.00061790226,0.063129924,0.0014325475
0.00051428087,0.00021465628,0.03991418,0.00056842953
0.0013541199,0.0009077241,0.053362563,0.001853549
0.0012906215,0.00042646143,0.08679682,0.0009846071
0.0007807699,0.0005030548,0.06342851,0.0012206484
0.00056365185,0.00027053282,0.072054505,0.0004971361
0.00078361726,0.0005005834,0.053979594,0.0012566324
0.0010427288,0.00049632334,0.049189843,0.0012327934
0.0038826044,0.002589913,0.12839267,0.0044871513
0.0040193605,0.0022237815,0.25117058,0.004292483
0.00022665138,0.00016538454,0.1284791,0.00039925808
0.0008830844,0.0011249386,0.11675088,0.001004483
0.0029921534,0.0030942324,0.13746822,0.005884682
0.0024145187,0.0021589904,0.170713,0.0029299331
0.00090487057,0.00091141794,0.17624407,0.0015672354
0.00095348834,0.0009984927,0.1081694,0.0022140504
0.0006406613,0.0006723381,0.09314705,0.0009827018
0.0015811211,0.0015969254,0.092181124,0.002810903
0.0005271812,0.00035324236,0.09477696,0.0005612917
0.0007233688,0.0006397598,0.05691145,0.0016176722
0.0006398118,0.0003731436,0.05447549,0.0007907133
0.0008946479,0.0006040819,0.047498472,0.0012993701
0.00085095735,0.0003319007,0.072163396,0.00068217196
0.0011827353,0.000834589,0.08556387,0.0018110466
0.0006510107,0.00027536985,0.10820662,0.0005201056
0.00092904747,0.00066884165,0.075186424,0.001094562
0.0014964641,0.0009109071,0.120208226,0.0013853294
0.0022058769,0.0014763925,0.12019531,0.0028201276
0.0015925864,0.0010520342,0.1300403,0.001401552
0.00090613315,0.0006891458,0.07623984,0.0011285676
0.0009948869,0.00076884,0.06415136,0.0012975861
0.0011149946,0.0007352841,0.05885899,0.0016703624
0.0017019099,0.0010820286,0.069699936,0.0020839423
0.0006841926,0.00040500954,0.053395048,0.00093698746
0.00093224336,0.00067708007,0.05316035,0.0014052279
0.0006812937,0.00032543688,0.055967323,0.0008348518
0.0011696735,0.00075104384,0.06119977,0.00167271
0.00074426545,0.0002738363,0.06890494,0.0006328404
0.0009412337,0.00063723227,0.056171015,0.0012870597
0.00055833213,0.00021272729,0.06023194,0.0004635661
0.0013026417,0.00087219506,0.06706954,0.0019108334
0.0014196329,0.0004929224,0.10982654,0.0010427022
0.0010455209,0.0007033204,0.07474154,0.0014701613
0.0009988553,0.00053580245,0.11120625,0.0006914815
0.0007842985,0.00048923015,0.059865683,0.0012001741
0.0008339174,0.00045339455,0.045137994,0.00093647337
0.0013750646,0.00085483806,0.05682143,0.0019037004
0.0011641567,0.00055381574,0.057786908,0.0012335534
0.001056597,0.00068339834,0.07101558,0.0014604168
0.0007761742,0.0004822163,0.06524455,0.0010960352
0.00071165856,0.00042324283,0.056641936,0.00090168766
0.0011616026,0.0007313847,0.06281345,0.0016679297
0.0011319207,0.0005595604,0.05837889,0.0012753664
0.00097267365,0.0005833902,0.054754283,0.0011823559
0.00081079034,0.00039580895,0.056555953,0.0008580153
0.0010308317,0.0006240701,0.05938534,0.0014334167
0.0010173349,0.0004417254,0.06909013,0.0010052734
0.0008219766,0.0005102559,0.055617128,0.0011198513
0.0007187711,0.0003923848,0.05049827,0.00078067265
0.000799463,0.0004794053,0.047806997,0.001161358
0.0009656063,0.0005384464,0.051363427,0.001310546
0.00082618295,0.00042397142,0.05289172,0.00098763
0.00085901015,0.0005239731,0.055824522,0.001132681
0.00077084906,0.00045604448,0.056007184,0.0010612071
0.001045749,0.0006386662,0.06342469,0.0014262926
0.000910103,0.0005073423,0.06014741,0.0011645715
0.0006470117,0.000387369,0.04232263,0.0008312138
0.00055732985,0.00031049448,0.03437551,0.0007485094
0.0005197633,0.00028077382,0.02910197,0.00084437674
0.0005395377,0.00021862533,0.02685961,0.00067479414
0.00070835656,0.00039912856,0.041282345,0.0010803838
0.0009683605,0.00047537836,0.06828804,0.0011280419
0.00062722055,0.000383591,0.06810877,0.00087001675
0.00053781056,0.00034474465,0.06069471,0.0005931367
0.00073111115,0.00046753875,0.05746394,0.0010916927
0.0009922839,0.00053321687,0.05037704,0.0014377942
0.0028187197,0.0016494709,0.096098416,0.0030316587
0.00077968946,0.00038298347,0.080705784,0.0008764864
0.0007069864,0.0004753609,0.05923856,0.00069868134
0.0005605448,0.0003358885,0.052327674,0.00084421085
0.0012474348,0.00074442633,0.052813686,0.0020332714
0.0010272124,0.00043813212,0.053620785,0.001058631
0.0011682225,0.00077815383,0.062566966,0.0015548017
0.00071990356,0.0003455432,0.081326395,0.00075154705
0.0005819047,0.00036931064,0.05179191,0.00096515554
0.0011978297,0.0005915909,0.070719086,0.0012729806
0.0016454265,0.0009027568,0.08116461,0.0021663094
0.010483001,0.005997527,0.24266356,0.00761409
0.00037897113,0.00023998086,0.17358953,0.0009407119
0.0009989436,0.0011451959,0.13014045,0.00070947804
0.0009027439,0.0009834738,0.089947045,0.0015774331
0.0010297995,0.00087260257,0.043291435,0.0016591614
0.00072722015,0.0004936821,0.08568105,0.00070916244
0.00082369905,0.0006153708,0.06686188,0.002273245
0.00067948137,0.00027360208,0.05696793,0.00052785024
0.0012501497,0.00097396376,0.06787324,0.0016847906
0.0004164215,0.00012804719,0.067770675,0.00030120154
0.00063621707,0.00045088137,0.050713133,0.0010850609
0.00083035923,0.00030263976,0.064352274,0.00075577456
0.0012623379,0.00077238306,0.069287464,0.001536995
0.00044266536,0.00015598311,0.077861205,0.00025567773
0.00079643505,0.00055388955,0.054024264,0.0011013715
0.0005396142,0.0001802149,0.06459612,0.00040948848
0.0010416595,0.00069218245,0.057224344,0.0014768153
0.0008168851,0.0003173542,0.06658801,0.00069343287
0.0011330002,0.0006941556,0.06693118,0.0014089721
0.0028958265,0.0018893821,0.12823921,0.0032523663
0.000976635,0.0005915031,0.0974864,0.0013821123
0.00096830947,0.00072928733,0.063590966,0.0009515535
0.0009504244,0.0006339471,0.05209212,0.001485991
0.008522419,0.006437103,0.18450041,0.009892658
0.00040140975,0.0001869302,0.17120774,0.0006414811
0.0068178647,0.008294377,0.19521646,0.010534041
0.00011226945,7.014884e-05,0.2601733,0.00022119214
0.00056414935,0.00059024885,0.0653263,0.00085356884
0.0011279022,0.0017125371,0.08324811,0.0018154051
0.0006917549,0.00061358046,0.043432627,0.001065418
0.0001452312,9.206791e-05,0.05844415,0.00016023271
0.00066053495,0.0004994166,0.062447697,0.0024975145
0.0045305165,0.0015357871,0.11115939,0.0029030005
0.0008062843,0.0006605736,0.16269967,0.0015531284
0.00022734595,0.00016772139,0.14172956,0.00016381763
0.00018777284,0.00017501066,0.050717458,0.00032751437
0.0012350742,0.0011050752,0.03310953,0.0027396933
0.0017099882,0.00072417146,0.060474668,0.0011674402
0.00050973846,0.000334881,0.05586502,0.00072002073
0.00048129197,0.0002595293,0.05480569,0.00054088136
0.00066780276,0.00035694888,0.064010516,0.00084985764
0.0010706531,0.0005974117,0.0624798,0.0014182583
0.00096719415,0.00047518857,0.07282714,0.00085056754
0.00082681794,0.0004992846,0.058959596,0.00089877023
0.00065542344,0.00037838824,0.04009147,0.00082480325
0.000524233,0.00026157455,0.029073521,0.00069361785
0.00090268976,0.00042016667,0.036701024,0.0011713025
0.0009393218,0.00047182938,0.04994087,0.0012517148
0.0018402743,0.0012337423,0.09712865,0.0022699237
0.0005744588,0.00031219266,0.111376464,0.00066469045
0.0032293813,0.0027019763,0.18247168,0.003490943
0.0034149713,0.002790335,0.35275874,0.006120834
0.009816527,0.00819235,0.4129225,0.021985184
0.00043381797,0.00011990803,0.42659923,0.0009915605
0.0017206838,0.0019189471,0.37900966,0.00066534814
0.0022220516,0.0039484077,0.07290527,0.0015598154
0.0015604901,0.002083261,0.117689334,0.0017701525
0.00062423974,0.0004860267,0.2558345,0.0018098751
0.00068599166,0.0005175174,0.12228558,0.0035505646
0.0013465051,0.0013964373,0.14611547,0.002415071
0.00084412436,0.0008103451,0.10230281,0.0011698647
0.000639618,0.00060612604,0.08316667,0.0010904245
0.0008456877,0.00073395006,0.10687361,0.0024821502
0.0010317194,0.00079888524,0.10415563,0.0019018343
0.0008168049,0.0007254125,0.08120778,0.0014606905
0.00058647967,0.00050132815,0.05270482,0.000994162
0.0004935726,0.0003361306,0.040225558,0.00074125896
0.0006852979,0.00038367225,0.034631345,0.0010048669
0.0007714174,0.00030161062,0.03862124,0.00076591625
0.0019295136,0.0010441707,0.09950579,0.0021217028
0.00046837144,0.00022798603,0.095913894,0.0005835042
0.0006325641,0.00048062328,0.0740088,0.00053997425
0.000453911,0.00033196056,0.048847448,0.00056669145
0.001225179,0.0008074295,0.043897822,0.0018556339
0.0011335659,0.00046872592,0.05825374,0.00092050235
0.0016299348,0.0011766707,0.08400162,0.0024583545
0.0020271698,0.001230632,0.18478724,0.0021621557
0.016001487,0.017070742,0.37259188,0.034294423
2.459593e-05,5.467671e-06,0.33745748,0.00011468678
0.00046145197,0.00061398605,0.23771456,0.00023159217
0.0016886205,0.0032689478,0.03594979,0.0013436971
0.0005671324,0.0005635311,0.034951683,0.00054438936
7.248543e-05,4.9313494e-05,0.06948448,0.00014111714
0.00052668963,0.0004214525,0.047387023,0.0035718381
0.0016647263,0.00052415574,0.04555511,0.0010253855
0.0006132416,0.00045234236,0.052680273,0.0007392641
0.00027211485,0.00011820485,0.055468623,0.00021252329
0.0004967699,0.00033948294,0.048355084,0.0011350657
0.001551501,0.00061948004,0.07224367,0.0016281147
0.0010081669,0.00050397357,0.07238919,0.0009669003
0.0005654153,0.0003625202,0.052046876,0.00048028742
0.00028911064,0.00014670797,0.04586612,0.0002567308
0.0010083837,0.0005705936,0.048572432,0.0016852284
0.0011409726,0.00040244617,0.047579985,0.0010725412
0.00087203085,0.00035568283,0.07665659,0.00056234834
0.0006432458,0.0004003894,0.06322939,0.0008233508
0.00063859875,0.00034172795,0.05254907,0.00069173414
0.00071224885,0.0004460171,0.04618122,0.0009449637
0.00065029145,0.00041421968,0.03522018,0.0010028245
0.00056223257,0.00025621985,0.034342196,0.00059852906
0.000511897,0.00031318958,0.033304766,0.000866458
0.000457749,0.00017235967,0.03146009,0.00048475337
0.00045287696,0.0002721979,0.034216296,0.0007553573
0.0005901678,0.00024774723,0.03860631,0.0006559433
0.00086567743,0.00053509953,0.057730105,0.0012846863
0.0009078982,0.00043729704,0.07517844,0.0009241435
0.00060376996,0.00037949975,0.060185052,0.0007810589
0.0005437355,0.00032952894,0.0502996,0.0006446705
0.00076153694,0.0004321402,0.04758634,0.0011655516
0.0014220237,0.0007497321,0.060172155,0.0018160116
0.0008997593,0.00043282955,0.06314244,0.00093639723
0.0012105583,0.000843098,0.075477675,0.0015791605
0.0005256842,0.0002604168,0.07715159,0.00057336123
0.00051828404,0.00033192537,0.040660545,0.0007980178
0.0011182891,0.000614344,0.0524055,0.0015120473
0.00206948,0.0012394009,0.088220626,0.0028794287
0.000615118,0.00026784965,0.061939258,0.0006118374
0.0012994143,0.0009648862,0.07256815,0.0016176018
0.0005234211,0.00020293368,0.061437596,0.00056161784
0.0006545142,0.0003987926,0.03671365,0.0010625083
0.0064523015,0.0027895384,0.17120129,0.0051012533
0.003396282,0.0021673203,0.23845197,0.006285414
0.00031944612,0.0002462058,0.19755512,0.0002912539
0.00050826825,0.00060009194,0.10928333,0.00071281375
0.0022311772,0.0026034175,0.0669925,0.004389416
0.00075642497,0.0005873478,0.071778215,0.00082630035
0.0008046792,0.00067987246,0.06258253,0.0013014845
0.0021106794,0.0016627435,0.116910316,0.003616229
0.0010792955,0.00071081414,0.12834193,0.001462563
0.00057178555,0.0004759489,0.07395559,0.00073332194
0.0005584729,0.0004187671,0.05637904,0.00067880726
0.00090192124,0.00060315477,0.045632552,0.0014471762
0.0009373645,0.00043082086,0.04501614,0.00093285425
0.0015662813,0.0009710319,0.07958321,0.0019095789
0.00041986266,0.00015163336,0.069571234,0.00039042011
0.00076818065,0.00056723173,0.05742981,0.0009504452
0.00031385402,0.00013644912,0.04116325,0.00031806374
0.0009861395,0.000609206,0.040204022,0.0014033766
0.00076850207,0.00021813637,0.04835854,0.00058587
0.0012371911,0.0008300907,0.06618949,0.0017494332
0.00056363095,0.00018675499,0.0897221,0.00041454317
0.0009356983,0.000653973,0.0652211,0.0013314689
0.0007389372,0.0003835941,0.06662815,0.0007578259
0.00072275003,0.00045679446,0.04429691,0.0010394134
0.0012468377,0.00050635455,0.06341179,0.0009977808
0.0014376338,0.0009206079,0.080473326,0.0021636223
0.00037681402,0.00013997707,0.056285165,0.00029714237
0.0005023347,0.00034141509,0.037050147,0.00072966167
0.0010321554,0.00043983053,0.04832588,0.0012901697
0.0018325561,0.0011312243,0.08788955,0.0026386653
0.00086395704,0.0003407767,0.09484538,0.0006965984
0.000840762,0.0005969731,0.06591397,0.0009537617
0.0005588137,0.00035051312,0.067736536,0.00065816665
0.00086823566,0.00051196513,0.053098273,0.0016456379
0.0017218736,0.00072675134,0.0580027,0.0016965407
0.0008781166,0.0004571608,0.049917318,0.0009973176
0.0010630371,0.0006613485,0.062194336,0.001246317
0.0007350391,0.0004000845,0.06841985,0.0010456962
0.00081715285,0.00046439838,0.054727394,0.0010783148
0.0009463316,0.0005284686,0.059374772,0.0011039962
0.0012955784,0.0007780227,0.06560021,0.0016198673
0.0010739226,0.0005750104,0.06779449,0.0012657775
0.00088816043,0.00053818175,0.057365764,0.0011520573
0.00065750396,0.0003195141,0.053796694,0.0006763879
0.0011815228,0.0007350054,0.062904604,0.0017398779
0.0008839386,0.00037860227,0.056192834,0.0009796453
0.0010523255,0.00067532255,0.057557505,0.001337824
0.00054503354,0.00024592172,0.052130044,0.00055086677
0.0012452081,0.00086417433,0.06762224,0.0018992604
0.00074617245,0.00028808453,0.06974753,0.00076160213
0.00065691426,0.0004173636,0.0431455,0.00088342174
0.00040724297,0.000190827,0.03168354,0.00045648895
0.00073436147,0.00046010964,0.037438188,0.0013084003
0.0020196948,0.0007169895,0.0754526,0.0018470685
0.00074173155,0.0004358035,0.07194353,0.001143533
0.0005537933,0.00031925496,0.08082904,0.00042542722
0.0017969762,0.0013210819,0.12445924,0.0027236722
0.0012186366,0.0006227539,0.09354022,0.0017924014
0.0018324462,0.0012690051,0.08409097,0.0016605344
0.0012772861,0.0007934932,0.08219304,0.00119943
0.0072975396,0.005844267,0.20430255,0.008784223
0.0004466092,0.00024813338,0.22026414,0.0008574647
0.0007695469,0.0008037535,0.0893488,0.001111145
0.00074977585,0.00087402365,0.07967463,0.0011304105
0.0009129415,0.0007601606,0.038544938,0.0013808965
0.00041332125,0.00022121279,0.050643977,0.0004045568
0.0015070497,0.0011450992,0.08054146,0.0034470349
0.001136666,0.00035743136,0.091449745,0.0008838444
0.0011683657,0.0009587538,0.092716254,0.0015688314
0.00023209397,0.000107718886,0.08113677,0.00016688743
0.0007366263,0.00054315495,0.050879356,0.0011583038
0.00074808026,0.00027399178,0.04913911,0.00071603426
0.0010823546,0.0005992417,0.044254396,0.0012068822
0.0005717763,0.00018277467,0.06825454,0.00034332534
0.00062377704,0.0004100342,0.05343444,0.0010065052
0.00050704565,0.00016977215,0.062720455,0.00038427615
0.0007823598,0.00051245093,0.052654076,0.001111902
0.000981431,0.00036549757,0.0772434,0.0007519171
0.0010858651,0.00066515733,0.070081905,0.0014766259
0.0014759474,0.0008093163,0.09527118,0.0013422926
0.00081179466,0.00049380644,0.06876995,0.0010962136
0.00075243384,0.0004801902,0.04568222,0.0009481408
0.0009791768,0.000598375,0.04724817,0.0014109692
0.001243614,0.0006756534,0.051933188,0.001594667
0.001305868,0.00071480224,0.07599357,0.0015246212
0.0011834665,0.0008067195,0.08233358,0.001762382
0.00069046183,0.0003777003,0.08829073,0.0006741383
0.001509659,0.0010701896,0.09334664,0.0021250884
0.0011495653,0.00060526165,0.08264651,0.0013384568
0.0016060061,0.0010875765,0.07443588,0.0019142268
0.002182333,0.0012230652,0.12651518,0.002032398
0.0014608847,0.00095812354,0.10559168,0.0021291308
0.0005569249,0.000324932,0.07309071,0.00054495747
0.005858505,0.005154016,0.1605228,0.0078383135
0.0012780187,0.0006413422,0.20892267,0.0016140728
0.00087065273,0.0008244659,0.10162416,0.0010907174
0.0010571422,0.0011713505,0.11061298,0.0014773688
0.0016197498,0.001488833,0.09165996,0.0026827354
0.0004759883,0.00034652435,0.06819064,0.0006112676
0.0012440595,0.0010753768,0.059049685,0.0022762115
0.0005164017,0.00021426231,0.04774989,0.0004887446
0.0012151444,0.0009304776,0.060939677,0.0018883353
0.00060125184,0.00019915005,0.070150964,0.00053214974
0.0006344788,0.00041631632,0.048187286,0.000898892
0.0010667401,0.00048058564,0.09124427,0.0009276655
0.0014843631,0.000963906,0.09211169,0.0020803676
0.0007498282,0.00030970242,0.1207248,0.00044594525
0.0014810325,0.0010670123,0.09293859,0.0018903434
0.0007346997,0.0003845644,0.08615469,0.00064943155
0.0021073832,0.0015708689,0.09563714,0.0028041143
0.0012199284,0.00058453163,0.112219684,0.001104702
0.001504818,0.0011043937,0.08499078,0.0018902288
0.00059720146,0.0003638064,0.06730974,0.0006658436
0.001888649,0.0014273784,0.07967115,0.0028209751
0.0014024783,0.00065304287,0.10216628,0.0013628807
0.0016744349,0.0012538199,0.0916678,0.0023021493
0.0005014236,0.0003082078,0.065250576,0.0005651649
0.0013880264,0.0010635146,0.06613022,0.0021664815
0.002866173,0.0014048854,0.13946185,0.002863711
0.002124976,0.0014964172,0.14586386,0.002986388
0.008707584,0.009091489,0.37572685,0.009059591
0.00036392524,0.00014843955,0.38233086,0.0015250432
0.0013815628,0.0013708471,0.32407072,0.0014087011
0.00095203373,0.00096468587,0.21551134,0.0012261143
0.0007914318,0.00088005833,0.06320818,0.0007911727
0.00029266122,0.0003077043,0.054145165,0.00063411414
0.0005412902,0.00047940275,0.038642824,0.0021205854
0.0009356305,0.0006145981,0.06543706,0.0015376534
0.0014453337,0.0011742545,0.0869454,0.0023296939
0.00077019446,0.0004526115,0.11481182,0.00084711576
0.00060229946,0.000490736,0.07102777,0.0011793366
0.0005082813,0.00033224348,0.05870141,0.0006442112
0.0010371667,0.0007084666,0.04830275,0.0013755589
0.0009573653,0.0004956088,0.05657558,0.000934532
0.00057451177,0.00029942198,0.047732458,0.0006611584
0.00043040043,0.00018198167,0.038899455,0.00042716536
0.00091563707,0.0004651074,0.049186744,0.0011373645
0.0009060191,0.0003118952,0.06366414,0.000803016
0.0005653591,0.0002967176,0.048112445,0.0005983178
0.0006974512,0.00041471855,0.04927822,0.00070585846
0.00064248516,0.00039777777,0.041284945,0.0009618624
0.0010592733,0.0007069048,0.053016312,0.001578449
0.00043497703,0.00024306399,0.035370443,0.00060052564
0.00083424523,0.0005976633,0.043979775,0.0011988855
0.004858238,0.003347362,0.15995216,0.0062391027
0.00095437886,0.0005811256,0.12311758,0.0018184093
0.0006648369,0.00051896885,0.104348294,0.0003665917
0.0006766095,0.0005286833,0.057461534,0.0011970265
0.0010188931,0.0006307178,0.041142844,0.0015564202
0.0012914253,0.0006357387,0.056299143,0.0011953956
0.0025835969,0.001683708,0.105159804,0.00350799
0.0007846408,0.00035843177,0.122771926,0.0008079863
0.000749175,0.0005789506,0.08380821,0.0010221899
0.0008486308,0.0005902232,0.08257053,0.0010133188
0.0012160514,0.0007682501,0.057737984,0.0017723062
0.001848005,0.0009740049,0.08393193,0.0016077271
0.00212646,0.0014679467,0.11070759,0.0029203778
0.00051226205,0.00020265036,0.09790349,0.0003688577
0.0011038863,0.0008497729,0.07027217,0.0014070083
0.0010224618,0.0005239718,0.07732213,0.0010776109
0.0070475745,0.0056648576,0.1917809,0.008055511
0.003114042,0.0020067221,0.37658066,0.0048320354
0.00012075538,7.546654e-05,0.24382894,0.0002854903
0.0003225488,0.00044371333,0.11346458,0.0004738664
0.0012032946,0.0015650904,0.03557122,0.0021019138
0.0005316138,0.00045784368,0.046779368,0.0005218354
0.0004905957,0.00041922432,0.073791705,0.0012479061
0.0035047706,0.003133761,0.15133141,0.009524564
0.0008425747,0.00044493112,0.17479318,0.0010014805
0.0017245503,0.0019551541,0.1369763,0.0018356504
0.00019317254,0.00018193081,0.09022517,0.00022664614
0.0005330105,0.0005042563,0.033012543,0.001293333
0.00088347617,0.0005104049,0.055843998,0.00096295774
0.0010303473,0.0007049365,0.052490234,0.0016197024
0.0005985503,0.00023554746,0.069151245,0.00043954214
0.0007321812,0.0005195299,0.0655471,0.001160898
0.00063784426,0.00025057598,0.07359683,0.00057815854
0.0013527309,0.00091601623,0.07655927,0.00166002
0.0008658891,0.00037932806,0.094654225,0.00064799265
0.0013712745,0.0009337069,0.07431003,0.0016155419
0.00091473735,0.00046158477,0.076916985,0.0008130199
0.0012954009,0.0008847793,0.06414554,0.0017816935
0.0006476458,0.00031515432,0.051652323,0.0006418327
0.0011344565,0.0007778414,0.05582051,0.0016474207
0.0007555394,0.00028809093,0.058071002,0.0006855821
0.0009781636,0.00064268603,0.05648783,0.0013833131
0.0005114216,0.00024124491,0.046482295,0.00056621863
0.0011262643,0.0007713757,0.05842752,0.0016160519
0.0007980706,0.0003605096,0.057330824,0.000937039
0.0012708063,0.00086357334,0.06478841,0.0017234309
0.0009618189,0.00043998254,0.0825303,0.00090606936
0.0012809125,0.00087100733,0.07430411,0.0018169123
0.0013489608,0.0006755351,0.11482507,0.0011953497
0.0018572477,0.0012599742,0.10597131,0.0025959872
0.0007128842,0.00037139337,0.084824495,0.0006230026
0.0010855136,0.0007599036,0.052929293,0.0014767082
0.0010703515,0.0005190217,0.06229185,0.0010540895
0.0015475939,0.0010019009,0.075405315,0.0022796874
0.002442517,0.0011952327,0.1404106,0.0021562981
0.0022086587,0.0016826037,0.1739431,0.0035590963
0.0012282089,0.0010467941,0.22585012,0.0014981336
0.0011960818,0.001174756,0.21372375,0.0021468333
0.0014917456,0.0017054111,0.16853786,0.0024937475
0.0019814412,0.0023319137,0.16855064,0.0027365903
0.0013933989,0.0015241333,0.17227216,0.0021301333
0.0010945366,0.0011540066,0.14650542,0.00214045
0.001242658,0.0013174942,0.13459639,0.0025061993
0.001130802,0.0011451688,0.12365018,0.0019173713
0.00078860915,0.0007760575,0.10067456,0.0012873838
0.00084164576,0.0008167096,0.088659756,0.0015695961
0.0008880785,0.000769343,0.085206695,0.0015364042
0.00076903304,0.0006102453,0.067499734,0.001163853
0.0007748051,0.0005575874,0.05933125,0.0010404509
0.00064198114,0.0003901798,0.049194504,0.0008290238
0.0010900719,0.000650118,0.06511081,0.0013196765
0.0013710507,0.00070685137,0.09385439,0.0014728829
0.001093255,0.0006162129,0.10515905,0.0010586102
0.00032660476,0.00018790986,0.059683964,0.000296957
0.00042965834,0.00028812428,0.027769927,0.00059967226
0.0013885122,0.0006880842,0.04152752,0.0018239828
0.0010162455,0.00043952322,0.044504303,0.0011343702
0.00064663927,0.00036063886,0.04715565,0.0007620816
0.00038992046,0.00023833702,0.03688353,0.00056019507
0.00057343184,0.00035077299,0.040147286,0.00086735014
0.00090768875,0.0004814343,0.048250835,0.0013323466
0.001247376,0.0007062217,0.060788736,0.0014522672
0.0006460049,0.000383175,0.056011062,0.00075295236
0.00045403469,0.00029415343,0.03616603,0.00061250693
0.0005804557,0.00032976607,0.039937418,0.00087553513
0.0016131324,0.00086422596,0.06865458,0.0023288878
0.0010142886,0.00047019744,0.066726364,0.0010823745
0.0006467751,0.00044419215,0.04754817,0.0007561775
0.00061127427,0.00034018385,0.06763576,0.00062066776
0.0009080124,0.0005470769,0.06347515,0.001581163
0.0009076609,0.00040546985,0.053700745,0.00094593863
0.0011945053,0.0007952917,0.062278885,0.0015705007
0.0005489711,0.0002647922,0.048563175,0.0006250167
0.0012101026,0.00082636473,0.06767241,0.0018514214
0.0012444684,0.0005633141,0.08668847,0.0014493022
0.0009301708,0.0005540489,0.06561884,0.0011403745
0.00045159215,0.00024828367,0.045316853,0.0005088278
0.00087406905,0.0005666961,0.043936282,0.0014861895
0.0009513614,0.00032660633,0.043497857,0.0009857754
0.00096492947,0.00057183346,0.050776325,0.0013327922
0.0005227752,0.0001962988,0.053833805,0.00046620864
0.00074975233,0.0004842055,0.055108704,0.0011216082
0.0010245747,0.00048986013,0.071424276,0.0012108586
0.001252138,0.0007788681,0.07345717,0.0016558995
0.00056258106,0.00024385046,0.06418653,0.00045871115
0.0010832265,0.000739278,0.058779757,0.0015694823
0.0010215594,0.00041812216,0.06871013,0.0010193998
0.0012292337,0.00075642066,0.06709624,0.00165935
0.00067380216,0.0002886764,0.061930124,0.00061906956
0.0009757296,0.00066359964,0.05704838,0.0014215547
0.0007592064,0.00034057398,0.05773277,0.0008442125
0.0014204518,0.0009373055,0.0711311,0.0020026572
0.00062998204,0.00025873835,0.06267171,0.0005910169
0.0011993896,0.000850964,0.06481217,0.0016940016
0.0006219381,0.00027159933,0.061495613,0.0006963715
0.00077922613,0.0004888298,0.044047855,0.0011735307
0.00090175413,0.00033961955,0.053639337,0.0008493485
0.001733508,0.0011476246,0.08072378,0.0025236676
0.0004969835,0.0001533468,0.07584891,0.00036247558
0.0013745495,0.0010173313,0.075036146,0.0018482779
0.0010492962,0.00042425792,0.115212895,0.0009228039
0.0013453497,0.0009003487,0.07987032,0.0018942001
0.00079722184,0.00038143026,0.08588507,0.0006337811
0.0012143753,0.0008081682,0.058410022,0.001709446
0.00059922115,0.00022928997,0.0538117,0.0004900859
0.0012468357,0.0008488425,0.061483957,0.002021005
0.0006927785,0.00019701959,0.055792764,0.00054781395
0.0007943798,0.00053795974,0.050397526,0.0011407065
0.0006183337,0.00024697938,0.056487206,0.00058438943
0.0010888668,0.0007235683,0.060656656,0.0016726656
0.0007242118,0.0002637507,0.058381557,0.00064732623
0.0020007652,0.0014294698,0.086567156,0.0025188397
0.000545213,0.00018896925,0.08935504,0.0004387502
0.0014105105,0.0010106515,0.07372723,0.0018538509
0.00093884557,0.00041443203,0.08718568,0.00089729147
0.0015597332,0.0010545462,0.06945423,0.002025138
0.00058488076,0.00024769251,0.065902814,0.00047698105
0.00090931775,0.0006077192,0.050569117,0.0014283283
0.0007998728,0.00026651498,0.06745741,0.0006449715
0.0010077154,0.0006712294,0.06352212,0.0016314887
0.0009589475,0.0003522591,0.087182246,0.0007199574
0.0009014664,0.0005991406,0.06813524,0.0013561803
0.00089892827,0.00044897886,0.0757092,0.000851476
0.00089227693,0.000555623,0.057512015,0.0013039253
0.00063030864,0.00024988604,0.040795423,0.0005770285
0.0006420371,0.000368006,0.032351006,0.00092966686
0.0009860905,0.0003577629,0.04263156,0.00095047837
0.001450179,0.00081617717,0.081381276,0.0019793806
0.0009168667,0.00046150596,0.093948014,0.0010216477
0.0008530551,0.0005872512,0.09209249,0.0009081104
0.00046038532,0.00029823673,0.05570341,0.00062603666
0.0141807515,0.012044278,0.2462175,0.016847992
0.00031735183,0.0001338449,0.20541082,0.0007442096
0.002083191,0.0025962861,0.13712958,0.0015234643
0.0006708442,0.0008850843,0.09582653,0.0008827833
0.0012914755,0.0012634214,0.05519649,0.0020734917
0.00031787218,0.00022602797,0.10477137,0.00038651278
0.0009831213,0.0008329516,0.068461165,0.00308527
0.001381301,0.00061429694,0.117368564,0.0010258326
0.00081241527,0.00067195244,0.075263195,0.0012813987
0.00028907377,0.0001421976,0.07505012,0.0001967984
0.00067181373,0.00048070823,0.04604859,0.001304792
0.0010359248,0.00035425034,0.050316554,0.00087154383
0.0021115567,0.0013278069,0.10026934,0.0024989806
0.00044641705,0.00020602612,0.09859558,0.0003945405
0.00043847444,0.00032572675,0.057502236,0.00047147245
0.00052399957,0.00029520495,0.05384725,0.000580148
0.0015231436,0.0009113507,0.055755306,0.002104453
0.0010334799,0.00032282577,0.071352124,0.00063930696
0.0013718354,0.0009273179,0.07582263,0.0017963434
0.0012029386,0.0006837698,0.11109468,0.0011897869
0.0007617085,0.00049107225,0.07975378,0.0011231055
0.000847902,0.0005658571,0.05582342,0.001065738
0.0010546626,0.0006738222,0.047225304,0.0013707528
0.0010863272,0.00059279165,0.045983072,0.0012676269
0.0012246526,0.0007420382,0.061843757,0.0017230479
0.0006370973,0.00030430467,0.0534509,0.0007553012
0.0006218461,0.00037491316,0.04837383,0.0008075856
0.0011376138,0.00065560394,0.064143166,0.0015338564
0.0011488075,0.0006544646,0.067383215,0.0015004849
0.0007576135,0.0004182409,0.054866802,0.00080927485
0.0006722266,0.00041429652,0.043312237,0.00084356393
0.0013623793,0.0008228906,0.068109475,0.0018618379
0.0013541451,0.0006007247,0.08304027,0.0015346102
0.0007993073,0.00046649706,0.060038958,0.0009056078
0.00073675043,0.00047586404,0.05230404,0.0008228306
0.0007795071,0.0004788091,0.047484096,0.0012272611
0.0010670904,0.0005764882,0.051851176,0.0014633372
0.0009916304,0.00050767604,0.055630516,0.0011545023
0.0007076835,0.00042711938,0.050564624,0.0009166622
0.00056862645,0.00034854887,0.044832077,0.00082668226
0.0007993925,0.0004641546,0.047905587,0.0012251905
0.00106702,0.00053014315,0.054047707,0.0013525467
0.001124436,0.00061856286,0.06421994,0.0012865931
0.00053922314,0.00031501122,0.04596711,0.00069288246
0.0006521823,0.00039624117,0.044084586,0.0008762668
0.00043004734,0.00018618317,0.029196884,0.00059323176
0.0006018876,0.00032702193,0.028364006,0.0008761521
0.000498637,0.00018670634,0.02805389,0.0005741201
0.0008408293,0.0005252824,0.048985396,0.0013075278
0.0006603157,0.0002750252,0.069019645,0.00069216924
0.0006459977,0.00043453142,0.060964376,0.00087738456
0.0009316186,0.00056563976,0.10475128,0.0009273532
0.002891516,0.0019678997,0.15680873,0.0044920295
0.00074028,0.00035138347,0.112018675,0.0007810941
0.00185763,0.0014853836,0.085337855,0.001812374
0.0018725485,0.001284183,0.15029202,0.0019068725
0.003019088,0.0023068425,0.15779275,0.0045696143
0.0005637963,0.00038851192,0.13299377,0.00073209335
0.0010222784,0.0009165278,0.05968108,0.0016563663
0.0006875018,0.00048628074,0.05956588,0.000847865
0.001004348,0.00071854354,0.048219535,0.001727449
0.0008749648,0.0003412862,0.060024783,0.00075640844
0.0013084309,0.0008900686,0.07673751,0.002080828
0.00049797137,0.00018069017,0.06804163,0.00044561876
0.0010043607,0.0007037553,0.06598812,0.0012714167
0.0006000968,0.0002203284,0.073587395,0.0005100953
0.0018532573,0.0013259745,0.08391809,0.0022975723
0.0005086355,0.00017405704,0.09806808,0.00035344964
0.001114849,0.0007925754,0.060408622,0.0014576358
0.00038228897,0.00013531084,0.06191328,0.00029234446
0.0010753343,0.00072819035,0.053104863,0.0016802636
0.0005905537,0.00016348407,0.051560447,0.00042895428
0.0013750193,0.0009895967,0.0694364,0.0020329696
0.0010314536,0.00032395462,0.13020405,0.00071249716
0.0009431756,0.00064238545,0.07966667,0.0014098672
0.00029186977,0.0001542841,0.055067014,0.00024316949
0.0010879991,0.00074450497,0.04719872,0.001725906
0.001155847,0.00036202438,0.046904247,0.00094065553
0.0014037782,0.00092909386,0.070191614,0.0019771892
0.00043415974,0.00013793689,0.06960778,0.00034063478
0.00080314785,0.0005721271,0.058563206,0.0011240997
0.00051143393,0.00022284858,0.049813095,0.00060018484
0.0023326185,0.0016410672,0.08851945,0.0030973004
0.012417824,0.005728321,0.35960823,0.008660432
0.00014018116,8.889262e-05,0.23713584,0.000767485
0.00048707915,0.00065060175,0.16414483,0.00036245925
0.001428596,0.0023714227,0.10281618,0.002078328
0.0018067114,0.0018804363,0.08775009,0.0028766186
0.00036338592,0.0002669178,0.20105669,0.000320738
0.00046492938,0.00034709237,0.11226189,0.0026337763
0.002179398,0.002062521,0.15260886,0.003002667
0.0010739903,0.00100007,0.12532517,0.0015110057
0.0006155705,0.00058422855,0.14554569,0.0004795493
0.0007032785,0.00061489624,0.12559268,0.0023269707
0.003271924,0.003309506,0.16034953,0.0053516375
0.00073702924,0.00055946445,0.20372045,0.0010314101
0.0009972786,0.001044177,0.09867218,0.0012451832
0.00031544603,0.00032981945,0.08543259,0.0005826398
0.0011639943,0.0011410293,0.054716058,0.002366419
0.000810306,0.00048062264,0.08798573,0.0007725635
0.0009918581,0.0007631225,0.07014201,0.0016041138
0.0008417465,0.00045655994,0.08902309,0.00084918534
0.0010454054,0.00078587607,0.079440214,0.0015271648
0.0007831736,0.00043071836,0.08737859,0.00073071814
0.0009864757,0.0007216692,0.070598744,0.0014105344
0.00080952246,0.00044497332,0.065883555,0.0007919791
0.0010818437,0.00070897193,0.05611737,0.001371938
0.0008372819,0.00037471886,0.057146776,0.0007706558
0.00096544245,0.0006011585,0.055654112,0.0013419109
0.001194909,0.0006058332,0.0732478,0.0012277783
0.00090613513,0.00056241703,0.067926385,0.0012085252
0.0009532535,0.0005730537,0.07149875,0.0010106468
0.00061056134,0.0003540334,0.04751619,0.00081955345
0.0010106616,0.000643664,0.04549607,0.001391807
0.0016061548,0.0008841233,0.068317585,0.0019591027
0.00068330904,0.000406397,0.04754803,0.0009915741
0.0010473058,0.0006960163,0.06109854,0.001243909
0.0012322696,0.00078572566,0.08231483,0.0018915731
0.00104774,0.0006082101,0.071082816,0.0012975287
0.0010702194,0.00070584787,0.06827197,0.0012845051
0.0008944917,0.0005411929,0.054665163,0.0011162531
0.0012360843,0.0007770663,0.06290855,0.0017032371
0.0011010462,0.0006035286,0.06421362,0.0014548576
0.0009778793,0.0005714489,0.058608837,0.001184779
0.0008253435,0.00045955976,0.059186697,0.0009908504
0.0011443035,0.00073482405,0.066965155,0.0016762507
0.0010758545,0.0005973675,0.06993738,0.0013561433
0.0008420156,0.00048275138,0.056971792,0.0010126911
0.001641603,0.0011071635,0.08218139,0.002059356
0.0007873895,0.00040230015,0.06747804,0.0010021911
0.0032881256,0.0023459056,0.12476216,0.0037378685
0.00077650126,0.00036656432,0.108166516,0.00095939334
0.004299432,0.0036480685,0.13815923,0.004418046
0.003390277,0.0027067277,0.34543052,0.004888847
0.0005032059,0.00038563236,0.2116773,0.0012918963
0.00036916163,0.00047255587,0.12187698,0.00061042723
0.0010428429,0.0011804466,0.044576336,0.0019281917
0.00045112197,0.00040830733,0.046935324,0.0004865657
0.0004706178,0.00039313422,0.043273825,0.0011926448
0.0017617076,0.0010748445,0.06864751,0.002938357
0.0007629803,0.0004049097,0.071602695,0.0009611232
0.00074547034,0.00052730273,0.0649431,0.0008402653
0.00057631213,0.00031634833,0.07923265,0.0006125364
0.0014639779,0.0010070425,0.086253546,0.0021455311
0.0009650505,0.0004414133,0.09002829,0.00088891207
0.0010526804,0.0007254273,0.06393077,0.0010903792
0.00059552374,0.00030014725,0.06783306,0.00048042063
0.0010910642,0.0007370721,0.062629595,0.0015958865
0.00074409303,0.0002644644,0.06754618,0.0006217063
0.0011829586,0.0007402408,0.062716246,0.0014808286
0.0008255755,0.00031366042,0.0963007,0.00059675163
0.0009723633,0.000638248,0.065488,0.0014292157
0.0012324883,0.0007089293,0.06980381,0.0012926157
0.0011149106,0.0007326649,0.06028645,0.0014420036
0.0018129891,0.0011584739,0.08419905,0.0020620516
0.00083256693,0.0005000258,0.06350304,0.0012854665
0.0011871973,0.0007459637,0.059703216,0.0013395904
0.0009272459,0.00051746215,0.058869094,0.0011582088
0.0015064095,0.000982562,0.06805581,0.0020296278
0.00064326456,0.00030378805,0.05802243,0.0007220554
0.001140664,0.00079082936,0.05849689,0.0015992402
0.00085009914,0.00036262898,0.074505486,0.0008477857
0.0009554106,0.0006348656,0.060136262,0.0014662886
0.004927992,0.0024206275,0.20495242,0.0036344058
0.00064023514,0.0003902611,0.12344435,0.001358202
0.00063309,0.00053477334,0.09776134,0.00040063565
0.0007410992,0.00056612765,0.04704965,0.0013715996
0.00089457916,0.0005153877,0.027562136,0.0011884947
0.00092621957,0.0004272915,0.041022226,0.0009337913
0.00087431783,0.00048729582,0.044940393,0.0013780954
0.0008966533,0.00036224385,0.067803696,0.00083583314
0.00074744294,0.0004911201,0.068572015,0.0011839975
0.0006672307,0.0003116121,0.07576733,0.0005584567
0.0010189656,0.00069355196,0.07318318,0.0013858754
0.0013558678,0.0006673314,0.07928879,0.001360673
0.004324847,0.0030652005,0.15022448,0.0046187225
0.00037169523,0.00014492079,0.13799256,0.00030748782
0.0011389544,0.00093915605,0.06978548,0.0012984022
0.0005872603,0.00035083454,0.06723418,0.0006816558
0.00142742,0.0009815644,0.054130383,0.002027551
0.0008439785,0.0003369782,0.06770303,0.0006893381
0.00090372405,0.000595864,0.051693026,0.0013903691
0.0009416792,0.00046267282,0.077126935,0.0009905192
0.0008285283,0.00053636305,0.0654255,0.0013851259
0.0011100759,0.0005234461,0.08380029,0.00096513657
0.000931026,0.0005873996,0.06412489,0.0013084939
0.0021456706,0.0011762035,0.10263871,0.0018859039
0.00096095033,0.0005526883,0.08194842,0.0012856219
0.00085101597,0.00046473395,0.06658036,0.0007023705
0.0007955736,0.00048467267,0.052593585,0.0010430531
0.0019616925,0.0011000037,0.07086324,0.0022390636
0.0010799544,0.0005531266,0.07838463,0.001262551
0.006112538,0.004994236,0.18418254,0.0070616445
0.0004560951,0.00023984902,0.2643282,0.0007011247
0.0013541474,0.0013837657,0.17305012,0.0020102274
0.0007932209,0.0010752043,0.16772172,0.0010689495
0.0009652013,0.0009808361,0.059678677,0.0013707058
0.0007482645,0.0007964992,0.12420399,0.0008591093
0.0007527145,0.0006449728,0.08497592,0.0022815836
0.00095493946,0.0007277474,0.072152995,0.0012086912
0.00081921834,0.00067104376,0.05625787,0.0011397466
0.0009121599,0.00054771896,0.0678547,0.0008801803
0.0009341696,0.00061689754,0.07524535,0.0015325439
0.0008222519,0.00046706863,0.062041167,0.0009713191
0.0011943064,0.0007528622,0.085799016,0.0012839827
0.0010276877,0.00060692854,0.089244254,0.0011128496
0.0007339505,0.00043210146,0.07458014,0.00074939674
0.000744115,0.00049048406,0.049966875,0.00088371226
0.00083797594,0.00046319005,0.046642095,0.00090335275
0.001243758,0.0006800969,0.057147626,0.00154556
0.0010887184,0.00042827884,0.06879707,0.00094496977
0.0007371695,0.0004422547,0.05628695,0.00090665434
0.000897671,0.00056452147,0.059347104,0.0010641442
0.0011126035,0.0007213608,0.06429334,0.001662731
0.0012013972,0.0007276987,0.062400177,0.0015169126
0.008499298,0.0065736123,0.20552184,0.008840262
0.0025517456,0.0019394802,0.29491103,0.0058883023
0.00033602552,0.00029909532,0.1947518,0.00049285917
0.00073737203,0.0010103526,0.13997029,0.0011822782
0.0014388377,0.0016821858,0.056154788,0.0023164414
0.00084673316,0.0008421486,0.0886287,0.00086648396
0.00083748554,0.00078853784,0.10743945,0.0027607142
0.0014847874,0.0012410439,0.10627637,0.0028290818
0.0018392745,0.0017814864,0.14903063,0.0024236084
0.0009239718,0.0008477171,0.12968533,0.0012959703
0.00069058256,0.00069033745,0.09301956,0.0010527797
0.0006086354,0.0005618845,0.055537716,0.0011737453
0.0011035101,0.0008625579,0.05708917,0.0014733268
0.0007565323,0.00045870693,0.059058983,0.0008693786
0.0009778062,0.0006094836,0.062047083,0.0012315209
0.0010310657,0.0006454208,0.08709257,0.0013469458
0.00081364304,0.00046098075,0.08467649,0.0009060659
0.00081623724,0.0005015431,0.08043614,0.00082378247
0.0014205397,0.0009226479,0.089668535,0.0015616844
0.0009261432,0.0004981107,0.06827412,0.0009644156
0.001187868,0.00080404035,0.05552357,0.0014257403
0.0009983853,0.0005595663,0.057258982,0.0011378372
0.0017659755,0.0012233363,0.083674476,0.002570262
0.0010088627,0.00054348615,0.084394366,0.0012126727
0.0009940676,0.00070699037,0.06411151,0.0012666348
0.0005869058,0.00033973623,0.0532706,0.0006727793
0.0010701754,0.0007007939,0.04963842,0.0016588268
0.0013241518,0.0005744371,0.061077595,0.0013150526
0.0018707906,0.0012633456,0.08801338,0.0025315315
0.0009913545,0.00051504985,0.10108082,0.000998473
0.0010194571,0.00072497595,0.07678691,0.0013701967
0.0005219653,0.00029395396,0.05657011,0.0006055498
0.0013425914,0.0008942775,0.053312447,0.0018973368
0.0011775485,0.0004308215,0.062565856,0.0009311745
0.0010081392,0.0006588741,0.058159027,0.0014725041
0.00068506156,0.00028565407,0.07111176,0.00060348545
0.0006716887,0.00042797392,0.052768562,0.0010584752
0.0010262562,0.00052068604,0.05800505,0.0011856497
0.00088908855,0.00053099834,0.051619813,0.001214825
0.0009174856,0.0004559403,0.053375985,0.0008851384
0.0007596377,0.00045610403,0.049347613,0.0010755397
0.0008237789,0.00044430807,0.050259475,0.0010093411
0.0008622202,0.00042730776,0.056230854,0.0010541413
0.0013137397,0.00075697346,0.06817804,0.001619633
0.0009484545,0.00055635744,0.068700135,0.0011347667
0.000785535,0.00050356635,0.05467541,0.0009854482
0.0008196565,0.00047597318,0.056002453,0.0010233796
0.0010824247,0.00066785,0.058646653,0.0016016988
0.0027226105,0.0014438747,0.11671911,0.0026258458
0.0010057136,0.00061496877,0.09528927,0.0015078315
0.0007637116,0.00051158183,0.07523637,0.00068876107
0.0012935196,0.0009062992,0.08060681,0.0020107978
0.0017551926,0.0010187309,0.0768409,0.0023723503
0.0013578918,0.0007869835,0.07656653,0.0014141749
0.0010598953,0.0006895577,0.059878275,0.0014000331
0.0010996934,0.0006316036,0.071659215,0.0012720977
0.00081189635,0.00047810393,0.055348895,0.001303522
0.0010611335,0.00052595936,0.052864555,0.0011207454
0.0011723932,0.00067308446,0.06376044,0.0014707219
0.00061635504,0.00029672068,0.044935804,0.0007011992
0.0010002058,0.00064576045,0.0547342,0.001346623
0.0007157358,0.0002625239,0.052462824,0.00071321655
0.001130355,0.000690982,0.06004969,0.0014044857
0.0009589089,0.00047344688,0.069575295,0.0010235896
0.0008643288,0.0005305456,0.056349855,0.001071225
0.0008860273,0.0005125133,0.060026467,0.0010361022
0.0014230656,0.0008962214,0.070889026,0.0019180329
0.0010853997,0.00061157666,0.06772747,0.001269887
0.0015357119,0.0010368327,0.07868531,0.0018648317
0.0012406039,0.00075172086,0.08164119,0.0015078945
0.0014966888,0.0010309598,0.08103813,0.0019912021
0.00083086616,0.00046601254,0.06947637,0.0009561119
0.00081063143,0.00052551104,0.04446897,0.0011529621
0.0006074674,0.0002686012,0.036419276,0.00066187215
0.0012445434,0.00080606714,0.055991933,0.0020196543
0.0009533854,0.00031065042,0.06394993,0.0008224582
0.00064488704,0.00041873255,0.053245842,0.0009241584
0.00053275225,0.0002752458,0.05613984,0.00055629865
0.00096945657,0.0006164908,0.059269223,0.0015619729
0.0026363032,0.0011888843,0.10269027,0.002516054
0.0013358776,0.0007935536,0.09700584,0.0016386897
0.00057167106,0.00033062894,0.074516825,0.00042231462
0.000707117,0.00048344745,0.051336974,0.001100908
0.0020479308,0.0011553201,0.070980825,0.0029343597
0.0013795985,0.0006571114,0.073035836,0.0014108262
0.0017575745,0.0012153856,0.08751218,0.0019129401
0.0004399633,0.00024836266,0.06285185,0.0005368728
0.0010105971,0.00073232147,0.059888635,0.0015881624
0.0010341678,0.00045987198,0.06413316,0.0012380761
0.0020665235,0.0013855,0.07781458,0.0025471244
0.0003378239,0.00011959922,0.058325455,0.00027489944
0.0008551245,0.0006133407,0.044973936,0.0013455512
0.0005022794,0.0001303259,0.049054224,0.0004257752
0.0008992217,0.0005883339,0.04854439,0.0014224872
0.00036723763,8.4883955e-05,0.04914959,0.00023787715
0.0009955348,0.00070927694,0.056971557,0.0015528959
0.0004892534,0.00011936102,0.07266765,0.00034239827
0.0007691443,0.00052123825,0.051832873,0.0011162914
0.00025411302,7.0742855e-05,0.04577692,0.00016946992
0.0007189981,0.00048165454,0.040894173,0.0011983663
0.0005634181,0.00012225751,0.045310806,0.0003850571
0.0010069059,0.0006908278,0.059447844,0.0015591538
0.00036988728,9.362562e-05,0.06834002,0.00023479658
0.00062414014,0.000428797,0.045732025,0.00090396847
0.00033326293,0.00011868027,0.036605127,0.0003188159
0.0013594014,0.0009350734,0.06310781,0.0021698594
0.00094382494,0.00024608808,0.07561168,0.0006811453
0.0023429997,0.0017838115,0.10779163,0.0030259502
0.00034608782,0.00015313334,0.14149398,0.0002952553
0.0007878081,0.0005776822,0.07231905,0.0012322577
0.0006950725,0.00041393438,0.056301225,0.0010201317
0.0010294481,0.00064319436,0.035631724,0.0012838519
0.0003478902,9.886592e-05,0.036334403,0.00021784501
0.00076410314,0.00051336933,0.046596598,0.0015839676
0.0009504832,0.00023181073,0.06404153,0.0007416434
0.00089144526,0.00059881667,0.0742336,0.0013723499
0.0005754585,0.00023057447,0.1014001,0.0004157569
0.0007139074,0.00047354997,0.060327753,0.0010448045
0.0011889407,0.00059524213,0.071361534,0.0012288142
0.0010988124,0.00061400275,0.055094495,0.0013793388
0.0025640565,0.0011602012,0.122539416,0.0016814132
0.0005277298,0.00027488428,0.07291579,0.0007385606
0.0009909929,0.0006780379,0.05431292,0.0010191946
0.000958044,0.000555115,0.057544705,0.0012379806
0.0011161698,0.00063720345,0.047345854,0.0014512737
0.0012935728,0.00056039105,0.08250543,0.0010832136
0.0010891879,0.0007174989,0.0782619,0.0017955059
0.0005770143,0.00024063414,0.08660438,0.00042601154
0.0020146188,0.0014931912,0.11005479,0.003000281
0.002412887,0.0010327001,0.18516546,0.0020907752
0.00087343296,0.0006050504,0.10775224,0.001192996
0.00063271174,0.0005032335,0.08504538,0.0005298808
0.00080054207,0.00055801426,0.03968567,0.0012788399
0.0009060034,0.00042175956,0.036713447,0.0009286434
0.0007615181,0.0003892815,0.03729748,0.0010544367
0.0010320762,0.00044884873,0.04702993,0.0011025487
0.0013691512,0.0007474327,0.093347006,0.0017335138
0.00096357684,0.000611908,0.09632201,0.001385569
0.0004802149,0.000271436,0.08626426,0.00038077385
0.00085868116,0.0006159424,0.05943644,0.0011675116
0.0019180679,0.0010783138,0.06904997,0.00240967
0.0019593162,0.0010073483,0.08647419,0.0018074244
0.0005533964,0.00026627377,0.06426501,0.0004745244
0.0009299302,0.0006552099,0.05508228,0.001254088
0.0006361948,0.0002887222,0.05046617,0.0007687917
0.0012614945,0.000809037,0.058780894,0.0017749908
0.0011390649,0.00045123152,0.080600075,0.0009691639
0.0014957736,0.0010253763,0.09092812,0.0019390308
0.00068200764,0.00040671506,0.08288248,0.00078967237
0.00093542604,0.00065265707,0.058939215,0.0013665847
0.0009637698,0.00046977706,0.053422663,0.001098543
0.0017445527,0.0010915358,0.064910516,0.0021737246
0.0006442887,0.0002462733,0.056783967,0.0005428882
0.0006135244,0.00040635548,0.03923663,0.0009480747
0.0005853922,0.00021440179,0.045327608,0.00058199745
0.0012468981,0.00082028593,0.068482466,0.0019638953
0.0014326238,0.0004769172,0.11521894,0.0010444145
0.00081840553,0.00054287567,0.07657453,0.0011189987
0.00048430482,0.00029582053,0.070172966,0.00039529646
0.004068753,0.0030914145,0.1550562,0.006146538
0.0013710853,0.0005358245,0.13875128,0.0015110722
0.0019169864,0.0015878663,0.10282913,0.0016955226
0.00071565266,0.00054357655,0.08186795,0.00075663306
0.0019829771,0.0015360657,0.08255132,0.0029961225
0.0008185374,0.00041937744,0.09065749,0.00091540656
0.0009599603,0.0007012197,0.04967528,0.0015246685
0.00082324626,0.00038766445,0.069051564,0.00075311266
0.0011804469,0.0008234443,0.0693178,0.002027827
0.0009645483,0.00036570095,0.08518684,0.00075051904
0.0011572671,0.00077132107,0.07973867,0.0015894186
0.0005607057,0.00024681227,0.07377107,0.00047490877
0.0011812649,0.00083089306,0.0649907,0.001645735
0.0007770344,0.0002654836,0.07529619,0.00057160924
0.0012749298,0.0008443583,0.0675006,0.0016575853
0.00038981854,0.00013792526,0.061342254,0.00027347845
0.0013138996,0.0009514223,0.067972094,0.0019767135
0.0010878501,0.00034508103,0.10077228,0.0008737957
0.0017541308,0.0012167725,0.09901661,0.0022862242
0.0008581192,0.0004969955,0.10586635,0.0007797777
0.0009173558,0.0006369387,0.059745513,0.0013044003
0.0011535541,0.000699978,0.06559424,0.0014118744
0.0012480452,0.0007610736,0.05853398,0.001712186
0.0014625582,0.0007617931,0.07471158,0.0013937344
0.0014295903,0.0009636043,0.09102571,0.0021828648
0.00073121476,0.00039160528,0.07409377,0.0007834214
0.0008529899,0.00058427284,0.0578428,0.0011561975
0.0010094759,0.00053747656,0.05561686,0.0012011625
0.0012975942,0.0007792994,0.060740273,0.0016879227
0.0010855236,0.00053908833,0.06478994,0.0011411682
0.0009338002,0.0005564154,0.06362544,0.0011493372
0.0005289176,0.00027384073,0.047853835,0.0006277866
0.0009890964,0.0006172653,0.051976368,0.0014006074
0.0009838282,0.00048174188,0.052223977,0.0012047442
0.00084855105,0.0004717037,0.047841027,0.0009824473
0.00065311394,0.00037849578,0.044486053,0.000828724
0.0010838591,0.0006842582,0.061976098,0.0015195593
0.0011965493,0.0005765913,0.08533688,0.0013740287
0.0011630155,0.00074932846,0.0797541,0.0014911533
0.0005608331,0.00033368266,0.057184037,0.0005897122
0.00070311705,0.00046385304,0.04009885,0.0010906497
0.001310649,0.00064939976,0.05422598,0.0016457716
0.0015222512,0.0008811455,0.07343684,0.0020252534
0.00057071453,0.00027253013,0.05877666,0.00057671906
0.00085917674,0.0006103799,0.05820435,0.0011808847
0.0004987838,0.00024532774,0.045292426,0.0006896679
0.0011707853,0.00074434816,0.053452004,0.0017344294
0.0006210795,0.00021946592,0.042690378,0.00058511476
0.00070347695,0.0004628998,0.039539907,0.001008845
0.00075473514,0.0003171477,0.058500472,0.0008229666
0.0007284191,0.00042129017,0.052361112,0.001153621
0.0007157972,0.00027761207,0.06142852,0.00060189585
0.00065575074,0.000411207,0.046095006,0.00095775665
0.0008756726,0.00040717944,0.053354196,0.00087015337
0.0008438064,0.00049410324,0.053640164,0.001267613
0.00072615437,0.00032844098,0.047965832,0.0007163133
0.001971468,0.0013681154,0.100433126,0.0025769698
0.002713772,0.0014131875,0.19945583,0.0029320936
0.00076867867,0.00050508155,0.14373195,0.0011508748
0.0010810726,0.0009966432,0.13542442,0.0011325469
0.0058377036,0.005694657,0.25513348,0.008444673
0.00044874335,0.00034114445,0.15076725,0.00086306594
0.0014143458,0.0018398965,0.09756345,0.0020542822
0.0011648854,0.0012928555,0.094817124,0.0021264448
0.00088949053,0.0008403768,0.06256822,0.0013467586
0.00041828444,0.00034180746,0.05580704,0.00076520914
0.00093212945,0.00068062055,0.040629856,0.001782296
0.0009450523,0.00041899242,0.054586668,0.0009087551
0.0006806637,0.0004436009,0.050356694,0.0010776464
0.00042747706,0.00015159573,0.05232109,0.00034751164
0.0015245199,0.0010627893,0.08704889,0.0022026477
0.0018358883,0.00076517754,0.15561405,0.0015999706
0.0010371201,0.00074829947,0.1186864,0.0011290202
0.0010686397,0.00089055847,0.15056354,0.0006971709
0.0007545117,0.00053792296,0.07623801,0.0012249821
0.0011241819,0.000831865,0.065198705,0.001387864
0.0011242748,0.0007148008,0.056808285,0.0013962098
0.0020541449,0.0013222989,0.08486644,0.0020892324
0.0009938208,0.0005980568,0.09051107,0.001382903
0.0011319221,0.0008749867,0.07218366,0.0016934712
0.0012559876,0.0007680845,0.11056284,0.0012708326
0.0009809633,0.0006794327,0.07134213,0.0015437421
0.001793773,0.0011749665,0.1056664,0.001699465
0.001227225,0.0008285534,0.08389835,0.0018015346
0.0013139158,0.0007484049,0.09917963,0.0010403104
0.0013582048,0.0009422651,0.09861058,0.0019013768
0.002584983,0.001722834,0.14424184,0.002532957
0.0005061723,0.00032701367,0.08548025,0.00073809305
0.001741698,0.0015218352,0.07828231,0.0019707056
0.0010525355,0.0006598248,0.09311784,0.0012864859
0.0018381148,0.0014089725,0.079490505,0.0026429025
0.0006492856,0.0003226732,0.09539199,0.00059101207
0.0013772103,0.0010723303,0.07165938,0.002168584
0.0006078096,0.0002525657,0.09099258,0.000494428
0.0010091146,0.00072834117,0.059883572,0.0016061214
0.000928204,0.0003349748,0.100482345,0.00064021454
0.00088381587,0.0005914501,0.06355528,0.0013964236
0.00045381783,0.00017317916,0.058769003,0.000312131
0.00080820743,0.0005363002,0.04389676,0.0012538567
0.001174495,0.00037217652,0.063198045,0.000885396
0.0014266222,0.00094158243,0.08768517,0.0021254823
0.0003643863,0.00013321107,0.06778971,0.00027076408
0.0006096899,0.00043121102,0.042051267,0.00074921956
0.003121308,0.0018624989,0.114640236,0.0038276904
0.0018537687,0.0009369402,0.12592328,0.002381409
0.0022543923,0.0017079154,0.13600962,0.0018796858
0.00298705,0.002523826,0.22338632,0.0035109045
0.0012226232,0.0010237616,0.19819732,0.0024844736
0.001708918,0.0018694246,0.22260398,0.0028105846
0.0016602534,0.0017223952,0.19401035,0.002903093
0.0011877094,0.0013600538,0.14476268,0.001602155
0.00088675856,0.0009036097,0.11752194,0.0019785368
0.00052005635,0.0005198428,0.0678039,0.0010432501
0.0009271367,0.00092301663,0.067734025,0.001854753
0.0007967946,0.00059201795,0.06443512,0.0012785788
0.0017948183,0.0014658077,0.1031072,0.0025809573
0.0010360351,0.00068126485,0.13233867,0.0014461093
0.000815044,0.0006722689,0.1041907,0.001080878
0.000695414,0.00059041235,0.09843464,0.0008821458
0.0013023106,0.0011070078,0.08125861,0.0018501095
0.00086803857,0.00056038826,0.081641495,0.0008773957
0.0008093819,0.00058144104,0.05364814,0.0010927891
0.000708815,0.0003591663,0.054718237,0.0007024658
0.001499527,0.0009362443,0.072393276,0.0020072316
0.0009954767,0.0003916537,0.085057706,0.0008441514
0.00065775827,0.00043575466,0.05480403,0.00080736476
0.0006425898,0.00037711,0.050146773,0.0006674301
0.00072964706,0.0004359791,0.037849147,0.0011096839
0.0014856159,0.0007211569,0.05256112,0.0016122728
0.0009146326,0.000503846,0.056160185,0.0012280084
0.0010049912,0.000655795,0.061925914,0.0011850516
0.0006699752,0.00041831756,0.06292076,0.00089454965
0.00074524217,0.00047959783,0.049546085,0.0011164574
0.0018564651,0.0010484207,0.08479412,0.0021217316
0.0014673469,0.00088465953,0.086021714,0.0018943694
0.0010427996,0.00065896066,0.07660571,0.0010245693
0.0005717103,0.0003707195,0.047658205,0.0008415926
0.0017336363,0.001118002,0.0702239,0.0024569086
0.0011140659,0.0005793568,0.065932766,0.0014573707
0.0014861051,0.00095396256,0.067268506,0.0015467515
0.00073349813,0.0004412702,0.06058166,0.00097374787
0.0005789902,0.00036193768,0.03769702,0.0008648639
0.0012578331,0.00066726864,0.059194088,0.0016549907
0.00125926,0.000678987,0.06346718,0.0017504261
0.0008407262,0.00035072013,0.069422394,0.0006532306
0.00139079,0.0009867528,0.07990917,0.0020056092
0.001742869,0.0007593174,0.13365245,0.0014825393
0.0013917575,0.00089554634,0.11312569,0.0018971857
0.0007141226,0.0004204055,0.084742405,0.00061746
0.00088984304,0.0006132738,0.048175566,0.0012075999
0.0011190284,0.00057457876,0.04877616,0.0012705468
0.0009092028,0.0004876032,0.042104013,0.0012102
0.00077650155,0.0003618168,0.04063226,0.00085213286
0.0007983546,0.00045436723,0.051954046,0.001129946
0.0006548031,0.00037599957,0.04978387,0.00097406167
0.0005950748,0.00030160282,0.045438983,0.00067433086
0.0013343595,0.0008549499,0.07184898,0.0017297915
0.0008874826,0.00042213665,0.068274505,0.0010094134
0.0010500823,0.00067298464,0.06395832,0.0012065693
0.0005345985,0.0002339579,0.055222232,0.00051720085
0.0016301381,0.0010662553,0.06906095,0.0021684016
0.0012919827,0.0005737011,0.08408491,0.0013309346
0.0009673746,0.0006427542,0.060778894,0.0012334074
0.0004495919,0.00022824727,0.05637887,0.00041693606
0.0021602912,0.0015707953,0.09676027,0.003404781
0.0010377909,0.00041423977,0.10014692,0.0011164973
0.0011548091,0.00082365284,0.06636599,0.0013543199
0.0008003299,0.00046907176,0.08013327,0.00079470914
0.002079365,0.0014350347,0.09647773,0.0032573915
0.0007183072,0.00026814232,0.07936049,0.00064327597
0.0021107094,0.0015783275,0.08182952,0.0026761466
0.0006668342,0.00022779386,0.11457633,0.0004884328
0.00095393596,0.0006665322,0.06253335,0.0015242806
0.00049062603,0.00018853851,0.062481288,0.00039725567
0.0013618465,0.00092227454,0.057464927,0.0020315873
0.0006142612,0.00016639633,0.060654063,0.00040942387
0.0013806843,0.0010072277,0.07315154,0.0021219123
0.00064813375,0.00017304045,0.10483147,0.0004445494
0.00080188503,0.0005480955,0.06172017,0.0011216543
0.00094007363,0.00044157245,0.09438593,0.00074556546
0.0014249085,0.0009179292,0.07572161,0.0020222317
0.0008064202,0.00030702373,0.07812311,0.00053079467
0.0007598108,0.00049204874,0.04644203,0.0010727278
0.0015879899,0.0007490568,0.085716546,0.0013913965
0.0044037458,0.0029941646,0.17476687,0.006183256
0.0007094773,0.000359991,0.13354571,0.00078707177
0.0011796857,0.0010621633,0.09068432,0.0009923487
0.00062159786,0.0004812761,0.05651671,0.0009560157
0.001301616,0.00090005354,0.04805531,0.001904914
0.0041239713,0.0023472891,0.15038209,0.0035773464
0.000622743,0.00038543539,0.09009843,0.0011412727
0.0013393888,0.0012337946,0.095108874,0.0013978316
0.001019864,0.0007653825,0.10046916,0.0016839071
0.0018222523,0.0013556113,0.07477633,0.002468384
0.0010255476,0.0006378978,0.08959401,0.0009790369
0.000643446,0.00044472556,0.04084709,0.0009640032
0.00058172335,0.00031744246,0.03981895,0.0007058876
0.0011586234,0.00066053995,0.04961209,0.0018521311
0.0010174683,0.00035117922,0.060570363,0.0008449411
0.000833432,0.0005554451,0.06646947,0.0011275194
0.0005602479,0.00028603137,0.070494235,0.00052512053
0.0009921339,0.0006732196,0.07038667,0.0013680172
0.00077776227,0.0003223919,0.06731739,0.000730639
0.00093576295,0.00059406675,0.049265977,0.0011729476
0.0009263195,0.00038590317,0.06477114,0.00073656
0.0013935466,0.00090642326,0.07309691,0.002069369
0.0010068191,0.0005139261,0.076382175,0.0010686183
0.0011151726,0.00074706745,0.07476842,0.001396305
0.001360634,0.0009033898,0.08615562,0.0017473537
0.0012503334,0.0007902286,0.08298908,0.0016512328
0.002224978,0.0015099691,0.1090652,0.002655666
0.0011060745,0.0006793863,0.08713391,0.0014113203
0.0016468752,0.0012127483,0.08559747,0.0019716402
0.00089176936,0.0005419048,0.07113826,0.0012723046
0.0018546305,0.0012818689,0.07065404,0.002519838
0.0010899307,0.0005358356,0.07880377,0.0011045225
0.0010781698,0.0007428673,0.059582654,0.0015530331
0.0008562611,0.0004138325,0.075238936,0.00084589847
0.0013363962,0.00089349545,0.07551468,0.0020708796
0.00059432146,0.0002247834,0.061943565,0.0004969171
0.0010409718,0.000725621,0.05229114,0.0014290483
0.0007164656,0.00025142994,0.057594575,0.0006058434
0.0012223055,0.0008104296,0.06375618,0.001796809
0.0009371331,0.00030583862,0.09171634,0.000670325
0.0012295523,0.0008530054,0.07940376,0.0017215064
0.0003135746,0.000121362544,0.062507704,0.00023228096
0.0007736324,0.0005275979,0.04041084,0.0011614538
0.0012083278,0.00042630368,0.054092985,0.0011066605
0.001311902,0.00081573863,0.06694452,0.0018638329
0.0005831348,0.00026259033,0.062012043,0.00053242594
0.00070374104,0.0004886553,0.050724234,0.0010035306
0.0011667133,0.00064541557,0.07688695,0.0014906573
0.0010385155,0.000606359,0.06620558,0.0014799214
0.0011227266,0.00061626814,0.06720957,0.0010200464
0.0009027195,0.0005720017,0.05592774,0.0012205803
0.0011748356,0.0007144301,0.06477511,0.0015054838
0.00078022113,0.00040319204,0.05747093,0.0010525456
0.0012451301,0.000730527,0.06008822,0.0015013807
0.0010827819,0.00059769297,0.07099605,0.0012997763
0.00087471394,0.00055329537,0.055955887,0.0012159719
0.00080265483,0.00043197998,0.058364965,0.0009088379
0.0008463566,0.00051873777,0.049838535,0.0012629245
0.0008448293,0.000384251,0.050541434,0.0008802874
0.0012459235,0.00081124454,0.06671354,0.0018665638
0.0006276409,0.00022005661,0.057757083,0.00055139983
0.0009707298,0.00066487177,0.057313092,0.0013376639
0.0006936995,0.00028599688,0.058982115,0.0006842374
0.0012771931,0.0008448529,0.06663297,0.00181288
0.0008340135,0.00032112573,0.07158041,0.0007471687
0.0010579091,0.0007127411,0.059902903,0.0014393588
0.0007451573,0.00035686928,0.0670631,0.00073351525
0.0009722423,0.0006198192,0.059250608,0.0014860318
0.008124839,0.0050227633,0.20326625,0.0076020136
0.00081409066,0.0004886049,0.19026893,0.0017500032
0.000983324,0.0010012148,0.13550681,0.0008174121
0.00042072567,0.00041502397,0.086402364,0.00080954947
0.00136887,0.0012219641,0.046244275,0.0024625475
0.0007905263,0.00047048012,0.07369202,0.00069809693
0.0010046166,0.0007741707,0.058855582,0.002077943
0.0007405393,0.00031022012,0.068795875,0.0006943609
0.0009809469,0.0007271281,0.065818034,0.0015118797
0.00053568237,0.00019717102,0.06670543,0.0004293687
0.00068952906,0.000464381,0.048440233,0.0010547691
0.00047553075,0.00016466404,0.041847777,0.00041578524
0.00093756104,0.00057295617,0.04564791,0.0012743442
0.0010156333,0.0002994371,0.08651448,0.00064632896
0.0008179853,0.0005256722,0.07522905,0.0012037583
0.00044562016,0.00020719567,0.07875758,0.0003212794
0.0004966049,0.0003311715,0.040443916,0.00068066834
0.0007601574,0.0003599583,0.03706564,0.0009493774
0.0008404236,0.00038374364,0.03338356,0.0010492174
0.0007239227,0.00033949403,0.035586376,0.0008187886
0.00043228213,0.00023500358,0.03327078,0.00061479537
0.00036776174,0.00022081277,0.030351609,0.0005812132
0.0006532414,0.00036342454,0.041068263,0.0010025313
0.0010607786,0.0006435425,0.059769817,0.0015778934
0.0009769476,0.00051144004,0.075769596,0.0010013799
0.00046930293,0.00030183143,0.04754458,0.000595799
0.0006853966,0.00044165069,0.05601084,0.00083804835
0.0011150324,0.000594271,0.06628915,0.0017317606
0.0017986565,0.0008529097,0.07764946,0.0018203958
0.00087882136,0.00052160415,0.068755955,0.0009913335
0.00074528425,0.00047804808,0.058756243,0.0008384228
0.00073020963,0.00042190903,0.062296305,0.0010443837
0.002832278,0.001896127,0.12019636,0.004068853
0.0012073497,0.00054230326,0.12918448,0.0012483341
0.0013806886,0.0010456195,0.08847082,0.0016528795
0.0008187676,0.0005667595,0.11221351,0.00090643635
0.0027320269,0.0020391534,0.12008342,0.004486122
0.0011578357,0.00058271433,0.12911716,0.0010740487
0.0011207339,0.0008727246,0.066492565,0.0015776787
0.0007786332,0.00046940678,0.08745046,0.0007494523
0.0013930822,0.0009948559,0.07381065,0.0023495893
0.00084659184,0.0003434673,0.06971775,0.00067353225
0.0009784086,0.0006843819,0.05860832,0.001413348
0.000857262,0.00035032208,0.07247028,0.0007484241
0.001773043,0.0012399942,0.099164605,0.002592235
0.0007566689,0.00029863502,0.10849875,0.0006168425
0.0012349625,0.0009040789,0.084831335,0.0013955747
0.00062990835,0.00035462616,0.07326741,0.00062643335
0.001438847,0.0009924815,0.06349509,0.0019821043
0.0025712156,0.0011968672,0.13428034,0.0020337459
0.0008344491,0.00052296254,0.084139936,0.0012680244
0.00080069253,0.00058613496,0.067837626,0.00077489676
0.0012461054,0.00087482604,0.07601387,0.0019528081
0.001998457,0.0011685857,0.08551768,0.0024183686
0.00091602246,0.00053882226,0.0701854,0.0010376407
0.0011699863,0.0008415551,0.061161917,0.0014879849
0.0010189728,0.0006087198,0.06894162,0.0013676777
0.0016826759,0.0011267192,0.08245656,0.0024802834
0.0009938591,0.00044487158,0.09084236,0.00088734046
0.00084547675,0.0005760083,0.056769513,0.001086065
0.0006918938,0.00038902689,0.050972406,0.000788768
0.000997022,0.0006249707,0.049568888,0.0015429109
0.0010700756,0.00034531194,0.06292953,0.0007940012
0.00076809933,0.0004889616,0.054255623,0.0011449491
0.00084025325,0.00038611836,0.07339585,0.0007067688
0.000841154,0.0005336103,0.06402362,0.0013027898
0.00097654265,0.0005078902,0.058784205,0.0010534265
0.0013731092,0.0008711128,0.073363125,0.0016687079
0.0007930066,0.00043897697,0.053489175,0.0009472856
0.0010593827,0.0006862453,0.055912144,0.0013638586
0.00092425576,0.0005105773,0.05642648,0.001251914
0.0011977225,0.0007074753,0.06290009,0.0014832544
0.00085623417,0.00050542323,0.059838176,0.001143877
0.0010119316,0.00064765936,0.058099497,0.0013029085
0.00077588606,0.0004559455,0.053717025,0.0010648792
0.001001045,0.000615178,0.054421008,0.0013509857
0.0010502201,0.00058874773,0.0634369,0.0013324422
0.00092132087,0.00054819573,0.057981733,0.0012503518
0.00078615115,0.00042860094,0.05616851,0.0009300596
0.0010418753,0.00066731166,0.06075781,0.0015294844
0.00157157,0.0007340814,0.09171285,0.0015405143
0.00092986185,0.00057308935,0.071497016,0.001325724
0.00079881295,0.00043840846,0.070581615,0.0007062997
0.00075252616,0.00047028373,0.049969804,0.0011662507
0.0012859306,0.00069341063,0.053917274,0.001637899
0.0008399954,0.00042582725,0.048184622,0.001063108
0.0012887472,0.00078728277,0.06096682,0.0015617999
0.00067971484,0.00034246143,0.062357146,0.0008480434
0.0011417039,0.00078498566,0.06740903,0.001650378
0.0007019822,0.0003085354,0.06915362,0.0007266625
0.0010899773,0.00072717044,0.057079427,0.0015051466
0.0006174207,0.00024242322,0.055013683,0.0005533035
0.001088601,0.00072784914,0.055771466,0.0016877607
0.00055725087,0.00015314705,0.05706563,0.00041621813
0.0010996844,0.0007641962,0.06137636,0.0016572821
0.0004617057,0.00013121142,0.063579865,0.00034925976
0.0014155054,0.0010206379,0.073978,0.0020586206
0.0008601264,0.00026868435,0.107631065,0.0006434115
0.0010903474,0.0007391793,0.06891439,0.0014872793
0.00051482354,0.00022204254,0.07750071,0.00038374474
0.0010166275,0.00065827655,0.05527501,0.0016058944
0.00093288964,0.0003135422,0.05727302,0.0007560482
0.0012960384,0.00085625844,0.06781315,0.0019105037
0.0007185742,0.00023916316,0.075961694,0.00053981843
0.0006853216,0.0004579881,0.05235397,0.0010285666
0.011930844,0.00798371,0.25119868,0.010649533
0.000556892,0.0003248604,0.2153502,0.0017960524
0.002387584,0.0030206149,0.21679953,0.0016047405
0.00081551506,0.00097291725,0.15745746,0.0012862616
0.0011972733,0.0012842,0.06312225,0.0019299225
0.00025796462,0.0002551943,0.07708881,0.00040502066
0.00075726706,0.00067442056,0.039063387,0.0023553488
0.00071901653,0.0003122799,0.052895993,0.00060749985
0.0010901033,0.0008660443,0.06390703,0.0017939326
0.00037583426,0.0001142304,0.06079572,0.0002794529
0.0010030197,0.000781468,0.06984489,0.001714595
0.00055150205,0.00017697242,0.078979,0.0004884751
0.001395932,0.000992891,0.07503591,0.001539358
0.00041813392,0.0001780746,0.08215053,0.00026993777
0.00067623256,0.00045426266,0.04152252,0.0009978131
0.00052651565,0.0001640653,0.057001363,0.0003682128
0.0011754584,0.00079725304,0.06331473,0.0018226751
0.0005565476,0.00013772646,0.08018598,0.00033107225
0.0011047143,0.0007763087,0.070759915,0.0015373074
0.00032864086,0.00011297601,0.06072134,0.00025069754
0.0013412166,0.00095590844,0.06519415,0.0019407274
0.0010477703,0.0003755448,0.077320695,0.00092032953
0.0011175715,0.00075363764,0.06264646,0.001467178
0.00046120796,0.00022753002,0.052324317,0.0004371562
0.0008636062,0.0005815692,0.049020585,0.001443672
0.0008104814,0.00029876787,0.04643244,0.0008845208
0.0011395365,0.0007402727,0.0588629,0.0016535383
0.00053839723,0.00018749235,0.058316596,0.00044586
0.0009484932,0.0006672388,0.059298053,0.0014197484
0.0006282745,0.00025757652,0.0651362,0.00063405716
0.0012873559,0.0008616782,0.069348946,0.0018400234
0.0007080522,0.00024040832,0.078064434,0.00054697396
0.00078138756,0.00051296846,0.048493978,0.0011288676
0.0003897778,0.0001369385,0.039588727,0.00033301077
0.0010579001,0.0006968907,0.050374683,0.0017601873
0.0007267428,0.00019503525,0.04757542,0.0005891404
0.0018072902,0.0013444191,0.087005965,0.0025221175
0.0006263197,0.0002192941,0.13601254,0.00050339714
0.0024559333,0.0018715387,0.13772108,0.0034531993
0.00065642135,0.0003875081,0.1682369,0.00071605947
0.005259652,0.0048752455,0.18286411,0.00693536
0.00044205788,0.00032177975,0.207939,0.0005886377
0.00069697393,0.00068707136,0.058159344,0.0011841047
0.0005796723,0.0006377021,0.064957276,0.0009134618
0.0008433331,0.0006640808,0.03806752,0.0015042552
0.00070406974,0.00032106086,0.06045446,0.0006163583
0.0011325899,0.0008422187,0.08040074,0.0023420318
0.0008325999,0.00027226825,0.081936106,0.0006356097
0.0008682397,0.00065197283,0.07365496,0.0011656277
0.00059043453,0.00027758157,0.07987458,0.000490406
0.00082662597,0.0005222578,0.052421622,0.0011212927
0.0011124128,0.0004960151,0.064655446,0.0009260108
0.00078706065,0.0004481532,0.04920669,0.0009899632
0.0007477375,0.00031651818,0.063493945,0.00054995605
0.0007234032,0.0004480994,0.056179214,0.0010615641
0.00078455487,0.00035070194,0.05596895,0.00075406965
0.00094301405,0.0005452127,0.06303826,0.0011437733
0.0008810705,0.0004936405,0.057941664,0.0010263206
0.00097410305,0.0005255562,0.06475239,0.0010430486
0.001025841,0.00065553206,0.060829394,0.0014924374
0.00082602317,0.00045278843,0.04917496,0.0009928723
0.0010233717,0.0006874251,0.05433987,0.0014940045
0.0012997848,0.00069212535,0.06749916,0.001570559
0.00108428,0.0006959597,0.06847322,0.0015189347
0.0007443996,0.00038522377,0.06894016,0.0007160225
0.0010444063,0.00070033467,0.06646154,0.0015115296
0.0009590704,0.00050191104,0.063279554,0.0011845876
0.0013160389,0.00082055846,0.06636905,0.0017331956
0.0005940406,0.00030416826,0.04250385,0.00070884865
0.0014799786,0.0009972529,0.06523866,0.0019698848
0.0006660112,0.00030498332,0.05401628,0.00091882964
0.0011950887,0.0007858409,0.057097867,0.0015093365
0.00067257555,0.00029503668,0.063309155,0.00071003166
0.0013268479,0.0009135835,0.067336954,0.0019449166
0.0006344075,0.0002407109,0.07408111,0.00057426916
0.0012174837,0.0008372336,0.065272935,0.0017493948
0.000773477,0.0002733962,0.09015731,0.00059584243
0.00093774154,0.0006158724,0.05976329,0.0014595203
0.0005692107,0.0002041155,0.05945675,0.00044308876
0.00090166985,0.0005867485,0.048858058,0.0013790936
0.00062975957,0.00017695726,0.051614467,0.00045501403
0.0007495705,0.00049329305,0.049090903,0.0012099536
0.0012374754,0.00037279917,0.09455948,0.0008644498
0.00091801054,0.00058760215,0.0789677,0.0014667668
0.000605632,0.0002962425,0.0716331,0.0004692879
0.00090776477,0.00060468545,0.056599688,0.0012810637
0.0014538578,0.00073223066,0.06083038,0.0017659022
0.0014343697,0.00076469267,0.07217849,0.0016275599
0.00074764516,0.0004251157,0.052342836,0.00090338325
0.00079951185,0.0004538302,0.058924127,0.0008800975
0.0007364591,0.0004269572,0.051703442,0.0011895048
0.0010600478,0.0005633759,0.052478828,0.0012853468
0.00082173856,0.00047224335,0.051288746,0.0010832711
0.0007954805,0.0004417713,0.049809113,0.00093037396
0.0009093776,0.0005616668,0.05954265,0.0013213266
0.0007828123,0.00040324772,0.053403743,0.0010065137
0.0012702738,0.000704572,0.07300192,0.0014341493
0.00095858745,0.0005188463,0.06838376,0.0012040513
0.0009804931,0.00059948425,0.061967857,0.001142692
0.00075679563,0.00044127228,0.05246175,0.0010197887
0.00093042,0.00050830713,0.048205517,0.0011536727
0.001181814,0.00069232547,0.06185563,0.0015780696
0.0009199069,0.00048332565,0.0597491,0.0011153856
0.00092829164,0.00057342055,0.064201854,0.0011680126
0.0007619116,0.00046135436,0.05756992,0.0010657689
0.0008876161,0.0005365278,0.054232866,0.0012024598
0.001275413,0.00076995726,0.066540636,0.0017303044
0.0010015679,0.00050666626,0.061031345,0.0011437181
0.0007809302,0.00048646092,0.0494097,0.0010238021
0.0010332785,0.00056016294,0.063058905,0.0012199095
0.00080488896,0.00042758347,0.05271073,0.0011399664
0.0012324585,0.00068423833,0.062149845,0.0014244684
0.0007646063,0.00041680958,0.055200636,0.00097576727
0.00077017065,0.00048180306,0.047171373,0.0010132135
0.0008973154,0.0004718811,0.05868056,0.0011322622
0.0011627648,0.000709389,0.06478878,0.0016905657
0.0011660713,0.00054472324,0.08402833,0.0010822072
0.0007506794,0.00047674685,0.057764366,0.0010670993
0.0010279439,0.0006193593,0.06659151,0.0011419689
0.00080808555,0.00045891086,0.054504763,0.0012326577
0.0011169164,0.0006110766,0.049884252,0.001321767
0.0013189287,0.00078096264,0.069033936,0.0016856173
0.00091901957,0.00048412484,0.06363848,0.0010686242
0.0009424416,0.00059536984,0.06784933,0.0012168671
0.00066261855,0.00037172114,0.051909253,0.0008948271
0.0013568661,0.000846149,0.06684687,0.001772304
0.0007883954,0.00041042324,0.05302682,0.0010678252
0.0011544514,0.0006930164,0.057300244,0.0013075476
0.0010639662,0.0006002244,0.068348825,0.0014111385
0.0013349463,0.000770432,0.07288027,0.0016102416
0.0007358171,0.00039809683,0.06521949,0.0008469128
0.00070502656,0.00043277984,0.044374418,0.00094923016
0.0012478054,0.000694176,0.061371643,0.0015811662
0.0011981089,0.00070711004,0.06644141,0.0017496679
0.0008709483,0.00038704165,0.07077191,0.00072815217
0.00073428464,0.00047988872,0.054511588,0.0010653554
0.0017590905,0.0009243798,0.096753255,0.0017886616
0.001473038,0.0008908753,0.095214486,0.002183378
0.0017888184,0.0010240842,0.10569849,0.0014643834
0.0014111355,0.0009635702,0.09796394,0.0016145201
0.0009738402,0.0006442818,0.06508544,0.0012633634
0.002017635,0.0013631458,0.09702527,0.0026015309
0.0014451479,0.00083148695,0.08161327,0.0019012465
0.000935457,0.0005753016,0.0606263,0.00093252695
0.0009487956,0.0006505367,0.05257538,0.0014667758
0.0013874955,0.0007030912,0.06786273,0.0015439431
0.001102323,0.0006312292,0.07181892,0.0015150193
0.0010717601,0.0005815983,0.07311142,0.0010956125
0.0007304524,0.0004568368,0.060990956,0.0009329424
0.00067348307,0.00038831565,0.043805405,0.00089502824
0.0010492866,0.00052969326,0.049026757,0.0012724889
0.0015999634,0.00081687194,0.07054957,0.001798186
0.00042225578,0.00018624592,0.043981396,0.00045104648
0.00048261025,0.0003252621,0.031088686,0.0006634842
0.0004388286,0.00016175084,0.029327802,0.00050847733
0.00081205054,0.00048110462,0.042108025,0.0013315325
0.000511242,0.00015374861,0.036229018,0.00044161206
0.0006193434,0.00042307374,0.040955663,0.00087806466
0.000402281,0.00016946215,0.05032549,0.00039554408
0.0006362939,0.00041496332,0.047258314,0.0010606863
0.00091692683,0.00039145298,0.05857753,0.0009305939
0.0010326656,0.0006704662,0.06472391,0.0014597819
0.00068820565,0.00033337515,0.06317661,0.0006332096
0.0007174934,0.00047739726,0.050186645,0.0010530542
0.0009270934,0.0004510834,0.0645109,0.0010167119
0.0015809435,0.0010075375,0.08380491,0.0022347907
0.00069425383,0.00032477337,0.06689903,0.0006790296
0.0008146656,0.0005637612,0.052221995,0.0010561831
0.00081174594,0.0004595719,0.057689283,0.0011513643
0.0014785934,0.0009027186,0.072514765,0.002154082
0.000683709,0.00032250673,0.05398327,0.00079459697
0.0012743177,0.00084570295,0.0650642,0.0016038999
0.00069599244,0.00032005418,0.062789366,0.0008702781
0.0010053472,0.00062728074,0.053580068,0.0014827036
0.0010526824,0.0004173345,0.073102534,0.0009903439
0.0010168758,0.00060187187,0.058454074,0.0013968747
0.0008197613,0.0003620268,0.06855537,0.00073290203
0.0009782462,0.0006246872,0.061473776,0.0014990995
0.00092200283,0.00034224972,0.06975187,0.0007670436
0.001211384,0.00079047563,0.07118563,0.0017172026
0.0023197283,0.0011256797,0.13428113,0.0019320622
0.00086641463,0.00052559015,0.0903864,0.0012752741
0.0009567395,0.0006580454,0.07162741,0.00091748853
0.0010966791,0.00072049367,0.06161285,0.0015536699
0.0012844778,0.00070703786,0.053044878,0.0015604304
0.0011888326,0.00063345756,0.06142259,0.0013610951
0.0018881664,0.0012521532,0.08987167,0.002577604
0.00086157804,0.00039152987,0.10600021,0.00083111366
0.0014085394,0.0010410744,0.09613446,0.0019757936
0.0007968734,0.00042348006,0.107196935,0.00075583666
0.0010082595,0.00068784814,0.05932087,0.0013971415
0.0014603852,0.00079269084,0.077972256,0.0013954893
0.0009991173,0.0006075785,0.057150837,0.0014142384
0.0007320547,0.00029872073,0.05840593,0.0005603949
0.00082239474,0.0005185468,0.050613347,0.0013038078
0.0014340616,0.0006107562,0.070494026,0.0013208304
0.0014666144,0.0009173719,0.099738844,0.0019812477
0.005698517,0.0041970327,0.23636746,0.005831775
0.00014076332,8.651578e-05,0.16426489,0.00028824728
0.0008446257,0.0009783738,0.0895788,0.0010670677
0.0007845701,0.00082110515,0.05739722,0.0012712295
0.0014444089,0.0012103654,0.049919784,0.00181848
0.0004230738,0.00021295637,0.089157104,0.00038539903
0.0006693526,0.00049918395,0.06416143,0.0019355356
0.00073807745,0.00023380101,0.06962547,0.00053366687
0.0008414667,0.00061190926,0.052575357,0.0011216117
0.0007438687,0.00025392187,0.09751904,0.0004525747
0.0010104018,0.0006875765,0.081185095,0.0017860364
0.00046973,0.00017770762,0.06821728,0.00034725244
0.001918804,0.001444911,0.085521735,0.0023062376
0.0005920334,0.00018428982,0.10195035,0.00040747653
0.0008297322,0.0005800326,0.05679196,0.0011251627
0.000621368,0.0002436327,0.0901398,0.00042434374
0.0015449891,0.0010498392,0.08379448,0.0022844924
0.0007059271,0.00024781117,0.0932656,0.00050415326
0.0019847823,0.0014375938,0.0980461,0.0025832092
0.0040630605,0.0025249384,0.22864002,0.003877973
0.0010699607,0.0008176141,0.18683186,0.002121665
0.0008120141,0.0008511753,0.12350472,0.0010251006
0.0020220007,0.0022297,0.1363915,0.0033287837
0.0016565161,0.0016209916,0.13982902,0.0024264047
0.00061939436,0.00060337305,0.10187779,0.0009956774
0.0012052585,0.0012866674,0.09313251,0.0026716194
0.0019533536,0.0017823612,0.14954737,0.0029461433
0.001578151,0.0014789286,0.1721351,0.0025758247
0.00052392407,0.00048962614,0.12932068,0.00078272645
0.000521829,0.0005356311,0.059934586,0.0010209559
0.0014309132,0.0013978098,0.075758904,0.0022549343
0.0013837006,0.0009835229,0.106261976,0.001650059
0.0010654957,0.0008312699,0.122625895,0.0012765358
0.00062338304,0.00050585053,0.09352981,0.0010447706
0.0017126291,0.0015455553,0.12018696,0.002239314
0.00084500335,0.0005928492,0.109783225,0.0010719282
0.0013464246,0.001164964,0.08563131,0.0015570999
0.0023645442,0.0019974161,0.16914392,0.002712868
0.0021235032,0.0018068654,0.20126788,0.0035401348
0.00045558313,0.00041506896,0.1500987,0.00063500233
0.0016511896,0.0019083646,0.11768358,0.002804324
0.00053436414,0.0005048085,0.07214325,0.0007620376
0.00076920114,0.0007285042,0.04214734,0.0012533391
0.000648021,0.0004194638,0.054640386,0.000916776
0.0017763508,0.0013119684,0.08330439,0.002995859
0.0006104497,0.00026386508,0.079347506,0.000607295
0.00083811546,0.0006581965,0.060323462,0.0011044557
0.00046253993,0.00021241106,0.063902855,0.00044425562
0.001193406,0.000815099,0.058877155,0.0018019543
0.00092131284,0.00030918125,0.0730009,0.00066407747
0.0010142451,0.00066753634,0.059292123,0.0012973181
0.00021992944,7.332119e-05,0.04294388,0.0001548438
0.000529784,0.00035676206,0.032280043,0.00093371
0.00084469497,0.00021442617,0.042251483,0.0007074413
0.0016689867,0.0011170893,0.082170255,0.002434298
0.0003178312,8.615527e-05,0.09168154,0.000184788
0.0005687668,0.00040066044,0.044742376,0.00068902987
0.00044678996,0.00022856882,0.04130034,0.00056676514
0.0014706207,0.0009021635,0.058168802,0.0022448427
0.0013023615,0.0004153325,0.060631905,0.00093939976
0.0007092183,0.00048429682,0.048389908,0.0009908597
0.0003932453,0.00018600032,0.0579363,0.00036035513
0.0010954118,0.0007347852,0.0733399,0.0019176578
0.001138713,0.00046924895,0.06858328,0.001261903
0.001296369,0.0008798844,0.06799699,0.0014722485
0.00046511745,0.00021304001,0.064344905,0.00037410643
0.00094180316,0.0006329803,0.056280617,0.0015742466
0.0010849966,0.000432683,0.06657834,0.0011761857
0.0010869775,0.0006420184,0.059982214,0.001432244
0.0006359535,0.00025626813,0.060458094,0.00053980213
0.0013183587,0.00090947014,0.07198201,0.0020315475
0.00085843133,0.0003317697,0.0720984,0.00085155905
0.0012428884,0.00083938084,0.06847226,0.001619594
0.00060672534,0.00026544862,0.06439215,0.0005543334
0.0010678669,0.0007147449,0.05583533,0.0016110666
0.0011000145,0.0004308874,0.06940543,0.0010602793
0.0008941863,0.00054513343,0.052027013,0.001276384
0.00071898266,0.00029212065,0.057183012,0.0005943464
0.0005815112,0.00035661308,0.038765077,0.00093322166
0.00054822443,0.000211131,0.03143167,0.00056688744
0.00095054583,0.0005634934,0.04847672,0.0014858596
0.0008520368,0.0003364273,0.05306718,0.0008773991
0.0009128615,0.0005985154,0.06610565,0.0011979694
0.00067620695,0.000370829,0.07598739,0.00073768443
0.0008318619,0.00052796025,0.06623919,0.0011642406
0.0010342194,0.0005723213,0.065748766,0.0012862589
0.0013345311,0.0008121126,0.063883774,0.0016698997
0.0011257312,0.0006142066,0.06752966,0.0011909526
0.0010992248,0.0006817633,0.06691327,0.0014245047
0.0009589634,0.0005797971,0.06321464,0.0012677823
0.0010114071,0.00059504376,0.063285045,0.0012502479
0.0009048903,0.000546478,0.05620839,0.0012721183
0.0012898247,0.00080572854,0.06564027,0.0016782342
0.0009834025,0.000533963,0.06618408,0.0012530219
0.0010645208,0.00067823316,0.06282488,0.0014236445
0.00086573005,0.00043536845,0.06618601,0.0009563612
0.0009045132,0.0005182194,0.052357085,0.0012503809
0.0010125169,0.00047778324,0.0532681,0.0011123266
0.000807808,0.0004325349,0.04445352,0.0010413781
0.001106031,0.00056794856,0.058123555,0.0012007882
0.0005913669,0.00032091813,0.04630097,0.0008568314
0.00053098716,0.00027783652,0.03575729,0.00061772886
0.011583105,0.009154675,0.21083398,0.013652906
0.00075206795,0.0003507237,0.2570883,0.0018735391
0.0015149768,0.0016900486,0.22770151,0.0010501199
0.0010374695,0.0013912725,0.19897306,0.0014518776
0.0021584446,0.0024574506,0.0933613,0.0033909278
0.001529379,0.0017797414,0.19404098,0.0017918022
0.0011169125,0.001020439,0.14548893,0.0031366593
0.0010480696,0.0011138906,0.14822136,0.0017787497
0.0019201643,0.0019335204,0.15431486,0.003528357
0.0013436112,0.0012558289,0.17417678,0.0017738491
0.0028568562,0.002864941,0.21967739,0.005488744
0.0022820088,0.0018108784,0.30663976,0.0038088295
0.00033358636,0.0002336878,0.19159016,0.0005977896
0.003040339,0.0035564925,0.1627811,0.0043497276
0.0008154864,0.0007412495,0.15354005,0.001252983
