0.0,1.3876877e-09,2.5962718e-06,0.0126136085
0.0,1.4524797e-09,2.6845219e-06,0.012585452
0.0,1.5076544e-09,2.758792e-06,0.012562709
0.0,1.546649e-09,2.8106458e-06,0.012545939
0.0,1.5813016e-09,2.8562904e-06,0.012530506
0.0,1.5963052e-09,2.8759264e-06,0.012523799
0.0,1.5826203e-09,2.8576796e-06,0.012528426
0.0,1.6130222e-09,2.8975207e-06,0.012515184
0.0,1.6415329e-09,2.9346966e-06,0.012503168
0.0,1.6662356e-09,2.966584e-06,0.012492093
0.0,1.6940092e-09,3.0020797e-06,0.012479251
0.0,1.7290422e-09,3.0469428e-06,0.012464373
0.0,1.7661738e-09,3.094249e-06,0.012449235
0.0,1.8039099e-09,3.1418163e-06,0.012433337
0.0,1.840914e-09,3.1881532e-06,0.012417955
0.0,1.8814237e-09,3.238532e-06,0.012401296
0.0,1.923489e-09,3.2904786e-06,0.012384197
0.0,1.9655046e-09,3.3419835e-06,0.012367295
0.0,2.0087256e-09,3.3945894e-06,0.012350114
0.0,2.0556865e-09,3.4513328e-06,0.012331734
0.0,2.1029511e-09,3.5080038e-06,0.012313454
0.0,2.151089e-09,3.5650683e-06,0.0122943465
0.0,2.2009081e-09,3.6239805e-06,0.012275618
0.0,2.2501037e-09,3.681787e-06,0.012257817
0.0,2.29846e-09,3.7380191e-06,0.012239902
0.0,2.3480617e-09,3.7952839e-06,0.0122218
0.0,2.3992877e-09,3.8540065e-06,0.012203309
0.0,2.452866e-09,3.9147426e-06,0.01218359
0.0,2.5099132e-09,3.9785755e-06,0.012161758
0.0,2.5731912e-09,4.049218e-06,0.012138873
0.0,2.6392066e-09,4.1228327e-06,0.0121169705
0.0,2.699357e-09,4.189695e-06,0.012098263
0.0,2.7535634e-09,4.2489164e-06,0.012080382
0.0,2.8109803e-09,4.3107675e-06,0.012060276
0.0,2.8732206e-09,4.3776913e-06,0.0120397415
0.0,2.9468712e-09,4.4549784e-06,0.012012683
0.0,3.022854e-09,4.53587e-06,0.011988821
0.0,3.0894083e-09,4.6074447e-06,0.011972345
0.0,3.1558078e-09,4.676686e-06,0.0119522605
0.0,3.21285e-09,4.7356407e-06,0.011934838
0.0,3.27673e-09,4.8011966e-06,0.011915683
0.0,3.5011254e-09,5.00701e-06,0.01180437
0.0,3.8664734e-09,5.3592444e-06,0.011681101
0.0,4.0792636e-09,5.584328e-06,0.01166659
0.0,4.165786e-09,5.6726567e-06,0.011660728
0.0,4.0272274e-09,5.5389582e-06,0.011692114
0.0,4.089461e-09,5.5639043e-06,0.011613237
0.0,4.36033e-09,5.8322435e-06,0.011559052
0.0,4.3120387e-09,5.811556e-06,0.011626123
0.0,4.0955266e-09,5.6047948e-06,0.011672458
0.0,3.942567e-09,5.4576008e-06,0.011713362
0.0,4.0953543e-09,5.6014173e-06,0.011671498
0.0,4.273124e-09,5.7680736e-06,0.011625185
0.0,4.426023e-09,5.9108474e-06,0.011590183
0.0,4.6343462e-09,6.1025958e-06,0.011545502
0.0,5.458949e-09,6.8292716e-06,0.01137319
0.0,5.8240928e-09,7.1373265e-06,0.011300251
0.0,6.0940346e-09,7.360265e-06,0.011246998
0.0,6.3213657e-09,7.5455205e-06,0.011205118
0.0,6.257773e-09,7.4940735e-06,0.011219658
0.0,6.249459e-09,7.4885293e-06,0.011224614
0.0,6.3460095e-09,7.567254e-06,0.011207955
0.0,6.358659e-09,7.5753123e-06,0.011201872
0.0,6.147667e-09,7.4039062e-06,0.011239714
0.0,5.679041e-09,7.0157e-06,0.011330424
0.0,5.7714113e-09,7.0938095e-06,0.0113132205
0.0,5.83223e-09,7.1446752e-06,0.0113018565
0.0,5.89875e-09,7.199633e-06,0.011288451
0.0,6.0022565e-09,7.285048e-06,0.01126835
0.0,6.09522e-09,7.361262e-06,0.011250367
0.0,6.210319e-09,7.455011e-06,0.011228319
0.0,6.3749073e-09,7.588125e-06,0.011197588
0.0,6.548303e-09,7.725885e-06,0.011164459
0.0,6.724978e-09,7.86496e-06,0.0111311115
0.0,6.9108346e-09,8.010313e-06,0.011097627
0.0,7.316831e-09,8.301156e-06,0.011000009
0.0,7.709167e-09,8.608404e-06,0.010940604
0.0,7.78209e-09,8.6781365e-06,0.0109530045
0.0,7.788385e-09,8.677045e-06,0.010945292
0.0,7.5698985e-09,8.51438e-06,0.01098189
0.0,7.48676e-09,8.453222e-06,0.010998975
0.0,7.825596e-09,8.680852e-06,0.010912884
0.0,8.123267e-09,8.908091e-06,0.010865635
0.0,8.152044e-09,8.946283e-06,0.0108852815
0.0,8.584759e-09,9.260084e-06,0.010821732
0.0,8.437298e-09,9.1525335e-06,0.010843102
0.0,8.502694e-09,9.198832e-06,0.010832789
0.0,8.889612e-09,9.477182e-06,0.010779897
0.0,9.078665e-09,9.612388e-06,0.010757463
0.0,9.101065e-09,9.628628e-06,0.01075555
0.0,9.640402e-09,1.0004107e-05,0.010683789
0.0,9.875364e-09,1.01634505e-05,0.010650734
0.0,9.971191e-09,1.02269e-05,0.0106357625
0.0,1.0005541e-08,1.0249962e-05,0.010630764
0.0,1.0399176e-08,1.0516331e-05,0.010584543
0.0,1.063154e-08,1.0671795e-05,0.010558291
0.0,1.0724881e-08,1.0733761e-05,0.0105474405
0.0,1.0846441e-08,1.0813066e-05,0.010532081
0.0,1.09868195e-08,1.08884815e-05,0.010499391
0.0,1.095773e-08,1.0871487e-05,0.010498594
0.0,1.111917e-08,1.09857965e-05,0.010489734
0.0,1.1227431e-08,1.1054242e-05,0.010475842
0.0,1.1242561e-08,1.1056953e-05,0.010467611
0.0,1.1337958e-08,1.1123944e-05,0.010459568
0.0,1.1402236e-08,1.1170443e-05,0.010459113
0.0,1.1349705e-08,1.1135918e-05,0.010465103
0.0,1.1252556e-08,1.1072781e-05,0.010476555
0.0,1.1602292e-08,1.1297567e-05,0.010436669
0.0,1.1853352e-08,1.1456272e-05,0.010407215
0.0,1.2074764e-08,1.1595559e-05,0.010381747
0.0,1.2403337e-08,1.18012085e-05,0.01034636
0.0,1.2885971e-08,1.209907e-05,0.0102963075
0.0,1.3177068e-08,1.2276445e-05,0.010266423
0.0,1.3442526e-08,1.2437972e-05,0.010240464
0.0,1.3672718e-08,1.2576811e-05,0.010218587
0.0,1.3751204e-08,1.2623916e-05,0.010211574
0.0,1.3659919e-08,1.2568946e-05,0.010220266
0.0,1.3762749e-08,1.2629984e-05,0.010209719
0.0,1.38737875e-08,1.2695677e-05,0.010198291
0.0,1.39498635e-08,1.2739387e-05,0.01018949
0.0,1.4048657e-08,1.27973235e-05,0.010178922
0.0,1.4266245e-08,1.2926211e-05,0.010158481
0.0,1.4455461e-08,1.3037172e-05,0.010140614
0.0,1.4651153e-08,1.3150089e-05,0.010121404
0.0,1.4870525e-08,1.3276577e-05,0.010100333
0.0,1.5085842e-08,1.3401112e-05,0.0100808935
0.0,1.5282227e-08,1.3513224e-05,0.010062901
0.0,1.5474583e-08,1.3622377e-05,0.01004511
0.0,1.5682398e-08,1.3740009e-05,0.010026493
0.0,1.5879003e-08,1.3850677e-05,0.010008976
0.0,1.6066547e-08,1.3955686e-05,0.009992493
0.0,1.625885e-08,1.4063477e-05,0.009976265
0.0,1.6463625e-08,1.4177547e-05,0.009959297
0.0,1.6666084e-08,1.4289435e-05,0.009942354
0.0,1.6858806e-08,1.439589e-05,0.009926666
0.0,1.7161767e-08,1.4556055e-05,0.009898141
0.0,1.7513809e-08,1.474731e-05,0.009868197
0.0,1.7777264e-08,1.4892412e-05,0.009849837
0.0,1.7974163e-08,1.49993675e-05,0.00983564
0.0,1.8088446e-08,1.506103e-05,0.009827886
0.0,1.8234871e-08,1.5139037e-05,0.009816973
0.0,1.8429596e-08,1.5241933e-05,0.009802068
0.0,1.8872832e-08,1.546106e-05,0.009759184
0.0,1.9499423e-08,1.5785074e-05,0.0097073335
0.0,2.0189438e-08,1.6138265e-05,0.00965734
0.0,2.082742e-08,1.6453483e-05,0.009606269
0.0,2.1387882e-08,1.6726659e-05,0.00956223
0.0,2.2038162e-08,1.7043578e-05,0.009514611
0.0,2.2566677e-08,1.730063e-05,0.0094787665
0.0,2.2763633e-08,1.7396555e-05,0.009465757
0.0,2.280731e-08,1.7417788e-05,0.009462705
0.0,2.3022125e-08,1.7520826e-05,0.009448446
0.0,2.2668615e-08,1.7369104e-05,0.00948088
0.0,2.2011694e-08,1.7058555e-05,0.009534372
0.0,2.1692518e-08,1.690026e-05,0.009557109
0.0,2.1818249e-08,1.6964317e-05,0.009552045
0.0,2.2499759e-08,1.7301092e-05,0.009510655
0.0,2.345932e-08,1.7765142e-05,0.009452009
0.0,2.455985e-08,1.8289486e-05,0.009387704
0.0,2.5797283e-08,1.8868206e-05,0.00931949
0.0,2.6788218e-08,1.9323155e-05,0.009267104
0.0,2.742798e-08,1.9614288e-05,0.00923557
0.0,2.78606e-08,1.9810923e-05,0.009215935
0.0,2.7970124e-08,1.9862073e-05,0.009212949
0.0,2.7706655e-08,1.9744872e-05,0.009227652
0.0,2.731063e-08,1.9565734e-05,0.009247391
0.0,2.6979478e-08,1.9412975e-05,0.009262465
0.0,2.668444e-08,1.9277712e-05,0.009276402
0.0,2.6441704e-08,1.9166224e-05,0.009288624
0.0,2.6437878e-08,1.9162184e-05,0.009287287
0.0,2.6850266e-08,1.9348934e-05,0.009264294
0.0,2.7269193e-08,1.9537372e-05,0.009241348
0.0,2.7685843e-08,1.9723719e-05,0.009218786
0.0,2.8121509e-08,1.9915846e-05,0.00919494
0.0,2.9411058e-08,2.0445677e-05,0.009110677
0.0,3.0953608e-08,2.1116648e-05,0.009028764
0.0,3.161159e-08,2.1411593e-05,0.009008065
0.0,3.153222e-08,2.137999e-05,0.009013362
0.0,3.104431e-08,2.1173939e-05,0.009038743
0.0,3.1272876e-08,2.1262545e-05,0.009024298
0.0,3.1787412e-08,2.1477977e-05,0.008997548
0.0,3.1944044e-08,2.1548263e-05,0.008991828
0.0,3.251536e-08,2.1785467e-05,0.008965004
0.0,3.388635e-08,2.2340564e-05,0.008897744
0.0,3.4726753e-08,2.2694961e-05,0.0088630505
0.0,3.5327353e-08,2.294866e-05,0.00884564
0.0,3.5916266e-08,2.318418e-05,0.0088232905
0.0,3.691528e-08,2.357749e-05,0.008782797
0.0,3.844884e-08,2.4179859e-05,0.008722056
0.0,3.9642256e-08,2.4642359e-05,0.008677307
0.0,4.1232195e-08,2.5219546e-05,0.008607815
0.0,4.2732236e-08,2.5793028e-05,0.00855231
0.0,4.2451642e-08,2.5705805e-05,0.008572401
0.0,4.2109875e-08,2.5579917e-05,0.008587427
0.0,4.2116138e-08,2.5576306e-05,0.00858677
0.0,4.301009e-08,2.5913145e-05,0.008556154
0.0,4.322012e-08,2.6000918e-05,0.008554211
0.0,4.256921e-08,2.5761514e-05,0.008578908
0.0,4.3262098e-08,2.6006424e-05,0.008550523
0.0,4.4643137e-08,2.6516907e-05,0.008502074
0.0,4.5173078e-08,2.671374e-05,0.008487179
0.0,4.5631264e-08,2.6880327e-05,0.008472808
0.0,4.709098e-08,2.7406973e-05,0.008428296
0.0,4.848065e-08,2.790109e-05,0.008386702
0.0,4.9152145e-08,2.8136998e-05,0.008366563
0.0,4.9417892e-08,2.82291e-05,0.008358082
0.0,5.008938e-08,2.8461702e-05,0.008337442
0.0,5.025263e-08,2.8518107e-05,0.008332345
0.0,4.9786486e-08,2.835391e-05,0.008345161
0.0,5.053098e-08,2.8611814e-05,0.008322268
0.0,5.355991e-08,2.9578932e-05,0.00821377
0.0,6.050328e-08,3.1776523e-05,0.007993557
0.0,6.5520034e-08,3.3402895e-05,0.007875312
0.0,6.4283164e-08,3.3063192e-05,0.007926204
0.0,6.082483e-08,3.196462e-05,0.008011035
0.0,6.109586e-08,3.1998537e-05,0.007988696
0.0,6.2304785e-08,3.241327e-05,0.007957771
0.0,5.953562e-08,3.1567968e-05,0.008044371
0.0,5.7921895e-08,3.1015687e-05,0.00807972
0.0,6.1127565e-08,3.204654e-05,0.007993392
0.0,6.44027e-08,3.309158e-05,0.007919985
0.0,6.6206695e-08,3.364955e-05,0.007880203
0.0,7.019949e-08,3.4860634e-05,0.0077948025
0.0,7.917785e-08,3.747805e-05,0.0076197116
0.0,8.74151e-08,3.974367e-05,0.007469316
0.0,9.499404e-08,4.174752e-05,0.00733767
0.0,1.0369075e-07,4.398566e-05,0.00720739
0.0,1.0694563e-07,4.4804663e-05,0.0071647516
0.0,1.00473116e-07,4.319341e-05,0.0072609554
0.0,9.525367e-08,4.183883e-05,0.007341477
0.0,9.752668e-08,4.2410084e-05,0.0073008905
0.0,9.8106256e-08,4.257614e-05,0.007292453
0.0,9.530801e-08,4.186241e-05,0.007340816
0.0,9.06481e-08,4.0648105e-05,0.007419886
0.0,9.037852e-08,4.0585586e-05,0.0074299965
0.0,9.127685e-08,4.082688e-05,0.0074171787
0.0,9.167343e-08,4.0933854e-05,0.0074120313
0.0,9.540804e-08,4.19175e-05,0.0073536667
0.0,1.0125495e-07,4.3425847e-05,0.007266149
0.0,1.0588239e-07,4.459388e-05,0.0072007636
0.0,1.0983054e-07,4.5571418e-05,0.007147233
0.0,1.1194314e-07,4.608711e-05,0.007119357
0.0,1.12085644e-07,4.6123605e-05,0.007118373
0.0,1.1156117e-07,4.599623e-05,0.0071261274
0.0,1.1081425e-07,4.581447e-05,0.007136196
0.0,1.096041e-07,4.5518955e-05,0.0071524866
0.0,1.08454316e-07,4.5235352e-05,0.0071677538
0.0,1.0588541e-07,4.4595967e-05,0.0072023226
0.0,1.0380592e-07,4.407329e-05,0.0072306655
0.0,1.0383354e-07,4.40793e-05,0.007229674
0.0,1.04460156e-07,4.4236873e-05,0.007220486
0.0,1.06407754e-07,4.472249e-05,0.007192885
0.0,1.0841626e-07,4.5219997e-05,0.0071648164
0.0,1.1052495e-07,4.5736204e-05,0.0071358187
0.0,1.12663926e-07,4.62557e-05,0.007106673
0.0,1.1481975e-07,4.6774898e-05,0.0070780357
0.0,1.1692335e-07,4.7280308e-05,0.007051113
0.0,1.18936e-07,4.775874e-05,0.007026143
0.0,1.2087455e-07,4.8215978e-05,0.007002098
0.0,1.2292486e-07,4.869626e-05,0.0069772806
0.0,1.2502686e-07,4.918348e-05,0.006951976
0.0,1.2718786e-07,4.9681927e-05,0.006926446
0.0,1.2952941e-07,5.021697e-05,0.006899383
0.0,1.3244073e-07,5.0871946e-05,0.0068655405
0.0,1.3527759e-07,5.15105e-05,0.006833623
0.0,1.377234e-07,5.2056097e-05,0.006807789
0.0,1.3982822e-07,5.252151e-05,0.0067855655
0.0,1.4210117e-07,5.301975e-05,0.0067619323
0.0,1.4451787e-07,5.354645e-05,0.0067371186
0.0,1.4660873e-07,5.399902e-05,0.006716111
0.0,1.4868633e-07,5.4445292e-05,0.006695389
0.0,1.5114276e-07,5.4969478e-05,0.006671329
0.0,1.5341153e-07,5.5450204e-05,0.006649374
0.0,1.5578328e-07,5.5950335e-05,0.0066269743
0.0,1.5833707e-07,5.648465e-05,0.00660342
0.0,1.610245e-07,5.704267e-05,0.0065790284
0.0,1.6373303e-07,5.7600813e-05,0.006554821
0.0,1.6641489e-07,5.8149275e-05,0.0065312153
0.0,1.6900701e-07,5.867565e-05,0.006508751
0.0,1.7167946e-07,5.9213686e-05,0.0064858524
0.0,1.7423456e-07,5.972497e-05,0.006464196
0.0,1.7658992e-07,6.0192724e-05,0.0064444914
0.0,1.7908877e-07,6.0688384e-05,0.0064241616
0.0,1.9258587e-07,6.319303e-05,0.0063051693
0.0,2.085993e-07,6.624494e-05,0.0061803437
0.0,2.056934e-07,6.576583e-05,0.006215942
0.0,1.9349123e-07,6.347277e-05,0.0063080983
0.0,1.8947068e-07,6.270405e-05,0.0063396534
0.0,1.9039427e-07,6.2883686e-05,0.0063336445
0.0,1.8840217e-07,6.250049e-05,0.006348805
0.0,1.87324e-07,6.229069e-05,0.0063561853
0.0,2.0012321e-07,6.47304e-05,0.006262764
0.0,2.0527932e-07,6.5690365e-05,0.0062252744
0.0,2.1183881e-07,6.689879e-05,0.0061801444
0.0,2.2146426e-07,6.863585e-05,0.0061171222
0.0,2.303804e-07,7.023306e-05,0.0060633733
0.0,2.343297e-07,7.0935734e-05,0.0060426947
0.0,2.3635843e-07,7.129079e-05,0.006031436
0.0,2.3791071e-07,7.156078e-05,0.006022209
0.0,2.382213e-07,7.161307e-05,0.006019924
0.0,2.347482e-07,7.100653e-05,0.0060396977
0.0,2.2732797e-07,6.969725e-05,0.006083673
0.0,2.3031821e-07,7.022622e-05,0.0060653305
0.0,2.3291204e-07,7.068239e-05,0.0060495003
0.0,2.3588284e-07,7.1202405e-05,0.0060317325
0.0,2.3933256e-07,7.18009e-05,0.0060113277
0.0,2.4375663e-07,7.255877e-05,0.0059849857
0.0,2.4772964e-07,7.32449e-05,0.0059621995
0.0,2.5024755e-07,7.367387e-05,0.0059488337
0.0,2.614359e-07,7.548743e-05,0.005880765
0.0,2.815754e-07,7.876963e-05,0.005767802
0.0,2.8842874e-07,7.991629e-05,0.00573752
0.0,2.7621746e-07,7.797901e-05,0.005804005
0.0,2.6493217e-07,7.6134645e-05,0.0058656977
0.0,2.6124576e-07,7.5524586e-05,0.005887079
0.0,2.5835362e-07,7.504152e-05,0.005903037
0.0,2.578259e-07,7.4952346e-05,0.005905685
0.0,2.6730817e-07,7.653141e-05,0.0058561275
0.0,2.8019718e-07,7.862225e-05,0.005789876
0.0,2.9218427e-07,8.0549915e-05,0.005731255
0.0,3.030969e-07,8.227396e-05,0.0056837415
0.0,3.1438861e-07,8.4022315e-05,0.005636079
0.0,3.246299e-07,8.5593056e-05,0.005594875
0.0,3.3104936e-07,8.6564476e-05,0.0055702226
0.0,3.335036e-07,8.693291e-05,0.0055604493
0.0,3.3545194e-07,8.7219865e-05,0.0055521205
0.0,3.334804e-07,8.6924694e-05,0.005558987
0.0,3.225816e-07,8.528144e-05,0.0056027323
0.0,3.178971e-07,8.456551e-05,0.0056220046
0.0,3.2056855e-07,8.4972664e-05,0.005610659
0.0,3.2528465e-07,8.568844e-05,0.0055911834
0.0,3.3038893e-07,8.646045e-05,0.0055705416
0.0,3.354996e-07,8.722743e-05,0.0055504646
0.0,3.409117e-07,8.803404e-05,0.0055294777
0.0,3.4632455e-07,8.883149e-05,0.0055085504
0.0,3.5142125e-07,8.958019e-05,0.005488962
0.0,3.548872e-07,9.008928e-05,0.0054763583
0.0,3.5990013e-07,9.081741e-05,0.005458282
0.0,3.6494424e-07,9.154505e-05,0.005439964
0.0,3.7002937e-07,9.2274386e-05,0.005421774
0.0,3.7575145e-07,9.3088944e-05,0.005401603
0.0,3.8132197e-07,9.387819e-05,0.0053822948
0.0,3.8735283e-07,9.47246e-05,0.0053617945
0.0,3.9262284e-07,9.546187e-05,0.0053440607
0.0,3.9818858e-07,9.623471e-05,0.005325909
0.0,4.0460958e-07,9.711884e-05,0.0053050197
0.0,4.1074696e-07,9.7961485e-05,0.005285549
0.0,4.1724476e-07,9.8841134e-05,0.0052651553
0.0,4.247574e-07,9.9854275e-05,0.0052415407
0.0,4.317777e-07,0.000100798956,0.005220644
0.0,4.3715124e-07,0.000101517944,0.0052053556
0.0,4.4486865e-07,0.00010252792,0.0051825386
0.0,4.5716598e-07,0.00010413054,0.0051460955
0.0,4.6666275e-07,0.00010537448,0.005120135
0.0,4.7408895e-07,0.00010631996,0.0051007452
0.0,4.843177e-07,0.00010762966,0.005073043
0.0,4.911875e-07,0.00010850864,0.0050566928
0.0,4.9566256e-07,0.00010907024,0.0050459215
0.0,5.523181e-07,0.00011580891,0.0048991125
0.0,6.389443e-07,0.00012590497,0.0047082473
0.0,6.2313086e-07,0.00012424254,0.004750391
0.0,5.6827804e-07,0.00011791463,0.0048709293
0.0,5.5102134e-07,0.0001158564,0.0049116183
0.0,5.4954825e-07,0.00011567768,0.004915446
0.0,5.3492704e-07,0.000113914866,0.004948837
0.0,5.591369e-07,0.0001168295,0.0048944377
0.0,6.131112e-07,0.00012312515,0.0047819912
0.0,6.5980424e-07,0.0001283618,0.0046920413
0.0,7.1960415e-07,0.00013487523,0.004589091
0.0,7.9232495e-07,0.00014247606,0.0044805976
0.0,8.6020873e-07,0.00014929601,0.004389418
0.0,9.09337e-07,0.0001540867,0.004328542
0.0,9.343489e-07,0.0001564807,0.0042988076
0.0,9.450672e-07,0.00015749312,0.004285952
0.0,9.5111693e-07,0.00015802862,0.004277057
0.0,9.08632e-07,0.00015400119,0.0043256786
0.0,7.9768904e-07,0.00014302498,0.0044739256
0.0,7.7524123e-07,0.00014072323,0.0045070224
0.0,7.9454423e-07,0.00014269236,0.0044786157
0.0,8.164227e-07,0.0001449156,0.0044469815
0.0,8.267006e-07,0.00014595463,0.004433238
0.0,9.09326e-07,0.00015389228,0.0043192753
0.0,1.0092923e-06,0.00016337051,0.004196721
0.0,9.727955e-07,0.00016006513,0.004245394
0.0,9.309162e-07,0.00015611353,0.004296701
0.0,9.356361e-07,0.00015656606,0.0042916313
0.0,9.517072e-07,0.00015805935,0.004272448
0.0,9.571282e-07,0.00015856455,0.0042638597
0.0,1.0142245e-06,0.00016388754,0.004201482
0.0,1.0564248e-06,0.0001677241,0.0041583665
0.0,1.1066999e-06,0.00017217611,0.00410724
0.0,1.1604229e-06,0.00017692597,0.0040576467
0.0,1.1945826e-06,0.00017985624,0.004031176
0.0,1.2710593e-06,0.00018630385,0.0039674677
0.0,1.3352574e-06,0.00019158288,0.0039181677
0.0,1.3761181e-06,0.00019489753,0.0038879765
0.0,1.393397e-06,0.00019629054,0.00387632
0.0,1.4205709e-06,0.00019845221,0.0038576373
0.0,1.403821e-06,0.00019712395,0.0038692697
0.0,1.4552056e-06,0.00020098424,0.0038272715
0.0,1.6327406e-06,0.00021459104,0.0037073195
0.0,1.6876129e-06,0.00021861526,0.0036772834
0.0,1.6572428e-06,0.0002165139,0.0036955446
0.0,1.5048065e-06,0.00020504676,0.0037970277
0.0,1.3984954e-06,0.00019669931,0.0038718185
0.0,1.3470524e-06,0.00019255081,0.003908933
0.0,1.3774857e-06,0.00019501109,0.0038866315
0.0,1.3991223e-06,0.0001967445,0.0038710055
0.0,1.481554e-06,0.00020324453,0.003814765
0.0,1.5748569e-06,0.0002104135,0.003755853
0.0,1.6748025e-06,0.00021789112,0.0036980275
0.0,1.7780924e-06,0.00022542375,0.0036431865
0.0,1.9471827e-06,0.00023721677,0.0035571249
0.0,2.118632e-06,0.00024890548,0.0034770684
0.0,2.0568764e-06,0.00024483513,0.0035072684
0.0,2.0307411e-06,0.00024294462,0.003518221
0.0,2.0077487e-06,0.0002414718,0.00352554
0.0,1.7830805e-06,0.00022574204,0.0036380137
0.0,1.6490212e-06,0.00021596512,0.0037110364
0.0,1.5937538e-06,0.00021183654,0.0037449813
0.0,1.5929439e-06,0.00021177414,0.0037455922
0.0,1.6088218e-06,0.00021296486,0.0037356047
0.0,1.6948383e-06,0.00021935743,0.003686421
0.0,1.7589113e-06,0.00022402135,0.0036519254
0.0,1.8377875e-06,0.00022966939,0.00361149
0.0,1.9023836e-06,0.00023422131,0.0035802517
0.0,1.9711515e-06,0.00023897411,0.0035480936
0.0,2.0180821e-06,0.0002422008,0.0035267584
0.0,2.0197192e-06,0.00024231477,0.003526832
0.0,2.0010332e-06,0.00024103653,0.0035351326
0.0,1.9534662e-06,0.00023776389,0.0035565682
0.0,1.9279814e-06,0.0002359995,0.0035683042
0.0,1.9065972e-06,0.0002345093,0.003578415
0.0,1.8786775e-06,0.00023255212,0.003591726
0.0,1.8856094e-06,0.00023303751,0.0035882397
0.0,1.8936757e-06,0.00023360159,0.0035842392
0.0,1.91451e-06,0.0002350561,0.0035742
0.0,1.9381573e-06,0.00023669732,0.003562972
0.0,1.9584384e-06,0.00023810015,0.0035534506
0.0,1.9758972e-06,0.00023930194,0.0035454123
0.0,1.994512e-06,0.00024057776,0.0035368816
0.0,2.0146697e-06,0.00024194845,0.0035276022
0.0,2.033599e-06,0.00024323975,0.0035190056
0.0,2.0464672e-06,0.00024410947,0.0035134384
0.0,2.0625794e-06,0.00024519672,0.0035062218
0.0,2.0812147e-06,0.00024645377,0.0034981852
0.0,2.0966386e-06,0.00024748853,0.0034916666
0.0,2.1154706e-06,0.00024874666,0.0034836584
0.0,2.1377232e-06,0.0002502278,0.0034743198
0.0,2.1591595e-06,0.0002516482,0.0034654203
0.0,2.1835328e-06,0.00025325606,0.0034554498
0.0,2.2275858e-06,0.00025611828,0.0034371875
0.0,2.2663291e-06,0.0002586582,0.003421528
0.0,2.2720471e-06,0.0002590256,0.0034200791
0.0,2.295113e-06,0.00026051578,0.0034111189
0.0,2.3155974e-06,0.00026183462,0.0034034993
0.0,2.3289658e-06,0.0002626933,0.0033985877
0.0,2.3493292e-06,0.00026399433,0.0033910992
0.0,2.3834386e-06,0.00026616303,0.0033785994
0.0,2.409512e-06,0.00026781013,0.0033690967
0.0,2.4478616e-06,0.00027022022,0.0033553806
0.0,2.4882688e-06,0.00027274503,0.0033413093
0.0,2.5271083e-06,0.00027515547,0.003328204
0.0,2.566177e-06,0.00027756288,0.0033152334
0.0,2.6075354e-06,0.00028009378,0.0033016994
0.0,2.6477942e-06,0.00028254138,0.0032887615
0.0,2.6890443e-06,0.00028502842,0.0032756533
0.0,2.726104e-06,0.0002872568,0.0032640807
0.0,2.7485266e-06,0.00028859626,0.0032573193
0.0,2.767848e-06,0.00028974435,0.003251399
0.0,2.805818e-06,0.00029199664,0.0032400144
0.0,2.840177e-06,0.0002940211,0.0032299096
0.0,2.8836052e-06,0.00029656658,0.0032172946
0.0,2.9301827e-06,0.00029928016,0.003204096
0.0,2.9766752e-06,0.00030196915,0.0031911936
0.0,3.0320584e-06,0.00030514505,0.0031760372
0.0,3.0923854e-06,0.00030858177,0.003159873
0.0,3.14703e-06,0.00031167027,0.0031456724
0.0,3.1993065e-06,0.00031460737,0.0031324425
0.0,3.2534288e-06,0.00031762203,0.0031190764
0.0,3.3144543e-06,0.00032099627,0.003104218
0.0,3.3805852e-06,0.0003246235,0.003088499
0.0,3.465363e-06,0.0003292196,0.0030687521
0.0,3.5483195e-06,0.00033369567,0.0030500346
0.0,3.6106808e-06,0.0003370184,0.0030366438
0.0,3.6955125e-06,0.00034150478,0.0030185913
0.0,3.7858563e-06,0.00034623285,0.0029999688
0.0,3.8792155e-06,0.00035106888,0.002981239
0.0,3.9838155e-06,0.00035643822,0.0029609788
0.0,4.0828363e-06,0.00036146128,0.0029425053
0.0,4.1844983e-06,0.0003665666,0.0029240479
0.0,4.2989254e-06,0.00037224992,0.0029039346
0.0,4.432437e-06,0.00037879773,0.00288124
0.0,4.5529946e-06,0.000384664,0.0028615524
0.0,4.656646e-06,0.00038963574,0.0028453507
0.0,4.785694e-06,0.00039577152,0.0028255973
0.0,4.913981e-06,0.00040180935,0.0028067143
0.0,5.032155e-06,0.00040731108,0.0027899328
0.0,5.170152e-06,0.0004136703,0.002770961
0.0,5.2927257e-06,0.0004192609,0.0027546647
0.0,5.4149705e-06,0.00042478117,0.0027388837
0.0,5.594635e-06,0.0004328136,0.0027165308
0.0,5.825039e-06,0.00044293416,0.0026892168
0.0,6.031887e-06,0.0004519487,0.0026658352
0.0,6.2626605e-06,0.0004617551,0.0026412408
0.0,6.5196245e-06,0.0004726279,0.0026149235
0.0,6.6713374e-06,0.00047892373,0.0026003178
0.0,6.7936962e-06,0.00048398238,0.002588743
0.0,6.917993e-06,0.00048906147,0.002577349
0.0,6.9219964e-06,0.000489244,0.0025769589
0.0,7.018114e-06,0.00049312704,0.0025683818
0.0,7.228332e-06,0.0005016059,0.0025499575
0.0,7.6274337e-06,0.00051737914,0.002517166
0.0,8.1157095e-06,0.00053638854,0.002480057
0.0,9.310463e-06,0.000580779,0.00240324
0.0,1.0567899e-05,0.00062592234,0.0023377098
0.0,9.897993e-06,0.000602657,0.0023697717
0.0,8.949457e-06,0.00056784326,0.0024235747
0.0,8.519013e-06,0.0005517164,0.0024515446
0.0,7.81066e-06,0.0005246101,0.002502786
0.0,8.041921e-06,0.000533593,0.0024852827
0.0,9.012327e-06,0.00056999974,0.002418765
0.0,9.314087e-06,0.00058097363,0.002399784
0.0,1.0112541e-05,0.00060926186,0.0023529406
0.0,1.208132e-05,0.0006745622,0.0022508882
0.0,1.4411435e-05,0.00074409106,0.0021427833
0.0,1.6178079e-05,0.0007920102,0.0020669815
0.0,1.7761606e-05,0.00083219586,0.0020040385
0.0,1.8748273e-05,0.0008561669,0.001967417
0.0,1.8351351e-05,0.0008467103,0.001982396
0.0,1.6773498e-05,0.0008075954,0.0020438218
0.0,1.5075961e-05,0.00076280977,0.0021152582
0.0,1.3315708e-05,0.0007125847,0.0021939413
0.0,1.2218532e-05,0.0006789854,0.002245236
0.0,1.1985547e-05,0.0006716039,0.0022564302
0.0,1.1842602e-05,0.00066704734,0.0022634745
0.0,1.1718388e-05,0.0006630678,0.0022696794
0.0,1.1645254e-05,0.00066071935,0.0022734022
0.0,1.1791275e-05,0.0006655373,0.0022673649
0.0,1.2063183e-05,0.0006745099,0.0022563643
0.0,1.211898e-05,0.0006763604,0.002253573
0.0,1.2033385e-05,0.0006734181,0.0022560277
0.0,1.2018611e-05,0.0006728246,0.0022561345
0.0,1.199669e-05,0.0006721336,0.0022572929
0.0,1.2100654e-05,0.0006754525,0.0022523894
0.0,1.2398099e-05,0.00068483956,0.0022384645
0.0,1.2598623e-05,0.00069111015,0.0022292673
0.0,1.2765304e-05,0.0006962733,0.0022216914
0.0,1.3068051e-05,0.00070553157,0.0022079526
0.0,1.3445764e-05,0.0007168959,0.0021910528
0.0,1.3772344e-05,0.0007265662,0.0021766573
0.0,1.4042265e-05,0.0007344611,0.0021649846
0.0,1.4245233e-05,0.0007403353,0.0021562665
0.0,1.4371144e-05,0.00074395793,0.002150952
0.0,1.4406392e-05,0.0007449953,0.0021496385
0.0,1.435005e-05,0.0007434154,0.0021522373
0.0,1.4207293e-05,0.00073936436,0.0021587121
0.0,1.4083118e-05,0.00073581794,0.0021643282
0.0,1.4127537e-05,0.00073712476,0.0021625524
0.0,1.42721365e-05,0.00074132293,0.0021565238
0.0,1.44211035e-05,0.00074562954,0.0021503922
0.0,1.4563709e-05,0.0007497086,0.0021444263
0.0,1.4715245e-05,0.0007539943,0.0021380146
0.0,1.4868967e-05,0.0007583322,0.0021316851
0.0,1.5025744e-05,0.0007627328,0.0021252772
0.0,1.5187114e-05,0.00076722284,0.0021186748
0.0,1.5348669e-05,0.0007716743,0.002112018
0.0,1.5505899e-05,0.000775993,0.002105695
0.0,1.5665282e-05,0.0007803458,0.002099325
0.0,1.5834186e-05,0.0007849032,0.0020924737
0.0,1.603516e-05,0.0007903114,0.0020845616
0.0,1.6229551e-05,0.00079548906,0.0020768573
0.0,1.6418742e-05,0.0008004609,0.0020692712
0.0,1.664234e-05,0.0008063135,0.0020605335
0.0,1.6862807e-05,0.00081204006,0.0020520026
0.0,1.7095554e-05,0.0008180381,0.0020431138
0.0,1.7332606e-05,0.0008240531,0.002033908
0.0,1.7564445e-05,0.000829885,0.0020250315
0.0,1.7807848e-05,0.0008359718,0.0020158794
0.0,1.8084516e-05,0.00084282353,0.0020055762
0.0,1.839537e-05,0.0008504415,0.001994133
0.0,1.8721748e-05,0.0008583716,0.001982386
0.0,1.9046212e-05,0.0008661633,0.0019708292
0.0,1.9393166e-05,0.0008743742,0.0019585092
0.0,2.0140196e-05,0.0008929404,0.0019384812
0.0,2.0317988e-05,0.00089672266,0.0019303996
0.0,2.0661091e-05,0.00090464565,0.0019197923
0.0,2.0818557e-05,0.00090839574,0.0019152638
0.0,2.0384716e-05,0.0008978662,0.0019265584
0.0,2.0714562e-05,0.00090562575,0.0019171232
0.0,2.095394e-05,0.0009109229,0.0019085238
0.0,2.0979363e-05,0.00091140944,0.0019075414
0.0,2.1687232e-05,0.0009270626,0.0018843448
0.0,2.2715654e-05,0.00094922446,0.0018518737
0.0,2.4678526e-05,0.0009904533,0.0017960205
0.0,2.735628e-05,0.0010441777,0.0017285424
0.0,3.0471561e-05,0.0011036224,0.0016605755
0.0,3.3731936e-05,0.0011631009,0.0015996762
0.0,3.6613714e-05,0.0012135535,0.0015523629
0.0,3.9200073e-05,0.0012575317,0.0015146411
0.0,4.10277e-05,0.0012878024,0.0014899233
0.0,4.1697065e-05,0.0012988546,0.001481533
0.0,4.0950454e-05,0.0012865942,0.0014910749
0.0,4.123019e-05,0.0012911891,0.0014874714
0.0,4.0824638e-05,0.0012845956,0.0014929227
0.0,4.0718936e-05,0.0012828583,0.0014943255
0.0,4.1296076e-05,0.0012923412,0.0014868176
0.0,4.1096377e-05,0.0012890262,0.0014893281
0.0,4.1579413e-05,0.00129694,0.0014831382
0.0,4.223409e-05,0.00130769,0.0014750771
0.0,4.3182677e-05,0.0013229656,0.0014633087
0.0,4.43359e-05,0.0013414167,0.0014496781
0.0,4.5295612e-05,0.0013567139,0.0014389057
0.0,4.6321045e-05,0.0013728099,0.0014275401
0.0,4.760675e-05,0.0013928276,0.0014138927
0.0,4.8364585e-05,0.001404567,0.0014061832
0.0,4.882371e-05,0.0014115709,0.0014014712
0.0,4.9474824e-05,0.0014215042,0.0013949936
0.0,5.0083847e-05,0.001430752,0.0013890511
0.0,5.057701e-05,0.0014382489,0.0013843979
0.0,5.1305087e-05,0.0014492058,0.0013775278
0.0,5.189857e-05,0.0014580637,0.0013719981
0.0,5.2584423e-05,0.0014683676,0.001365919
0.0,5.3183798e-05,0.0014772324,0.0013605285
0.0,5.4091935e-05,0.0014906195,0.0013525924
0.0,5.471297e-05,0.0014997165,0.0013472787
0.0,5.495542e-05,0.001503284,0.001345298
0.0,5.5436474e-05,0.0015102613,0.0013412273
0.0,5.583503e-05,0.001516033,0.0013379286
0.0,5.5899967e-05,0.0015169241,0.0013373563
0.0,5.5865494e-05,0.0015163785,0.0013376203
0.0,5.6413446e-05,0.0015243128,0.0013331671
0.0,5.6660952e-05,0.0015278521,0.0013311512
0.0,5.6745248e-05,0.0015290016,0.0013304234
0.0,5.6771096e-05,0.0015293167,0.0013301916
0.0,5.6947443e-05,0.001531797,0.0013287434
0.0,5.718742e-05,0.0015352126,0.0013268285
0.0,5.715426e-05,0.001534677,0.0013270652
0.0,5.68855e-05,0.0015307015,0.0013291291
0.0,5.6658813e-05,0.001527332,0.0013308817
0.0,5.6222256e-05,0.0015208786,0.00133429
0.0,5.5895478e-05,0.0015159987,0.0013368464
0.0,5.5476914e-05,0.0015097655,0.0013401865
0.0,5.4941083e-05,0.0015017539,0.0013444813
0.0,5.4493874e-05,0.0014950166,0.0013480964
0.0,5.4050644e-05,0.0014882887,0.0013516897
0.0,5.381327e-05,0.0014845913,0.0013535678
0.0,5.3819764e-05,0.0014845161,0.0013533895
0.0,5.37056e-05,0.0014826437,0.0013542343
0.0,5.345279e-05,0.001478669,0.0013562244
0.0,5.3134798e-05,0.0014737042,0.0013587933
0.0,5.2870928e-05,0.0014695374,0.0013609156
0.0,5.3503536e-05,0.0014794305,0.0013562626
0.0,5.2204094e-05,0.0014594741,0.0013667385
0.0,5.0221257e-05,0.0014289914,0.001384374
0.0,4.6067882e-05,0.0013636916,0.0014246772
0.0,4.3000033e-05,0.001313383,0.0014572472
0.0,4.4250773e-05,0.0013332488,0.0014427764
0.0,4.023273e-05,0.00126591,0.0014885602
0.0,3.8885068e-05,0.0012420067,0.0015045194
0.0,4.1733158e-05,0.0012894653,0.0014689122
0.0,5.0347975e-05,0.0014279251,0.0013815463
0.0,5.5570963e-05,0.001506642,0.0013372101
0.0,5.7245543e-05,0.0015309432,0.001324255
0.0,5.4679775e-05,0.0014924037,0.001344153
0.0,5.3529086e-05,0.0014743952,0.0013534809
0.0,5.461831e-05,0.0014904797,0.0013447427
0.0,5.0787254e-05,0.001431667,0.0013767949
0.0,5.0289727e-05,0.0014236252,0.0013812489
0.0,5.5477285e-05,0.0015026852,0.0013382486
0.0,6.270791e-05,0.0016081268,0.0012862651
0.0,6.9961316e-05,0.0017086872,0.0012415774
0.0,7.3151736e-05,0.0017514889,0.0012238936
0.0,7.532409e-05,0.0017801723,0.0012124851
0.0,7.6366625e-05,0.0017938048,0.0012072077
0.0,7.5861266e-05,0.0017871395,0.0012098979
0.0,7.3731004e-05,0.0017589675,0.0012211853
0.0,7.193677e-05,0.0017350235,0.0012309953
0.0,6.8489375e-05,0.001688328,0.0012506526
0.0,6.237479e-05,0.0016029401,0.0012890234
0.0,5.964299e-05,0.0015633925,0.0013080337
0.0,6.0204082e-05,0.0015712212,0.0013044095
0.0,6.0650207e-05,0.0015774802,0.0013015522
0.0,5.849453e-05,0.0015458278,0.0013171815
0.0,5.940203e-05,0.0015588591,0.0013110385
0.0,6.6182954e-05,0.0016554717,0.0012662421
0.0,7.433309e-05,0.0017663669,0.0012194676
0.0,7.874399e-05,0.0018242429,0.0011968943
0.0,8.02677e-05,0.0018438923,0.0011896185
0.0,8.0653444e-05,0.0018488116,0.0011879676
0.0,8.056055e-05,0.0018475866,0.0011886037
0.0,7.981072e-05,0.0018379021,0.0011923938
0.0,7.857205e-05,0.0018218395,0.0011986285
0.0,7.710772e-05,0.0018027155,0.0012061228
0.0,7.548314e-05,0.0017813272,0.0012146046
0.0,7.362433e-05,0.0017566228,0.0012245516
0.0,7.271954e-05,0.0017444633,0.0012296853
0.0,7.1795745e-05,0.0017319716,0.0012350434
0.0,7.074434e-05,0.001717673,0.0012412299
0.0,6.96472e-05,0.0017026522,0.0012478258
0.0,6.846903e-05,0.001686407,0.0012550537
0.0,6.714612e-05,0.0016680247,0.001263346
0.0,6.561972e-05,0.0016466212,0.0012731624
0.0,6.393879e-05,0.0016227958,0.0012843158
0.0,6.217583e-05,0.0015975133,0.0012964405
0.0,6.0197166e-05,0.0015687582,0.0013105896
0.0,5.821747e-05,0.0015395684,0.0013253943
0.0,5.6296478e-05,0.0015108202,0.001340437
0.0,5.452167e-05,0.0014838683,0.0013549965
0.0,5.2909054e-05,0.0014590312,0.0013688446
0.0,5.1345134e-05,0.0014346195,0.0013828438
0.0,4.9807448e-05,0.0014103003,0.001397185
0.0,4.792682e-05,0.0013801166,0.0014154597
0.0,4.6147466e-05,0.0013510599,0.0014337138
0.0,4.472241e-05,0.0013274177,0.0014491479
0.0,4.3160086e-05,0.0013011285,0.0014667572
0.0,4.1755375e-05,0.0012771202,0.00148341
0.0,4.074577e-05,0.0012596198,0.0014960332
0.0,4.0020524e-05,0.001246911,0.0015055297
0.0,3.9249808e-05,0.0012333007,0.0015158434
0.0,3.8499275e-05,0.0012199299,0.0015261746
0.0,3.791345e-05,0.0012093976,0.0015345885
0.0,3.735184e-05,0.0011992332,0.0015428304
0.0,3.682136e-05,0.0011895713,0.0015507839
0.0,3.638261e-05,0.0011815254,0.0015575796
0.0,3.6066886e-05,0.0011756954,0.0015626901
0.0,3.5829144e-05,0.0011712798,0.0015667229
0.0,3.556395e-05,0.0011663474,0.0015711815
0.0,3.540512e-05,0.0011633616,0.001574119
0.0,3.547705e-05,0.0011646345,0.001573705
0.0,3.554557e-05,0.0011658475,0.0015733306
0.0,3.576812e-05,0.0011698938,0.0015707066
0.0,3.622954e-05,0.0011783086,0.0015646586
0.0,3.6817743e-05,0.0011889861,0.0015569052
0.0,3.7450438e-05,0.0012003982,0.0015486692
0.0,3.8140024e-05,0.00121275,0.001539819
0.0,3.891911e-05,0.0012265983,0.0015299784
0.0,3.969147e-05,0.0012402143,0.0015204437
0.0,4.040585e-05,0.0012527092,0.0015118498
0.0,4.112503e-05,0.0012651936,0.0015033701
0.0,4.1830233e-05,0.0012773474,0.0014952193
0.0,4.2485677e-05,0.0012885673,0.0014878035
0.0,4.3073385e-05,0.0012985648,0.0014812967
0.0,4.363952e-05,0.001308141,0.0014751361
0.0,4.4194712e-05,0.0013174795,0.0014691924
0.0,4.4597848e-05,0.0013242294,0.0014650024
0.0,4.4847413e-05,0.0013283913,0.0014625371
0.0,4.5159635e-05,0.0013335836,0.0014594044
0.0,4.5430024e-05,0.0013380703,0.0014567303
0.0,4.558272e-05,0.001340596,0.0014553315
0.0,4.5697678e-05,0.0013424911,0.001454341
0.0,4.577222e-05,0.0013437158,0.0014537724
0.0,4.563719e-05,0.0013414717,0.0014554416
0.0,4.5392422e-05,0.0013374011,0.0014582986
0.0,4.5113862e-05,0.0013327566,0.0014615328
0.0,4.4807643e-05,0.0013276406,0.001465081
0.0,4.4256085e-05,0.0013183961,0.001471395
0.0,4.358927e-05,0.0013071497,0.0014791403
0.0,4.2844462e-05,0.0012944923,0.0014879563
0.0,4.199292e-05,0.0012799092,0.0014982475
0.0,4.099706e-05,0.0012626902,0.001510625
0.0,4.0374798e-05,0.0012518195,0.0015186568
0.0,3.9942242e-05,0.0012442139,0.0015243932
0.0,3.9463725e-05,0.0012357575,0.0015308209
0.0,3.90293e-05,0.001228034,0.0015367665
0.0,3.855748e-05,0.0012196057,0.0015432979
0.0,3.7971677e-05,0.0012090834,0.0015515055
0.0,3.7326015e-05,0.0011974042,0.0015607297
0.0,3.6700054e-05,0.0011859885,0.0015698955
0.0,3.6370893e-05,0.0011799191,0.0015749084
0.0,3.621661e-05,0.0011770381,0.0015773847
0.0,3.6173686e-05,0.0011761938,0.0015782404
0.0,3.643667e-05,0.0011809439,0.001574607
0.0,3.685087e-05,0.001188433,0.0015688099
0.0,3.724578e-05,0.0011955351,0.0015633617
0.0,3.7764188e-05,0.0012048271,0.0015562446
0.0,3.8283546e-05,0.0012140878,0.0015492155
0.0,4.008373e-05,0.0012458668,0.0015252911
0.0,3.9698833e-05,0.0012392462,0.0015300666
0.0,3.481099e-05,0.0011506912,0.001599809
0.0,3.375755e-05,0.0011307828,0.001616555
0.0,3.016842e-05,0.001061237,0.0016790925
0.0,2.904181e-05,0.0010385137,0.0017010516
0.0,3.2356653e-05,0.0011036089,0.0016405871
0.0,3.822007e-05,0.001212218,0.0015512024
0.0,4.336577e-05,0.0013016558,0.0014865323
0.0,4.7094545e-05,0.0013635748,0.001445704
0.0,4.9036214e-05,0.001394927,0.0014261416
0.0,4.9307328e-05,0.0013991836,0.0014235959
0.0,4.884779e-05,0.0013916739,0.0014282323
0.0,4.8104208e-05,0.0013795684,0.0014357485
0.0,4.7404345e-05,0.0013681257,0.0014429349
0.0,4.716478e-05,0.0013642055,0.0014454292
0.0,4.745672e-05,0.0013689854,0.0014424063
0.0,4.7921945e-05,0.001376613,0.0014376161
0.0,4.830167e-05,0.0013828379,0.0014337234
0.0,4.8155052e-05,0.0013804774,0.0014352063
0.0,4.7978596e-05,0.0013776172,0.0014369985
0.0,4.786522e-05,0.0013757655,0.0014381524
0.0,4.7514433e-05,0.0013700597,0.0014417574
0.0,4.7168716e-05,0.0013644006,0.0014453399
0.0,4.6855763e-05,0.0013592762,0.001448612
0.0,4.6372556e-05,0.0013513262,0.0014537288
0.0,4.5907982e-05,0.0013436396,0.0014587127
0.0,4.561051e-05,0.001338696,0.0014619393
0.0,4.5436984e-05,0.0013357939,0.0014638351
0.0,4.5251058e-05,0.0013326758,0.0014658829
0.0,4.477564e-05,0.0013247237,0.0014711696
0.0,4.4092285e-05,0.0013132086,0.0014788818
0.0,4.3292323e-05,0.0012996369,0.0014881019
0.0,4.248076e-05,0.0012857453,0.0014976957
0.0,4.190234e-05,0.0012757427,0.0015046939
0.0,4.1577994e-05,0.0012700667,0.0015086819
0.0,4.127431e-05,0.0012647308,0.001512449
0.0,4.108197e-05,0.0012612876,0.0015148324
0.0,4.05209e-05,0.0012514577,0.0015219277
0.0,3.9945728e-05,0.0012412554,0.0015293037
0.0,3.935633e-05,0.0012307356,0.0015369914
0.0,3.8771388e-05,0.0012202174,0.0015447655
0.0,3.861128e-05,0.0012171887,0.0015468511
0.0,3.8244503e-05,0.0012105252,0.0015518349
0.0,3.7801503e-05,0.0012023987,0.0015578842
0.0,3.740476e-05,0.0011950554,0.0015633346
0.0,3.6932506e-05,0.00118632,0.0015699561
0.0,3.6757665e-05,0.0011828996,0.001572314
0.0,3.68358e-05,0.0011840533,0.0015709877
0.0,3.6886333e-05,0.0011846896,0.001570025
0.0,3.6802325e-05,0.0011828687,0.0015709747
0.0,3.6795376e-05,0.0011824098,0.0015707494
0.0,3.670983e-05,0.0011805284,0.0015716499
0.0,3.654997e-05,0.0011772811,0.001573603
0.0,3.6425794e-05,0.0011746853,0.0015750311
0.0,3.6295227e-05,0.0011720025,0.0015765856
0.0,3.617103e-05,0.001169387,0.001577984
0.0,3.6184574e-05,0.0011693069,0.0015773544
0.0,3.5829617e-05,0.0011625473,0.0015822788
0.0,3.543747e-05,0.0011550074,0.0015877169
0.0,3.502136e-05,0.0011469842,0.001593586
0.0,3.4626966e-05,0.0011392019,0.0015990157
0.0,3.4396515e-05,0.0011344297,0.0016019031
0.0,3.424995e-05,0.0011312391,0.0016035084
0.0,3.3799555e-05,0.0011223282,0.0016099297
0.0,3.3224653e-05,0.001110932,0.0016183329
0.0,3.252051e-05,0.0010969612,0.0016290284
0.0,3.1809286e-05,0.0010826837,0.0016400393
0.0,3.1295927e-05,0.0010720737,0.0016477273
0.0,3.0278221e-05,0.0010516348,0.0016650319
0.0,2.9355859e-05,0.0010326027,0.0016807857
0.0,2.8045699e-05,0.0010055085,0.0017050802
0.0,2.6840184e-05,0.0009799007,0.0017282409
0.0,2.569721e-05,0.00095513114,0.001751312
0.0,2.4673242e-05,0.00093243166,0.001772746
0.0,2.3631386e-05,0.00090898864,0.0017958265
0.0,2.2438955e-05,0.0008816535,0.0018238606
0.0,2.1061482e-05,0.00084952754,0.0018592766
0.0,1.9710202e-05,0.00081711885,0.0018967856
0.0,1.8431601e-05,0.0007856099,0.0019353628
0.0,1.7281493e-05,0.0007565062,0.0019730888
0.0,1.6323374e-05,0.0007316016,0.0020067885
0.0,1.547124e-05,0.00070893625,0.0020388472
0.0,1.4765147e-05,0.00068976334,0.0020670975
0.0,1.4124276e-05,0.0006720605,0.0020943717
0.0,1.3595974e-05,0.00065720984,0.0021179966
0.0,1.308766e-05,0.0006427062,0.0021418724
0.0,1.2364041e-05,0.0006216627,0.002178012
0.0,1.1660754e-05,0.0006006566,0.0022153747
0.0,1.0879477e-05,0.0005766315,0.002259796
0.0,1.0107242e-05,0.0005521574,0.0023075682
0.0,9.3347335e-06,0.0005268415,0.0023596385
0.0,8.611747e-06,0.000502278,0.002412589
0.0,7.839957e-06,0.00047517868,0.0024760598
0.0,7.017592e-06,0.00044503732,0.0025524094
0.0,6.156516e-06,0.00041170558,0.0026429873
0.0,5.3444655e-06,0.0003783069,0.0027413561
0.0,4.6213618e-06,0.00034654894,0.0028417753
0.0,3.9508122e-06,0.00031513313,0.002950883
0.0,3.3407518e-06,0.00028450222,0.0030682003
0.0,2.8049114e-06,0.00025552534,0.0031896844
0.0,2.313354e-06,0.00022691759,0.0033259697
0.0,1.8613023e-06,0.0001983346,0.0034817592
0.0,1.4799656e-06,0.00017182503,0.0036432853
0.0,1.1637043e-06,0.000147646,0.0038118844
0.0,9.139949e-07,0.00012658388,0.0039779665
0.0,7.2395744e-07,0.00010903281,0.0041388534
0.0,5.779932e-07,9.434457e-05,0.0042955587
0.0,4.6140997e-07,8.1579776e-05,0.004452631
0.0,3.6987328e-07,7.0705515e-05,0.004608379
0.0,2.994217e-07,6.164618e-05,0.0047580954
0.0,2.3956727e-07,5.3320568e-05,0.0049171452
0.0,1.8995192e-07,4.5836234e-05,0.0050845733
0.0,1.511494e-07,3.9489154e-05,0.005252395
0.0,1.2113017e-07,3.4170203e-05,0.0054168124
0.0,9.811852e-08,2.9769122e-05,0.005575045
0.0,7.9239186e-08,2.587941e-05,0.0057376325
0.0,6.404477e-08,2.2505299e-05,0.0059013087
0.0,5.190541e-08,1.960303e-05,0.0060646636
0.0,4.0955435e-08,1.677794e-05,0.0062527
0.0,3.1457315e-08,1.4108572e-05,0.0064668152
0.0,2.3852031e-08,1.1765249e-05,0.0066981125
0.0,1.7901527e-08,9.739895e-06,0.006939528
0.0,1.3495163e-08,8.086838e-06,0.0071830302
0.0,1.0188822e-08,6.7223755e-06,0.0074328925
0.0,7.746281e-09,5.6134595e-06,0.0076815877
0.0,5.948928e-09,4.7204276e-06,0.00792954
0.0,4.609328e-09,3.993614e-06,0.0081765205
0.0,3.6149508e-09,3.406163e-06,0.008417748
0.0,2.880914e-09,2.936536e-06,0.008649137
0.0,2.329878e-09,2.5575935e-06,0.008874213
0.0,1.9026867e-09,2.2431404e-06,0.009098312
0.0,1.5727801e-09,1.9832084e-06,0.009313691
0.0,1.3155516e-09,1.7676614e-06,0.009522634
0.0,1.1158341e-09,1.5902426e-06,0.00972038
0.0,9.606551e-10,1.4453046e-06,0.009907527
0.0,8.382019e-10,1.3257502e-06,0.010085763
0.0,7.3922546e-10,1.2251367e-06,0.010257113
0.0,6.5735783e-10,1.1388145e-06,0.010424449
0.0,5.902213e-10,1.065614e-06,0.010584424
0.0,5.369477e-10,1.006158e-06,0.010733774
0.0,4.933168e-10,9.566143e-07,0.010876811
0.0,4.5779852e-10,9.1571644e-07,0.011010631
0.0,4.3023995e-10,8.840261e-07,0.011131043
0.0,4.0810433e-10,8.5914155e-07,0.011246412
0.0,3.9074544e-10,8.401837e-07,0.011351455
0.0,3.7720668e-10,8.263836e-07,0.011450101
0.0,3.6686698e-10,8.1685414e-07,0.011540499
0.0,3.600732e-10,8.1240796e-07,0.011620241
0.0,3.5603848e-10,8.123995e-07,0.011696361
0.0,3.542353e-10,8.1577275e-07,0.011765617
0.0,3.5514858e-10,8.233762e-07,0.011825367
0.0,3.5850664e-10,8.350123e-07,0.011878982
0.0,3.6400577e-10,8.5011834e-07,0.011925831
0.0,3.7179024e-10,8.6893056e-07,0.011965094
0.0,3.8290135e-10,8.930387e-07,0.011992916
0.0,3.9667403e-10,9.218631e-07,0.012018228
0.0,4.126449e-10,9.541214e-07,0.012037298
0.0,4.3151135e-10,9.910474e-07,0.0120498715
0.0,4.5355547e-10,1.0330167e-06,0.01205685
0.0,4.7836707e-10,1.0793458e-06,0.012060486
0.0,5.0589566e-10,1.129645e-06,0.012059583
0.0,5.384472e-10,1.1870924e-06,0.012047211
0.0,5.7556215e-10,1.2513917e-06,0.01203233
0.0,6.160529e-10,1.3202138e-06,0.012015399
0.0,6.7453365e-10,1.4121205e-06,0.011950052
0.0,7.394877e-10,1.517092e-06,0.011922434
0.0,7.960192e-10,1.6074803e-06,0.011907749
0.0,8.598897e-10,1.7042873e-06,0.011864275
0.0,9.320654e-10,1.8108957e-06,0.011817396
0.0,1.0126162e-09,1.9265303e-06,0.011765148
0.0,1.0993858e-09,2.0480793e-06,0.011711804
0.0,1.1906027e-09,2.172485e-06,0.0116571095
0.0,1.2888031e-09,2.302545e-06,0.011597855
0.0,1.3939483e-09,2.4388794e-06,0.011539761
0.0,1.5022809e-09,2.576178e-06,0.011483755
0.0,1.6147399e-09,2.7154463e-06,0.011428071
0.0,1.730791e-09,2.8560344e-06,0.011373541
0.0,1.8519442e-09,2.9995754e-06,0.011318887
0.0,1.9806823e-09,3.1481447e-06,0.011261098
0.0,2.1939257e-09,3.3751792e-06,0.011131816
0.0,2.7916172e-09,3.9585543e-06,0.010781537
0.0,3.619118e-09,4.776398e-06,0.010578934
0.0,4.1932084e-09,5.348654e-06,0.010555423
0.0,4.9004507e-09,5.9668155e-06,0.010404979
0.0,5.8758203e-09,6.7560463e-06,0.010195769
0.0,7.0584525e-09,7.6556735e-06,0.009988122
0.0,8.4024965e-09,8.61246e-06,0.00978457
0.0,9.7734825e-09,9.535239e-06,0.009608259
0.0,1.1066826e-08,1.0357925e-05,0.009457193
0.0,1.2219219e-08,1.1057669e-05,0.009331535
0.0,1.301851e-08,1.1534381e-05,0.009256227
0.0,1.3370748e-08,1.1742001e-05,0.00922614
0.0,1.3349393e-08,1.1727678e-05,0.0092264
0.0,1.2973965e-08,1.1510152e-05,0.009262549
0.0,1.2353992e-08,1.1143481e-05,0.00932354
0.0,1.1678244e-08,1.0736136e-05,0.009393044
0.0,1.1064124e-08,1.0358903e-05,0.00946081
0.0,1.0420898e-08,9.954221e-06,0.009534659
0.0,1.0028639e-08,9.702628e-06,0.0095815025
0.0,1.0325297e-08,9.893707e-06,0.009547324
0.0,1.087926e-08,1.0244861e-05,0.009485241
0.0,1.1461983e-08,1.0606596e-05,0.009422432
0.0,1.208956e-08,1.0989264e-05,0.00935859
0.0,1.2750672e-08,1.1384218e-05,0.009294666
0.0,1.3468627e-08,1.1804022e-05,0.009228037
0.0,1.4257024e-08,1.2254723e-05,0.009158065
0.0,1.510476e-08,1.27278745e-05,0.009085963
0.0,1.6221927e-08,1.3326112e-05,0.00898895
0.0,1.7470004e-08,1.3994042e-05,0.008899737
0.0,1.861752e-08,1.4594879e-05,0.008827979
0.0,1.9867485e-08,1.522479e-05,0.008746687
0.0,2.1256401e-08,1.5903943e-05,0.0086599635
0.0,2.2803397e-08,1.6638951e-05,0.008568557
0.0,2.4481324e-08,1.7416425e-05,0.008477341
0.0,2.6170063e-08,1.8182118e-05,0.008394085
0.0,2.785991e-08,1.892663e-05,0.008315057
0.0,2.9605799e-08,1.9674779e-05,0.0082365265
0.0,3.139444e-08,2.0422507e-05,0.0081603965
0.0,3.3171847e-08,2.1150448e-05,0.0080896355
0.0,3.4912908e-08,2.1847882e-05,0.008023955
0.0,3.665918e-08,2.2532337e-05,0.007960647
0.0,3.8402955e-08,2.3202694e-05,0.007900395
0.0,4.0159915e-08,2.3865596e-05,0.007842399
0.0,4.199229e-08,2.454346e-05,0.007784202
0.0,4.385805e-08,2.5221761e-05,0.00772762
0.0,4.592166e-08,2.5955087e-05,0.007666742
0.0,4.8257757e-08,2.6773725e-05,0.007602336
0.0,5.0637304e-08,2.7591223e-05,0.0075406916
0.0,5.3176862e-08,2.844336e-05,0.0074767834
0.0,5.5795887e-08,2.9306973e-05,0.007414722
0.0,5.846131e-08,3.0169e-05,0.0073548798
0.0,6.131533e-08,3.1071166e-05,0.0072928234
0.0,6.4324865e-08,3.200461e-05,0.0072305985
0.0,6.742989e-08,3.2947584e-05,0.0071693566
0.0,7.061875e-08,3.3897933e-05,0.007109464
0.0,7.389244e-08,3.4853918e-05,0.007050731
0.0,7.725126e-08,3.5817116e-05,0.0069932505
0.0,8.071733e-08,3.6790578e-05,0.0069362856
0.0,8.4948184e-08,3.7942158e-05,0.006866767
0.0,8.9115744e-08,3.9076975e-05,0.0068063335
0.0,9.275854e-08,4.0049024e-05,0.0067580263
0.0,9.674871e-08,4.1085394e-05,0.006703626
0.0,1.0085519e-07,4.2134834e-05,0.0066504003
0.0,1.0503294e-07,4.3184715e-05,0.00659872
0.0,1.093214e-07,4.424333e-05,0.006547818
0.0,1.13773226e-07,4.532162e-05,0.0064967284
0.0,1.1829911e-07,4.6401357e-05,0.006447171
0.0,1.229178e-07,4.7483725e-05,0.0063985996
0.0,1.2765422e-07,4.8575486e-05,0.0063505955
0.0,1.3235334e-07,4.964338e-05,0.0063052303
0.0,1.3704783e-07,5.0693106e-05,0.0062615788
0.0,1.4181416e-07,5.1742427e-05,0.0062186765
0.0,1.4690276e-07,5.284248e-05,0.006173962
0.0,1.5232352e-07,5.3998556e-05,0.0061282227
0.0,1.5790455e-07,5.5172084e-05,0.006083494
0.0,1.6369663e-07,5.6369503e-05,0.006038652
0.0,1.6967849e-07,5.7590045e-05,0.0059944605
0.0,1.7591888e-07,5.8842626e-05,0.0059502386
0.0,1.8235957e-07,6.0113623e-05,0.0059059686
0.0,1.8875033e-07,6.135833e-05,0.0058640367
0.0,1.9520789e-07,6.259467e-05,0.005823003
0.0,2.0190214e-07,6.3857e-05,0.005781656
0.0,2.0863885e-07,6.510988e-05,0.0057417126
0.0,2.153289e-07,6.633786e-05,0.0057035843
0.0,2.2223114e-07,6.758397e-05,0.005665257
0.0,2.2916156e-07,6.8821646e-05,0.005628246
0.0,2.3604392e-07,7.0033224e-05,0.00559285
0.0,2.4356464e-07,7.1334725e-05,0.005554657
0.0,2.514964e-07,7.269201e-05,0.005515973
0.0,2.590641e-07,7.3975316e-05,0.0054812124
0.0,2.6631466e-07,7.518829e-05,0.005449104
0.0,2.7376194e-07,7.6416196e-05,0.005416639
0.0,2.814212e-07,7.766334e-05,0.005384096
0.0,2.8941065e-07,7.894739e-05,0.0053510256
0.0,2.978606e-07,8.028796e-05,0.00531701
0.0,3.065345e-07,8.164834e-05,0.005283348
0.0,3.1499525e-07,8.296242e-05,0.005251948
0.0,3.2331783e-07,8.423811e-05,0.0052219774
0.0,3.3181092e-07,8.5523716e-05,0.0051919837
0.0,3.4040568e-07,8.681023e-05,0.0051624975
0.0,3.4911983e-07,8.810012e-05,0.0051334407
0.0,3.5811613e-07,8.9415575e-05,0.0051041637
0.0,3.673968e-07,9.075819e-05,0.005074821
0.0,3.7681883e-07,9.2106835e-05,0.0050460086
0.0,3.8617003e-07,9.343202e-05,0.0050183414
0.0,3.9573553e-07,9.4770585e-05,0.0049906876
0.0,4.0597916e-07,9.618701e-05,0.0049616387
0.0,4.1612938e-07,9.757972e-05,0.004934027
0.0,4.2602926e-07,9.8922406e-05,0.0049079563
0.0,4.3616635e-07,0.000100281555,0.0048817154
0.0,4.4643647e-07,0.00010164454,0.0048558204
0.0,4.568243e-07,0.000103009355,0.0048303115
0.0,4.673468e-07,0.00010437766,0.004805136
0.0,4.782863e-07,0.00010578451,0.0047795265
0.0,4.895758e-07,0.00010722238,0.00475379
0.0,5.006493e-07,0.00010862084,0.0047294283
0.0,5.1163596e-07,0.000109993794,0.0047058705
0.0,5.2309025e-07,0.00011140908,0.0046816934
0.0,5.3517124e-07,0.00011288679,0.004656731
0.0,5.4753446e-07,0.0001143855,0.004631957
0.0,5.599835e-07,0.00011588013,0.0046077734
0.0,5.7201083e-07,0.00011731307,0.0045851977
0.0,5.837419e-07,0.00011869589,0.004563719
0.0,5.963535e-07,0.00012016444,0.004540734
0.0,6.096002e-07,0.00012169477,0.004517172
0.0,6.2217384e-07,0.00012313818,0.00449575
0.0,6.34323e-07,0.00012451841,0.0044755526
0.0,6.484076e-07,0.00012609454,0.004451965
0.0,6.621466e-07,0.00012763063,0.004429943
0.0,6.742256e-07,0.00012896833,0.0044115707
0.0,6.8679867e-07,0.00013034488,0.0043923273
0.0,6.995008e-07,0.00013172535,0.0043732896
0.0,7.1305374e-07,0.000133183,0.0043532196
0.0,7.2763913e-07,0.00013473886,0.0043320246
0.0,7.4238835e-07,0.00013630066,0.004311282
0.0,7.5593397e-07,0.00013772803,0.0042930245
0.0,7.6873073e-07,0.00013906287,0.004276166
0.0,7.819975e-07,0.0001404344,0.0042587286
0.0,7.954659e-07,0.00014181671,0.0042413664
0.0,8.094905e-07,0.00014324348,0.0042235577
0.0,8.238943e-07,0.00014469883,0.0042056344
0.0,8.3783505e-07,0.00014609887,0.004188816
0.0,8.5204573e-07,0.0001475126,0.0041719293
0.0,8.66862e-07,0.00014897608,0.004154577
0.0,8.811607e-07,0.00015038022,0.004138327
0.0,8.9527e-07,0.0001517546,0.0041226028
0.0,9.101832e-07,0.0001531947,0.004106123
0.0,9.255452e-07,0.00015466852,0.004089469
0.0,9.408934e-07,0.00015613121,0.004073237
0.0,9.577853e-07,0.00015772361,0.004055501
0.0,9.738429e-07,0.00015923585,0.0040392536
0.0,9.88183e-07,0.0001605746,0.004025312
0.0,1.0037465e-06,0.00016201279,0.0040100063
0.0,1.0198974e-06,0.00016349704,0.003994397
0.0,1.0354468e-06,0.00016491863,0.0039797965
0.0,1.0506861e-06,0.00016630132,0.0039657503
0.0,1.0661506e-06,0.00016769467,0.0039516604
0.0,1.0833729e-06,0.00016923112,0.003936028
0.0,1.1007421e-06,0.00017077712,0.003920681
0.0,1.1163353e-06,0.00017215722,0.0039074705
0.0,1.146753e-06,0.00017477557,0.003880106
0.0,1.1743225e-06,0.00017718946,0.0038571795
0.0,1.1930315e-06,0.00017879483,0.0038434616
0.0,1.2162187e-06,0.00018076667,0.0038250226
0.0,1.2376095e-06,0.00018257285,0.0038088826
0.0,1.2551978e-06,0.00018405949,0.0037961062
0.0,1.2707362e-06,0.00018535295,0.0037850519
0.0,1.2877265e-06,0.00018676158,0.0037726106
0.0,1.3040906e-06,0.0001881097,0.0037609572
0.0,1.3197899e-06,0.0001893991,0.0037499208
0.0,1.3330266e-06,0.00019048293,0.0037409686
0.0,1.345787e-06,0.00019151944,0.0037323255
0.0,1.3598159e-06,0.0001926512,0.003722714
0.0,1.3738389e-06,0.00019378134,0.0037132795
0.0,1.3880489e-06,0.00019491847,0.0037038568
0.0,1.4031843e-06,0.00019612511,0.0036938768
0.0,1.4179062e-06,0.00019729557,0.0036844285
0.0,1.4321909e-06,0.00019842456,0.003675397
0.0,1.4488467e-06,0.00019973074,0.0036647855
0.0,1.465742e-06,0.0002010553,0.0036542774
0.0,1.4823465e-06,0.00020234774,0.003644183
0.0,1.4995152e-06,0.00020367862,0.003633808
0.0,1.5164927e-06,0.00020498771,0.0036237584
0.0,1.5340232e-06,0.00020633178,0.003613455
0.0,1.551832e-06,0.0002076908,0.0036031264
0.0,1.5698863e-06,0.00020906136,0.0035927992
0.0,1.5881494e-06,0.00021044076,0.0035825
0.0,1.6399272e-06,0.00021424289,0.0035516033
0.0,1.7111961e-06,0.00021948246,0.0035116903
0.0,1.7484194e-06,0.00022223868,0.00349446
0.0,1.7601624e-06,0.0002231116,0.003490856
0.0,1.7666302e-06,0.00022358165,0.0034887735
0.0,1.7745531e-06,0.00022414773,0.0034852258
0.0,1.7851821e-06,0.0002249074,0.003479992
0.0,1.796824e-06,0.00022573896,0.0034742828
0.0,1.809044e-06,0.00022660964,0.00346835
0.0,1.821781e-06,0.00022751404,0.0034622364
0.0,1.8376409e-06,0.00022863143,0.0034545609
0.0,1.8546078e-06,0.00022982879,0.0034464966
0.0,1.869462e-06,0.00023087487,0.0034397491
0.0,1.8832637e-06,0.00023184269,0.0034335605
0.0,1.8972709e-06,0.00023281958,0.0034272876
0.0,1.9122463e-06,0.00023386044,0.0034205744
0.0,1.928167e-06,0.0002349636,0.003413505
0.0,1.9444576e-06,0.00023608832,0.0034063503
0.0,1.9625063e-06,0.00023732775,0.0033984496
0.0,1.9825138e-06,0.0002386978,0.0033897865
0.0,2.004055e-06,0.0002401653,0.0033805864
0.0,2.0264256e-06,0.00024168313,0.0033711595
0.0,2.048446e-06,0.00024317054,0.003362062
0.0,2.069308e-06,0.0002445747,0.003353606
0.0,2.0894936e-06,0.0002459262,0.0033455312
0.0,2.110033e-06,0.00024729458,0.0033373542
0.0,2.1317114e-06,0.00024873117,0.0033287741
0.0,2.15298e-06,0.00025013793,0.0033205021
0.0,2.1733158e-06,0.00025147642,0.003312748
0.0,2.194014e-06,0.0002528319,0.0033048932
0.0,2.2285583e-06,0.0002550601,0.0032913466
0.0,2.2570093e-06,0.00025692332,0.003280819
0.0,2.271698e-06,0.000257877,0.0032762017
0.0,2.289013e-06,0.0002589877,0.0032700514
0.0,2.3076702e-06,0.00026018085,0.00326341
0.0,2.326688e-06,0.00026139605,0.003256684
0.0,2.346198e-06,0.00026263547,0.003249865
0.0,2.3669686e-06,0.00026395093,0.0032426286
0.0,2.3865023e-06,0.0002651859,0.00323599
0.0,2.4066703e-06,0.0002664529,0.003229169
0.0,2.426964e-06,0.00026772596,0.003222365
0.0,2.4464775e-06,0.00026894474,0.0032159463
0.0,2.4688889e-06,0.00027033495,0.0032085027
0.0,2.491658e-06,0.00027174765,0.0032010588
0.0,2.511852e-06,0.00027299632,0.0031946776
0.0,2.5317456e-06,0.00027422,0.0031884133
0.0,2.5523714e-06,0.00027548368,0.0031819278
0.0,2.574373e-06,0.000276826,0.0031750312
0.0,2.598645e-06,0.00027830058,0.0031674625
0.0,2.6220905e-06,0.00027972326,0.0031603207
0.0,2.64549e-06,0.00028113447,0.0031532866
0.0,2.6673124e-06,0.00028245006,0.00314683
0.0,2.6873454e-06,0.0002836509,0.0031410218
0.0,2.708304e-06,0.00028490194,0.0031349023
0.0,2.7296e-06,0.00028616964,0.003128737
0.0,2.7524281e-06,0.0002875221,0.0031221528
0.0,2.7786546e-06,0.00028906824,0.0031145883
0.0,2.8018746e-06,0.00029044074,0.0031081163
0.0,2.8217987e-06,0.00029161034,0.0031027335
0.0,2.84428e-06,0.00029292214,0.003096518
0.0,2.8678378e-06,0.00029429456,0.00309006
0.0,2.8897157e-06,0.00029556727,0.0030842067
0.0,2.9108478e-06,0.00029679036,0.003078614
0.0,2.9339324e-06,0.0002981199,0.0030724683
0.0,2.9566027e-06,0.00029942486,0.0030665274
0.0,2.9781381e-06,0.00030065933,0.0030609854
0.0,3.0002398e-06,0.0003019216,0.0030553057
0.0,3.0225801e-06,0.00030319346,0.0030496162
0.0,3.0451044e-06,0.00030447188,0.0030439326
0.0,3.0677702e-06,0.00030575407,0.0030382667
0.0,3.0919725e-06,0.00030711706,0.0030322361
0.0,3.1169725e-06,0.00030852197,0.0030260636
0.0,3.141386e-06,0.00030988944,0.003020143
0.0,3.1655654e-06,0.00031123922,0.0030143354
0.0,3.188237e-06,0.0003125021,0.003008982
0.0,3.2101277e-06,0.0003137164,0.00300386
0.0,3.2326714e-06,0.0003149624,0.0029985863
0.0,3.25546e-06,0.00031621882,0.0029933
0.0,3.2784474e-06,0.0003174822,0.002988016
0.0,3.301593e-06,0.00031875033,0.0029827412
0.0,3.3248302e-06,0.00032002002,0.0029774932
0.0,3.3482052e-06,0.00032129308,0.0029722597
0.0,3.374719e-06,0.0003227288,0.0029663057
0.0,3.4027448e-06,0.0003242453,0.0029600745
0.0,3.4262519e-06,0.00032551732,0.0029550425
0.0,3.447738e-06,0.00032667254,0.002950498
0.0,3.4703812e-06,0.00032788594,0.0029456585
0.0,3.4933928e-06,0.0003291162,0.0029407765
0.0,3.5182545e-06,0.00033043974,0.002935511
0.0,3.5424146e-06,0.00033172543,0.002930474
0.0,3.5652272e-06,0.0003329349,0.002925799
0.0,3.5886212e-06,0.00033417105,0.0029210038
0.0,3.6138713e-06,0.0003354994,0.002915836
0.0,3.639986e-06,0.0003368719,0.0029105376
0.0,3.6654192e-06,0.0003382042,0.0029054643
0.0,3.6922445e-06,0.00033960328,0.0029001269
0.0,3.716344e-06,0.0003408616,0.002895438
0.0,3.7380305e-06,0.0003419876,0.002891301
0.0,3.7609657e-06,0.00034317462,0.0028868744
0.0,3.7843236e-06,0.0003443808,0.0028823982
0.0,3.8079565e-06,0.00034559786,0.0028779046
0.0,3.831836e-06,0.0003468246,0.002873399
0.0,3.855891e-06,0.0003480569,0.0028689005
0.0,3.880078e-06,0.00034929297,0.0028644106
0.0,3.9043844e-06,0.00035053137,0.002859937
0.0,3.928779e-06,0.0003517711,0.002855481
0.0,3.9550223e-06,0.00035309955,0.002850696
0.0,3.982121e-06,0.00035446914,0.002845795
0.0,4.006615e-06,0.00035570568,0.002841469
0.0,4.0300333e-06,0.00035688275,0.0028373692
0.0,4.0559516e-06,0.00035817997,0.0028327913
0.0,4.082893e-06,0.00035952713,0.0028280714
0.0,4.10727e-06,0.00036074448,0.002823902
0.0,4.1306466e-06,0.000361907,0.0028199365
0.0,4.154771e-06,0.0003631034,0.002815837
0.0,4.1828703e-06,0.0003644906,0.0028110319
0.0,4.208985e-06,0.00036578288,0.002806663
0.0,4.2318306e-06,0.00036690757,0.0028029429
0.0,4.255855e-06,0.00036808627,0.0027989864
0.0,4.280273e-06,0.0003692821,0.00279499
0.0,4.304918e-06,0.00037048606,0.002790988
0.0,4.329728e-06,0.00037169558,0.002786987
0.0,4.354679e-06,0.00037290863,0.0027829944
0.0,4.381673e-06,0.0003742157,0.002778677
0.0,4.4075905e-06,0.0003754715,0.0027745923
0.0,4.435734e-06,0.0003768262,0.0027701664
0.0,4.4680137e-06,0.0003783776,0.0027650713
0.0,4.4934004e-06,0.00037960178,0.0027612387
0.0,4.514697e-06,0.0003806209,0.0027580922
0.0,4.5401066e-06,0.00038183125,0.0027542103
0.0,4.5670095e-06,0.00038311305,0.0027501266
0.0,4.5932784e-06,0.00038436212,0.0027462034
0.0,4.6173814e-06,0.00038550678,0.0027426602
0.0,4.640656e-06,0.00038660737,0.0027392642
0.0,4.6994173e-06,0.0003893486,0.0027301905
0.0,4.8052993e-06,0.00039428342,0.0027141357
0.0,4.8374536e-06,0.00039585002,0.00271021
0.0,4.8373427e-06,0.00039582778,0.0027110463
0.0,4.9690325e-06,0.00040181912,0.0026913916
0.0,5.0145427e-06,0.00040402342,0.0026856053
0.0,4.9611535e-06,0.0004015779,0.0026945225
0.0,4.9505193e-06,0.00040106213,0.0026959074
0.0,4.9531686e-06,0.0004011793,0.002695453
0.0,4.9595687e-06,0.00040147325,0.0026945544
0.0,4.969521e-06,0.00040192815,0.0026931956
0.0,4.985889e-06,0.0004026752,0.0026909353
0.0,5.0037183e-06,0.00040349315,0.0026885276
0.0,5.021751e-06,0.00040431635,0.0026861434
0.0,5.0420063e-06,0.00040523976,0.002683452
0.0,5.0636813e-06,0.0004062268,0.0026805922
0.0,5.0864346e-06,0.00040726116,0.0026776115
0.0,5.109947e-06,0.00040832823,0.0026745507
0.0,5.1340244e-06,0.00040941857,0.0026714397
0.0,5.1612656e-06,0.0004106484,0.002667914
0.0,5.189765e-06,0.0004119342,0.0026642545
0.0,5.217009e-06,0.0004131605,0.0026608123
0.0,5.2423848e-06,0.00041430246,0.0026576528
0.0,5.2668447e-06,0.00041539813,0.0026546277
0.0,5.2945375e-06,0.00041663443,0.0026511615
0.0,5.3211343e-06,0.00041782355,0.0026478823
0.0,5.3505664e-06,0.0004191312,0.002644253
0.0,5.3824365e-06,0.00042054767,0.0026403274
0.0,5.416794e-06,0.00042206806,0.0026361374
0.0,5.442669e-06,0.00042321993,0.0026331046
0.0,5.4624193e-06,0.0004240902,0.0026308717
0.0,5.487963e-06,0.00042521194,0.002627816
0.0,5.513143e-06,0.00042632048,0.0026248498
0.0,5.537002e-06,0.00042736722,0.0026220826
0.0,5.564412e-06,0.00042856517,0.0026188665
0.0,5.5908013e-06,0.00042972085,0.0026158146
0.0,5.617894e-06,0.00043090078,0.0026127053
0.0,5.6467707e-06,0.0004321576,0.0026093859
0.0,5.6723925e-06,0.00043327274,0.0026065093
0.0,5.6969684e-06,0.00043433753,0.0026037686
0.0,5.72506e-06,0.00043555105,0.0026005947
0.0,5.7519865e-06,0.00043671575,0.002597597
0.0,5.777144e-06,0.00043779984,0.0025948416
0.0,5.8056658e-06,0.0004390245,0.002591681
0.0,5.8402507e-06,0.00044050647,0.0025878293
0.0,5.8679925e-06,0.00044170086,0.002584857
0.0,5.892831e-06,0.0004427606,0.0025822367
0.0,5.921049e-06,0.00044396342,0.0025791894
0.0,5.946276e-06,0.00044503945,0.00257653
0.0,5.973119e-06,0.00044617802,0.0025736887
0.0,5.9995646e-06,0.0004473016,0.0025709043
0.0,6.026942e-06,0.00044845894,0.0025680396
0.0,6.0562406e-06,0.00044969714,0.002564969
0.0,6.0821367e-06,0.0004507911,0.0025623208
0.0,6.1069723e-06,0.00045183627,0.0025597939
0.0,6.138135e-06,0.00045314207,0.0025565606
0.0,6.171376e-06,0.0004545371,0.0025531417
0.0,6.199596e-06,0.00045572044,0.0025503323
0.0,6.2234876e-06,0.00045671978,0.0025479917
0.0,6.2474114e-06,0.00045771615,0.00254563
0.0,6.2729277e-06,0.00045877782,0.0025430946
0.0,6.3017696e-06,0.00045997434,0.0025402238
0.0,6.329246e-06,0.00046111614,0.0025375308
0.0,6.354861e-06,0.0004621764,0.0025350598
0.0,6.3815232e-06,0.00046327777,0.0025324742
0.0,6.4085775e-06,0.00046439393,0.0025298642
0.0,6.4385467e-06,0.00046562657,0.0025269687
0.0,6.4721535e-06,0.00046700734,0.002523726
0.0,6.502556e-06,0.00046825717,0.00252086
0.0,6.5302484e-06,0.00046939088,0.0025182883
0.0,6.558453e-06,0.00047054293,0.0025156552
0.0,6.586691e-06,0.00047169498,0.0025130333
0.0,6.6122e-06,0.00047273497,0.002510702
0.0,6.636921e-06,0.00047373932,0.0025084498
0.0,6.6631337e-06,0.00047480265,0.002506048
0.0,6.689997e-06,0.0004758909,0.0025036004
0.0,6.717271e-06,0.00047699382,0.00250113
0.0,6.744823e-06,0.00047810655,0.0024986493
0.0,6.7725778e-06,0.0004792255,0.0024961652
0.0,6.8004992e-06,0.0004803494,0.00249368
0.0,6.828542e-06,0.0004814759,0.002491198
0.0,6.8566806e-06,0.00048260466,0.0024887212
0.0,6.884903e-06,0.00048373462,0.0024862518
0.0,6.913162e-06,0.0004848644,0.0024837928
0.0,6.941485e-06,0.00048599456,0.0024813407
0.0,6.969883e-06,0.00048712594,0.002478896
0.0,7.0011474e-06,0.0004883677,0.0024762
0.0,7.033244e-06,0.0004896425,0.0024734521
0.0,7.0637816e-06,0.0004908534,0.0024708763
0.0,7.093723e-06,0.00049203786,0.0024683648
0.0,7.120401e-06,0.00049309235,0.00246616
0.0,7.146041e-06,0.0004941028,0.0024640462
0.0,7.1731e-06,0.00049516716,0.002461802
0.0,7.200715e-06,0.00049625244,0.0024595251
0.0,7.228692e-06,0.0004973499,0.0024572313
0.0,7.2598295e-06,0.00049856806,0.0024546715
0.0,7.2918874e-06,0.00049982243,0.0024520573
0.0,7.3195342e-06,0.00050090393,0.0024498575
0.0,7.3458286e-06,0.00050192786,0.0024477716
0.0,7.373419e-06,0.0005030009,0.002445569
0.0,7.401467e-06,0.00050409045,0.0024433415
0.0,7.429777e-06,0.00050518883,0.002441105
0.0,7.4582945e-06,0.00050629326,0.0024388651
0.0,7.486944e-06,0.0005074008,0.0024366279
0.0,7.5157036e-06,0.0005085112,0.0024343925
0.0,7.544544e-06,0.0005096233,0.0024321636
0.0,7.573467e-06,0.00051073614,0.002429939
0.0,7.602427e-06,0.0005118493,0.0024277237
0.0,7.631455e-06,0.0005129628,0.002425516
0.0,7.6605065e-06,0.00051407557,0.0024233172
0.0,7.689601e-06,0.0005151883,0.0024211272
0.0,7.721812e-06,0.00051641726,0.002418694
0.0,7.7516725e-06,0.00051755796,0.0024164752
0.0,7.782257e-06,0.0005187205,0.0024142114
0.0,7.814595e-06,0.00051995006,0.002411813
0.0,7.8424055e-06,0.000521007,0.0024097995
0.0,7.8720805e-06,0.0005221288,0.0024076356
0.0,7.900728e-06,0.00052321405,0.0024055592
0.0,7.927461e-06,0.0005242232,0.0024036467
0.0,7.9555075e-06,0.0005252803,0.0024016271
0.0,7.984034e-06,0.0005263543,0.0023995847
0.0,8.012868e-06,0.00052743836,0.0023975312
0.0,8.041898e-06,0.00052852836,0.0023954748
0.0,8.07108e-06,0.0005296224,0.002393418
0.0,8.10036e-06,0.0005307185,0.002391365
0.0,8.132948e-06,0.00053193537,0.0023890736
0.0,8.163082e-06,0.0005330624,0.0023869893
0.0,8.190814e-06,0.00053409534,0.0023850948
0.0,8.219588e-06,0.0005351654,0.0023831169
0.0,8.248707e-06,0.0005362476,0.0023811252
0.0,8.278031e-06,0.00053733506,0.0023791292
0.0,8.307459e-06,0.00053842587,0.0023771361
0.0,8.3370005e-06,0.0005395185,0.0023751468
0.0,8.366622e-06,0.0005406129,0.0023731603
0.0,8.396286e-06,0.00054170715,0.0023711827
0.0,8.426015e-06,0.0005428021,0.0023692094
0.0,8.459083e-06,0.00054401736,0.0023670075
0.0,8.492887e-06,0.0005452598,0.0023647759
0.0,8.524885e-06,0.00054643425,0.002362693
0.0,8.559517e-06,0.0005477011,0.002360431
0.0,8.587669e-06,0.00054873386,0.0023586391
0.0,8.6156915e-06,0.0005497541,0.0023568515
0.0,8.6505515e-06,0.00055102335,0.0023545837
0.0,8.685189e-06,0.000552286,0.0023523695
0.0,8.710954e-06,0.00055322534,0.002350782
0.0,8.737912e-06,0.0005542004,0.0023490924
0.0,8.765355e-06,0.00055519573,0.002347364
0.0,8.791469e-06,0.0005561403,0.0023457431
0.0,8.8228235e-06,0.0005572718,0.0023437669
0.0,8.855641e-06,0.00055845757,0.0023417186
0.0,8.883598e-06,0.0005594674,0.0023400155
0.0,8.910427e-06,0.0005604321,0.0023383829
0.0,8.9389505e-06,0.0005614567,0.0023366348
0.0,8.968069e-06,0.0005625023,0.0023348602
0.0,8.997598e-06,0.00056356133,0.002333069
0.0,9.027389e-06,0.00056462776,0.0023312718
0.0,9.05733e-06,0.00056569884,0.0023294734
0.0,9.087433e-06,0.00056677393,0.0023276764
0.0,9.117617e-06,0.00056785054,0.002325881
0.0,9.147866e-06,0.0005689283,0.0023240915
0.0,9.178173e-06,0.0005700065,0.0023223076
0.0,9.2156515e-06,0.0005713357,0.0023200796
0.0,9.24731e-06,0.0005724638,0.0023182468
0.0,9.273797e-06,0.0005734008,0.002316746
0.0,9.302649e-06,0.0005744204,0.0023150744
0.0,9.332169e-06,0.0005754635,0.0023133734
0.0,9.362085e-06,0.0005765193,0.002311658
0.0,9.395825e-06,0.0005777073,0.002309718
0.0,9.426736e-06,0.000578798,0.0023079712
0.0,9.455152e-06,0.000579796,0.002306384
0.0,9.4848565e-06,0.00058083807,0.0023047114
0.0,9.514919e-06,0.0005818919,0.0023030262
0.0,9.545212e-06,0.0005829527,0.0023013381
0.0,9.575666e-06,0.0005840176,0.0022996482
0.0,9.6099e-06,0.00058521255,0.0022977423
0.0,9.644818e-06,0.0005864317,0.0022958184
0.0,9.674077e-06,0.0005874529,0.0022942424
0.0,9.705645e-06,0.0005885487,0.0022925227
0.0,9.739396e-06,0.00058972195,0.0022906822
0.0,9.767946e-06,0.000590714,0.0022891655
0.0,9.795372e-06,0.0005916632,0.002287704
0.0,9.82459e-06,0.0005926737,0.002286137
0.0,9.854459e-06,0.00059370574,0.0022845427
0.0,9.884721e-06,0.00059475075,0.0022829366
0.0,9.9152085e-06,0.00059580203,0.0022813263
0.0,9.94967e-06,0.0005969881,0.0022795005
0.0,9.981044e-06,0.00059806975,0.0022778676
0.0,1.0009831e-05,0.0005990581,0.0022763852
0.0,1.0039939e-05,0.0006000907,0.0022748215
0.0,1.0070472e-05,0.0006011366,0.0022732439
0.0,1.010501e-05,0.00060231786,0.0022714534
0.0,1.01402675e-05,0.00060352514,0.0022696452
0.0,1.016969e-05,0.00060453126,0.00226817
0.0,1.019777e-05,0.0006054876,0.00226676
0.0,1.0227535e-05,0.0006065003,0.0022652533
0.0,1.0269505e-05,0.000607925,0.0022631004
0.0,1.03018065e-05,0.0006090297,0.0022615083
0.0,1.032623e-05,0.00060985604,0.0022603371
0.0,1.0354703e-05,0.0006108194,0.0022589155
0.0,1.0388234e-05,0.00061195274,0.0022572414
0.0,1.0426865e-05,0.0006132596,0.00225532
0.0,1.0460351e-05,0.00061439397,0.002253698
0.0,1.048656e-05,0.00061527826,0.0022524553
0.0,1.0517199e-05,0.000616307,0.0022509624
0.0,1.0550683e-05,0.0006174343,0.0022493317
0.0,1.0578968e-05,0.0006183863,0.0022479894
0.0,1.0606414e-05,0.0006193059,0.0022466835
0.0,1.0635902e-05,0.00062029384,0.0022452693
0.0,1.0666164e-05,0.0006213071,0.0022438283
0.0,1.0696887e-05,0.0006223348,0.0022423721
0.0,1.0727915e-05,0.0006233718,0.0022409083
0.0,1.0759157e-05,0.0006244145,0.0022394413
0.0,1.0790518e-05,0.00062546006,0.0022379777
0.0,1.0821983e-05,0.00062650826,0.0022365137
0.0,1.0853519e-05,0.000627557,0.0022350536
0.0,1.0885115e-05,0.00062860665,0.0022335968
0.0,1.09167295e-05,0.0006296566,0.002232145
0.0,1.0948375e-05,0.0006307055,0.0022306992
0.0,1.098008e-05,0.00063175533,0.0022292554
0.0,1.1011813e-05,0.00063280534,0.0022278174
0.0,1.1043556e-05,0.0006338537,0.0022263841
0.0,1.10753235e-05,0.0006349021,0.002224957
0.0,1.1107131e-05,0.0006359507,0.0022235326
0.0,1.11389445e-05,0.00063699856,0.0022221152
0.0,1.1170787e-05,0.00063804584,0.0022207024
0.0,1.120679e-05,0.0006392281,0.0022190989
0.0,1.1243285e-05,0.0006404274,0.0022174902
0.0,1.12733605e-05,0.0006414151,0.0022161966
0.0,1.1306266e-05,0.0006424898,0.0022147594
0.0,1.134143e-05,0.0006436407,0.0022132243
0.0,1.1370672e-05,0.0006445977,0.0022119768
0.0,1.13989245e-05,0.00064551784,0.0022107686
0.0,1.1433383e-05,0.00064663944,0.0022092708
0.0,1.1469021e-05,0.00064780115,0.0022077416
0.0,1.1570679e-05,0.00065109413,0.0022032629
0.0,1.1606033e-05,0.000652285,0.0022019385
0.0,1.159663e-05,0.00065196445,0.0022025392
0.0,1.1612303e-05,0.0006524591,0.0022018142
0.0,1.1634884e-05,0.0006531861,0.0022008289
0.0,1.1661134e-05,0.0006540328,0.0021997099
0.0,1.16895935e-05,0.0006549513,0.002198512
0.0,1.1719478e-05,0.00065591483,0.0021972673
0.0,1.1750211e-05,0.00065690576,0.0021959946
0.0,1.1781496e-05,0.0006579126,0.002194708
0.0,1.1813157e-05,0.0006589316,0.0021934118
0.0,1.1845062e-05,0.00065995636,0.0021921122
0.0,1.1877108e-05,0.0006609859,0.0021908127
0.0,1.19092765e-05,0.0006620176,0.0021895135
0.0,1.1941509e-05,0.00066305033,0.0021882174
0.0,1.1973794e-05,0.00066408364,0.0021869252
0.0,1.2006134e-05,0.0006651179,0.0021856348
0.0,1.2038478e-05,0.000666151,0.00218435
0.0,1.2070936e-05,0.00066718657,0.0021830667
0.0,1.2103395e-05,0.00066822127,0.0021817875
0.0,1.2135866e-05,0.0006692553,0.0021805135
0.0,1.2172786e-05,0.00067042926,0.002179061
0.0,1.2205637e-05,0.000671476,0.0021777928
0.0,1.2235732e-05,0.0006724305,0.0021766368
0.0,1.22941e-05,0.00067427673,0.002174323
0.0,1.2328093e-05,0.00067536905,0.002173075
0.0,1.2345683e-05,0.0006759194,0.0021724692
0.0,1.2372477e-05,0.0006767616,0.0021714224
0.0,1.2401774e-05,0.00067768537,0.0021702955
0.0,1.243687e-05,0.0006787912,0.002168949
0.0,1.2482119e-05,0.000680218,0.0021672198
0.0,1.252155e-05,0.0006814647,0.0021657608
0.0,1.2545996e-05,0.0006822345,0.0021648956
0.0,1.257465e-05,0.000683129,0.0021638256
0.0,1.26036575e-05,0.0006840399,0.002162742
0.0,1.2636118e-05,0.0006850553,0.0021615345
0.0,1.2666791e-05,0.00068601704,0.002160406
0.0,1.2700238e-05,0.0006870612,0.002159175
0.0,1.2745268e-05,0.0006884696,0.002157506
0.0,1.2784541e-05,0.0006897015,0.0021560986
0.0,1.2818006e-05,0.00069074566,0.0021549154
0.0,1.2842552e-05,0.00069151155,0.0021540544
0.0,1.2866336e-05,0.00069224683,0.0021532027
0.0,1.2894947e-05,0.00069313415,0.002152158
0.0,1.2929958e-05,0.0006942206,0.00215089
0.0,1.2970914e-05,0.00069549354,0.0021494215
0.0,1.3005537e-05,0.0006965711,0.0021482154
0.0,1.3036821e-05,0.0006975393,0.0021471283
0.0,1.3069386e-05,0.00069854676,0.0021459847
0.0,1.310221e-05,0.0006995611,0.0021448375
0.0,1.315864e-05,0.0007013024,0.002142833
0.0,1.31974875e-05,0.00070251443,0.002141533
0.0,1.3222647e-05,0.0007032858,0.002140719
0.0,1.3253301e-05,0.000704227,0.0021396559
0.0,1.32803925e-05,0.0007050595,0.0021387315
0.0,1.3303058e-05,0.0007057536,0.0021379623
0.0,1.3328472e-05,0.0007065297,0.0021370826
0.0,1.3362376e-05,0.0007075674,0.0021359068
0.0,1.3393368e-05,0.0007085199,0.002134859
0.0,1.3422539e-05,0.0007094114,0.0021338803
0.0,1.3453925e-05,0.00071037107,0.0021328186
0.0,1.3486093e-05,0.00071135437,0.0021317394
0.0,1.3528308e-05,0.0007126431,0.0021303163
0.0,1.3566386e-05,0.0007138101,0.0021290672
0.0,1.3599226e-05,0.00071481144,0.002128005
0.0,1.3642511e-05,0.0007161293,0.002126569
0.0,1.36715935e-05,0.00071701984,0.0021256497
0.0,1.3694851e-05,0.0007177213,0.0021249081
0.0,1.3724022e-05,0.0007186042,0.0021239389
0.0,1.37550005e-05,0.00071954343,0.0021229235
0.0,1.3786992e-05,0.00072051276,0.0021218855
0.0,1.3819563e-05,0.0007214991,0.0021208338
0.0,1.38525265e-05,0.0007224971,0.0021197759
0.0,1.3890587e-05,0.0007236474,0.002118553
0.0,1.392404e-05,0.0007246611,0.002117499
0.0,1.3954816e-05,0.0007255885,0.002116534
0.0,1.3987303e-05,0.0007265676,0.002115503
0.0,1.4025212e-05,0.00072770956,0.002114302
0.0,1.4058573e-05,0.00072871614,0.0021132682
0.0,1.4089284e-05,0.0007296386,0.0021123171
0.0,1.4121815e-05,0.0007306152,0.0021113013
0.0,1.4154824e-05,0.0007316059,0.0021102768
0.0,1.4193107e-05,0.00073275436,0.0021090866
0.0,1.4226651e-05,0.0007337624,0.0021080673
0.0,1.4257539e-05,0.0007346857,0.00210713
0.0,1.4290184e-05,0.00073566125,0.0021061283
0.0,1.432334e-05,0.0007366522,0.0021051175
0.0,1.435674e-05,0.00073764933,0.0021041052
0.0,1.4390311e-05,0.0007386514,0.0021030926
0.0,1.4423989e-05,0.0007396551,0.00210208
0.0,1.4457734e-05,0.00074066024,0.0021010702
0.0,1.4491514e-05,0.00074166566,0.0021000616
0.0,1.45253325e-05,0.0007426713,0.0020990567
0.0,1.4559188e-05,0.0007436771,0.0020980553
0.0,1.4593067e-05,0.00074468297,0.0020970555
0.0,1.4626955e-05,0.0007456878,0.0020960597
0.0,1.46608945e-05,0.00074669364,0.0020950667
0.0,1.4694828e-05,0.00074769836,0.002094077
0.0,1.4733883e-05,0.00074885384,0.002092937
0.0,1.4773044e-05,0.000750014,0.0020918092
0.0,1.4804285e-05,0.00075093796,0.0020909281
0.0,1.4844848e-05,0.0007521321,0.0020897537
0.0,1.4887626e-05,0.00075339735,0.0020885346
0.0,1.4915255e-05,0.0007542134,0.0020877812
0.0,1.4941223e-05,0.0007549731,0.002087045
0.0,1.4971851e-05,0.0007558707,0.002086159
0.0,1.500918e-05,0.00075696636,0.0020850906
0.0,1.504732e-05,0.0007580881,0.0020840205
0.0,1.5083169e-05,0.0007591406,0.0020830273
0.0,1.5113092e-05,0.0007600176,0.0020822044
0.0,1.5142639e-05,0.0007608797,0.0020813812
0.0,1.5174765e-05,0.00076181884,0.00208048
0.0,1.52078155e-05,0.0007627839,0.0020795616
0.0,1.5241344e-05,0.0007637629,0.0020786365
0.0,1.5275162e-05,0.0007647498,0.002077708
0.0,1.530919e-05,0.00076574157,0.002076778
0.0,1.534329e-05,0.0007667354,0.0020758503
0.0,1.5377484e-05,0.0007677308,0.002074923
0.0,1.5411752e-05,0.0007687275,0.0020739976
0.0,1.5451358e-05,0.00076987874,0.0020729278
0.0,1.5485615e-05,0.0007708764,0.0020720223
0.0,1.5517136e-05,0.00077178935,0.0020711864
0.0,1.5550486e-05,0.0007727556,0.0020702945
0.0,1.5616386e-05,0.0007746657,0.0020685173
0.0,1.5655234e-05,0.0007758074,0.0020675608
0.0,1.5682926e-05,0.0007766022,0.002066873
0.0,1.5708014e-05,0.0007773256,0.0020662106
0.0,1.5732288e-05,0.0007780198,0.0020655657
0.0,1.5762133e-05,0.00077887735,0.0020647633
0.0,1.5794003e-05,0.0007797945,0.0020639228
0.0,1.5826998e-05,0.000780744,0.0020630625
0.0,1.5860587e-05,0.0007817107,0.0020621917
0.0,1.5900014e-05,0.00078284496,0.0020611724
0.0,1.5934125e-05,0.000783828,0.0020603125
0.0,1.5971067e-05,0.00078488747,0.0020593717
0.0,1.6009819e-05,0.0007860015,0.002058391
0.0,1.6040754e-05,0.0007868889,0.0020576231
0.0,1.6076548e-05,0.00078791194,0.0020567155
0.0,1.6114696e-05,0.0007890059,0.0020557567
0.0,1.615073e-05,0.0007900376,0.002054865
0.0,1.618069e-05,0.00079089333,0.0020541267
0.0,1.6210517e-05,0.0007917421,0.0020533807
0.0,1.6248627e-05,0.00079282816,0.0020524224
0.0,4.771001e-06,0.00039550543,0.0028014407
0.0,7.4703496e-07,0.00014007145,0.0047910335
0.0,2.0958173e-07,6.8441215e-05,0.0066105668
0.0,7.02244e-08,3.659128e-05,0.008358536
0.0,2.0772234e-08,1.7730748e-05,0.0103972135
0.0,3.9609813e-09,6.168627e-06,0.01303399
0.0,2.9459535e-10,9.966452e-07,0.016054874
0.0,8.036967e-12,6.2364236e-08,0.017502401
0.0,3.0155548e-11,1.0537547e-07,0.011601529
0.0,6.5637832e-06,0.0004017148,0.0023880524
0.0,4.691998e-05,0.0013519134,0.0014446846
0.0,6.298113e-05,0.0016065992,0.0013117626
0.0,8.937128e-05,0.0019579807,0.0011632142
0.0,0.00010566955,0.0021533777,0.0010970731
0.0,0.00011230397,0.0022288128,0.0010716191
