0.007283428,0.007791383,-0.07707026,-0.03971773
0.006677483,0.0052573336,-0.06506266,-0.038656015
0.0059563178,0.0081454115,-0.06582278,-0.03725501
0.005335384,0.009691899,-0.07214492,-0.037425574
0.0049340175,0.008284371,-0.074834034,-0.03953828
0.004987842,0.009671282,-0.080816954,-0.039983444
0.0054199966,0.008682993,-0.081856966,-0.040173166
0.0054599885,0.00672782,-0.076354295,-0.040193927
0.005368582,0.009126385,-0.07789094,-0.03879698
0.005024562,0.0065760743,-0.07171405,-0.039147515
0.004395956,0.0067824703,-0.06747946,-0.038504764
0.004401075,0.011164063,-0.07710986,-0.037199166
0.0040740822,0.0057220818,-0.07033172,-0.03979621
0.0036298244,0.007454441,-0.06942799,-0.039105646
0.003097599,0.0076265456,-0.06793439,-0.037681397
0.0025716622,0.009591774,-0.073925056,-0.03748851
0.0022491894,0.008908332,-0.07803601,-0.039205786
0.0027788177,0.010265778,-0.08479765,-0.039847974
0.0036865326,0.0078255115,-0.083255924,-0.040743284
0.0045639668,0.00850898,-0.08210911,-0.039921917
0.00531625,0.008186142,-0.07906429,-0.039408598
0.0051410194,0.005617393,-0.06890361,-0.039240275
0.0049413852,0.009026014,-0.07166428,-0.037877403
0.004615014,0.008253331,-0.07235791,-0.03836943
0.004791566,0.009983577,-0.07876052,-0.038940873
0.005310282,0.0099574635,-0.08394544,-0.039830115
0.0060747485,0.008240406,-0.0835536,-0.040924616
0.006068698,0.0049816873,-0.07171732,-0.04050949
0.0055499803,0.00759885,-0.06886611,-0.03796108
0.00484156,0.008311874,-0.06965164,-0.037398394
0.0044327956,0.009856556,-0.07629077,-0.038242564
0.0043512746,0.0073210476,-0.07510029,-0.040227156
0.00464755,0.009652842,-0.079902425,-0.03950169
0.0050002607,0.008080657,-0.0783447,-0.03963658
0.0049421205,0.007364902,-0.0750055,-0.039595522
0.004680228,0.007976216,-0.07394279,-0.03893645
0.004134266,0.0068553295,-0.06968963,-0.038671408
0.0030978196,0.0045870715,-0.057133865,-0.036921013
0.0022989127,0.0102657415,-0.06795286,-0.035782933
0.0017865364,0.008700679,-0.07216083,-0.037778854
0.0015331056,0.009193984,-0.07862579,-0.03981545
0.0022044864,0.009984416,-0.0842162,-0.03999223
0.003075153,0.008241234,-0.08333239,-0.040288668
0.0039234743,0.009018011,-0.08341337,-0.03970677
0.004526177,0.0075539714,-0.07909009,-0.039858148
0.005362003,0.010509403,-0.08343416,-0.03882416
0.006319746,0.009597259,-0.08540512,-0.03975305
0.0073459726,0.007077671,-0.08035622,-0.041173473
0.008232934,0.009615386,-0.08169273,-0.039557334
0.00861276,0.007887865,-0.07799573,-0.039728418
0.008774755,0.008887514,-0.07827565,-0.03957091
0.008481342,0.007228362,-0.074041784,-0.03994166
0.008374745,0.009130036,-0.07625436,-0.039133165
0.007887771,0.0076992307,-0.07422015,-0.039527427
0.00756599,0.008290114,-0.07459561,-0.03945688
0.0068049696,0.00663068,-0.06949184,-0.039381362
0.005798662,0.007110928,-0.06687638,-0.0383171
0.0052741757,0.010545919,-0.07551837,-0.03738042
0.0043753344,0.0061322046,-0.07068541,-0.039728522
0.003923438,0.00848803,-0.073409915,-0.039224226
0.003694307,0.009111716,-0.07631514,-0.038469486
0.004015105,0.010711356,-0.08353261,-0.038571723
0.004201411,0.006255532,-0.07822121,-0.041131306
0.004320962,0.006827251,-0.073260866,-0.039819993
0.004462457,0.009989277,-0.07717083,-0.037723023
0.0040909396,0.0059074378,-0.069372214,-0.03898728
0.0035835179,0.006877292,-0.066204555,-0.03847658
0.0028957925,0.007746703,-0.066551164,-0.037380442
0.0023760677,0.008716518,-0.07047886,-0.037487064
0.0020321403,0.009217397,-0.075762056,-0.038576968
0.0028802005,0.013743144,-0.090122946,-0.037986234
0.004484931,0.009917452,-0.094962105,-0.041306395
0.006206822,0.005679999,-0.086490355,-0.042884663
0.007042642,0.0062669553,-0.07566639,-0.04001467
0.007626508,0.011275022,-0.08065073,-0.037228785
0.007979944,0.009161383,-0.08188827,-0.039419513
0.0081979325,0.0063811853,-0.07604984,-0.041641057
0.008467437,0.008079969,-0.07418193,-0.03969805
0.00822638,0.008043849,-0.072208054,-0.038589817
0.008024975,0.009413713,-0.07561647,-0.038614
0.007539022,0.008450556,-0.07696938,-0.039833486
0.007085933,0.007394214,-0.075006716,-0.040258814
0.0068432484,0.009458949,-0.078228295,-0.03900223
0.006619454,0.007543491,-0.075244695,-0.039553087
0.0063200532,0.00831837,-0.07556493,-0.039458256
0.005749441,0.006688779,-0.07083272,-0.039368942
0.0050737443,0.0073473062,-0.06874313,-0.038427625
0.0046182065,0.009618338,-0.07400252,-0.037755296
0.0042079394,0.0076944074,-0.07350639,-0.03919123
0.0038185392,0.0073732277,-0.072565764,-0.03960107
0.003860542,0.010488261,-0.07980446,-0.03834343
0.003808202,0.006444139,-0.074199654,-0.039802834
0.0041549173,0.011761461,-0.08382564,-0.038376566
0.004755189,0.007906463,-0.0821056,-0.040290274
0.0054283137,0.008513613,-0.08212435,-0.040436678
0.0057551577,0.006582601,-0.07481925,-0.039979473
0.005615608,0.0069953236,-0.06933184,-0.038543597
0.005625224,0.010946718,-0.0773193,-0.037344635
0.0057005025,0.009170593,-0.08106531,-0.03953308
0.0060213353,0.0069809537,-0.0782544,-0.041418333
0.0058661965,0.006234254,-0.07088623,-0.039802514
0.004681298,0.0035670565,-0.05145354,-0.035379533
0.0026354115,0.0062369476,-0.048917864,-0.032740947
0.00028908937,0.0044582016,-0.039260186,-0.029660087
-0.0017603535,0.009763434,-0.05561115,-0.03237947
-0.0029878218,0.010676639,-0.068440065,-0.036049563
-0.0041013975,-0.00037082794,-0.04060688,-0.034153007
-0.006372806,0.01257229,-0.06529373,-0.03366655
-0.0066666263,0.0065974593,-0.063161455,-0.03626584
-0.007927074,0.011975282,-0.07862908,-0.037580766
-0.006324933,0.011592031,-0.087823726,-0.03956479
-0.0037002452,0.009076063,-0.09013178,-0.0414702
-0.001341772,0.0058934465,-0.0804679,-0.041113455
0.00048299503,0.010475793,-0.08210448,-0.038220324
0.002016353,0.008476927,-0.08000469,-0.03906859
0.002902125,0.0077233473,-0.07781583,-0.040107552
0.00370376,0.005730705,-0.0681443,-0.03939209
0.0038360632,0.009893302,-0.07356473,-0.037421033
0.00444876,0.010761144,-0.08048553,-0.037940156
0.004893209,0.008559408,-0.08288045,-0.04087476
0.0055665686,0.007328727,-0.08015663,-0.041320827
0.00590245,0.00811411,-0.077893145,-0.039462756
0.0056494763,0.0062000966,-0.069572,-0.038816094
0.004949831,0.00773025,-0.06863666,-0.038052075
0.004395001,0.008464842,-0.070623375,-0.037962932
0.0045023216,0.012201953,-0.08265817,-0.03765322
0.0048080715,0.006580958,-0.079229705,-0.041407377
0.0049112625,0.005963347,-0.07207013,-0.04067753
0.004854358,0.009538846,-0.07494169,-0.03780452
0.004319591,0.007590949,-0.07275922,-0.03845773
0.004045528,0.009093086,-0.07672898,-0.039139327
0.0042943377,0.009407118,-0.08078049,-0.039527465
0.0035373915,0.0003179723,-0.050249327,-0.037313208
0.00100085,0.0011476255,-0.01964505,-0.021792935
-0.0008787648,0.009986303,-0.047704935,-0.02721252
-0.0029799617,0.004558212,-0.04052011,-0.030133605
-0.005535488,0.005338924,-0.038777597,-0.030376416
-0.007122862,0.0063709184,-0.04047654,-0.028839026
-0.008785915,0.0067686886,-0.041895576,-0.028210288
-0.010625368,0.008242781,-0.04848445,-0.03118098
-0.012331729,0.010374779,-0.060195543,-0.035101525
-0.012407358,0.006752916,-0.06044956,-0.037464447
-0.012597969,0.0103583215,-0.06909623,-0.03755757
-0.010512712,0.010109204,-0.0742076,-0.03820412
-0.008889548,0.010971404,-0.082702436,-0.039250445
-0.006140715,0.010448474,-0.08787461,-0.040530745
-0.0033050906,0.0070525235,-0.08307952,-0.041265424
-0.0013654489,0.005698098,-0.07170331,-0.039092045
-0.00050366734,0.007487544,-0.06729062,-0.036853973
-5.718828e-05,0.008297062,-0.06795089,-0.036783896
-0.00036936442,0.0046013338,-0.056378018,-0.03635855
-0.0011863016,0.006166068,-0.05337653,-0.034516476
-0.0022546344,0.0067309905,-0.05356703,-0.03364658
-0.0032812525,0.009283911,-0.06299415,-0.034883395
-0.0040186713,0.008394782,-0.06785746,-0.037430804
-0.0044574123,0.009494698,-0.07560427,-0.038891904
-0.004069642,0.007348931,-0.07486102,-0.03960617
-0.0034174246,0.011101693,-0.08270384,-0.03825212
-0.0019856573,0.008019556,-0.08131606,-0.039722014
-0.0006547166,0.00972279,-0.08434632,-0.03969715
0.0010340695,0.008145988,-0.08171535,-0.0399573
0.002334486,0.008391779,-0.07987423,-0.03956316
0.003494176,0.008637892,-0.07885926,-0.039277818
0.004430832,0.009011542,-0.07989083,-0.039341707
0.004891761,0.0064351293,-0.07332366,-0.04000753
0.0043789707,0.0050022807,-0.06192948,-0.038231198
0.0038119599,0.008635359,-0.065921605,-0.036471732
0.0025151744,0.0055774287,-0.059076138,-0.036746062
0.0017117024,0.010390431,-0.0705866,-0.036746066
0.0014575226,0.010526298,-0.07903715,-0.03817423
0.0015898705,0.0072234403,-0.07847693,-0.040897805
0.0019985742,0.008987046,-0.080862306,-0.040042397
0.0023788218,0.0069787703,-0.07542698,-0.03932827
0.0024044684,0.00829265,-0.07468657,-0.038425654
0.002566364,0.00939351,-0.077726424,-0.03844445
0.002983906,0.0073603643,-0.07524041,-0.039700236
0.0033556798,0.009114787,-0.07817402,-0.039278273
0.0041251467,0.009046032,-0.07961816,-0.039247423
0.0046393885,0.007900779,-0.07819603,-0.039819796
0.0048828376,0.007888654,-0.07673922,-0.039652083
0.0049410732,0.007861742,-0.07469161,-0.03908693
0.005020187,0.009665382,-0.07825699,-0.038473867
0.005292816,0.008990575,-0.08002751,-0.039467487
0.0058171772,0.008839808,-0.08147401,-0.040191192
0.0063926266,0.0086137485,-0.08140739,-0.0401342
0.0069896793,0.008869918,-0.081269175,-0.039731327
0.0072327172,0.007759562,-0.07800315,-0.03992943
0.00735257,0.008508801,-0.07746387,-0.039504725
0.0071043787,0.007083,-0.072909765,-0.039565966
0.006878054,0.008762234,-0.07454542,-0.038843814
0.0070991786,0.010656431,-0.081133686,-0.038475
0.0077071553,0.010546968,-0.08711795,-0.039738286
0.009272081,0.012324817,-0.095186785,-0.03989116
0.011618592,0.012006979,-0.09997866,-0.040282425
0.013695666,0.0076412614,-0.09371292,-0.04227343
0.014057221,0.0039274427,-0.074611,-0.041985996
0.013592785,0.007757886,-0.069001585,-0.038717378
0.012405427,0.0076366886,-0.065941945,-0.038145304
0.011213,0.007674695,-0.065786876,-0.038813792
0.010435609,0.009176235,-0.07111773,-0.038900692
0.008445806,0.003382582,-0.055313896,-0.039012086
0.0071323845,0.009477248,-0.06511064,-0.036769137
0.005222572,0.008207,-0.067839295,-0.03732311
0.0036993548,0.009272795,-0.07494476,-0.038757004
0.0028376344,0.008261938,-0.0774579,-0.03993742
0.003025099,0.009931366,-0.08272377,-0.039377227
0.003332603,0.006823469,-0.07746577,-0.04011736
0.003291123,0.006834435,-0.0720498,-0.039140213
0.0035498491,0.010615094,-0.078429386,-0.0376223
0.0033740997,0.006106123,-0.07210021,-0.039579995
0.0033449137,0.0074834987,-0.07036634,-0.03903633
0.0010560104,-0.004536543,-0.0022293644,-0.016958943
-0.0009815595,0.009434087,-0.042129107,-0.02504026
-0.0029430124,0.006443348,-0.043114506,-0.03072179
-0.005255881,0.007022387,-0.04872617,-0.034144275
-0.0066021075,0.013459476,-0.06861462,-0.035834808
-0.0065639364,0.0064173234,-0.066847965,-0.03952643
-0.0070671244,0.010187495,-0.074897915,-0.039258096
-0.006568672,0.011416079,-0.08247119,-0.0385534
-0.0051808455,0.007124093,-0.07934581,-0.040316176
-0.003840401,0.010693719,-0.08360337,-0.039343245
-0.00093467,0.010130522,-0.08477072,-0.039425254
0.0011375007,0.0073285876,-0.08074944,-0.040660292
0.0027450626,0.008507127,-0.07911263,-0.039760057
0.0040468713,0.008759932,-0.078215644,-0.03903136
0.0045714453,0.007307203,-0.07435314,-0.039413996
0.0050428524,0.009390846,-0.07738964,-0.03890148
0.005272716,0.008007303,-0.07645924,-0.03950514
0.005327145,0.007999813,-0.07583172,-0.039640114
0.00522875,0.0073547326,-0.072659634,-0.039261922
0.0037444544,0.0013731015,-0.0454943,-0.035335433
0.0022514593,0.009574457,-0.059554413,-0.033886388
0.00093510194,0.008626469,-0.064891614,-0.035698343
-9.925379e-06,0.008750672,-0.07149253,-0.03856356
-0.001525498,-0.0029386652,-0.02298937,-0.026608165
-0.003822017,0.010234256,-0.04966554,-0.028668368
-0.005054285,-0.0016296671,0.0010532466,0.00045362208
-0.009228153,0.009618963,-0.034242246,-0.018693807
-0.009701065,0.012146419,-0.047367267,-0.030468395
-0.01140269,0.0048741642,-0.048250437,-0.037463415
-0.013048168,0.015476361,-0.07281898,-0.038775887
-0.011122947,0.012570117,-0.08409815,-0.040487904
-0.0090042455,0.0074868216,-0.08360655,-0.042325765
-0.0072303754,0.0024627887,-0.061738577,-0.037809223
-0.0065742587,0.006460756,-0.053419277,-0.032235045
-0.0067493985,0.008235128,-0.055878494,-0.03260976
-0.00619832,0.011740306,-0.069856726,-0.03553057
-0.004722883,0.008997983,-0.07828013,-0.040412545
-0.0030684173,0.008070881,-0.081229225,-0.041776154
-0.00110221,0.009977655,-0.08402326,-0.039354473
0.00013276935,0.007835135,-0.08052431,-0.03931235
0.0008672866,0.008403248,-0.079530045,-0.039328046
0.001571717,0.008324894,-0.07848373,-0.039269425
0.002353346,0.007905079,-0.07627957,-0.039270088
0.003094252,0.008795686,-0.0771367,-0.038974453
0.0043645934,0.011117106,-0.08399195,-0.038563017
0.006039734,0.012221085,-0.092631996,-0.039211053
0.007865309,0.0084626125,-0.09220832,-0.042030804
0.009702343,0.008670728,-0.08924433,-0.041323926
0.009356452,0.0012136219,-0.06032946,-0.039993946
0.008106437,0.006995833,-0.057117827,-0.035944164
0.0046851397,-0.00018422936,-0.016083376,-0.022066293
0.0015029816,0.0025748322,-0.0025402177,-0.004472516
-0.0012456704,-0.001262822,0.03734198,0.04157687
-0.003501808,0.005237974,-0.013653538,0.0086822035
-0.0035377513,0.0052531417,-0.0077360757,-0.0027535
-0.0067637484,0.004630521,-0.006550812,-0.0103983
-0.009428635,0.0087117,-0.01738636,-0.01967838
-0.010835387,0.009026735,-0.020431988,-0.021224111
-0.0127707785,0.0100283185,-0.026341207,-0.02529539
-0.013231683,0.008996031,-0.02903685,-0.02877623
-0.014071719,0.010754183,-0.03791478,-0.032413553
-0.013543411,0.010745369,-0.044898067,-0.035031512
-0.012854972,0.008644082,-0.046209157,-0.03543468
-0.012802385,0.009513484,-0.05537168,-0.035676748
-0.0119272275,0.009744818,-0.06210799,-0.03657828
-0.010897626,0.011489337,-0.07363354,-0.038122546
-0.008621573,0.012136936,-0.08565432,-0.039731424
-0.0049993554,0.012085418,-0.0949328,-0.040811613
-0.00067395094,0.010501737,-0.09750562,-0.041253597
0.002070296,0.000112277114,-0.06664051,-0.040742166
0.002516398,0.009396755,-0.068229035,-0.03639067
0.0025927746,0.00829149,-0.06753316,-0.036595356
0.002636548,0.0091458885,-0.07321033,-0.03851982
0.002997463,0.008438323,-0.07615187,-0.040162213
0.0036953718,0.0086437045,-0.07797869,-0.039836314
0.0035004434,0.00457365,-0.064656824,-0.038922176
0.0015966158,0.0017376812,-0.036721874,-0.029993497
-0.0021191768,-0.006573624,0.061705884,0.04408495
-0.0054127667,0.0057394765,-0.019361543,-0.0016690664
-0.004785141,0.006073707,-0.018390218,-0.01836301
-0.008534259,0.008031785,-0.02875075,-0.02969206
-0.010634116,0.01435898,-0.049597677,-0.036225952
-0.011481141,0.013469706,-0.064696856,-0.0402405
-0.011761419,0.011169241,-0.075161844,-0.04307553
-0.011181788,0.012975544,-0.084472574,-0.041431397
-0.008654161,0.010520075,-0.08630334,-0.04121875
-0.005969324,0.0100989165,-0.08426434,-0.041185606
-0.0025483244,0.010306789,-0.08234201,-0.040738836
0.0013888548,0.006211291,-0.07499216,-0.04038955
0.0033341502,0.009884723,-0.07708899,-0.03856301
0.004862955,0.009537628,-0.07922082,-0.038782664
0.0061086677,0.00943435,-0.08214715,-0.039945655
0.0067472663,0.0069609354,-0.0776537,-0.040907536
0.0074718758,0.010491759,-0.08227691,-0.038945805
0.0072390325,0.005908574,-0.07336308,-0.040103704
0.0068879738,0.008092134,-0.072734386,-0.03910963
0.0066735833,0.009621179,-0.076330885,-0.03828141
0.006614207,0.009574515,-0.08036057,-0.03921815
0.0074059656,0.011209585,-0.08777098,-0.03964253
0.008758443,0.010530383,-0.09208365,-0.040577438
0.01086039,0.011700865,-0.09650079,-0.040171172
0.012929192,0.010320948,-0.09627418,-0.04067197
0.015205104,0.0109016,-0.095834866,-0.04038013
0.016421301,0.007682503,-0.087887436,-0.041633457
0.016569724,0.0061410954,-0.0757296,-0.041424874
0.015465155,0.0058224373,-0.06395775,-0.03963499
0.014493755,0.00873256,-0.06564835,-0.037886914
0.013184443,0.008487181,-0.0678126,-0.038556147
0.011994325,0.0085590575,-0.071395114,-0.03976231
0.010721842,0.0074584275,-0.070787184,-0.040263135
0.009521575,0.008535635,-0.073097624,-0.039274737
0.0074937153,0.0050637303,-0.06304408,-0.038941316
0.0057573053,0.008803934,-0.06820352,-0.03745244
0.004898612,0.01157836,-0.07951787,-0.037063245
0.004300432,0.0066135544,-0.077261075,-0.04091572
0.004012164,0.005603012,-0.06956134,-0.040392667
0.004037208,0.010697256,-0.07676672,-0.037229344
0.003296039,0.004483527,-0.06420659,-0.038462874
0.002758401,0.011021995,-0.07544301,-0.037550516
0.0033119137,0.012158546,-0.08551731,-0.037760008
0.0020135432,-0.0057388702,-0.026679916,-0.0313636
-0.00048201458,0.005666759,-0.0314147,-0.024517097
-0.002390975,0.007670555,-0.042314477,-0.027289096
-0.0044764522,0.0064565055,-0.044769064,-0.03081986
-0.0065309596,0.0077363304,-0.052030016,-0.03462959
-0.0073680193,0.011167688,-0.0659369,-0.036294304
-0.00765925,0.008403298,-0.06995587,-0.038781885
-0.00780512,0.0040445407,-0.0580987,-0.03721845
-0.008859757,0.008569315,-0.06168467,-0.034643967
-0.008864178,0.01044677,-0.06969651,-0.035343286
-0.007940941,0.010038954,-0.07663105,-0.03850747
-0.0061048176,0.010706582,-0.08482966,-0.04071995
-0.0030962795,0.010817878,-0.090976536,-0.04067946
-0.0005010406,0.003651975,-0.07482013,-0.041012622
0.00069515384,0.01045676,-0.07841013,-0.037720878
0.001699162,0.008403687,-0.07689984,-0.03835633
0.0027946983,0.0119293425,-0.08661939,-0.038645342
0.004474527,0.00885005,-0.087525874,-0.041127294
0.00641865,0.008991082,-0.08730032,-0.041039117
0.0074030487,0.005860437,-0.07612796,-0.040625665
0.007279884,0.006623307,-0.068690486,-0.03870914
0.0066331294,0.007909837,-0.06793888,-0.03772462
0.0058248397,0.008446832,-0.0704474,-0.038071707
0.0058889883,0.011042943,-0.07965055,-0.038340528
0.0055804714,0.0061830804,-0.07464945,-0.040946305
0.0053605735,0.006806069,-0.07034816,-0.039734446
0.0052000415,0.011400615,-0.07894524,-0.037209626
0.005329416,0.01067658,-0.08546072,-0.038818482
0.005648954,0.0068471353,-0.08274397,-0.042104814
0.005889413,0.005391468,-0.07238023,-0.040751055
0.005590988,0.007283663,-0.067879245,-0.03773783
0.004744315,0.007320937,-0.06559278,-0.037216783
0.0039868187,0.0080846045,-0.067785755,-0.037841253
0.003516472,0.009600492,-0.074551605,-0.038368445
0.0033012768,0.008003746,-0.07565323,-0.039615866
0.0037243206,0.01061927,-0.082833566,-0.03917491
0.003907086,0.005930874,-0.07553035,-0.04057169
0.0037714606,0.008065984,-0.074876375,-0.039095834
0.0037490106,0.0095022535,-0.077872805,-0.038154576
0.0039116805,0.00820906,-0.07772344,-0.039356105
0.004026993,0.006952543,-0.07391701,-0.039977312
0.0041575646,0.008249827,-0.07383178,-0.038845673
0.0043081692,0.008963654,-0.075769454,-0.038405634
0.0044224905,0.009251535,-0.07897898,-0.0390967
0.0045142793,0.0067477506,-0.07462546,-0.04024856
0.0046896664,0.009941979,-0.07954301,-0.03888125
0.004935886,0.008142702,-0.07833813,-0.03944163
0.005358582,0.009595612,-0.08165595,-0.039494533
0.0053526824,0.0054294094,-0.07193066,-0.04034969
0.0052872784,0.0090534445,-0.074402854,-0.038496777
0.005588761,0.01117416,-0.08177254,-0.037752263
0.0065290947,0.011755767,-0.09073605,-0.03931782
0.008122156,0.00903232,-0.09235165,-0.042040866
0.008783401,0.0028260956,-0.07305661,-0.042303648
0.008873061,0.009290255,-0.07335132,-0.03796319
0.0077602677,0.0064519476,-0.06572452,-0.03794212
0.0056541325,0.0020770764,-0.042124838,-0.034503065
0.0040772106,0.00939632,-0.05687161,-0.033899225
0.0024288443,0.0073736752,-0.05930984,-0.03571562
0.0009000793,0.0073415292,-0.062469583,-0.03772089
-0.001451236,-0.0020263407,-0.015519274,-0.021286177
-0.0044532316,0.00897122,-0.041757032,-0.025350291
-0.0066115865,0.008597102,-0.049568124,-0.03092625
-0.008895699,0.008213468,-0.058136765,-0.03611124
-0.009888275,0.013221273,-0.077404805,-0.038862646
-0.008373624,0.010555652,-0.08728796,-0.041453537
-0.0059355823,0.0039158077,-0.075058915,-0.0415447
-0.0051908013,0.008491447,-0.07328157,-0.03759539
-0.004294142,0.0070271883,-0.067402095,-0.036582775
-0.0040199393,0.010424871,-0.07473497,-0.03707006
-0.0023993494,0.009032394,-0.07733809,-0.039236497
-0.0006928855,0.010581211,-0.0844118,-0.03970622
0.0016560701,0.010692922,-0.08947275,-0.0399652
0.0036113919,0.0067732786,-0.08360835,-0.041421615
0.0048226197,0.008705863,-0.081787154,-0.039839055
0.005553602,0.008699218,-0.08014532,-0.039090473
0.0062181302,0.008988374,-0.08049001,-0.03944123
0.0062674596,0.005880499,-0.072012745,-0.040320195
0.006375045,0.008339804,-0.07188808,-0.03873988
0.005482205,0.005159562,-0.060910787,-0.03782988
0.0047682603,0.009338796,-0.06787187,-0.03691177
0.004138718,0.009713275,-0.074832074,-0.03786786
0.0038178505,0.009027503,-0.08000857,-0.039995074
0.0041598896,0.008931769,-0.08265978,-0.040549934
0.0043006474,0.005936129,-0.07431509,-0.04021452
0.0037672906,0.0059015807,-0.06568574,-0.03808521
0.0028064996,0.007846262,-0.06595349,-0.036788486
0.0017596086,0.0057639866,-0.05923607,-0.036545362
0.0007539236,0.008796078,-0.0655197,-0.036520217
0.00024423006,0.007652521,-0.06637746,-0.03745451
-0.00076337095,0.004016389,-0.053464796,-0.035982955
-0.00212951,0.008123089,-0.05874602,-0.034669988
-0.00310063,0.010411573,-0.069508955,-0.03547021
-0.0043128585,-0.0018927203,-0.027677525,-0.027158087
-0.006852412,0.008597121,-0.045165192,-0.028141236
-0.00762861,0.009477729,-0.05466018,-0.0315736
-0.008522624,0.005933856,-0.051961597,-0.03384667
-0.009559748,0.0083022835,-0.058240507,-0.035878386
-0.009863306,0.011618253,-0.07173145,-0.03643985
-0.008941803,0.007516623,-0.072986,-0.039273985
-0.008166083,0.013425589,-0.086954735,-0.038790047
-0.0052788514,0.007412434,-0.08460636,-0.041257653
-0.0032888916,0.008737806,-0.08386146,-0.040161684
-0.0007645152,0.0112986015,-0.08699238,-0.038595214
0.000924203,0.0036417542,-0.07045597,-0.040214807
0.001497654,0.007740391,-0.06815,-0.037938982
0.0016130395,0.007210723,-0.06434406,-0.036646266
0.0011260945,0.005936378,-0.05803771,-0.036064975
0.00034575342,0.009156982,-0.06562266,-0.036380686
-0.000398343,0.0047525936,-0.056219965,-0.036458965
-0.0018037927,0.007820938,-0.060514692,-0.035757363
-0.0028031725,0.0077430406,-0.06279118,-0.03586351
-0.0035954197,0.010010162,-0.07217053,-0.036907155
-0.0039574686,0.005359197,-0.0660648,-0.038611937
-0.004393519,0.0075129354,-0.066615626,-0.037303817
-0.0044778152,0.007219277,-0.064755246,-0.03620711
-0.0045912247,0.010796512,-0.074604906,-0.036399554
-0.003862974,0.00625498,-0.07022006,-0.038924064
-0.0039954856,0.0034860387,-0.05435018,-0.03583736
-0.0046024052,0.0068959766,-0.052986044,-0.032448743
-0.0054450175,-0.0064001675,0.04458188,0.03143251
-0.00837353,0.00626156,-0.018922841,-0.0039969003
-0.006999233,0.0040394184,-0.011000355,-0.00540704
-0.010082101,0.0069471975,-0.017549405,-0.013989443
-0.011344403,0.013172026,-0.0337009,-0.026574554
-0.011864938,0.012116415,-0.043780506,-0.035366155
-0.014072774,0.01223488,-0.06095738,-0.043108594
-0.014174154,0.010894922,-0.07169568,-0.04365958
-0.012495951,0.0075673573,-0.06835441,-0.039712638
-0.010899532,0.007665311,-0.061777227,-0.036290452
-0.009053279,0.010516694,-0.06541859,-0.036290385
-0.007407256,0.011456181,-0.0762883,-0.038122516
-0.0049976027,0.010343323,-0.083817475,-0.040802997
-0.0018949353,0.008763627,-0.08546278,-0.041417938
0.0012547628,0.0100142425,-0.08699797,-0.03969348
0.0036808085,0.011017702,-0.09023975,-0.03905862
0.005246026,0.007082782,-0.0848594,-0.041261073
0.0063271355,0.0075683817,-0.079849206,-0.040536515
0.0074963034,0.01104984,-0.08369808,-0.038340475
0.008168437,0.007637845,-0.07966597,-0.040249493
0.009042383,0.009743661,-0.082426436,-0.040069554
0.00934743,0.007086248,-0.077077016,-0.04058141
0.010333975,0.012950047,-0.08692913,-0.037937112
0.010421595,0.0071277833,-0.081855394,-0.041160576
0.007981934,-0.004716224,-0.024661077,-0.033296764
0.0061831344,0.009400436,-0.049577553,-0.031333297
0.0036349506,0.007650855,-0.053782944,-0.033675544
0.0016405721,0.0070654596,-0.057744954,-0.036904972
0.0005011179,0.011923431,-0.073648214,-0.037785355
0.00029461755,0.00833658,-0.076188676,-0.039971408
-0.00069839024,0.0030110881,-0.059664838,-0.038638312
-0.0021235617,0.008246801,-0.06209576,-0.035396356
-0.0033212255,0.008288053,-0.064446375,-0.03536008
-0.004164369,0.007702398,-0.06670692,-0.03720575
-0.003688943,0.009993051,-0.074919365,-0.038364314
-0.0029080282,0.006351826,-0.070940726,-0.03937797
-0.0027073878,0.005310399,-0.06151548,-0.03699527
-0.0029236171,0.009641311,-0.068392344,-0.03566058
-0.0030891523,0.0071514933,-0.06736527,-0.037156258
-0.0033627234,0.008862859,-0.07257584,-0.038181122
-0.0035415702,-0.0016253393,-0.028616725,-0.026644696
-0.005344842,0.00059480965,0.0061991303,0.0042719743
-0.008069563,0.008902748,-0.03319142,-0.0162452
-0.008185852,0.008579926,-0.03863575,-0.028072251
-0.010857937,0.0081270095,-0.04963489,-0.03733197
-0.0121989595,0.0137035465,-0.07119788,-0.040364888
-0.010582892,0.006623577,-0.07079225,-0.04132789
-0.010248741,0.0008138967,-0.042552087,-0.031462755
-0.0117949955,0.008837535,-0.05197544,-0.030096333
-0.01125935,0.0063227494,-0.047575388,-0.030499198
-0.012170024,0.012085805,-0.062190708,-0.033883054
-0.010119457,0.013063041,-0.074110664,-0.03795779
-0.0077822614,0.008257382,-0.08102418,-0.04248938
-0.005161247,0.010201471,-0.08588506,-0.041242663
-0.0027243148,0.008161552,-0.08227604,-0.0398745
-0.0014289633,0.0066839852,-0.07482014,-0.039057244
-0.0007107231,0.009106164,-0.07580698,-0.038203977
0.00026804485,0.0071214437,-0.07136929,-0.03870638
0.0006087667,0.0071043074,-0.06824277,-0.038341895
0.0010445252,0.0076949713,-0.06747505,-0.037588768
0.0011386881,0.008142756,-0.06911319,-0.037576683
0.0009160268,0.008088557,-0.07083154,-0.038186148
0.0009958933,0.010774591,-0.0797287,-0.038130436
0.0013743138,0.007864577,-0.07950568,-0.04009138
0.0020084986,0.009238238,-0.08220628,-0.039849143
0.0028648037,0.0080942875,-0.080267236,-0.039693426
0.0038290853,0.0106092235,-0.085004404,-0.03883945
0.004615758,0.0066433824,-0.078562155,-0.040498562
0.0053690327,0.00933709,-0.08001775,-0.039404515
0.0057296483,0.0070800707,-0.074382536,-0.039499793
0.0055076275,0.0065964675,-0.068585485,-0.038922396
0.004954928,0.007103372,-0.065581255,-0.037896536
0.003686366,0.0053670546,-0.057079136,-0.03658576
0.002170785,0.0063115703,-0.054431096,-0.035062086
0.00078190013,0.009493346,-0.06455771,-0.03536686
-0.000129055,0.008630405,-0.07023677,-0.037709847
-0.0007781848,0.008628516,-0.075404994,-0.039620057
-0.00072342955,0.00733323,-0.073895894,-0.03955484
-0.0013597071,0.002778974,-0.05300833,-0.0353191
-0.0030015165,0.004673762,-0.041500054,-0.028917419
-0.004697953,0.0049674916,-0.034090184,-0.024112822
-0.0064232303,0.0057938867,-0.033533886,-0.023455208
-0.007976808,0.006895082,-0.0382636,-0.026485726
-0.008975059,0.0057354416,-0.036422607,-0.026900694
-0.01053833,0.00623222,-0.03744383,-0.027195446
-0.01208253,0.0072012786,-0.04215045,-0.02899399
-0.01331429,0.00731915,-0.04561883,-0.030710924
-0.014233892,0.008280774,-0.05095794,-0.03264976
-0.014142042,0.009565486,-0.057788253,-0.0347633
-0.013307805,0.008606815,-0.060919292,-0.03648361
-0.012498778,0.009180438,-0.06577866,-0.03748219
-0.011217497,0.010279344,-0.07279159,-0.038080484
-0.009330612,0.009819937,-0.0780866,-0.039189603
-0.007026386,0.011125354,-0.08515619,-0.039632957
-0.0042286813,0.0068965894,-0.08035653,-0.040822037
-0.0024984844,0.0057148654,-0.0701257,-0.03889938
-0.0017195434,0.007238981,-0.06540583,-0.036514673
-0.0010662299,0.0116230035,-0.07577155,-0.036008593
0.0002362753,0.012445658,-0.08764314,-0.03826435
0.0019987763,0.0065320116,-0.08593905,-0.043205712
0.0042429883,0.01143981,-0.091449544,-0.040287275
0.0062272153,0.008672521,-0.08765611,-0.040019408
0.007842052,0.010311454,-0.08881634,-0.039705083
0.009192275,0.009339823,-0.088037275,-0.040450856
0.010418147,0.0083524035,-0.084840186,-0.040953293
0.010863979,0.006956127,-0.07714562,-0.040659193
0.011204246,0.008866051,-0.07588682,-0.03919812
0.0115266815,0.01043955,-0.080055945,-0.038702905
0.011327351,0.008239177,-0.07962607,-0.040658336
0.010757956,0.005713902,-0.07088041,-0.041153304
0.01023825,0.00934353,-0.073699124,-0.038557176
0.009544214,0.008946438,-0.07520155,-0.038604643
0.008287931,0.005967295,-0.068946086,-0.040167585
0.007510704,0.008991694,-0.07277446,-0.038885415
0.006961418,0.009522404,-0.076874726,-0.038455993
0.0062630055,0.00671807,-0.0729293,-0.040008966
0.0061880667,0.010459906,-0.080019,-0.038938466
0.005650032,0.005431525,-0.07096123,-0.04007172
0.004851437,0.0070861634,-0.06786576,-0.038482446
0.0042609735,0.009158359,-0.07145268,-0.03735364
0.0041230004,0.01072862,-0.07992678,-0.038011197
0.0042186454,0.00797038,-0.08103224,-0.04088508
0.0051566423,0.01030371,-0.08642504,-0.040213745
0.0063133775,0.008942428,-0.08591306,-0.040160242
0.007192237,0.008602526,-0.08419108,-0.040202662
0.007743883,0.0074548665,-0.07893536,-0.040242616
0.007556316,0.0064820657,-0.07150578,-0.039587334
0.0071130055,0.007559873,-0.06894194,-0.038373854
0.0067998227,0.009501089,-0.07352992,-0.037919857
0.0062458925,0.0069374642,-0.0703685,-0.039462127
0.0056840605,0.008050897,-0.07153013,-0.03919242
0.005122403,0.008012485,-0.071648724,-0.038661495
0.0046024765,0.009392907,-0.07615248,-0.038465876
0.0041372725,0.0076291347,-0.07522025,-0.039619267
0.003985577,0.008856396,-0.07808561,-0.03941288
0.0038240927,0.0067269984,-0.073296264,-0.039543446
0.0038894808,0.009805428,-0.07788632,-0.03834248
0.0037573813,0.0061792573,-0.071001045,-0.039314885
0.0037127617,0.009794888,-0.07659367,-0.038447704
0.004193332,0.010501179,-0.082481466,-0.038576275
0.0047179013,0.007703101,-0.08143792,-0.040729456
0.0049062297,0.0052515245,-0.071097024,-0.040509306
0.0049435124,0.009840495,-0.07524693,-0.03770439
0.004213526,0.0050116605,-0.063736305,-0.038143173
0.0029631618,0.006216889,-0.059309453,-0.036915906
0.0020396458,0.008309634,-0.063417174,-0.036129877
0.0010503418,0.008145908,-0.06703479,-0.03706661
0.0004810951,0.008597246,-0.07175475,-0.03844093
0.0005564385,0.0110771675,-0.08151994,-0.038620465
0.000972262,0.006760702,-0.078254595,-0.040554684
0.0014524533,0.010420152,-0.08402965,-0.039227065
0.002699285,0.009709962,-0.085762165,-0.03933006
0.0038207795,0.008160162,-0.083943576,-0.040455036
0.004782208,0.007183261,-0.078646205,-0.040317077
0.0056460933,0.009310652,-0.07948119,-0.038884792
0.0053944117,0.0038967747,-0.06281362,-0.038961936
0.0049957135,0.0092708655,-0.068130344,-0.037094105
0.004118509,0.006235761,-0.06222491,-0.037351105
0.0030607674,0.007746038,-0.06461539,-0.03739209
0.002181557,0.0078734765,-0.066706456,-0.037678882
0.0015880862,0.009990301,-0.07495278,-0.037815865
0.0014453566,0.009111838,-0.078991376,-0.0393503
0.00151014,0.007884058,-0.078954615,-0.040236056
0.0020001351,0.008737728,-0.07977724,-0.039473515
0.0021354137,0.0064633777,-0.07310063,-0.039231382
0.0023667617,0.0088238,-0.07420656,-0.038207255
0.0023137631,0.007356002,-0.07141716,-0.038547736
0.0025686994,0.009638155,-0.07665554,-0.038486913
0.003364278,0.011478985,-0.0855467,-0.03862851
0.005098596,0.011748846,-0.093861125,-0.039918765
0.007035417,0.0074724425,-0.09074389,-0.042447243
0.0078826705,0.0040620174,-0.07405008,-0.041353993
0.0074312943,0.006516764,-0.06522837,-0.037723426
0.006077559,0.006197957,-0.05832337,-0.03621722
0.0052791676,0.009945507,-0.067903176,-0.036500588
0.0016502326,-0.006861322,0.01705907,-0.0054723914
-0.00035533003,0.009173046,-0.036003985,-0.021517592
-0.0026800223,0.0058344346,-0.03615911,-0.028921112
-0.0057620057,0.0071479157,-0.043971743,-0.032766428
-0.007904154,0.011103484,-0.059652235,-0.035872832
-0.008873576,0.009056036,-0.06529418,-0.037782717
-0.009471743,0.00810433,-0.06757766,-0.038766645
-0.009738417,0.0069182026,-0.06486306,-0.037697043
-0.0097470395,0.01059773,-0.072197124,-0.03662138
-0.008282056,0.011123173,-0.079233825,-0.03803425
-0.005320794,0.010523235,-0.084622316,-0.040359493
-0.0026056003,0.009428054,-0.087913275,-0.04127449
-0.0002349725,0.0036672633,-0.070784606,-0.040351056
0.00048820136,0.00843735,-0.06954098,-0.037046738
0.0009011655,0.008917974,-0.07136478,-0.036915377
0.0012299798,0.009175798,-0.07627884,-0.038649768
0.0017215922,0.008096614,-0.07758953,-0.04018945
0.0025026386,0.008075456,-0.077043004,-0.03969769
0.0027508899,0.006379875,-0.07006545,-0.0388315
0.0019954527,0.004930603,-0.058253482,-0.036608778
0.0010180183,0.00934839,-0.0656637,-0.035646908
0.00031131454,0.009446624,-0.07239622,-0.0371391
0.0003743319,0.009620367,-0.07950172,-0.039531585
0.0012836377,0.009829167,-0.08505004,-0.04043875
0.0024191325,0.0068447925,-0.080166586,-0.040833805
0.00323321,0.009813485,-0.08234897,-0.038938034
0.004083479,0.009571346,-0.08374135,-0.03906766
0.004607845,0.0061052293,-0.076293826,-0.040638015
0.004964677,0.008476738,-0.07586614,-0.039247658
0.005602577,0.009786117,-0.078695506,-0.0383411
0.006177095,0.009420717,-0.08137623,-0.039446183
0.006128398,0.004705943,-0.06989016,-0.040905327
0.005756176,0.0077284225,-0.06866592,-0.03842969
0.005311884,0.009847453,-0.07392698,-0.037181698
0.004852583,0.008315367,-0.075449884,-0.039114412
0.0048041088,0.009029336,-0.079215616,-0.04007184
0.005126664,0.0088549005,-0.08097442,-0.039947145
0.005563276,0.008585205,-0.08077767,-0.039767448
0.005999814,0.009049457,-0.08140082,-0.03956918
0.0066121262,0.009425574,-0.08315915,-0.039626986
0.0071269004,0.008276202,-0.08195385,-0.040314868
0.007710592,0.008547593,-0.08078168,-0.040049575
0.007937954,0.007276942,-0.075574845,-0.039886847
0.00830099,0.010305665,-0.08003431,-0.038636494
0.00840447,0.008370158,-0.07944989,-0.03989072
0.009494409,0.013191225,-0.090393566,-0.038545594
0.011140995,0.012055065,-0.09670871,-0.03984141
0.013562502,0.011220969,-0.09992128,-0.041201767
0.015018038,0.0052506765,-0.08666904,-0.04304785
0.015030308,0.005921514,-0.07327078,-0.040720366
0.014134594,0.0076761157,-0.06772297,-0.038503222
0.01174265,0.003972292,-0.051270965,-0.037384342
0.008808676,0.0029613273,-0.032976486,-0.03121455
0.0071180416,0.009463507,-0.0519126,-0.032086294
0.0042393105,0.0055211354,-0.048567288,-0.034491654
0.0012672081,0.0048516425,-0.043468066,-0.033665325
-0.0018118372,0.004935343,-0.03852761,-0.029297723
-0.0051092077,0.009210196,-0.05296711,-0.031109579
-0.0074322866,0.009110751,-0.062043052,-0.035087254
-0.008904967,0.010537227,-0.07494708,-0.038930032
-0.0081131,0.010922486,-0.08539461,-0.04070558
-0.0059257643,0.008767144,-0.08685865,-0.041153375
-0.0034559655,0.006437103,-0.07822511,-0.040036257
-0.0020183623,0.010400113,-0.080907315,-0.037976135
-0.00055750826,0.0071702534,-0.07582481,-0.03917989
0.00035603973,0.00884553,-0.07720549,-0.03921618
0.001271156,0.0054644127,-0.06710259,-0.038888738
0.0016209243,0.008738155,-0.069582984,-0.037310984
0.0017116194,0.008038172,-0.069888875,-0.03769114
0.0018231259,0.010551743,-0.07870059,-0.03825461
0.002217986,0.008155325,-0.079852276,-0.04026714
0.003018053,0.010402145,-0.085888706,-0.03972849
0.0037357658,0.0052338406,-0.07508955,-0.040619876
0.0031523232,0.004142723,-0.059501894,-0.03754507
0.0024012157,0.009081745,-0.06494324,-0.0355563
0.0020113813,0.011498888,-0.076486126,-0.036223143
0.0020362933,0.00722373,-0.07687429,-0.040779356
0.0027820894,0.010618216,-0.08470433,-0.04041008
0.0037570763,0.0063651856,-0.07743041,-0.04049201
0.0040673227,0.009028431,-0.07825547,-0.038798615
0.0041077747,0.0076710572,-0.075221814,-0.039031215
0.0043660225,0.010370519,-0.08132315,-0.038712904
0.0040324084,0.0032649052,-0.064097755,-0.03977116
0.00071277947,-0.008413236,0.040569462,0.011354791
-0.0010925583,0.007326463,-0.027062682,-0.014966705
-0.0031707443,0.005861813,-0.029431451,-0.025500812
-0.006093085,0.0055604004,-0.031714074,-0.029293336
-0.008219473,0.009555364,-0.04570268,-0.03283426
-0.009120033,0.0067678555,-0.044005144,-0.031698048
-0.011385442,0.009213221,-0.051773623,-0.0333583
-0.0124176005,0.005459153,-0.04626129,-0.032691605
-0.014834773,0.009002799,-0.054492734,-0.03314259
-0.013691275,0.007774246,-0.053995453,-0.033765297
-0.01211031,0.007654605,-0.053056,-0.03377398
-0.011447963,0.0031325996,-0.037020423,-0.027653353
-0.012189705,0.008003328,-0.04474777,-0.028035535
-0.011829372,0.0084901815,-0.050108805,-0.031007946
-0.012281975,0.010257312,-0.061004143,-0.034942202
-0.011469677,0.00947635,-0.068863936,-0.03886063
-0.010536713,0.008137255,-0.07190776,-0.039734382
-0.009041841,0.008922528,-0.073905766,-0.038548227
-0.0076452754,0.00791115,-0.07192741,-0.03786789
-0.0065286024,0.008369646,-0.071991436,-0.037759315
-0.005501927,0.008216811,-0.07224743,-0.038102042
-0.0042953645,0.008494053,-0.07339799,-0.038321435
-0.0030717782,0.009246206,-0.07698669,-0.038541853
-0.0015592072,0.009052433,-0.07968072,-0.03919443
-0.00015284198,0.009063474,-0.08181086,-0.039633665
0.0011589463,0.008611722,-0.08188906,-0.039773077
0.002029964,0.0064270864,-0.074889,-0.03973673
0.002488317,0.008801986,-0.07549439,-0.038396638
0.002699515,0.007273368,-0.071747914,-0.038548734
0.0030944766,0.010848537,-0.07986058,-0.038119927
0.0037433289,0.008600899,-0.081373386,-0.03999704
0.0042422847,0.0062313275,-0.07538815,-0.04082081
0.005025508,0.011699413,-0.083459206,-0.038040306
0.0051784967,0.0057835532,-0.07471235,-0.04011653
0.004831652,0.0064236023,-0.06857186,-0.039244283
0.0043693967,0.0086740125,-0.07035709,-0.03755453
0.0038631228,0.007648224,-0.069635086,-0.038067628
0.0034544107,0.009173441,-0.07458661,-0.038670875
0.0033345602,0.0072225835,-0.07271741,-0.03956359
0.0031847053,0.008611531,-0.07498414,-0.038946424
0.0030644815,0.008888553,-0.07717225,-0.038754914
0.0032059602,0.00827593,-0.0774314,-0.03939168
0.003116861,0.007226336,-0.07452077,-0.03961953
0.0031100065,0.008009141,-0.07384927,-0.038782813
0.0032690233,0.009340489,-0.077169694,-0.038385086
0.0029398706,0.0047628125,-0.065840095,-0.039131343
0.0027341365,0.009930046,-0.07298633,-0.037592594
0.0015547816,0.0016994401,-0.047372714,-0.034777783
0.00016946616,0.009574346,-0.060203634,-0.034143206
-0.0015232997,0.002003073,-0.036174506,-0.029099733
-0.003910097,0.0014288636,-0.007499675,-0.008021862
-0.0064742123,0.008294432,-0.033155173,-0.019323906
-0.008103123,0.009324003,-0.043931276,-0.028942944
-0.010307249,0.008494552,-0.055086643,-0.037254333
-0.011961196,0.0131845,-0.07622404,-0.040841375
-0.010263363,0.009900686,-0.084917314,-0.04226172
-0.0083919065,0.005763801,-0.07789661,-0.04081961
-0.0068318537,0.010454345,-0.07982165,-0.037847776
-0.0051088524,0.008273004,-0.07763151,-0.03858189
-0.0037561245,0.008044277,-0.075729154,-0.039418694
-0.0022204968,0.00636891,-0.06836327,-0.038668685
-0.00096223096,0.008847925,-0.0706669,-0.03722234
-2.7692313e-05,0.008819138,-0.07328535,-0.037772883
0.00053380313,0.008600669,-0.07614736,-0.039153066
0.00091137976,0.007334941,-0.07434131,-0.03967256
0.0012230609,0.009147815,-0.077234015,-0.038559426
0.0016103481,0.007922957,-0.07588887,-0.038921814
0.0015323763,0.006309017,-0.069846965,-0.03898369
0.0014832352,0.0088862525,-0.07296869,-0.037892208
0.0013671317,0.0074116294,-0.07159795,-0.03839689
0.001523606,0.009201409,-0.075851545,-0.03848391
0.0014549708,0.0053629386,-0.06644134,-0.038784515
0.0013365971,0.0101474365,-0.073905915,-0.037291534
0.0012053116,0.0075909155,-0.07299,-0.038552802
0.0013050833,0.009217983,-0.077636614,-0.039073464
0.0015544859,0.006999543,-0.07398664,-0.0395591
0.0019400592,0.0102853775,-0.079766504,-0.038304366
0.0023764856,0.0071343714,-0.075771034,-0.039521698
0.0025093833,0.007873917,-0.07471751,-0.039304152
0.0028820145,0.00912486,-0.076768056,-0.038596142
0.0012858041,-0.003419344,-0.022069741,-0.027027888
-0.00041244802,0.010762763,-0.052124273,-0.029781237
-0.0018235741,0.008844469,-0.059477873,-0.034286622
-0.003085726,0.008348419,-0.06785362,-0.038843427
-0.0029924542,0.014390349,-0.08654093,-0.03870501
-0.0010693435,0.008842994,-0.08997259,-0.041806757
0.0007749428,0.00949647,-0.09154085,-0.04129008
0.002319029,0.0064748474,-0.08213552,-0.040603228
0.0032212527,0.008245437,-0.07814901,-0.03893838
0.0036116517,0.0076030777,-0.07384261,-0.038800977
0.004208907,0.006849287,-0.068562545,-0.038810093
0.004156473,0.0075781816,-0.06730567,-0.038141303
0.0028476268,0.0016589193,-0.040601805,-0.033074737
0.0015523528,0.009553259,-0.05601836,-0.032859262
-0.00018162896,0.0069789616,-0.056795686,-0.03493679
-0.0016456925,0.010155668,-0.069459304,-0.037230972
-0.0023078255,0.008740908,-0.0749546,-0.039527558
-0.0022088639,0.008735689,-0.07881794,-0.039863095
-0.0015879287,0.009500527,-0.082150444,-0.03931343
-0.0009371479,0.006336861,-0.075514324,-0.039608914
-0.0003102204,0.009872388,-0.079129435,-0.038360234
0.00029575123,0.00662307,-0.07306997,-0.03902092
0.0011062229,0.009322433,-0.076261885,-0.038502492
0.0011791614,0.0039726216,-0.061380375,-0.03818573
0.0010734183,0.009623703,-0.068642996,-0.036544688
0.00093187037,0.008871092,-0.07215419,-0.037420187
0.00096166955,0.00924393,-0.077713504,-0.039143298
0.0010666694,0.0057511157,-0.07137338,-0.040220704
0.0009879267,0.008740285,-0.07372805,-0.03824807
-0.00033323086,-0.0024909677,-0.021130612,-0.023798177
-0.002881347,0.0070350757,-0.035203286,-0.023994291
-0.0045144055,0.005400593,-0.03282139,-0.023950806
-0.0068329494,0.00728395,-0.040218573,-0.027695451
-0.008181046,0.010521056,-0.054921005,-0.033318527
-0.008871067,0.005376984,-0.05173898,-0.03598567
-0.0104501415,0.010121287,-0.06385287,-0.036720194
-0.010645302,0.009712525,-0.070685856,-0.0375902
-0.010314758,0.010704102,-0.07919509,-0.038732786
-0.008499903,0.00799647,-0.07893135,-0.040366508
-0.0063556316,0.008012916,-0.076447874,-0.039423622
-0.004597933,0.009796254,-0.07883328,-0.03827976
-0.0027790093,0.006721199,-0.072781004,-0.038907465
-0.0016716915,0.007432106,-0.06968679,-0.038131036
-0.00096785836,0.009084344,-0.07261689,-0.03748883
-0.00010670386,0.009985059,-0.07861074,-0.03820339
0.0008441606,0.009065159,-0.08236064,-0.040021777
0.0020383552,0.007481846,-0.0802705,-0.040716644
0.002808543,0.0077205636,-0.077237025,-0.039417878
0.0033928994,0.00955755,-0.07925728,-0.03824247
0.0037183946,0.00739534,-0.07576147,-0.03938223
0.00383839,0.007661314,-0.074064046,-0.03940263
0.0040590838,0.008682416,-0.075198695,-0.038669426
0.0020806163,-0.0041683,-0.0130050825,-0.022978505
-0.0005428343,0.0046796966,-0.017625602,-0.014413801
-0.0027448994,0.0080742445,-0.036041997,-0.022814438
-0.0048064296,0.0057091285,-0.03514232,-0.027226612
-0.007464685,0.009000634,-0.048599243,-0.033571053
-0.008589914,0.008885417,-0.057009604,-0.03691267
-0.009617525,0.0064268345,-0.05566281,-0.036302757
-0.010942571,0.00795561,-0.058158673,-0.03500767
-0.011429058,0.0057107494,-0.051220346,-0.0326435
-0.012102178,0.008214786,-0.05473324,-0.03266639
-0.011421844,0.009376518,-0.059968572,-0.034710143
-0.01058656,0.011468781,-0.071070515,-0.037245005
-0.008691802,0.009480959,-0.07803678,-0.04028753
-0.006434565,0.009712222,-0.082598716,-0.040538114
-0.0041682785,0.007759607,-0.079653494,-0.039940495
-0.002774888,0.0062856167,-0.07111052,-0.038514674
-0.002079985,0.008479562,-0.07053447,-0.037173882
-0.0015687849,0.008158098,-0.070422515,-0.037547573
-0.0012557582,0.006195402,-0.064848445,-0.037938748
-0.0009984894,0.0100633325,-0.072758675,-0.037314255
-0.00033433456,0.008673216,-0.07549238,-0.038553264
0.00012868509,0.008441783,-0.07778657,-0.039667625
0.00039275544,0.005410433,-0.068850555,-0.039308786
0.0001710533,0.008434991,-0.07024634,-0.037287246
5.1292263e-06,0.008568979,-0.07200464,-0.0373762
0.00019198214,0.009895569,-0.07848732,-0.03844181
0.00094550656,0.008655643,-0.081006706,-0.040091544
0.0018572292,0.007975837,-0.080218725,-0.040281925
0.002324282,0.0049845083,-0.067938365,-0.039081898
0.0018433295,0.00694737,-0.063924484,-0.03675441
0.0011750465,0.007903399,-0.06463319,-0.03625239
0.0007285508,0.010608569,-0.07450404,-0.037048332
0.000840287,0.0077531426,-0.07569436,-0.03986736
0.0012624996,0.008798446,-0.079051636,-0.040125046
0.0020623137,0.008869643,-0.0800177,-0.039354913
0.002447124,0.007505641,-0.07672364,-0.039370198
0.0028682954,0.009994291,-0.08088602,-0.038694944
0.0033322524,0.0077003613,-0.07882151,-0.039846353
0.004195072,0.01006268,-0.08312988,-0.03936754
0.0051193223,0.0082942415,-0.08168421,-0.040057525
0.0061868816,0.009185298,-0.08242402,-0.03982386
0.00686753,0.008264595,-0.0803668,-0.039939646
0.007290265,0.008080432,-0.07823553,-0.039806657
0.0071204407,0.0067411363,-0.07219491,-0.039626565
0.0067800726,0.00821145,-0.071852036,-0.038574588
0.0064680097,0.0087254,-0.07354242,-0.038446944
0.0059960736,0.0080967415,-0.07408034,-0.03929593
0.0057558427,0.008243322,-0.07485948,-0.039489567
0.0044146916,0.0024992144,-0.053747915,-0.03756333
0.0031050527,0.009060049,-0.061893333,-0.035281375
0.0017124189,0.008105896,-0.06449398,-0.036138292
0.00029738594,0.0058215987,-0.060693424,-0.0375694
-0.0008074717,0.008614937,-0.06679728,-0.037402388
-0.0012863083,0.008429992,-0.070041396,-0.037453063
-0.0016172706,0.00863367,-0.07367505,-0.038268745
-0.0017438747,0.007429344,-0.072986625,-0.039052002
-0.0013936054,0.010662415,-0.08072701,-0.038214706
-0.00050843763,0.008958559,-0.08283792,-0.039460022
0.0007574824,0.0076754107,-0.08043078,-0.040348586
0.002237572,0.011533104,-0.08681426,-0.038623314
0.0036073262,0.0069778655,-0.08140313,-0.040509827
0.004812982,0.009588717,-0.08308746,-0.039739106
0.00567488,0.007539936,-0.07834445,-0.039873723
0.006050539,0.00719891,-0.07355023,-0.039453276
0.0061045466,0.008892661,-0.07485311,-0.038575668
0.0060361717,0.0077884346,-0.07335965,-0.039079115
0.0055039353,0.006430295,-0.06830871,-0.039259188
0.004975298,0.008631367,-0.07108834,-0.03810537
0.0041073486,0.005890152,-0.06412175,-0.03810872
0.0029121567,0.007330941,-0.06429124,-0.037317645
0.0017816902,0.0070062513,-0.06282752,-0.03688471
0.00080542377,0.009283722,-0.069641165,-0.036890525
0.00054411363,0.010983901,-0.0794594,-0.03789298
0.0012832793,0.011257933,-0.08885396,-0.03971746
0.0026274903,0.006766225,-0.08550325,-0.042297907
0.003837814,0.008342669,-0.0828153,-0.04022446
0.0049071,0.009535619,-0.082125254,-0.038625117
0.0054854886,0.008029229,-0.0793045,-0.03964803
0.0059587304,0.00766354,-0.07633208,-0.040084485
0.005412479,0.0035060132,-0.058645118,-0.03851876
0.004682839,0.008232479,-0.061906643,-0.03604605
0.0038867942,0.0089564985,-0.06694531,-0.03636693
0.0030750812,0.008125511,-0.07028028,-0.03858735
0.002109167,0.006116559,-0.06675168,-0.039488085
0.0015400406,0.009450271,-0.07299045,-0.037797824
0.00076741655,0.0052995966,-0.063568905,-0.037684567
-5.2297153e-05,0.010510289,-0.073355116,-0.036910366
-0.00032615586,0.0071496163,-0.07152652,-0.038616687
-0.00044611093,0.009361236,-0.076964654,-0.038847066
-2.8216524e-05,0.0063069384,-0.07099694,-0.039172273
0.0005034754,0.011935525,-0.08166319,-0.037446544
0.0014756223,0.008241041,-0.08162326,-0.039778885
0.0026461708,0.010790738,-0.08812111,-0.03996567
0.0045566573,0.009717249,-0.08928264,-0.04024218
0.006426789,0.0102609135,-0.09115699,-0.04010175
0.007771183,0.005744248,-0.07996767,-0.041400857
0.008257163,0.007902614,-0.07585034,-0.039539218
0.008596452,0.009454998,-0.076971985,-0.038387008
0.009103075,0.011471569,-0.08454409,-0.038467526
0.009914979,0.008861472,-0.08540183,-0.04112358
0.010924304,0.009571816,-0.086817294,-0.04097255
0.011297954,0.0065940605,-0.078168854,-0.04095162
0.01113557,0.008462881,-0.07604157,-0.03934793
0.010821119,0.009244428,-0.07710498,-0.038892202
0.011022182,0.011586198,-0.084992476,-0.03877046
0.010416376,0.0044141416,-0.072769314,-0.042135447
0.010087757,0.008196778,-0.07218157,-0.039623573
0.007961367,0.0023106504,-0.047072887,-0.03581416
0.0060102185,0.007909865,-0.053211335,-0.0339648
0.003752231,0.00731057,-0.055561803,-0.03487534
0.002111086,0.010236189,-0.06894836,-0.036817394
0.0015811045,0.011850535,-0.08303905,-0.03883726
0.0025232031,0.012619399,-0.09615084,-0.040521406
0.004614805,0.0070850933,-0.093501136,-0.04313462
0.005903157,0.006237605,-0.08362007,-0.041204017
0.006415056,0.0074838414,-0.07568637,-0.03871593
0.005868937,0.0059618503,-0.065761395,-0.038152292
0.005710329,0.00920445,-0.06994112,-0.03769382
0.0052259546,0.0071025626,-0.06774171,-0.038744055
0.0053606736,0.010020041,-0.07533207,-0.03851936
0.0041974406,0.0018403436,-0.052377935,-0.03794264
0.0032564825,0.010947101,-0.067844726,-0.035606097
0.0019615723,0.008424608,-0.071100876,-0.03727867
0.0010304722,0.008107364,-0.07498589,-0.03950783
0.0012929852,0.011131894,-0.08360129,-0.039022755
0.0017087033,0.004914784,-0.07260465,-0.040147766
0.001659451,0.007891118,-0.07074299,-0.03817889
0.0013963568,0.008637196,-0.071484864,-0.037373725
0.0007185868,0.0034527853,-0.054519985,-0.03632443
-0.0009772767,0.004685857,-0.044187546,-0.031473882
-0.0020272608,0.009397804,-0.05633537,-0.03228266
-0.0031505686,0.008511213,-0.0631017,-0.03563819
-0.0038897435,0.010677938,-0.07661808,-0.038926143
-0.0030156001,0.011323109,-0.08799092,-0.04049248
-0.0010262767,0.011185317,-0.09559718,-0.040741492
0.0015565685,0.007538564,-0.09126762,-0.04162069
0.002832215,0.0032906048,-0.07114145,-0.04018481
0.0028168643,0.0073832404,-0.06605744,-0.03686854
0.0025624165,0.008484389,-0.06721578,-0.036479365
0.0024580588,0.0076884255,-0.067842394,-0.03808597
0.0023120071,0.0071406914,-0.06726868,-0.03884236
0.00211416,0.0074193534,-0.0666448,-0.038005978
0.0018601366,0.01030375,-0.07457072,-0.03723076
0.0014245114,0.0073011746,-0.07329644,-0.0392002
0.0012998013,0.010628156,-0.08183942,-0.039023783
0.0017972146,0.0080041075,-0.081292056,-0.040104974
0.0022781463,0.006312303,-0.07446941,-0.039912693
0.0021554995,0.0057972083,-0.06478473,-0.037804216
0.0017134399,0.008193599,-0.06604908,-0.036406055
0.0012010194,0.008194961,-0.06872188,-0.037301853
0.0010656948,0.009720476,-0.076281965,-0.038435027
0.001467105,0.0075876783,-0.07564715,-0.039921265
0.0020432584,0.01065528,-0.08228801,-0.03882055
0.0031654178,0.010466245,-0.08673341,-0.039148882
0.004316671,0.009109872,-0.0882364,-0.040728346
0.005379409,0.0064522307,-0.08069752,-0.04124924
0.0052489224,0.0038989244,-0.062709436,-0.03861481
0.0047799703,0.009020681,-0.066158764,-0.03623547
0.004123788,0.008452177,-0.068495326,-0.0372269
0.0021472252,-0.0009899222,-0.029815989,-0.030472074
0.00027488926,0.009573173,-0.051221274,-0.0312068
-0.0013325848,0.0069280993,-0.052352056,-0.03335177
-0.0032587417,0.008342053,-0.060639735,-0.036102682
-0.0046236534,0.0060934303,-0.05891674,-0.037295293
-0.005895718,0.009452717,-0.067598104,-0.036374435
-0.006186515,0.010621336,-0.07647113,-0.037216853
-0.005618274,0.008159229,-0.078538224,-0.0398919
-0.0045344383,0.008854058,-0.080744095,-0.04002434
-0.0031235577,0.007521889,-0.07698876,-0.03917016
-0.0017821217,0.0076016914,-0.07266179,-0.03817097
-0.0010411008,0.009512741,-0.07581906,-0.037830777
-9.4664334e-05,0.0076600746,-0.07428022,-0.03908424
0.00048720994,0.00842479,-0.07574963,-0.039193287
0.0012418632,0.008008487,-0.0749555,-0.038997617
0.0020613603,0.010583395,-0.08131444,-0.038343728
0.0023888336,0.005040633,-0.07103326,-0.040035184
0.0021036267,0.00677407,-0.06675944,-0.03821013
0.00139328,0.006480345,-0.061367042,-0.036295842
0.00041350807,0.0071935537,-0.060841244,-0.03576516
-0.0003409814,0.009023081,-0.0677266,-0.03670844
-0.00079923245,0.00806081,-0.07090005,-0.038435556
-0.0007502016,0.009707559,-0.077702865,-0.038896132
-0.00051820284,0.006531106,-0.07334964,-0.03957927
-0.0005872278,0.006428117,-0.0676014,-0.03807791
-0.0009239108,0.009399635,-0.07221089,-0.03689785
-0.0007798417,0.009104872,-0.07609996,-0.03804636
-0.0002860756,0.00885749,-0.07950006,-0.03971329
0.00072293676,0.0083113015,-0.0799464,-0.040061977
0.001752604,0.008117172,-0.07850186,-0.039485496
0.0023774928,0.008092064,-0.076673076,-0.039002653
0.0031476403,0.01061728,-0.08231286,-0.038430735
0.0038139855,0.007581593,-0.08026819,-0.040322382
0.0047141565,0.009546181,-0.0831389,-0.039888803
0.005910433,0.00972499,-0.08477346,-0.039499477
0.0070270845,0.009136198,-0.084964,-0.04007878
0.007404998,0.005551295,-0.07457789,-0.040903546
0.00705814,0.0065989196,-0.067737706,-0.038815092
0.0062693967,0.0076139932,-0.06571614,-0.037317388
0.0056151203,0.009606596,-0.072013386,-0.037464306
0.005369564,0.009529425,-0.078071296,-0.039209157
0.0052422527,0.007487522,-0.0776573,-0.04093413
0.005183645,0.0071471566,-0.07413251,-0.039927833
0.005075285,0.009754663,-0.077827,-0.038178068
0.004628958,0.0068636397,-0.073366486,-0.039328992
0.0046640025,0.010956138,-0.08175154,-0.03862003
0.005040199,0.007864272,-0.08042875,-0.04022365
0.006101241,0.011502056,-0.087807395,-0.03926682
0.007500256,0.009578943,-0.088721596,-0.040274944
0.008349757,0.0060233497,-0.07997,-0.04162099
0.008998164,0.009856546,-0.08125929,-0.039214756
0.0090123005,0.00769822,-0.076899044,-0.039558347
0.0094009675,0.0101443445,-0.080898546,-0.039250802
0.009276252,0.0072432444,-0.07695249,-0.040594313
0.009587358,0.009124397,-0.07848229,-0.039784618
0.009589856,0.009327336,-0.07993677,-0.039342552
0.008144956,0.0016704977,-0.054818064,-0.039064463
0.005406034,0.002836551,-0.03427636,-0.02991592
0.0030230514,0.007818837,-0.045106605,-0.029695857
0.00039156651,0.0054257778,-0.041603673,-0.03034174
-0.0026342198,0.00045558703,-0.010351006,-0.014014183
-0.0055892887,0.009998154,-0.04263976,-0.024564182
-0.0070772218,0.006586336,-0.04360643,-0.031160094
-0.01024831,0.0074037593,-0.051168635,-0.035468988
-0.011934686,0.012144627,-0.067950435,-0.037071772
-0.011567414,0.011378667,-0.07816751,-0.03873008
-0.009975969,0.010900077,-0.08555466,-0.04080697
-0.0070961304,0.009988013,-0.08806848,-0.04137714
-0.0039470806,0.010742606,-0.09044063,-0.04024352
-0.00085186533,0.009851749,-0.08964261,-0.04030182
0.0015875804,0.003254956,-0.069838166,-0.04061538
0.0019137488,0.0034916915,-0.050276354,-0.035056613
0.0013853172,0.008074687,-0.055339582,-0.03336514
0.00017260453,0.0045911716,-0.04553524,-0.03267323
-0.00096680777,0.009800073,-0.059531808,-0.034375258
-0.00164572,0.008955771,-0.06566008,-0.036818158
-0.002399651,0.009165479,-0.07296569,-0.038905364
-0.0028896576,0.005034157,-0.06541192,-0.039390597
-0.003791519,0.008113067,-0.067564316,-0.03691511
-0.0042261095,0.008198622,-0.06900391,-0.036589123
-0.0044871774,0.005881868,-0.06273188,-0.036797613
-0.0044025932,0.010443579,-0.07174521,-0.03663305
-0.0039222976,0.0051247175,-0.06242171,-0.037306946
-0.0039538494,0.008990321,-0.06772783,-0.03675824
-0.0037148271,0.0069285333,-0.06513168,-0.03700542
-0.0038623922,0.0072461143,-0.06409034,-0.036587443
-0.00442236,0.0040129675,-0.049620997,-0.033185147
-0.005488354,0.011284406,-0.065504536,-0.03368857
-0.0054456266,0.0058385753,-0.06099243,-0.03649274
-0.006218528,0.008574885,-0.06695293,-0.03751341
-0.0057702125,0.0071965763,-0.065885045,-0.03728262
-0.0059115198,0.008597094,-0.06973245,-0.03688994
-0.0054160086,0.0076635466,-0.06944901,-0.03757804
-0.0051940004,0.009088074,-0.07366578,-0.037845097
-0.0042424933,0.00948252,-0.0779497,-0.03845093
-0.0033712548,0.0061052013,-0.07196233,-0.039298713
-0.0023289742,0.01052655,-0.07839079,-0.037957355
-0.0010058925,0.010527634,-0.084094554,-0.038507532
0.0007633222,0.009611181,-0.08773067,-0.040410418
0.0023856035,0.0066332426,-0.0819082,-0.041419275
0.003320166,0.005857242,-0.07141955,-0.0393321
0.0037426918,0.010366268,-0.07637501,-0.037144437
0.0042321156,0.009681836,-0.0803213,-0.0385507
0.0034494407,-0.0004993607,-0.04772458,-0.037770074
0.0022319648,0.008979908,-0.058048062,-0.03451576
0.0007595947,0.004970057,-0.047690306,-0.0325505
-0.0016409081,0.0017714918,-0.021966115,-0.021279909
-0.004098296,0.007203569,-0.034885332,-0.023667779
-0.005938876,0.0049576377,-0.02948902,-0.021805754
-0.008532732,0.0062041245,-0.032083,-0.023548502
-0.010515663,0.007722275,-0.040031902,-0.028214237
-0.012145467,0.00793653,-0.046384968,-0.031732794
-0.013994521,0.011845845,-0.062288474,-0.03559843
-0.01313322,0.008633689,-0.067390874,-0.039330564
-0.012779698,0.010580853,-0.07655902,-0.03986739
-0.010343356,0.004531621,-0.06435158,-0.03825481
-0.009467527,0.0072185346,-0.059789035,-0.03453121
-0.008714861,0.008565942,-0.061513502,-0.034325484
-0.007991069,0.008236244,-0.06390635,-0.035980713
-0.0072648507,0.00792672,-0.066356674,-0.037564114
-0.006422726,0.009063534,-0.07175035,-0.037930693
-0.005105768,0.010027935,-0.078227,-0.03831776
-0.003753495,0.009253114,-0.08215135,-0.03954388
-0.0023741715,0.0061115096,-0.07579762,-0.040210415
-0.0017040647,0.008088424,-0.0743616,-0.038316056
-0.00072938326,0.010657768,-0.07987277,-0.037368663
0.00042105443,0.00868895,-0.081322074,-0.03950407
0.002155916,0.011650516,-0.08952281,-0.039583627
0.004012054,0.0067003258,-0.0836115,-0.041425228
0.0054415097,0.009120951,-0.08294882,-0.03975162
0.0060786977,0.0068752966,-0.075307466,-0.039496597
0.00622743,0.0082789725,-0.07384876,-0.03879015
0.0062300935,0.009198314,-0.07616338,-0.038609255
0.0055450844,0.0044640624,-0.063614145,-0.03940685
0.0049009114,0.008193954,-0.06574632,-0.037559383
0.003958521,0.0077875196,-0.065917276,-0.037140053
0.0033676769,0.00990998,-0.073893785,-0.03774547
0.0022713894,0.004765457,-0.0652483,-0.039601568
0.0018277977,0.010620564,-0.075623915,-0.037800916
0.0014655677,0.007057364,-0.07253693,-0.03868478
0.0012759136,0.009021155,-0.07615367,-0.038693152
0.0018729401,0.011436445,-0.0845167,-0.038229298
0.002477891,0.005941652,-0.078384854,-0.040987972
0.0032360742,0.009355198,-0.08037134,-0.039532624
0.0038767927,0.008178498,-0.07776191,-0.038994774
0.0038414965,0.004892714,-0.06551249,-0.038879663
0.0026701547,0.0048314054,-0.05394833,-0.03578407
0.001583381,0.0074888933,-0.055795245,-0.03414185
0.00033785254,0.009001513,-0.063611984,-0.035379075
-0.00038369477,0.009478358,-0.072215654,-0.038052984
-0.00040170082,0.009020403,-0.07841966,-0.040126458
0.0002996142,0.011383602,-0.08796285,-0.03952154
0.0018956182,0.009830921,-0.09083078,-0.040237386
0.0034589465,0.007913299,-0.087450944,-0.04099954
0.005103105,0.010059118,-0.0878612,-0.039538916
0.006665744,0.009443743,-0.086764805,-0.03970182
0.0072859386,0.0045331516,-0.0719794,-0.040940907
0.0076515074,0.0089225955,-0.07254356,-0.03851636
0.0074158018,0.007614291,-0.06958962,-0.03833276
0.0072594895,0.009710557,-0.075178616,-0.03852484
0.0064385217,0.0052165315,-0.066237174,-0.039985545
0.005642574,0.008022609,-0.06778968,-0.03831589
0.0047708577,0.008987805,-0.071425214,-0.037534118
0.004116107,0.009462804,-0.07687331,-0.038570285
0.0028555563,0.001989933,-0.055808865,-0.038633056
0.0015796255,0.0095622325,-0.06536672,-0.035980158
0.00080465974,0.00856018,-0.068221495,-0.036467806
-0.0001406695,0.0069439905,-0.06766672,-0.03840346
-0.0008566478,0.005259483,-0.06006803,-0.037651025
-0.0015639324,0.010525221,-0.070998676,-0.0360187
-0.0019394831,0.005337443,-0.063029945,-0.037260514
-0.0028229624,0.007962865,-0.06592264,-0.037165005
-0.0028703536,0.01000706,-0.07345722,-0.03705802
-0.002538936,0.010439672,-0.08152775,-0.03842869
-0.0013472172,0.0075430977,-0.08087193,-0.040833276
-3.4055032e-05,0.010216758,-0.08548257,-0.03971359
0.0012417627,0.0053904294,-0.07456428,-0.03991223
0.0014051943,0.0071681263,-0.069769606,-0.038060363
0.0018066954,0.0099231955,-0.07427102,-0.037116833
0.001621281,0.005512685,-0.0663987,-0.03866506
0.0014009244,0.008281024,-0.069045015,-0.03816343
0.0014318472,0.0089572,-0.07258645,-0.037757777
0.0017802491,0.010437929,-0.08005663,-0.038314912
0.0016156712,0.0039231027,-0.06709215,-0.04015242
0.00027709943,0.0013834647,-0.03950194,-0.032054808
-0.0015381625,0.009206573,-0.05449163,-0.03140276
-0.0028951645,0.006829301,-0.05477018,-0.03374157
-0.004104593,0.009972073,-0.067038536,-0.036684282
-0.004130915,0.009844713,-0.07545038,-0.039029285
-0.0040618707,-4.5047007e-05,-0.045031175,-0.034349684
-0.0056790654,0.01158914,-0.063634835,-0.033076596
-0.0058157463,0.005740382,-0.057119258,-0.034838937
-0.007228731,0.007546122,-0.060561895,-0.035960577
-0.0074018803,0.009095133,-0.06712998,-0.036699016
-0.0065791565,0.007955685,-0.06843099,-0.03739609
-0.005911411,0.01309677,-0.08220217,-0.03728124
-0.0037145605,0.010930866,-0.08922924,-0.039991293
-0.001377095,0.007972157,-0.0890537,-0.042248692
0.0008308292,0.008746291,-0.086854525,-0.040570054
0.0028711117,0.007382636,-0.07926426,-0.039484
0.003629666,0.0076270974,-0.0746738,-0.038933787
0.004013415,0.0073492564,-0.070485175,-0.038698666
0.0042419937,0.008968603,-0.07293945,-0.038270127
0.0045628864,0.009742073,-0.078009516,-0.038701013
0.004896799,0.0071726697,-0.07556985,-0.040393922
0.0047736657,0.006620629,-0.070831016,-0.039705355
0.00425309,0.0078049875,-0.06994606,-0.038012836
0.003344559,0.0070933388,-0.06720803,-0.03771996
0.0022535778,0.0066821966,-0.06388894,-0.037500672
0.0013362437,0.0077949744,-0.06514875,-0.03703333
0.00014313454,0.0048366436,-0.055144075,-0.035787262
-0.0010210094,0.009145503,-0.06375282,-0.03551645
-0.0019306269,0.006335963,-0.06063629,-0.0363675
-0.0029617266,0.009455144,-0.069514655,-0.036981404
-0.0033035993,0.006973057,-0.06870953,-0.038268782
-0.0035115473,0.008813924,-0.07317109,-0.038075026
-0.0030760046,0.009322651,-0.07707571,-0.038230233
-0.002470916,0.00750744,-0.07547229,-0.039101865
-0.001853517,0.007734953,-0.07395093,-0.038830485
-0.0011219378,0.010641267,-0.08053101,-0.03789295
0.00015983608,0.008368647,-0.08087528,-0.039611306
0.0013403827,0.009235794,-0.08339818,-0.040040195
0.0027369875,0.0075730635,-0.07946718,-0.040044356
0.0031988185,0.006155604,-0.07098544,-0.039097153
0.003068239,0.007233953,-0.06710651,-0.037617907
0.0031271116,0.011101108,-0.07653757,-0.036860913
0.003426782,0.009329558,-0.08123943,-0.039417066
0.0040173377,0.0076427013,-0.080838375,-0.041347593
0.0047890735,0.007950798,-0.07853212,-0.04004544
0.0051928484,0.009029109,-0.07860515,-0.038677786
0.005280248,0.008098543,-0.07699449,-0.03920509
0.004832584,0.0056798053,-0.06852153,-0.039588008
0.004689483,0.00987442,-0.07429404,-0.03784469
0.0043788287,0.007578885,-0.07258609,-0.038754333
0.004371869,0.0087163085,-0.07520279,-0.039201193
0.0041153766,0.006894515,-0.071489505,-0.03945935
0.0040172297,0.009760492,-0.07686987,-0.038324475
0.0037477699,0.00744459,-0.07471213,-0.039290234
0.0035378912,0.007730066,-0.073766105,-0.039311368
0.003567453,0.00922557,-0.076859705,-0.038593356
0.0035964753,0.008225516,-0.07711855,-0.039218042
0.00408358,0.009676312,-0.08110269,-0.039284997
0.004699288,0.008942248,-0.08242647,-0.03986424
0.005149163,0.0064492244,-0.07585973,-0.040413372
0.005517848,0.010090372,-0.07983799,-0.038603447
0.0057523064,0.0075588585,-0.076487444,-0.039460633
0.0058717583,0.008587914,-0.077477776,-0.03956421
0.0057783066,0.0069697117,-0.07280652,-0.03960899
0.005634674,0.008273479,-0.07285768,-0.038649775
0.005239999,0.007984252,-0.072413154,-0.038632907
0.0048623555,0.008134442,-0.07307256,-0.038925044
0.0045824028,0.008658923,-0.07503347,-0.038979027
0.0021756254,-0.004346034,-0.0136384135,-0.024171371
-9.6431795e-05,0.008926083,-0.042355638,-0.027072499
-0.002276065,0.0063741095,-0.04258236,-0.02968537
-0.0045217522,0.008855498,-0.05396611,-0.03374766
-0.005824172,0.009925688,-0.0652899,-0.03758394
-0.006320597,0.008494579,-0.0714839,-0.039634593
-0.0062889676,0.009077143,-0.076670736,-0.039707515
-0.0058276933,0.009274153,-0.07990035,-0.03909952
-0.0048142537,0.008880625,-0.0810927,-0.039234396
-0.0033579238,0.009619641,-0.08353551,-0.039343454
-0.0008261959,0.010639639,-0.08709797,-0.039452042
0.001768655,0.011240913,-0.09221164,-0.039798252
0.004774002,0.009189067,-0.091671735,-0.041123096
0.006429288,0.003884614,-0.074555025,-0.04152732
0.006805118,0.007838734,-0.070267215,-0.03824006
0.006530582,0.008383565,-0.06974073,-0.0374553
0.006464156,0.010425064,-0.07749807,-0.03821206
0.0067612096,0.00974308,-0.082965195,-0.040219326
0.008065853,0.011693751,-0.09122359,-0.040045995
0.009728046,0.010103843,-0.093229026,-0.040757462
0.011645009,0.010912258,-0.095056035,-0.040312357
0.013698343,0.011664261,-0.09680797,-0.039750118
0.014978165,0.0073446017,-0.08909698,-0.041916788
0.015351033,0.0060021263,-0.076879695,-0.041577514
0.014578061,0.0063886573,-0.06665441,-0.03951108
0.0141640315,0.0099064605,-0.070833996,-0.03775249
0.0124925,0.006308318,-0.06511507,-0.03967433
0.011321604,0.007507157,-0.06552422,-0.039466824
0.009659818,0.0072014104,-0.06419564,-0.03847496
0.008097287,0.008467213,-0.067779616,-0.037900556
0.006296555,0.0077193347,-0.06886344,-0.03865335
0.0047777435,0.008389111,-0.07231435,-0.038937293
0.0028447642,0.0026021472,-0.052416205,-0.036652505
0.00090316776,0.007795217,-0.05691227,-0.034393523
-0.0006687959,0.006615993,-0.055509616,-0.034335837
-0.0023612753,0.007062464,-0.057377808,-0.03513262
-0.0037324368,0.004807812,-0.04943303,-0.03374775
-0.0052749203,0.008407451,-0.05719044,-0.033616133
-0.0060348557,0.009661973,-0.066052176,-0.035394754
-0.006524628,0.007940904,-0.069611296,-0.038261812
-0.006466863,0.00862019,-0.07397362,-0.03913963
-0.0057603978,0.009894094,-0.0795519,-0.038588878
-0.004216389,0.00902032,-0.08114369,-0.03918837
-0.0028269102,0.007829883,-0.07913829,-0.039767273
-0.0017139018,0.0052838842,-0.067936145,-0.038594127
-0.0014811928,0.008125319,-0.06752599,-0.036667965
-0.0012844031,0.0073098345,-0.065145046,-0.036613233
-0.001219724,0.009285806,-0.071147054,-0.03738771
-0.000976652,0.007489164,-0.07132315,-0.038869847
-0.0013204359,0.003116099,-0.05391455,-0.03630787
-0.0021524583,0.01045381,-0.06624303,-0.03477712
-0.0025262544,0.008306458,-0.068982884,-0.036727674
-0.0030564296,0.006681801,-0.0679113,-0.038749628
-0.0033123097,0.007594368,-0.06850989,-0.038072065
-0.0030583544,0.00985189,-0.07470682,-0.03717501
-0.002653995,0.0074835015,-0.073515445,-0.038616132
-0.002279392,0.008094287,-0.074589014,-0.03898569
-0.0018178141,0.0067305006,-0.07035605,-0.038493305
-0.0017096509,0.008385341,-0.071329564,-0.037435528
-0.0010828509,0.009837291,-0.07630319,-0.03761752
-0.00033887324,0.009384807,-0.08082936,-0.039277222
0.0008815758,0.009371675,-0.084469534,-0.040314108
0.0021787651,0.0076067396,-0.081570596,-0.04051916
0.0034681594,0.009781734,-0.08337315,-0.039142795
0.004081561,0.0061431816,-0.074839965,-0.039852608
0.0044164304,0.008701928,-0.07545861,-0.03882277
0.0045850947,0.008493039,-0.07562237,-0.03874184
0.004491709,0.006559503,-0.07036384,-0.03931569
0.0046704654,0.010245082,-0.076942705,-0.03821468
0.00463892,0.0073994854,-0.07478359,-0.039477635
0.004665237,0.008786874,-0.077187605,-0.03945967
0.0045466274,0.0077587883,-0.0754394,-0.039413434
0.004625307,0.008938381,-0.0772337,-0.03891399
0.0044384995,0.0075142705,-0.07500494,-0.0393956
0.004614839,0.009431715,-0.078720696,-0.03898935
0.0048389295,0.008293899,-0.078351766,-0.03957676
0.0049548405,0.0076342756,-0.07604289,-0.039741997
0.005196735,0.00877914,-0.076782,-0.039047625
0.005262522,0.008657953,-0.077544875,-0.039127193
0.005272643,0.0075751645,-0.07531463,-0.03971963
0.0046545267,0.005161525,-0.064937025,-0.038996898
0.004197339,0.009458842,-0.07051021,-0.037168134
0.003508538,0.007850705,-0.07057715,-0.038059644
0.003257188,0.009555637,-0.076885,-0.03888156
0.003246989,0.007918084,-0.07727618,-0.04000802
0.0037975935,0.010593776,-0.083974846,-0.03908128
0.004179267,0.006223572,-0.0770289,-0.04044415
0.0044521326,0.00902642,-0.07836866,-0.03914134
0.004392382,0.006593481,-0.0717969,-0.039044857
0.004203853,0.008740305,-0.073786065,-0.038349655
0.0042398362,0.008481148,-0.07473643,-0.038731754
0.0045060823,0.009919017,-0.080114536,-0.03901773
0.004893666,0.0075475047,-0.07791129,-0.040293757
0.005381496,0.010008976,-0.08222398,-0.03937476
0.0056904047,0.0068625202,-0.0766593,-0.04010791
0.0058579557,0.0094928825,-0.07962632,-0.039124038
0.0055468646,0.00519351,-0.06846496,-0.039571296
0.004696655,0.006448659,-0.063382335,-0.037756275
0.003963074,0.008665941,-0.0669855,-0.036753185
0.0032397872,0.008655245,-0.070920244,-0.03776395
0.0028901522,0.00872928,-0.07487584,-0.03923854
0.0028931801,0.009266449,-0.07931722,-0.039557744
0.0030911192,0.007174523,-0.07619386,-0.039967667
0.0029744066,0.008193644,-0.07582354,-0.039034948
0.0032470452,0.009887989,-0.07990705,-0.038404804
0.0007047275,-0.009224239,0.01826271,-0.007947511
-0.0015973323,0.008565793,-0.034807835,-0.021735635
-0.0033896905,0.003370393,-0.023852337,-0.021864729
-0.0060957205,0.0077554416,-0.03608943,-0.02626393
-0.0071675046,0.011886681,-0.050580483,-0.032078482
-0.008196915,0.010081913,-0.058806423,-0.036656328
-0.009492777,0.011105047,-0.0720773,-0.041241534
-0.009490801,0.011790302,-0.083599746,-0.041664883
-0.007793647,0.008463508,-0.08358887,-0.041372363
-0.0055683055,0.01112352,-0.08593644,-0.039339624
-0.002317871,0.0067191003,-0.07657678,-0.040176343
-0.0008093122,0.008851526,-0.07630731,-0.03910548
0.00077057024,0.008251561,-0.07423596,-0.038822494
0.0020428374,0.008567947,-0.07479263,-0.03881016
0.0032702633,0.009729743,-0.07890398,-0.038864747
0.004302453,0.009404855,-0.08204974,-0.039655667
0.0048346645,0.0068334644,-0.07725679,-0.040633462
0.0049837753,0.008059468,-0.07570464,-0.039315555
0.004809223,0.0069944207,-0.07062871,-0.0386437
0.0047095935,0.010649112,-0.07810872,-0.03779757
0.0043804385,0.005653873,-0.07043905,-0.039906792
0.0040739607,0.008190488,-0.07176295,-0.03895671
0.003932658,0.00886682,-0.07384465,-0.038139965
0.0040131584,0.0099911755,-0.0795672,-0.038541295
0.004222115,0.008199033,-0.08018307,-0.04033962
0.0048764637,0.010005965,-0.08481681,-0.039870642
0.0056253127,0.0077355867,-0.08165594,-0.040350877
0.0062681986,0.009243623,-0.08233892,-0.03958039
0.006602592,0.0066625173,-0.07526192,-0.04000216
0.006608801,0.008450597,-0.075113334,-0.039051436
0.0062851706,0.006947031,-0.07029061,-0.03898673
0.0058775875,0.008344364,-0.071357116,-0.03848793
0.0058129155,0.009937391,-0.07707759,-0.03834886
0.0062648244,0.01164826,-0.086699866,-0.038821135
0.0068160957,0.00677601,-0.083131716,-0.041994363
0.007713735,0.010140267,-0.086344354,-0.04006553
0.007282835,0.0025507228,-0.06371035,-0.039791923
0.0059403246,0.006372633,-0.057728346,-0.036201455
0.003550492,0.002986481,-0.036517683,-0.029737247
0.0014856777,0.007658529,-0.045781102,-0.030413859
-0.0011329601,0.0013390561,-0.018671462,-0.019558026
-0.0036833168,0.008766703,-0.040585063,-0.026042024
-0.005366535,0.010540978,-0.0543055,-0.032283492
-0.0075744432,0.008894357,-0.06480104,-0.03842905
-0.008570073,0.0130563965,-0.08300274,-0.040837754
-0.0072895456,0.008156262,-0.086108476,-0.04236994
-0.005412183,0.0067302384,-0.0792882,-0.040185053
-0.004189528,0.008619776,-0.07597309,-0.03791794
-0.0027826803,0.008609867,-0.07483311,-0.038013358
-0.0018175732,0.008107086,-0.07447945,-0.039017197
-0.00022795766,0.010401762,-0.08028773,-0.038811497
0.0014578259,0.0074896584,-0.07794009,-0.04002047
0.0029469035,0.010650061,-0.083440445,-0.039034687
0.00401727,0.0074712727,-0.07949924,-0.040102106
0.0045521,0.008479133,-0.07917593,-0.039685316
0.0050370544,0.008880422,-0.07941738,-0.039187767
0.0052972976,0.007477876,-0.07597155,-0.03964153
0.0055147763,0.008553886,-0.07626091,-0.03922028
0.00548242,0.0075531583,-0.073658384,-0.039279122
0.005455555,0.008387314,-0.07417391,-0.038935322
0.0054842024,0.009848023,-0.07908696,-0.038686287
0.0056063817,0.007688936,-0.07760467,-0.040103786
0.00541287,0.0068302127,-0.07336992,-0.039984137
0.0052027246,0.008292247,-0.07323162,-0.038547292
0.0047748373,0.007979878,-0.07234803,-0.038388506
0.0041691326,0.0072748894,-0.07014972,-0.038783625
0.00379018,0.008640175,-0.072808765,-0.03848877
0.003404378,0.0076701464,-0.07221347,-0.03883494
0.0036805326,0.011950385,-0.08316112,-0.03792684
0.0036666167,0.004383423,-0.071643755,-0.040872645
0.0038925428,0.011231053,-0.08082219,-0.038483027
0.004105634,0.0074612517,-0.07726642,-0.03937655
0.0043267123,0.008475779,-0.07775587,-0.039489157
0.0042728516,0.006504879,-0.07140783,-0.03943808
0.0042186324,0.008886205,-0.073646694,-0.038231976
0.0039318884,0.0073313904,-0.07084939,-0.038630657
0.0034073233,0.0073879734,-0.06939727,-0.038617168
0.003290319,0.00927209,-0.07386417,-0.03817078
0.0031735117,0.009677925,-0.07947598,-0.03877327
0.0037916594,0.00936502,-0.083243646,-0.040010177
0.0045858556,0.009532083,-0.08623024,-0.040292107
0.005866932,0.009370884,-0.086970724,-0.04015993
0.0059443074,0.0031733962,-0.06792424,-0.040418305
0.005688229,0.00885866,-0.06971769,-0.037538603
0.00517452,0.008421716,-0.070602216,-0.037507616
0.0047087003,0.007956516,-0.071873136,-0.038986284
0.0044407872,0.007948831,-0.07252649,-0.03944331
0.004220369,0.0078094373,-0.07192837,-0.038905308
0.004089314,0.009936715,-0.07757735,-0.03825556
0.0037738981,0.0074652615,-0.076018035,-0.039753076
0.0039352714,0.010000419,-0.08152543,-0.039321862
0.004317394,0.008521746,-0.08175018,-0.039847527
0.0051636486,0.009319874,-0.08347989,-0.03978115
0.005962223,0.00866514,-0.08264304,-0.040029716
0.006494226,0.0071805674,-0.07753047,-0.040217638
0.0068878857,0.009206671,-0.07859555,-0.039086524
0.0066125756,0.0060452814,-0.07027472,-0.039538816
0.0063668545,0.008515603,-0.07155852,-0.03852797
0.005817544,0.008055624,-0.07154463,-0.038544044
0.0056029754,0.009246225,-0.07592524,-0.03880202
0.005469118,0.008973263,-0.07902321,-0.03961299
0.0054286467,0.0072816517,-0.07644201,-0.040289085
0.005402758,0.008727883,-0.077400096,-0.03922879
0.0051285904,0.0075373054,-0.074442305,-0.039138563
0.0049856626,0.008624498,-0.07566225,-0.038892455
0.0048751775,0.0086355675,-0.07709239,-0.03917377
0.0048239077,0.0069747334,-0.07330704,-0.039693527
0.004785953,0.008891555,-0.07559152,-0.038781334
0.0049989237,0.009545305,-0.07919443,-0.038684264
0.0049050576,0.006619305,-0.07428753,-0.04010654
0.0050891405,0.010227974,-0.07991823,-0.038806524
0.005130323,0.0070021837,-0.07532453,-0.039705712
0.0052837566,0.009551619,-0.079005934,-0.03906914
0.005658028,0.009274764,-0.08090857,-0.039327044
0.0058801314,0.007102256,-0.076997615,-0.0403488
0.005900942,0.007898926,-0.07513772,-0.039526474
0.0054892297,0.006359084,-0.068195045,-0.038733136
0.0051774755,0.009642372,-0.073517494,-0.03770856
0.004450923,0.006695085,-0.069667846,-0.0390055
0.0043654973,0.010135397,-0.077001564,-0.038574353
0.004358142,0.008789582,-0.07913486,-0.039410073
0.0043491777,0.006451448,-0.0739364,-0.040247347
0.004236782,0.008725861,-0.07525147,-0.038795
0.00392602,0.007516205,-0.072641425,-0.038625535
0.003873549,0.0098722,-0.07795983,-0.038421236
0.0036454839,0.006302183,-0.072329275,-0.03983111
0.0040504173,0.010795215,-0.08012606,-0.038501274
0.0042232727,0.007383674,-0.0771708,-0.03981909
0.0043265335,0.006877029,-0.07312382,-0.039766666
0.004001404,0.0072488147,-0.070047766,-0.038572166
0.003737788,0.009361272,-0.07415585,-0.03768862
0.0038214407,0.010132668,-0.07999359,-0.038501218
0.0038178335,0.0061944523,-0.07487674,-0.0407416
0.004114377,0.008855774,-0.076816216,-0.03938622
0.004128935,0.008070465,-0.075278655,-0.038768113
0.004272719,0.008903384,-0.07699888,-0.038820844
0.0034894003,0.003543863,-0.06083504,-0.038777005
0.0025923422,0.00786843,-0.063335836,-0.036587957
0.0013786323,0.0060223076,-0.058346394,-0.035894815
0.0001462399,0.007038771,-0.058668412,-0.035627685
-0.0007535458,0.0092175165,-0.06626985,-0.036186766
-0.0017778319,0.0050109252,-0.058245577,-0.036787577
-0.0028454014,0.009429226,-0.06694727,-0.03642441
-0.0032178485,0.009902488,-0.074307024,-0.03726034
-0.0030048704,0.0086643,-0.07818675,-0.039430574
-0.0024398044,0.007671653,-0.07747985,-0.040067557
-0.0014404303,0.0088243075,-0.07788621,-0.038736425
-0.0007165764,0.007529086,-0.07442433,-0.03861499
-5.8610534e-05,0.0094874455,-0.07764659,-0.03845815
0.0011659904,0.010677754,-0.083733805,-0.03883728
0.0024964805,0.008429098,-0.08419999,-0.04066157
0.0036778941,0.0064185834,-0.07712526,-0.040769406
0.0049592834,0.012456157,-0.085615985,-0.037663694
0.0064330054,0.011172032,-0.09100767,-0.039076664
0.008476269,0.01102185,-0.09641219,-0.041013747
0.01094376,0.009260848,-0.094744705,-0.041659743
0.013284528,0.01056511,-0.09355313,-0.040119946
0.014493421,0.007778829,-0.085692495,-0.04097146
0.014969476,0.007892799,-0.079363786,-0.040741373
0.015065006,0.009026977,-0.07757662,-0.039698124
0.014215667,0.0068025454,-0.07086021,-0.0402873
0.013425909,0.0077318256,-0.06856384,-0.039542425
0.012357175,0.008324891,-0.06920049,-0.038851727
0.0112008285,0.0083589535,-0.07100033,-0.039113943
0.009593034,0.007109918,-0.06912971,-0.039729387
0.007881226,0.006082293,-0.063731976,-0.038896535
0.0065492694,0.009699937,-0.07119407,-0.03737975
0.00522715,0.0081058405,-0.07275968,-0.038613677
0.004390411,0.008055929,-0.07451705,-0.039645072
0.0037475175,0.0069732266,-0.07156982,-0.0394023
0.003675389,0.010693114,-0.07920596,-0.037864484
0.0033471477,0.005773471,-0.07163654,-0.039675314
0.003256441,0.00966955,-0.07691145,-0.03875445
0.0034565078,0.00873422,-0.07803356,-0.038941685
0.0034897393,0.0070548835,-0.07452875,-0.03970247
0.0037927583,0.009344279,-0.07748451,-0.038852632
0.0039281114,0.0077137994,-0.075554416,-0.039289776
0.004029312,0.008221677,-0.07560989,-0.039254263
0.0039768782,0.0080620805,-0.07501194,-0.039124783
0.0039704572,0.0073585124,-0.07225113,-0.03902864
0.002754298,0.002644872,-0.05128373,-0.036161255
0.0016557621,0.0095774215,-0.06231639,-0.034712434
0.0005422494,0.007875892,-0.06495082,-0.03636695
-0.00035864767,0.008302156,-0.07014171,-0.038468637
-0.0004140275,0.009842415,-0.07739981,-0.038947646
-6.432754e-05,0.00825508,-0.07840529,-0.039557382
-7.2817915e-05,0.004650292,-0.066241845,-0.03883055
-0.0007319285,0.0077920863,-0.06580966,-0.036585353
-0.0013488194,0.00647365,-0.06092471,-0.035777625
-0.0022305266,0.007935165,-0.063368365,-0.036035016
-0.0022875017,0.00979203,-0.0715296,-0.037101857
-0.0022055996,0.0066954494,-0.06999471,-0.03909315
-0.0018646207,0.010829127,-0.07947766,-0.03846849
-0.0008570881,0.009245892,-0.082428664,-0.03933995
0.0002469029,0.009170593,-0.08511152,-0.040084474
0.00127808,0.0062056626,-0.07787841,-0.0404839
0.001691813,0.0058291527,-0.06784822,-0.03831739
1.8961031e-05,-0.0024782117,-0.011555121,-0.01824439
-0.0018419792,0.010304143,-0.045856107,-0.026265072
-0.0031533793,0.006321702,-0.046372157,-0.031925477
-0.0051780646,0.010066439,-0.062216192,-0.03694119
-0.0053055426,0.009879298,-0.07240238,-0.039737068
-0.005222512,0.0075123985,-0.07384447,-0.040041525
-0.004990193,0.009411599,-0.077549815,-0.038773987
-0.004708568,0.009385999,-0.08045747,-0.038648307
-0.0035656588,0.010534122,-0.08606002,-0.03923162
-0.0019563325,0.005185195,-0.075920835,-0.040762834
-0.00035163085,0.008125683,-0.07301526,-0.03847958
0.00081210065,0.010467252,-0.07797674,-0.03727111
0.0013524843,0.004132762,-0.06411209,-0.03886625
0.0011279846,0.008715122,-0.06822799,-0.037663832
0.0011907812,0.009322112,-0.07294964,-0.037314907
0.0010292812,0.0070215273,-0.071066365,-0.03890711
0.00062735355,0.0065084947,-0.066954724,-0.038614213
0.00030997468,0.008606597,-0.069745325,-0.03728258
-0.0005167491,0.0049115303,-0.059276752,-0.036513876
-0.002265345,0.00080968265,-0.026999097,-0.02466827
-0.004340178,0.007896118,-0.041492447,-0.026356468
-0.0059080306,0.007420506,-0.046541423,-0.029994098
-0.0074236686,0.0047631236,-0.04073187,-0.030256793
-0.009128282,0.0078408215,-0.047948264,-0.031527817
-0.01016709,0.009619685,-0.05768472,-0.03353984
-0.010686052,0.006489423,-0.05654417,-0.035286386
-0.011470052,0.005361351,-0.050875697,-0.033473983
-0.012004357,0.0064259483,-0.04819229,-0.030157581
-0.012499666,0.009200145,-0.05547053,-0.031691205
-0.012052552,0.011062124,-0.06667604,-0.035465304
-0.010909424,0.006671213,-0.06747584,-0.039536618
-0.010007661,0.0073616565,-0.067712925,-0.038452365
-0.0087365825,0.006543894,-0.06151248,-0.035227884
-0.00844287,0.008366384,-0.06333674,-0.034652386
-0.007997631,0.0053189197,-0.055360086,-0.034369648
-0.008412781,0.009144848,-0.062942915,-0.034992453
-0.007841678,0.0078519415,-0.06466877,-0.036322605
-0.0074392846,0.0024321235,-0.043807276,-0.031270225
-0.008206366,0.0059214076,-0.04025669,-0.026537593
-0.009337901,0.00902506,-0.050746184,-0.029601853
-0.009698936,0.0052721435,-0.045494404,-0.030969916
-0.011590639,0.012007474,-0.06468206,-0.034809183
-0.010400512,0.011310366,-0.07635034,-0.03855151
-0.009144253,0.009029858,-0.08276877,-0.041555528
-0.0069453986,0.005453934,-0.07444856,-0.040658586
-0.0058425195,0.009854488,-0.076936,-0.037407592
-0.0043745656,0.008972416,-0.07729241,-0.037897006
-0.0030290545,0.009458207,-0.08059872,-0.039334722
-0.0010934012,0.008313439,-0.08028149,-0.040209413
0.0005397449,0.008128648,-0.07874476,-0.039574802
0.0020227449,0.008950265,-0.07869131,-0.0388512
0.0035563433,0.012897768,-0.088680804,-0.037792087
0.0055326843,0.010791719,-0.09409799,-0.040380657
0.0075856815,0.0078041563,-0.091533944,-0.04250744
0.008616922,0.0038539828,-0.073365815,-0.0413948
0.008679534,0.00876696,-0.071782164,-0.037845887
0.0083574895,0.009163039,-0.07333508,-0.03780807
0.008216829,0.009694817,-0.07866144,-0.039440326
0.008039765,0.0068000164,-0.07522039,-0.041231293
0.0081826905,0.009208108,-0.07769563,-0.039572563
0.008246867,0.00902617,-0.07833075,-0.039048158
0.007859718,0.007924007,-0.07713576,-0.03994574
0.0070305606,0.0059416057,-0.069751956,-0.039975807
0.0063054785,0.008659292,-0.07191068,-0.03818616
0.0056177424,0.0076525914,-0.070563816,-0.038352687
0.0052031716,0.009310757,-0.07521681,-0.038647596
0.004841938,0.0071868943,-0.07277845,-0.039653275
0.004456549,0.0082742665,-0.07386962,-0.039079923
0.004286569,0.009031727,-0.07634535,-0.038630843
0.0042245206,0.008964867,-0.07888062,-0.039226297
0.003936085,0.005476931,-0.070374824,-0.04004035
0.0036463481,0.009022985,-0.073606946,-0.038227543
0.003386118,0.007501416,-0.07133388,-0.03830453
0.0031655193,0.009075299,-0.075405955,-0.038527213
0.0032088195,0.0079364,-0.07541777,-0.039418414
0.0032138568,0.0078047547,-0.074683025,-0.039341472
0.0035665436,0.010279618,-0.08034875,-0.038339645
0.003948226,0.008231987,-0.08029049,-0.039727956
0.0050270176,0.011954169,-0.08890982,-0.038970806
0.0067859893,0.011712309,-0.09479653,-0.03956366
0.008612318,0.006969609,-0.088868015,-0.042246625
0.009913549,0.008332584,-0.0841596,-0.040723454
0.010175192,0.006412276,-0.073604666,-0.039825965
0.0095251715,0.0066369195,-0.06638135,-0.03871991
0.00862911,0.007949357,-0.066140115,-0.03794943
0.0077138953,0.0077812537,-0.06678545,-0.0382706
0.0067179613,0.008068696,-0.06915462,-0.038782343
0.005889103,0.008000919,-0.07048213,-0.03898109
0.004842837,0.0069363704,-0.06846772,-0.03888155
0.0037394608,0.008494422,-0.07196086,-0.03826391
0.0028770026,0.008143468,-0.07335156,-0.038490683
0.0025062044,0.009492224,-0.07823137,-0.03867554
0.0024485218,0.0068264916,-0.07422438,-0.039687216
0.0025307608,0.008538882,-0.07536063,-0.038865387
0.0026663172,0.008271718,-0.07507247,-0.0386583
0.002730733,0.007943267,-0.07448275,-0.038944155
0.0029943986,0.009441763,-0.078452036,-0.038829066
0.003469935,0.008748507,-0.08005949,-0.039495766
0.00443301,0.010691228,-0.08577685,-0.039279994
0.005182344,0.006665148,-0.0797421,-0.04087017
0.0062210364,0.0109026395,-0.08475448,-0.03903195
0.007404558,0.010929322,-0.08880044,-0.039028484
0.004617168,-0.0114258155,0.014906942,-0.01714358
0.002496648,0.008194915,-0.032562498,-0.023007307
-0.00023327232,0.0045049046,-0.026322953,-0.022620695
-0.0027764058,0.005174435,-0.026158143,-0.022746382
-0.0050454135,0.0075617726,-0.036593072,-0.027786203
-0.0066444958,0.004514303,-0.029308276,-0.02567035
-0.009505031,0.0083773425,-0.03970799,-0.028274743
-0.011325963,0.007569233,-0.042014714,-0.030410357
-0.013473109,0.0057310336,-0.038724765,-0.029258879
-0.014565569,0.007243364,-0.041111533,-0.028910985
-0.012667499,0.0032838804,-0.023200816,-0.019193994
-0.012866867,0.0046478994,-0.016586171,-0.010680613
-0.01454935,0.010770864,-0.036523577,-0.02209139
-0.011502365,0.0034161715,-0.021156944,-0.01908041
-0.014603884,0.00915705,-0.03403393,-0.02624142
