3.814343e-27,0.003217843,0.0,0.0
3.8973685e-27,0.0032052388,0.0,0.0
3.8586434e-27,0.003211359,0.0,0.0
3.7974674e-27,0.0032206122,0.0,0.0
3.815786e-27,0.0032176594,0.0,0.0
3.7865154e-27,0.0032222338,0.0,0.0
3.795848e-27,0.003220684,0.0,0.0
3.836355e-27,0.0032144985,0.0,0.0
3.8009183e-27,0.003220028,0.0,0.0
3.8566366e-27,0.0032114142,0.0,0.0
3.8790968e-27,0.0032082293,0.0,0.0
3.7605115e-27,0.0032264525,0.0,0.0
3.8721438e-27,0.0032090382,0.0,0.0
3.8796977e-27,0.0032082796,0.0,0.0
3.8736144e-27,0.0032092521,0.0,0.0
3.79992e-27,0.0032204909,0.0,0.0
3.8059927e-27,0.0032193426,0.0,0.0
3.7745392e-27,0.0032241936,0.0,0.0
3.8066244e-27,0.0032191114,0.0,0.0
3.7991083e-27,0.0032203223,0.0,0.0
3.8099636e-27,0.003218584,0.0,0.0
3.884e-27,0.0032073674,0.0,0.0
3.8246777e-27,0.0032165777,0.0,0.0
3.826303e-27,0.0032161614,0.0,0.0
3.7819294e-27,0.003222991,0.0,0.0
3.769116e-27,0.0032248148,0.0,0.0
3.7944945e-27,0.0032208266,0.0,0.0
3.8770734e-27,0.003208301,0.0,0.0
3.8570118e-27,0.0032115728,0.0,0.0
3.828359e-27,0.0032158927,0.0,0.0
3.789064e-27,0.0032218709,0.0,0.0
3.8373157e-27,0.00321438,0.0,0.0
3.792357e-27,0.0032214143,0.0,0.0
3.8159698e-27,0.003217628,0.0,0.0
3.8364397e-27,0.0032145774,0.0,0.0
3.8318083e-27,0.0032153432,0.0,0.0
3.8678594e-27,0.0032098757,0.0,0.0
3.9669924e-27,0.0031952942,0.0,0.0
3.814633e-27,0.0032185395,0.0,0.0
3.8186345e-27,0.0032175144,0.0,0.0
3.805154e-27,0.0032196257,0.0,0.0
3.7892502e-27,0.0032219954,0.0,0.0
3.803937e-27,0.0032196385,0.0,0.0
3.789402e-27,0.0032218636,0.0,0.0
3.8218574e-27,0.0032167877,0.0,0.0
3.7569373e-27,0.003226845,0.0,0.0
3.760833e-27,0.0032259817,0.0,0.0
3.8120028e-27,0.0032180634,0.0,0.0
3.771636e-27,0.0032243868,0.0,0.0
3.799432e-27,0.0032199293,0.0,0.0
3.790051e-27,0.0032214392,0.0,0.0
3.8263024e-27,0.0032158166,0.0,0.0
3.7947218e-27,0.003220767,0.0,0.0
3.818595e-27,0.0032170108,0.0,0.0
3.8148058e-27,0.00321768,0.0,0.0
3.8640533e-27,0.003210197,0.0,0.0
3.8709524e-27,0.0032093485,0.0,0.0
3.770637e-27,0.0032247603,0.0,0.0
3.8673925e-27,0.0032097064,0.0,0.0
3.84012e-27,0.0032141886,0.0,0.0
3.811127e-27,0.003218544,0.0,0.0
3.7496323e-27,0.0032279657,0.0,0.0
3.843749e-27,0.0032132955,0.0,0.0
3.861647e-27,0.0032108715,0.0,0.0
3.788915e-27,0.0032220096,0.0,0.0
3.8715132e-27,0.003209209,0.0,0.0
3.8926006e-27,0.0032063334,0.0,0.0
3.8692345e-27,0.0032099676,0.0,0.0
3.8309874e-27,0.0032157511,0.0,0.0
3.8085985e-27,0.0032190883,0.0,0.0
3.7018284e-27,0.0032355739,0.0,0.0
3.748119e-27,0.0032279135,0.0,0.0
3.8181303e-27,0.0032171942,0.0,0.0
3.838141e-27,0.0032142673,0.0,0.0
3.734671e-27,0.0032302472,0.0,0.0
3.7620807e-27,0.003225616,0.0,0.0
3.8388133e-27,0.0032138939,0.0,0.0
3.8211086e-27,0.0032167882,0.0,0.0
3.8150592e-27,0.0032176485,0.0,0.0
3.785136e-27,0.0032222478,0.0,0.0
3.801994e-27,0.003219561,0.0,0.0
3.8323356e-27,0.0032149774,0.0,0.0
3.7894836e-27,0.0032216434,0.0,0.0
3.822886e-27,0.0032163924,0.0,0.0
3.816457e-27,0.0032175009,0.0,0.0
3.8559082e-27,0.0032114952,0.0,0.0
3.8626524e-27,0.00321064,0.0,0.0
3.80251e-27,0.0032198685,0.0,0.0
3.836102e-27,0.0032145896,0.0,0.0
3.848651e-27,0.003212826,0.0,0.0
3.7756493e-27,0.0032240557,0.0,0.0
3.856232e-27,0.0032115018,0.0,0.0
3.7464318e-27,0.0032286157,0.0,0.0
3.803746e-27,0.0032193682,0.0,0.0
3.796815e-27,0.0032205943,0.0,0.0
3.8494367e-27,0.003212495,0.0,0.0
3.8641943e-27,0.003210416,0.0,0.0
3.7591356e-27,0.0032265645,0.0,0.0
3.7741686e-27,0.0032239065,0.0,0.0
3.830903e-27,0.0032152396,0.0,0.0
3.875985e-27,0.0032085567,0.0,0.0
4.0108296e-27,0.0031887863,0.0,0.0
3.9899583e-27,0.0031924383,0.0,0.0
4.1021283e-27,0.0031766847,0.0,0.0
3.8770052e-27,0.003210266,0.0,0.0
3.808389e-27,0.003220086,0.0,0.0
4.141295e-27,0.0031714935,0.0,0.0
3.822956e-27,0.003219137,0.0,0.0
3.9225e-27,0.0032032155,0.0,0.0
3.7760183e-27,0.0032255878,0.0,0.0
3.7872295e-27,0.0032231417,0.0,0.0
3.7993267e-27,0.0032211125,0.0,0.0
3.8696424e-27,0.0032102943,0.0,0.0
3.7824944e-27,0.0032236164,0.0,0.0
3.8043934e-27,0.0032198182,0.0,0.0
3.829463e-27,0.003215946,0.0,0.0
3.901045e-27,0.0032051362,0.0,0.0
3.8042397e-27,0.0032199605,0.0,0.0
3.7541632e-27,0.0032273266,0.0,0.0
3.792455e-27,0.0032212066,0.0,0.0
3.826439e-27,0.0032160569,0.0,0.0
3.814785e-27,0.0032178788,0.0,0.0
3.861191e-27,0.003210767,0.0,0.0
3.8536237e-27,0.003212074,0.0,0.0
3.8368746e-27,0.0032146224,0.0,0.0
3.7311045e-27,0.0032309126,0.0,0.0
3.830417e-27,0.003215237,0.0,0.0
3.882091e-27,0.0032077213,0.0,0.0
3.8062115e-27,0.003219396,0.0,0.0
3.834498e-27,0.0032148522,0.0,0.0
3.8057027e-27,0.003219361,0.0,0.0
3.7890018e-27,0.003221831,0.0,0.0
4.0402305e-27,0.003184371,0.0,0.0
4.3089497e-27,0.0031481404,0.0,0.0
3.87029e-27,0.0032119462,0.0,0.0
4.0478067e-27,0.0031850855,0.0,0.0
4.128233e-27,0.0031750146,0.0,0.0
4.128961e-27,0.0031760628,0.0,0.0
4.0680475e-27,0.0031854578,0.0,0.0
3.9847132e-27,0.0031975603,0.0,0.0
3.890775e-27,0.0032108687,0.0,0.0
3.985032e-27,0.0031965051,0.0,0.0
3.8839016e-27,0.0032113213,0.0,0.0
3.849238e-27,0.00321569,0.0,0.0
3.8001556e-27,0.0032224855,0.0,0.0
3.7938863e-27,0.003222779,0.0,0.0
3.8532762e-27,0.003213339,0.0,0.0
3.9040557e-27,0.0032056423,0.0,0.0
3.890204e-27,0.0032076873,0.0,0.0
3.861973e-27,0.0032117686,0.0,0.0
3.9956198e-27,0.0031918583,0.0,0.0
3.9827395e-27,0.0031942588,0.0,0.0
3.9721573e-27,0.0031959494,0.0,0.0
3.863658e-27,0.0032121274,0.0,0.0
3.8772055e-27,0.0032097467,0.0,0.0
3.8349533e-27,0.0032160997,0.0,0.0
3.8820408e-27,0.0032087723,0.0,0.0
3.7815858e-27,0.0032240667,0.0,0.0
3.8283766e-27,0.003216441,0.0,0.0
3.7970533e-27,0.0032212534,0.0,0.0
3.8221228e-27,0.0032171803,0.0,0.0
3.8165326e-27,0.003218003,0.0,0.0
3.8091223e-27,0.0032190168,0.0,0.0
3.794315e-27,0.003221185,0.0,0.0
3.859324e-27,0.00321116,0.0,0.0
3.9283443e-27,0.0032009948,0.0,0.0
3.8443946e-27,0.0032138377,0.0,0.0
3.9281903e-27,0.0032010775,0.0,0.0
3.808964e-27,0.0032193894,0.0,0.0
3.785688e-27,0.0032225926,0.0,0.0
3.8366084e-27,0.0032147267,0.0,0.0
3.8131314e-27,0.0032184345,0.0,0.0
3.8536e-27,0.003212168,0.0,0.0
3.8324196e-27,0.0032154953,0.0,0.0
3.8027876e-27,0.0032199412,0.0,0.0
3.8418316e-27,0.003213876,0.0,0.0
3.8061e-27,0.0032194348,0.0,0.0
3.7998282e-27,0.0032202478,0.0,0.0
3.8115694e-27,0.0032183998,0.0,0.0
3.8225064e-27,0.0032167314,0.0,0.0
3.8346217e-27,0.003214891,0.0,0.0
3.7876055e-27,0.0032221146,0.0,0.0
3.7919966e-27,0.0032212676,0.0,0.0
3.790482e-27,0.0032215007,0.0,0.0
3.7931356e-27,0.003221057,0.0,0.0
3.7867804e-27,0.003222013,0.0,0.0
3.8099247e-27,0.0032184043,0.0,0.0
3.8028373e-27,0.0032195428,0.0,0.0
3.8381997e-27,0.0032141062,0.0,0.0
3.8069264e-27,0.0032190038,0.0,0.0
3.7510028e-27,0.0032275515,0.0,0.0
3.73916e-27,0.0032292255,0.0,0.0
3.701902e-27,0.0032350067,0.0,0.0
3.6886335e-27,0.0032369352,0.0,0.0
3.7400643e-27,0.0032287547,0.0,0.0
3.8345743e-27,0.0032142533,0.0,0.0
3.814812e-27,0.0032174957,0.0,0.0
3.8222133e-27,0.0032162922,0.0,0.0
3.836562e-27,0.003214166,0.0,0.0
3.7974285e-27,0.0032202562,0.0,0.0
3.9494575e-27,0.0031972625,0.0,0.0
3.834328e-27,0.0032151062,0.0,0.0
3.8316577e-27,0.0032152522,0.0,0.0
3.8076016e-27,0.0032190206,0.0,0.0
3.825971e-27,0.0032161796,0.0,0.0
3.78167e-27,0.0032230585,0.0,0.0
3.8445414e-27,0.0032132957,0.0,0.0
3.864756e-27,0.0032104468,0.0,0.0
3.771451e-27,0.003224778,0.0,0.0
3.8665636e-27,0.0032099613,0.0,0.0
3.8701655e-27,0.0032097336,0.0,0.0
4.3757895e-27,0.0031386435,0.0,0.0
3.9455044e-27,0.0032009513,0.0,0.0
3.9840615e-27,0.0031945547,0.0,0.0
3.9534257e-27,0.0031995687,0.0,0.0
3.79089e-27,0.0032238045,0.0,0.0
3.9196133e-27,0.003203784,0.0,0.0
3.843472e-27,0.0032154573,0.0,0.0
3.787484e-27,0.0032234925,0.0,0.0
3.859674e-27,0.0032121304,0.0,0.0
3.7995967e-27,0.0032212934,0.0,0.0
3.7824174e-27,0.0032235226,0.0,0.0
3.8287e-27,0.003216221,0.0,0.0
3.8201375e-27,0.0032175262,0.0,0.0
3.8073674e-27,0.003219315,0.0,0.0
3.8382466e-27,0.003214469,0.0,0.0
3.799799e-27,0.0032203556,0.0,0.0
3.8155137e-27,0.0032177735,0.0,0.0
3.825945e-27,0.003216195,0.0,0.0
3.8468764e-27,0.0032130138,0.0,0.0
4.03721e-27,0.0031849698,0.0,0.0
3.8686382e-27,0.0032105644,0.0,0.0
3.8388082e-27,0.00321469,0.0,0.0
3.8319334e-27,0.0032157418,0.0,0.0
4.2935346e-27,0.0031498906,0.0,0.0
3.9336175e-27,0.0032026304,0.0,0.0
4.6729863e-27,0.003104077,0.0,0.0
4.014402e-27,0.0031956944,0.0,0.0
3.829922e-27,0.0032207854,0.0,0.0
3.9798576e-27,0.003197818,0.0,0.0
3.7936976e-27,0.0032253505,0.0,0.0
3.796617e-27,0.003223496,0.0,0.0
3.8575583e-27,0.0032137167,0.0,0.0
4.031687e-27,0.0031880825,0.0,0.0
4.03148e-27,0.003188691,0.0,0.0
3.9374632e-27,0.003202378,0.0,0.0
3.775303e-27,0.003226234,0.0,0.0
3.8249862e-27,0.0032177698,0.0,0.0
3.8564606e-27,0.0032128785,0.0,0.0
3.799233e-27,0.0032213686,0.0,0.0
3.8241823e-27,0.0032171342,0.0,0.0
3.823909e-27,0.0032170624,0.0,0.0
3.8251734e-27,0.003216743,0.0,0.0
3.8340778e-27,0.0032152997,0.0,0.0
3.812596e-27,0.0032185186,0.0,0.0
3.748985e-27,0.0032282004,0.0,0.0
3.711431e-27,0.0032337804,0.0,0.0
3.7594796e-27,0.0032260686,0.0,0.0
3.761438e-27,0.0032258227,0.0,0.0
3.9294256e-27,0.0032002178,0.0,0.0
3.918122e-27,0.0032023934,0.0,0.0
4.2795277e-27,0.003151221,0.0,0.0
4.6869096e-27,0.0031018597,0.0,0.0
6.637386e-27,0.0029390892,0.0,0.0
4.5291605e-27,0.0031801423,0.0,0.0
4.600497e-27,0.0031693275,0.0,0.0
4.530524e-27,0.0031766526,0.0,0.0
4.33243e-27,0.003193878,0.0,0.0
4.3010646e-27,0.0031897991,0.0,0.0
4.0940213e-27,0.0032085504,0.0,0.0
4.112778e-27,0.0031987962,0.0,0.0
4.0232796e-27,0.0032059676,0.0,0.0
3.9772722e-27,0.0032079048,0.0,0.0
4.0189898e-27,0.003198907,0.0,0.0
3.9641844e-27,0.0032046253,0.0,0.0
3.8941683e-27,0.0032126831,0.0,0.0
3.813744e-27,0.0032227384,0.0,0.0
3.772382e-27,0.0032273992,0.0,0.0
3.75411e-27,0.0032290646,0.0,0.0
3.754144e-27,0.0032283377,0.0,0.0
3.959222e-27,0.0031969824,0.0,0.0
3.8570137e-27,0.0032125765,0.0,0.0
3.8403975e-27,0.003214606,0.0,0.0
3.8050548e-27,0.0032198464,0.0,0.0
3.830156e-27,0.0032158163,0.0,0.0
3.818009e-27,0.0032176657,0.0,0.0
3.929253e-27,0.0032008388,0.0,0.0
4.155513e-27,0.003168741,0.0,0.0
5.817578e-27,0.0029833952,0.0,0.0
3.9556513e-27,0.0032138412,0.0,0.0
4.2004987e-27,0.0031756763,0.0,0.0
3.99153e-27,0.0032049336,0.0,0.0
3.8489845e-27,0.0032227072,0.0,0.0
3.8237047e-27,0.0032237526,0.0,0.0
3.8522736e-27,0.0032177109,0.0,0.0
3.7948917e-27,0.0032251063,0.0,0.0
3.803414e-27,0.0032225694,0.0,0.0
3.803018e-27,0.00322188,0.0,0.0
3.7940146e-27,0.003222642,0.0,0.0
3.8626848e-27,0.0032117502,0.0,0.0
3.7981977e-27,0.0032214185,0.0,0.0
3.7809803e-27,0.0032235556,0.0,0.0
3.7769863e-27,0.0032238832,0.0,0.0
3.8285692e-27,0.003215766,0.0,0.0
3.759595e-27,0.0032264364,0.0,0.0
3.8458337e-27,0.0032128834,0.0,0.0
3.8299817e-27,0.0032155276,0.0,0.0
3.7883034e-27,0.0032218522,0.0,0.0
3.77498e-27,0.0032237812,0.0,0.0
3.7313552e-27,0.003230523,0.0,0.0
3.729487e-27,0.003230652,0.0,0.0
3.70129e-27,0.0032350384,0.0,0.0
3.707485e-27,0.0032339185,0.0,0.0
3.6944937e-27,0.0032359299,0.0,0.0
3.742586e-27,0.0032282753,0.0,0.0
3.7974886e-27,0.0032198487,0.0,0.0
3.850233e-27,0.0032118831,0.0,0.0
3.8057574e-27,0.0032188308,0.0,0.0
3.800735e-27,0.0032195123,0.0,0.0
3.800618e-27,0.0032195798,0.0,0.0
3.8299574e-27,0.0032151255,0.0,0.0
3.808445e-27,0.0032185586,0.0,0.0
3.9034883e-27,0.0032041413,0.0,0.0
3.8359063e-27,0.003214716,0.0,0.0
3.738775e-27,0.0032295713,0.0,0.0
3.836469e-27,0.0032142634,0.0,0.0
3.9015947e-27,0.0032047778,0.0,0.0
3.7737873e-27,0.0032244544,0.0,0.0
3.9100357e-27,0.0032034027,0.0,0.0
3.7884398e-27,0.0032223219,0.0,0.0
3.732207e-27,0.003230642,0.0,0.0
4.197877e-27,0.0031620292,0.0,0.0
4.2506626e-27,0.0031567758,0.0,0.0
3.9725783e-27,0.0031970271,0.0,0.0
3.9742724e-27,0.0031965142,0.0,0.0
3.973079e-27,0.0031970744,0.0,0.0
3.8463583e-27,0.003215843,0.0,0.0
3.8769736e-27,0.0032106617,0.0,0.0
4.03038e-27,0.0031882904,0.0,0.0
3.9515703e-27,0.0032002714,0.0,0.0
3.8326946e-27,0.0032175928,0.0,0.0
3.816382e-27,0.0032194287,0.0,0.0
3.802703e-27,0.003221168,0.0,0.0
3.773637e-27,0.003225257,0.0,0.0
3.907158e-27,0.0032047092,0.0,0.0
3.7981734e-27,0.0032214082,0.0,0.0
3.8163034e-27,0.003218093,0.0,0.0
3.732183e-27,0.0032310074,0.0,0.0
3.7826778e-27,0.0032227612,0.0,0.0
3.7729307e-27,0.0032243135,0.0,0.0
3.8454242e-27,0.0032130596,0.0,0.0
3.8527662e-27,0.003212111,0.0,0.0
3.8384466e-27,0.0032142904,0.0,0.0
3.8243726e-27,0.0032164056,0.0,0.0
3.7604383e-27,0.0032262248,0.0,0.0
3.8475963e-27,0.0032126526,0.0,0.0
3.8737015e-27,0.003208982,0.0,0.0
3.7544587e-27,0.0032273256,0.0,0.0
3.745117e-27,0.0032283962,0.0,0.0
3.816506e-27,0.00321734,0.0,0.0
3.883199e-27,0.0032074156,0.0,0.0
3.857062e-27,0.003211564,0.0,0.0
3.860841e-27,0.0032109648,0.0,0.0
3.850654e-27,0.003212595,0.0,0.0
3.8107213e-27,0.0032186946,0.0,0.0
3.830052e-27,0.0032156412,0.0,0.0
3.7681832e-27,0.003225205,0.0,0.0
3.8608162e-27,0.0032108224,0.0,0.0
3.835204e-27,0.0032149875,0.0,0.0
3.7941925e-27,0.0032211675,0.0,0.0
3.8139252e-27,0.0032180008,0.0,0.0
3.8522986e-27,0.0032122214,0.0,0.0
3.8337804e-27,0.0032151523,0.0,0.0
3.806793e-27,0.0032192178,0.0,0.0
3.7951882e-27,0.00322091,0.0,0.0
3.8507937e-27,0.003212372,0.0,0.0
3.7872642e-27,0.0032222394,0.0,0.0
3.81123e-27,0.003218334,0.0,0.0
3.7805373e-27,0.0032231177,0.0,0.0
3.8752465e-27,0.0032085534,0.0,0.0
3.8165256e-27,0.0032177642,0.0,0.0
3.742749e-27,0.0032289682,0.0,0.0
3.7151836e-27,0.0032330342,0.0,0.0
3.7547776e-27,0.0032267238,0.0,0.0
3.880558e-27,0.0032075427,0.0,0.0
3.8037918e-27,0.0032195495,0.0,0.0
3.8626035e-27,0.003210343,0.0,0.0
4.0594497e-27,0.0031816103,0.0,0.0
3.873703e-27,0.003209709,0.0,0.0
3.880214e-27,0.0032083588,0.0,0.0
3.8945497e-27,0.0032064186,0.0,0.0
4.3704897e-27,0.0031400537,0.0,0.0
4.0341137e-27,0.00318883,0.0,0.0
3.924641e-27,0.0032043,0.0,0.0
3.891127e-27,0.0032090882,0.0,0.0
3.7880858e-27,0.0032243468,0.0,0.0
3.8055544e-27,0.0032209991,0.0,0.0
3.9327274e-27,0.0032017601,0.0,0.0
3.875522e-27,0.003210503,0.0,0.0
3.8998425e-27,0.0032065513,0.0,0.0
3.8081186e-27,0.003220316,0.0,0.0
3.83677e-27,0.0032154727,0.0,0.0
3.7809984e-27,0.003223899,0.0,0.0
3.758079e-27,0.0032270534,0.0,0.0
3.8209807e-27,0.003217136,0.0,0.0
3.802575e-27,0.0032199991,0.0,0.0
3.7927955e-27,0.00322131,0.0,0.0
3.7855563e-27,0.003222324,0.0,0.0
3.863678e-27,0.003210326,0.0,0.0
3.8344676e-27,0.0032149649,0.0,0.0
3.9228724e-27,0.0032015825,0.0,0.0
3.8251026e-27,0.0032166468,0.0,0.0
3.788869e-27,0.00322194,0.0,0.0
3.7967814e-27,0.0032206352,0.0,0.0
3.8018612e-27,0.003219863,0.0,0.0
3.8681617e-27,0.0032097688,0.0,0.0
3.8938143e-27,0.003206123,0.0,0.0
3.8686682e-27,0.0032100398,0.0,0.0
3.9379632e-27,0.0031997175,0.0,0.0
3.8652124e-27,0.0032109206,0.0,0.0
3.8862158e-27,0.0032076314,0.0,0.0
4.0118754e-27,0.0031893454,0.0,0.0
3.9360596e-27,0.0032010402,0.0,0.0
3.810943e-27,0.0032196944,0.0,0.0
4.2317253e-27,0.0031588532,0.0,0.0
4.0823737e-27,0.003181678,0.0,0.0
3.8997778e-27,0.0032081304,0.0,0.0
3.997783e-27,0.0031934185,0.0,0.0
3.972201e-27,0.0031976043,0.0,0.0
3.8116465e-27,0.0032212343,0.0,0.0
3.886857e-27,0.0032091057,0.0,0.0
3.755171e-27,0.0032290055,0.0,0.0
3.8525386e-27,0.0032133465,0.0,0.0
3.823695e-27,0.0032177654,0.0,0.0
3.759826e-27,0.0032272,0.0,0.0
3.9105472e-27,0.0032039257,0.0,0.0
3.891393e-27,0.003207153,0.0,0.0
3.8979605e-27,0.0032060533,0.0,0.0
3.947552e-27,0.0031987468,0.0,0.0
3.8613497e-27,0.0032117858,0.0,0.0
3.981426e-27,0.0031937852,0.0,0.0
3.9269904e-27,0.0032023143,0.0,0.0
3.911881e-27,0.0032044873,0.0,0.0
3.825043e-27,0.0032175453,0.0,0.0
3.943807e-27,0.0031995152,0.0,0.0
3.9165345e-27,0.0032039802,0.0,0.0
3.9227746e-27,0.0032030311,0.0,0.0
3.801989e-27,0.0032212231,0.0,0.0
3.9104297e-27,0.0032044316,0.0,0.0
4.040405e-27,0.003185875,0.0,0.0
4.020367e-27,0.003189404,0.0,0.0
5.2416387e-27,0.0030414362,0.0,0.0
4.373945e-27,0.00315568,0.0,0.0
4.517853e-27,0.0031412686,0.0,0.0
4.31456e-27,0.0031708134,0.0,0.0
3.905788e-27,0.0032227975,0.0,0.0
3.8710745e-27,0.003222162,0.0,0.0
3.8668586e-27,0.0032194802,0.0,0.0
3.8982513e-27,0.0032126172,0.0,0.0
3.9457262e-27,0.0032043215,0.0,0.0
3.9503157e-27,0.0032028235,0.0,0.0
3.8542792e-27,0.0032161083,0.0,0.0
3.7932265e-27,0.0032241177,0.0,0.0
3.8019764e-27,0.0032218283,0.0,0.0
3.8205447e-27,0.0032184469,0.0,0.0
3.779066e-27,0.003224382,0.0,0.0
3.737272e-27,0.003230331,0.0,0.0
3.8017337e-27,0.0032199805,0.0,0.0
3.8177212e-27,0.0032175453,0.0,0.0
3.741625e-27,0.0032292057,0.0,0.0
3.796345e-27,0.003220402,0.0,0.0
3.7621046e-27,0.003225803,0.0,0.0
3.8123333e-27,0.003217888,0.0,0.0
3.698322e-27,0.0032357504,0.0,0.0
3.7916607e-27,0.003220792,0.0,0.0
4.1356206e-27,0.0031703613,0.0,0.0
3.916429e-27,0.0032032933,0.0,0.0
3.8724616e-27,0.0032094782,0.0,0.0
3.8848264e-27,0.003207733,0.0,0.0
3.795811e-27,0.0032214005,0.0,0.0
3.838878e-27,0.0032145684,0.0,0.0
3.9874323e-27,0.0031926555,0.0,0.0
3.9307194e-27,0.003201575,0.0,0.0
3.8810874e-27,0.0032089227,0.0,0.0
3.887083e-27,0.0032079786,0.0,0.0
3.8256957e-27,0.0032172767,0.0,0.0
3.9067897e-27,0.0032048651,0.0,0.0
3.969403e-27,0.0031959342,0.0,0.0
3.845176e-27,0.0032146529,0.0,0.0
3.885617e-27,0.0032081665,0.0,0.0
3.8601945e-27,0.0032120822,0.0,0.0
4.2643802e-27,0.0031544995,0.0,0.0
4.877083e-27,0.003081993,0.0,0.0
3.957335e-27,0.0032061175,0.0,0.0
3.9447275e-27,0.0032051657,0.0,0.0
3.9143336e-27,0.0032090368,0.0,0.0
3.830017e-27,0.0032205028,0.0,0.0
3.9442387e-27,0.003202541,0.0,0.0
4.1445146e-27,0.003174401,0.0,0.0
3.9998144e-27,0.0031956227,0.0,0.0
4.036979e-27,0.003189897,0.0,0.0
3.826231e-27,0.0032205172,0.0,0.0
3.7933062e-27,0.0032240734,0.0,0.0
3.8485226e-27,0.003214997,0.0,0.0
3.8163115e-27,0.003219527,0.0,0.0
3.8318495e-27,0.0032166243,0.0,0.0
3.8642918e-27,0.0032114543,0.0,0.0
3.8270797e-27,0.0032169474,0.0,0.0
3.8660343e-27,0.0032107949,0.0,0.0
3.8865547e-27,0.0032077355,0.0,0.0
3.8719208e-27,0.0032099418,0.0,0.0
3.8516496e-27,0.0032129346,0.0,0.0
3.854493e-27,0.0032124093,0.0,0.0
3.7779566e-27,0.00322405,0.0,0.0
3.8285515e-27,0.0032159868,0.0,0.0
3.7996633e-27,0.0032205025,0.0,0.0
3.810911e-27,0.0032186185,0.0,0.0
3.7562093e-27,0.0032270316,0.0,0.0
3.833899e-27,0.0032148494,0.0,0.0
3.792918e-27,0.0032213195,0.0,0.0
3.8382085e-27,0.0032142142,0.0,0.0
3.86576e-27,0.003210173,0.0,0.0
3.8761898e-27,0.0032087003,0.0,0.0
3.9479723e-27,0.003198104,0.0,0.0
3.9569275e-27,0.0031971585,0.0,0.0
3.8357487e-27,0.003215481,0.0,0.0
3.8315583e-27,0.0032158294,0.0,0.0
3.8423924e-27,0.0032142159,0.0,0.0
3.8771662e-27,0.0032089984,0.0,0.0
4.0366024e-27,0.0031857446,0.0,0.0
4.130573e-27,0.0031732768,0.0,0.0
4.200099e-27,0.0031648192,0.0,0.0
4.17472e-27,0.0031698507,0.0,0.0
4.0931685e-27,0.0031822554,0.0,0.0
4.151847e-27,0.003174841,0.0,0.0
4.1369318e-27,0.0031780424,0.0,0.0
4.066216e-27,0.0031883754,0.0,0.0
4.044876e-27,0.0031912448,0.0,0.0
4.0047267e-27,0.003196638,0.0,0.0
3.944783e-27,0.0032045795,0.0,0.0
3.9416082e-27,0.0032041832,0.0,0.0
3.915402e-27,0.0032073448,0.0,0.0
3.853525e-27,0.0032157358,0.0,0.0
3.8362776e-27,0.0032174354,0.0,0.0
3.793038e-27,0.003223321,0.0,0.0
3.864242e-27,0.0032119015,0.0,0.0
3.9125806e-27,0.0032046016,0.0,0.0
3.9129762e-27,0.0032045033,0.0,0.0
3.7662523e-27,0.003226544,0.0,0.0
3.7270473e-27,0.003231923,0.0,0.0
3.8235383e-27,0.0032167314,0.0,0.0
3.7469476e-27,0.0032286649,0.0,0.0
3.7697363e-27,0.0032247163,0.0,0.0
3.73767e-27,0.0032296658,0.0,0.0
3.749882e-27,0.0032275557,0.0,0.0
3.769972e-27,0.0032244003,0.0,0.0
3.8096354e-27,0.0032182727,0.0,0.0
3.784936e-27,0.0032221521,0.0,0.0
3.7417048e-27,0.0032287675,0.0,0.0
3.7788217e-27,0.0032228597,0.0,0.0
3.8552434e-27,0.0032112543,0.0,0.0
3.792556e-27,0.003221063,0.0,0.0
3.7827718e-27,0.0032223985,0.0,0.0
3.8604696e-27,0.0032105285,0.0,0.0
3.8185374e-27,0.003217182,0.0,0.0
3.7839015e-27,0.0032224155,0.0,0.0
3.8441974e-27,0.0032131237,0.0,0.0
3.7690603e-27,0.0032248704,0.0,0.0
3.8742573e-27,0.0032085804,0.0,0.0
3.8780082e-27,0.0032083802,0.0,0.0
3.819685e-27,0.003217284,0.0,0.0
3.7577166e-27,0.003226693,0.0,0.0
3.81045e-27,0.0032183887,0.0,0.0
3.7629574e-27,0.0032258565,0.0,0.0
3.7734356e-27,0.0032240325,0.0,0.0
3.779479e-27,0.003223093,0.0,0.0
3.8098076e-27,0.0032184022,0.0,0.0
3.848768e-27,0.003212522,0.0,0.0
3.8423315e-27,0.0032136156,0.0,0.0
3.7928463e-27,0.0032211936,0.0,0.0
3.852636e-27,0.0032119348,0.0,0.0
3.8398806e-27,0.0032140906,0.0,0.0
3.8399234e-27,0.0032140678,0.0,0.0
3.79988e-27,0.003220222,0.0,0.0
3.8346583e-27,0.003214799,0.0,0.0
3.805033e-27,0.0032194518,0.0,0.0
3.858627e-27,0.0032112084,0.0,0.0
3.7919843e-27,0.0032215514,0.0,0.0
3.8700137e-27,0.0032094666,0.0,0.0
3.8000296e-27,0.003220379,0.0,0.0
3.7640876e-27,0.003225689,0.0,0.0
3.8039166e-27,0.0032194231,0.0,0.0
3.8877935e-27,0.0032067888,0.0,0.0
3.7983776e-27,0.0032206192,0.0,0.0
3.9081375e-27,0.0032037292,0.0,0.0
3.9344052e-27,0.0032002467,0.0,0.0
3.8721657e-27,0.003209727,0.0,0.0
3.852398e-27,0.003212629,0.0,0.0
3.8406984e-27,0.0032144145,0.0,0.0
3.778497e-27,0.0032238984,0.0,0.0
3.846771e-27,0.003213226,0.0,0.0
3.778024e-27,0.0032239128,0.0,0.0
3.7732207e-27,0.0032243577,0.0,0.0
3.798565e-27,0.0032203784,0.0,0.0
3.821673e-27,0.0032168562,0.0,0.0
3.785262e-27,0.0032224634,0.0,0.0
3.9221274e-27,0.0032015895,0.0,0.0
3.836065e-27,0.0032149756,0.0,0.0
3.902033e-27,0.0032047976,0.0,0.0
3.868815e-27,0.0032100743,0.0,0.0
3.868473e-27,0.0032100892,0.0,0.0
3.798985e-27,0.0032207125,0.0,0.0
3.814682e-27,0.0032180964,0.0,0.0
3.8319034e-27,0.0032155025,0.0,0.0
3.8133475e-27,0.0032183656,0.0,0.0
3.8705087e-27,0.0032096077,0.0,0.0
3.8312124e-27,0.00321574,0.0,0.0
3.8593494e-27,0.003211348,0.0,0.0
3.8014702e-27,0.0032202576,0.0,0.0
3.7428357e-27,0.003229111,0.0,0.0
3.719068e-27,0.003232578,0.0,0.0
3.7804872e-27,0.0032228644,0.0,0.0
3.8708946e-27,0.0032091737,0.0,0.0
3.879364e-27,0.0032081164,0.0,0.0
3.9105075e-27,0.0032035052,0.0,0.0
3.803194e-27,0.003219929,0.0,0.0
4.566716e-27,0.0031137117,0.0,0.0
3.9513184e-27,0.0032009368,0.0,0.0
4.0378766e-27,0.0031873388,0.0,0.0
3.965685e-27,0.0031986288,0.0,0.0
3.8864858e-27,0.0032101597,0.0,0.0
3.898594e-27,0.0032079786,0.0,0.0
3.8970534e-27,0.0032080798,0.0,0.0
3.9563192e-27,0.0031992255,0.0,0.0
3.8409295e-27,0.003216397,0.0,0.0
3.8027105e-27,0.0032215144,0.0,0.0
3.7941725e-27,0.0032223766,0.0,0.0
3.7992716e-27,0.0032212571,0.0,0.0
3.9277947e-27,0.0032017075,0.0,0.0
3.866071e-27,0.003211182,0.0,0.0
3.8235152e-27,0.0032173041,0.0,0.0
3.8046958e-27,0.003219926,0.0,0.0
3.8335543e-27,0.0032153751,0.0,0.0
3.832386e-27,0.003215555,0.0,0.0
3.879534e-27,0.0032083665,0.0,0.0
3.958839e-27,0.0031967452,0.0,0.0
3.851021e-27,0.0032131458,0.0,0.0
3.810701e-27,0.0032189817,0.0,0.0
3.8010323e-27,0.0032203414,0.0,0.0
3.7885422e-27,0.003222185,0.0,0.0
3.8400913e-27,0.0032141993,0.0,0.0
3.7833646e-27,0.0032229824,0.0,0.0
3.772706e-27,0.0032243743,0.0,0.0
3.8466133e-27,0.0032129746,0.0,0.0
3.823746e-27,0.0032166417,0.0,0.0
3.7787585e-27,0.0032234453,0.0,0.0
3.775761e-27,0.0032237414,0.0,0.0
3.8860078e-27,0.003206909,0.0,0.0
3.8622572e-27,0.0032108193,0.0,0.0
3.7873154e-27,0.0032221973,0.0,0.0
3.812765e-27,0.0032180736,0.0,0.0
3.8022787e-27,0.0032197789,0.0,0.0
3.796894e-27,0.0032205568,0.0,0.0
3.797095e-27,0.0032204937,0.0,0.0
3.786593e-27,0.0032220907,0.0,0.0
3.7699004e-27,0.0032246104,0.0,0.0
3.7892313e-27,0.0032215498,0.0,0.0
3.7918163e-27,0.00322118,0.0,0.0
3.822377e-27,0.003216468,0.0,0.0
3.7590736e-27,0.0032263063,0.0,0.0
3.7859758e-27,0.0032219281,0.0,0.0
3.691966e-27,0.0032366908,0.0,0.0
3.693869e-27,0.003236049,0.0,0.0
3.693555e-27,0.0032360787,0.0,0.0
3.776693e-27,0.0032230103,0.0,0.0
3.8173588e-27,0.0032169232,0.0,0.0
3.814475e-27,0.0032174396,0.0,0.0
3.9530486e-27,0.0031965664,0.0,0.0
4.112317e-27,0.003174054,0.0,0.0
3.856673e-27,0.0032122862,0.0,0.0
3.9584043e-27,0.0031966525,0.0,0.0
4.069165e-27,0.0031813437,0.0,0.0
4.134676e-27,0.0031730712,0.0,0.0
3.9065925e-27,0.0032067413,0.0,0.0
3.865992e-27,0.0032122736,0.0,0.0
3.823787e-27,0.0032184634,0.0,0.0
3.808952e-27,0.0032203745,0.0,0.0
3.8259272e-27,0.0032175025,0.0,0.0
3.8770638e-27,0.0032096459,0.0,0.0
3.7946074e-27,0.003222121,0.0,0.0
3.8510695e-27,0.0032130806,0.0,0.0
3.825017e-27,0.0032170746,0.0,0.0
3.9171385e-27,0.0032030242,0.0,0.0
3.8501e-27,0.003213308,0.0,0.0
3.8499505e-27,0.003213077,0.0,0.0
3.77934e-27,0.0032238099,0.0,0.0
3.82291e-27,0.0032168229,0.0,0.0
3.76585e-27,0.0032256558,0.0,0.0
3.8720644e-27,0.0032091797,0.0,0.0
3.9528395e-27,0.0031974607,0.0,0.0
3.855603e-27,0.0032122855,0.0,0.0
3.747591e-27,0.0032285934,0.0,0.0
3.8383607e-27,0.0032143015,0.0,0.0
3.7801024e-27,0.0032234814,0.0,0.0
3.8511816e-27,0.0032123697,0.0,0.0
3.8012434e-27,0.0032201747,0.0,0.0
3.8307918e-27,0.0032154622,0.0,0.0
3.768142e-27,0.0032251629,0.0,0.0
3.942282e-27,0.003198587,0.0,0.0
4.8167454e-27,0.0030838177,0.0,0.0
3.996711e-27,0.00319613,0.0,0.0
4.072201e-27,0.0031840992,0.0,0.0
4.0831017e-27,0.0031837632,0.0,0.0
4.0228197e-27,0.003192773,0.0,0.0
4.058673e-27,0.0031877228,0.0,0.0
3.9515414e-27,0.003203129,0.0,0.0
4.0873387e-27,0.0031833833,0.0,0.0
3.9833974e-27,0.0031985727,0.0,0.0
4.0083355e-27,0.0031944541,0.0,0.0
4.0034294e-27,0.0031950527,0.0,0.0
4.2026064e-27,0.003167562,0.0,0.0
4.0744396e-27,0.003186431,0.0,0.0
3.9814757e-27,0.0031991345,0.0,0.0
3.8697795e-27,0.0032145162,0.0,0.0
3.8964405e-27,0.0032094112,0.0,0.0
3.907661e-27,0.003207283,0.0,0.0
3.884409e-27,0.0032102542,0.0,0.0
3.897425e-27,0.0032078342,0.0,0.0
3.87917e-27,0.0032102782,0.0,0.0
3.879041e-27,0.0032099658,0.0,0.0
3.8640133e-27,0.003211988,0.0,0.0
3.8296354e-27,0.0032169058,0.0,0.0
3.8193687e-27,0.0032181458,0.0,0.0
3.8125497e-27,0.0032189535,0.0,0.0
3.8119654e-27,0.003218843,0.0,0.0
3.8650082e-27,0.0032106603,0.0,0.0
3.8266475e-27,0.0032165498,0.0,0.0
3.8592547e-27,0.003211419,0.0,0.0
3.7672553e-27,0.0032255508,0.0,0.0
3.7980883e-27,0.0032204462,0.0,0.0
3.8568157e-27,0.0032115523,0.0,0.0
3.7439142e-27,0.0032290216,0.0,0.0
3.8514747e-27,0.0032120834,0.0,0.0
3.8867616e-27,0.003207083,0.0,0.0
3.834313e-27,0.003215125,0.0,0.0
3.8469634e-27,0.0032130769,0.0,0.0
3.8154952e-27,0.0032179498,0.0,0.0
3.8555577e-27,0.003211778,0.0,0.0
3.8289348e-27,0.0032159653,0.0,0.0
3.8130817e-27,0.0032183018,0.0,0.0
3.8215203e-27,0.003216959,0.0,0.0
3.8532893e-27,0.0032121516,0.0,0.0
3.839761e-27,0.0032143074,0.0,0.0
3.800852e-27,0.0032202106,0.0,0.0
3.918866e-27,0.0032022686,0.0,0.0
3.815837e-27,0.0032182059,0.0,0.0
4.0636717e-27,0.0031813108,0.0,0.0
3.873794e-27,0.00321012,0.0,0.0
4.170587e-27,0.003166989,0.0,0.0
4.601853e-27,0.003113012,0.0,0.0
4.0855507e-27,0.0031849702,0.0,0.0
3.891016e-27,0.003211934,0.0,0.0
3.8926403e-27,0.0032107576,0.0,0.0
3.8150646e-27,0.003221735,0.0,0.0
3.8368815e-27,0.0032174985,0.0,0.0
3.9124504e-27,0.0032058144,0.0,0.0
3.818951e-27,0.0032196457,0.0,0.0
3.8416105e-27,0.0032155118,0.0,0.0
3.861054e-27,0.0032123586,0.0,0.0
3.9181134e-27,0.0032036777,0.0,0.0
3.8535744e-27,0.0032133467,0.0,0.0
3.8271213e-27,0.003216974,0.0,0.0
3.827173e-27,0.0032167204,0.0,0.0
3.8689394e-27,0.003210253,0.0,0.0
3.8175225e-27,0.0032180587,0.0,0.0
3.835642e-27,0.0032150664,0.0,0.0
3.8916704e-27,0.0032066333,0.0,0.0
3.826523e-27,0.0032166226,0.0,0.0
3.8517062e-27,0.0032125898,0.0,0.0
3.8172313e-27,0.0032179109,0.0,0.0
3.9251477e-27,0.0032015534,0.0,0.0
3.804946e-27,0.00322004,0.0,0.0
3.8429382e-27,0.0032138545,0.0,0.0
3.811714e-27,0.0032187342,0.0,0.0
3.8679314e-27,0.0032100682,0.0,0.0
3.7860304e-27,0.0032227035,0.0,0.0
3.8464315e-27,0.0032131753,0.0,0.0
3.8450144e-27,0.0032135656,0.0,0.0
3.813543e-27,0.0032183302,0.0,0.0
4.227881e-27,0.0031583216,0.0,0.0
3.8809114e-27,0.0032097097,0.0,0.0
3.8562807e-27,0.0032125446,0.0,0.0
3.8398043e-27,0.0032150801,0.0,0.0
3.7339013e-27,0.0032312204,0.0,0.0
3.7946598e-27,0.0032213319,0.0,0.0
3.7750742e-27,0.0032244024,0.0,0.0
3.834173e-27,0.0032151418,0.0,0.0
3.8144475e-27,0.003218241,0.0,0.0
3.8363203e-27,0.0032147681,0.0,0.0
3.865527e-27,0.0032103844,0.0,0.0
3.870587e-27,0.003209707,0.0,0.0
4.0913408e-27,0.0031775266,0.0,0.0
3.88691e-27,0.0032082577,0.0,0.0
3.916831e-27,0.0032033443,0.0,0.0
3.8216586e-27,0.0032178657,0.0,0.0
3.852417e-27,0.0032129013,0.0,0.0
3.8327997e-27,0.003215943,0.0,0.0
3.808676e-27,0.0032194818,0.0,0.0
3.8740054e-27,0.0032094428,0.0,0.0
3.807886e-27,0.0032196203,0.0,0.0
3.8752977e-27,0.0032091269,0.0,0.0
3.813379e-27,0.0032186895,0.0,0.0
3.960002e-27,0.0031965084,0.0,0.0
3.8416078e-27,0.0032146762,0.0,0.0
3.8269187e-27,0.0032165274,0.0,0.0
3.810207e-27,0.0032190117,0.0,0.0
3.894686e-27,0.0032061408,0.0,0.0
3.8451742e-27,0.0032138478,0.0,0.0
4.2844172e-27,0.0031510324,0.0,0.0
4.161725e-27,0.0031700856,0.0,0.0
4.15741e-27,0.0031715443,0.0,0.0
4.0329713e-27,0.0031900408,0.0,0.0
3.8768716e-27,0.003212601,0.0,0.0
4.026427e-27,0.0031902718,0.0,0.0
3.8960203e-27,0.0032096396,0.0,0.0
3.8717944e-27,0.0032124477,0.0,0.0
3.8189596e-27,0.0032198809,0.0,0.0
3.8761782e-27,0.0032106766,0.0,0.0
3.8692614e-27,0.0032115912,0.0,0.0
3.818035e-27,0.0032189966,0.0,0.0
3.8879383e-27,0.0032080428,0.0,0.0
3.8945293e-27,0.0032071094,0.0,0.0
3.840828e-27,0.0032150443,0.0,0.0
3.7899027e-27,0.003222468,0.0,0.0
3.797738e-27,0.003220951,0.0,0.0
3.8296104e-27,0.0032159686,0.0,0.0
3.8346348e-27,0.0032151947,0.0,0.0
3.789264e-27,0.0032220676,0.0,0.0
3.8319793e-27,0.0032153178,0.0,0.0
3.8382967e-27,0.0032144585,0.0,0.0
3.817499e-27,0.0032176161,0.0,0.0
4.297301e-27,0.003148788,0.0,0.0
4.4672454e-27,0.0031292178,0.0,0.0
3.998543e-27,0.0031953256,0.0,0.0
4.0441486e-27,0.0031882473,0.0,0.0
3.9299344e-27,0.0032052128,0.0,0.0
3.9406476e-27,0.003203149,0.0,0.0
3.9932154e-27,0.0031954558,0.0,0.0
3.970939e-27,0.0031987715,0.0,0.0
4.0513354e-27,0.0031872136,0.0,0.0
3.979332e-27,0.003197856,0.0,0.0
3.9036466e-27,0.0032084736,0.0,0.0
3.81534e-27,0.0032209584,0.0,0.0
3.847658e-27,0.0032152443,0.0,0.0
3.827649e-27,0.0032179044,0.0,0.0
3.850699e-27,0.0032139448,0.0,0.0
3.904584e-27,0.0032056577,0.0,0.0
3.8681864e-27,0.003211076,0.0,0.0
3.8615404e-27,0.0032118293,0.0,0.0
3.9257455e-27,0.003202132,0.0,0.0
3.821745e-27,0.0032178913,0.0,0.0
3.8272296e-27,0.0032166317,0.0,0.0
3.8308684e-27,0.003216012,0.0,0.0
3.9177263e-27,0.0032028996,0.0,0.0
3.8607592e-27,0.003211678,0.0,0.0
3.8400578e-27,0.0032146194,0.0,0.0
3.7949444e-27,0.0032214213,0.0,0.0
3.8113645e-27,0.003218704,0.0,0.0
3.827593e-27,0.003216217,0.0,0.0
3.907136e-27,0.0032042384,0.0,0.0
3.9024387e-27,0.0032052023,0.0,0.0
3.878567e-27,0.0032088165,0.0,0.0
3.790732e-27,0.0032221314,0.0,0.0
3.8386707e-27,0.003214519,0.0,0.0
3.8226524e-27,0.003217084,0.0,0.0
3.8121934e-27,0.003218577,0.0,0.0
3.8387362e-27,0.0032144596,0.0,0.0
3.783307e-27,0.003222981,0.0,0.0
3.820613e-27,0.0032170275,0.0,0.0
3.7725177e-27,0.0032244984,0.0,0.0
3.7977416e-27,0.0032204005,0.0,0.0
3.781913e-27,0.003222874,0.0,0.0
3.7965e-27,0.003220522,0.0,0.0
3.8019086e-27,0.0032197007,0.0,0.0
3.844785e-27,0.0032131332,0.0,0.0
3.8271876e-27,0.003215937,0.0,0.0
3.808005e-27,0.0032188292,0.0,0.0
3.8216798e-27,0.0032166967,0.0,0.0
3.8219394e-27,0.003216716,0.0,0.0
3.9940663e-27,0.003191055,0.0,0.0
3.8771235e-27,0.0032090268,0.0,0.0
3.861434e-27,0.0032111567,0.0,0.0
3.9274006e-27,0.0032013922,0.0,0.0
3.881154e-27,0.0032086242,0.0,0.0
3.858516e-27,0.0032119707,0.0,0.0
3.8388776e-27,0.0032149174,0.0,0.0
3.8738598e-27,0.003209584,0.0,0.0
3.7867596e-27,0.0032229137,0.0,0.0
3.802206e-27,0.0032201873,0.0,0.0
3.8330948e-27,0.0032154536,0.0,0.0
3.747286e-27,0.003228655,0.0,0.0
3.8186384e-27,0.0032172862,0.0,0.0
3.781152e-27,0.003223198,0.0,0.0
3.818444e-27,0.0032172585,0.0,0.0
3.8352638e-27,0.0032147618,0.0,0.0
3.8060975e-27,0.0032192396,0.0,0.0
3.823885e-27,0.0032164056,0.0,0.0
3.869074e-27,0.0032096035,0.0,0.0
3.828203e-27,0.0032159607,0.0,0.0
3.8965896e-27,0.0032055413,0.0,0.0
3.8809834e-27,0.003208174,0.0,0.0
3.903198e-27,0.0032048922,0.0,0.0
3.8301728e-27,0.003216078,0.0,0.0
3.7737927e-27,0.0032245235,0.0,0.0
3.7438788e-27,0.0032289585,0.0,0.0
3.820972e-27,0.0032169223,0.0,0.0
3.8095253e-27,0.003218846,0.0,0.0
3.7751243e-27,0.00322403,0.0,0.0
3.801668e-27,0.0032197833,0.0,0.0
3.824897e-27,0.0032162715,0.0,0.0
3.9482866e-27,0.0031978013,0.0,0.0
3.8773234e-27,0.0032088144,0.0,0.0
3.8237255e-27,0.003216792,0.0,0.0
3.837296e-27,0.0032146294,0.0,0.0
3.9013917e-27,0.0032050577,0.0,0.0
3.8254893e-27,0.0032167493,0.0,0.0
3.9289576e-27,0.0032010106,0.0,0.0
3.8052813e-27,0.0032200369,0.0,0.0
3.8682245e-27,0.0032101092,0.0,0.0
3.8217946e-27,0.0032173665,0.0,0.0
3.890344e-27,0.0032068577,0.0,0.0
3.751546e-27,0.0032282423,0.0,0.0
3.806081e-27,0.0032193155,0.0,0.0
3.7589573e-27,0.003226697,0.0,0.0
3.7621655e-27,0.0032259407,0.0,0.0
3.7401933e-27,0.0032292763,0.0,0.0
3.8266556e-27,0.003215777,0.0,0.0
3.8104127e-27,0.0032184653,0.0,0.0
3.7753685e-27,0.0032237598,0.0,0.0
3.72067e-27,0.0032321503,0.0,0.0
3.7624756e-27,0.0032254308,0.0,0.0
3.7531313e-27,0.003226977,0.0,0.0
3.8073178e-27,0.0032185162,0.0,0.0
3.7875824e-27,0.0032216946,0.0,0.0
3.7703472e-27,0.0032242835,0.0,0.0
3.7176384e-27,0.0032324668,0.0,0.0
3.853486e-27,0.0032113304,0.0,0.0
3.8252143e-27,0.003216042,0.0,0.0
4.014205e-27,0.0031877987,0.0,0.0
3.92467e-27,0.0032016963,0.0,0.0
3.9087692e-27,0.0032040202,0.0,0.0
3.7934665e-27,0.003221634,0.0,0.0
3.7472018e-27,0.0032284935,0.0,0.0
3.7150334e-27,0.0032333515,0.0,0.0
3.7853934e-27,0.0032222385,0.0,0.0
3.8214013e-27,0.0032168499,0.0,0.0
3.8227475e-27,0.0032166801,0.0,0.0
3.880696e-27,0.0032078787,0.0,0.0
3.817666e-27,0.003217635,0.0,0.0
3.8646484e-27,0.0032103271,0.0,0.0
3.7876128e-27,0.0032222534,0.0,0.0
4.005575e-27,0.0031894187,0.0,0.0
3.8041835e-27,0.0032202548,0.0,0.0
3.81927e-27,0.003217347,0.0,0.0
3.826318e-27,0.0032163737,0.0,0.0
3.7801294e-27,0.0032234574,0.0,0.0
3.890493e-27,0.0032065061,0.0,0.0
3.8708723e-27,0.0032098063,0.0,0.0
3.8423342e-27,0.0032140764,0.0,0.0
3.998849e-27,0.0031908124,0.0,0.0
4.1031113e-27,0.0031766174,0.0,0.0
3.8841007e-27,0.0032091564,0.0,0.0
3.8587982e-27,0.0032124317,0.0,0.0
3.7939033e-27,0.003222228,0.0,0.0
3.7771954e-27,0.0032244525,0.0,0.0
3.748594e-27,0.0032286455,0.0,0.0
3.7943936e-27,0.0032212974,0.0,0.0
3.9060902e-27,0.0032044165,0.0,0.0
3.8845206e-27,0.003207925,0.0,0.0
3.8382744e-27,0.00321483,0.0,0.0
3.8540578e-27,0.0032123064,0.0,0.0
3.8805813e-27,0.0032083648,0.0,0.0
3.8857224e-27,0.0032076954,0.0,0.0
3.794504e-27,0.0032215575,0.0,0.0
3.8532358e-27,0.003212291,0.0,0.0
3.778066e-27,0.00322393,0.0,0.0
3.8194916e-27,0.003217272,0.0,0.0
3.8635407e-27,0.003210688,0.0,0.0
3.924571e-27,0.003201682,0.0,0.0
3.8574855e-27,0.0032119758,0.0,0.0
3.840538e-27,0.0032143877,0.0,0.0
3.799425e-27,0.003220634,0.0,0.0
3.8519442e-27,0.003212485,0.0,0.0
3.7791133e-27,0.0032237424,0.0,0.0
3.7541944e-27,0.0032272986,0.0,0.0
3.7704393e-27,0.0032246308,0.0,0.0
3.834028e-27,0.0032148443,0.0,0.0
3.931515e-27,0.0032003422,0.0,0.0
3.8429713e-27,0.0032139544,0.0,0.0
3.8298796e-27,0.003215711,0.0,0.0
4.1839472e-27,0.0031643624,0.0,0.0
3.933723e-27,0.0032016514,0.0,0.0
3.939909e-27,0.0032002935,0.0,0.0
3.880722e-27,0.003209352,0.0,0.0
3.985665e-27,0.0031938378,0.0,0.0
3.869523e-27,0.00321145,0.0,0.0
3.8023334e-27,0.0032211954,0.0,0.0
3.847976e-27,0.003213932,0.0,0.0
3.841114e-27,0.0032149868,0.0,0.0
3.8648838e-27,0.0032112515,0.0,0.0
3.873331e-27,0.0032099616,0.0,0.0
3.8185455e-27,0.0032181873,0.0,0.0
3.8530162e-27,0.0032126862,0.0,0.0
3.8364863e-27,0.0032152215,0.0,0.0
3.8448202e-27,0.003213819,0.0,0.0
3.7737388e-27,0.0032246318,0.0,0.0
3.895572e-27,0.0032058228,0.0,0.0
3.9017723e-27,0.0032052582,0.0,0.0
3.929629e-27,0.0032011657,0.0,0.0
3.9073968e-27,0.0032046593,0.0,0.0
3.843706e-27,0.0032142603,0.0,0.0
3.8615126e-27,0.0032114182,0.0,0.0
3.817117e-27,0.003218203,0.0,0.0
3.8822183e-27,0.0032081876,0.0,0.0
3.912628e-27,0.003203858,0.0,0.0
3.835372e-27,0.0032155798,0.0,0.0
3.8153704e-27,0.0032183654,0.0,0.0
3.8220946e-27,0.0032172399,0.0,0.0
3.82682e-27,0.0032164727,0.0,0.0
3.8289332e-27,0.0032161043,0.0,0.0
3.832105e-27,0.003215572,0.0,0.0
3.7654003e-27,0.0032257566,0.0,0.0
3.8150072e-27,0.003217846,0.0,0.0
3.7828145e-27,0.0032228928,0.0,0.0
3.766635e-27,0.0032252136,0.0,0.0
3.7693943e-27,0.003224677,0.0,0.0
3.85083e-27,0.0032121527,0.0,0.0
3.874167e-27,0.0032088356,0.0,0.0
3.8613166e-27,0.0032108622,0.0,0.0
3.794118e-27,0.0032211235,0.0,0.0
3.7832194e-27,0.0032226255,0.0,0.0
3.8307213e-27,0.0032153204,0.0,0.0
3.848994e-27,0.0032126855,0.0,0.0
3.7860462e-27,0.0032223738,0.0,0.0
3.8449396e-27,0.0032131695,0.0,0.0
3.7592623e-27,0.0032265198,0.0,0.0
3.8081228e-27,0.0032186937,0.0,0.0
3.735493e-27,0.0032300756,0.0,0.0
3.7526745e-27,0.0032271165,0.0,0.0
3.8213316e-27,0.0032165407,0.0,0.0
3.7682688e-27,0.0032248765,0.0,0.0
3.8013955e-27,0.0032195586,0.0,0.0
3.758173e-27,0.003226332,0.0,0.0
3.809307e-27,0.0032182822,0.0,0.0
3.7849985e-27,0.0032221773,0.0,0.0
3.769848e-27,0.0032244294,0.0,0.0
3.9729427e-27,0.0031937351,0.0,0.0
4.153437e-27,0.003168565,0.0,0.0
3.979116e-27,0.0031944888,0.0,0.0
4.0398218e-27,0.0031857102,0.0,0.0
4.4775468e-27,0.003127871,0.0,0.0
3.8945893e-27,0.0032109108,0.0,0.0
3.994004e-27,0.0031949684,0.0,0.0
3.958411e-27,0.0032006737,0.0,0.0
3.854865e-27,0.0032156033,0.0,0.0
3.8140084e-27,0.003220932,0.0,0.0
3.8017803e-27,0.0032221347,0.0,0.0
3.8108118e-27,0.0032202506,0.0,0.0
3.7741305e-27,0.0032254795,0.0,0.0
3.771363e-27,0.0032254145,0.0,0.0
3.920553e-27,0.0032025825,0.0,0.0
4.017863e-27,0.0031886988,0.0,0.0
3.9096297e-27,0.003204924,0.0,0.0
4.0195063e-27,0.0031886348,0.0,0.0
3.871146e-27,0.0032109648,0.0,0.0
3.87097e-27,0.0032105143,0.0,0.0
3.8306123e-27,0.0032165896,0.0,0.0
3.9547558e-27,0.0031978758,0.0,0.0
3.8904447e-27,0.003207821,0.0,0.0
3.8695958e-27,0.0032107532,0.0,0.0
3.9487507e-27,0.0031989675,0.0,0.0
3.833614e-27,0.003216431,0.0,0.0
3.963698e-27,0.0031966816,0.0,0.0
3.873119e-27,0.00321057,0.0,0.0
3.921483e-27,0.0032030658,0.0,0.0
3.9289387e-27,0.0032021494,0.0,0.0
4.0753614e-27,0.0031811139,0.0,0.0
3.8198975e-27,0.0032192713,0.0,0.0
3.9527867e-27,0.0031986076,0.0,0.0
3.9043434e-27,0.0032062412,0.0,0.0
3.9286355e-27,0.0032024737,0.0,0.0
3.871943e-27,0.0032109625,0.0,0.0
3.8967333e-27,0.003207005,0.0,0.0
3.8591307e-27,0.0032126342,0.0,0.0
3.825943e-27,0.0032173924,0.0,0.0
3.906333e-27,0.0032050845,0.0,0.0
3.8063914e-27,0.003220305,0.0,0.0
3.7739183e-27,0.0032248048,0.0,0.0
3.77675e-27,0.0032241214,0.0,0.0
3.841539e-27,0.0032140673,0.0,0.0
3.8817426e-27,0.0032080954,0.0,0.0
3.7787196e-27,0.0032238383,0.0,0.0
3.769915e-27,0.0032248148,0.0,0.0
4.050494e-27,0.0031829341,0.0,0.0
3.9244224e-27,0.0032023,0.0,0.0
4.020033e-27,0.0031881188,0.0,0.0
4.308821e-27,0.0031489308,0.0,0.0
4.154951e-27,0.003172128,0.0,0.0
4.2211277e-27,0.0031641372,0.0,0.0
4.1647873e-27,0.0031736365,0.0,0.0
4.0584825e-27,0.0031891319,0.0,0.0
4.0076114e-27,0.0031961699,0.0,0.0
3.8526853e-27,0.003217996,0.0,0.0
3.9161983e-27,0.0032072803,0.0,0.0
3.85258e-27,0.0032162026,0.0,0.0
4.0037418e-27,0.003193312,0.0,0.0
3.9889545e-27,0.0031957426,0.0,0.0
3.925044e-27,0.0032047695,0.0,0.0
3.9090666e-27,0.0032066135,0.0,0.0
3.9148054e-27,0.003205423,0.0,0.0
3.8694467e-27,0.0032118692,0.0,0.0
3.818751e-27,0.0032190196,0.0,0.0
3.8136325e-27,0.0032193123,0.0,0.0
3.8858664e-27,0.003208144,0.0,0.0
3.8629987e-27,0.0032116307,0.0,0.0
3.777291e-27,0.0032244641,0.0,0.0
3.799445e-27,0.003220641,0.0,0.0
3.74318e-27,0.0032292728,0.0,0.0
3.8193217e-27,0.0032172028,0.0,0.0
3.784145e-27,0.0032227356,0.0,0.0
3.8326572e-27,0.0032150857,0.0,0.0
3.8233245e-27,0.0032166122,0.0,0.0
3.792788e-27,0.0032212303,0.0,0.0
3.9150342e-27,0.0032026109,0.0,0.0
3.8695965e-27,0.003209831,0.0,0.0
3.86364e-27,0.0032106484,0.0,0.0
3.7931144e-27,0.0032214497,0.0,0.0
3.916906e-27,0.0032025478,0.0,0.0
3.7980652e-27,0.0032209507,0.0,0.0
3.858241e-27,0.0032114207,0.0,0.0
3.8209838e-27,0.0032173041,0.0,0.0
3.74864e-27,0.0032283072,0.0,0.0
3.8467408e-27,0.003212984,0.0,0.0
3.8073255e-27,0.0032192625,0.0,0.0
3.816106e-27,0.0032177437,0.0,0.0
3.9043503e-27,0.0032044298,0.0,0.0
3.993039e-27,0.0031916692,0.0,0.0
3.9314563e-27,0.0032011548,0.0,0.0
3.8431223e-27,0.0032143693,0.0,0.0
3.8196194e-27,0.0032177407,0.0,0.0
3.8168538e-27,0.003218093,0.0,0.0
3.754915e-27,0.0032275505,0.0,0.0
3.761646e-27,0.0032261994,0.0,0.0
3.794126e-27,0.0032211116,0.0,0.0
3.7564655e-27,0.0032269256,0.0,0.0
3.757069e-27,0.0032266167,0.0,0.0
3.8707475e-27,0.0032091525,0.0,0.0
3.814406e-27,0.0032180103,0.0,0.0
3.8326202e-27,0.0032150312,0.0,0.0
3.784047e-27,0.0032225505,0.0,0.0
3.891288e-27,0.0032060815,0.0,0.0
3.8600027e-27,0.0032111474,0.0,0.0
3.8167906e-27,0.003217665,0.0,0.0
3.7929965e-27,0.003221229,0.0,0.0
3.998728e-27,0.0031904,0.0,0.0
3.867422e-27,0.0032106,0.0,0.0
3.8421212e-27,0.0032141171,0.0,0.0
3.8820704e-27,0.003208123,0.0,0.0
3.9742335e-27,0.0031946984,0.0,0.0
3.815869e-27,0.003218763,0.0,0.0
3.9367996e-27,0.0032001783,0.0,0.0
3.899599e-27,0.0032061874,0.0,0.0
3.826228e-27,0.003217143,0.0,0.0
3.7864087e-27,0.0032229517,0.0,0.0
3.837615e-27,0.0032149237,0.0,0.0
3.7858883e-27,0.0032228886,0.0,0.0
3.877268e-27,0.0032087257,0.0,0.0
3.8811144e-27,0.0032083942,0.0,0.0
3.8041457e-27,0.0032200434,0.0,0.0
3.9005955e-27,0.003205194,0.0,0.0
3.8661853e-27,0.0032106794,0.0,0.0
3.8299162e-27,0.0032160645,0.0,0.0
3.7761947e-27,0.0032241584,0.0,0.0
3.9322286e-27,0.0032003734,0.0,0.0
4.121316e-27,0.0031736682,0.0,0.0
3.9057686e-27,0.0032057702,0.0,0.0
3.9277866e-27,0.0032020882,0.0,0.0
3.833543e-27,0.0032164212,0.0,0.0
3.836946e-27,0.003215573,0.0,0.0
4.1210795e-27,0.0031742337,0.0,0.0
3.8421366e-27,0.0032159553,0.0,0.0
3.9698185e-27,0.003196173,0.0,0.0
3.9296886e-27,0.0032026167,0.0,0.0
3.88634e-27,0.0032089404,0.0,0.0
3.8853033e-27,0.0032089099,0.0,0.0
3.7564844e-27,0.0032283233,0.0,0.0
3.771506e-27,0.0032253235,0.0,0.0
3.8080196e-27,0.0032195537,0.0,0.0
3.803362e-27,0.0032201651,0.0,0.0
3.8231185e-27,0.0032169633,0.0,0.0
3.834061e-27,0.0032152517,0.0,0.0
3.861506e-27,0.0032110466,0.0,0.0
3.8213774e-27,0.0032171868,0.0,0.0
3.78327e-27,0.0032228588,0.0,0.0
3.8362718e-27,0.0032145863,0.0,0.0
3.86954e-27,0.003209693,0.0,0.0
3.8501816e-27,0.0032127101,0.0,0.0
3.8723826e-27,0.0032093266,0.0,0.0
3.9099417e-27,0.0032038298,0.0,0.0
3.8887002e-27,0.0032072165,0.0,0.0
3.987924e-27,0.0031926287,0.0,0.0
3.870662e-27,0.0032104896,0.0,0.0
3.9436982e-27,0.003199396,0.0,0.0
3.843082e-27,0.0032147819,0.0,0.0
3.8996156e-27,0.0032060032,0.0,0.0
3.855546e-27,0.0032128135,0.0,0.0
3.83226e-27,0.003216147,0.0,0.0
3.8606356e-27,0.0032117271,0.0,0.0
3.8711065e-27,0.0032101886,0.0,0.0
3.781584e-27,0.0032237645,0.0,0.0
3.810646e-27,0.0032189155,0.0,0.0
3.798332e-27,0.0032208008,0.0,0.0
3.8302737e-27,0.0032157677,0.0,0.0
3.8762757e-27,0.0032088356,0.0,0.0
3.8786157e-27,0.0032085993,0.0,0.0
3.7619128e-27,0.0032264125,0.0,0.0
3.7801953e-27,0.0032231803,0.0,0.0
3.820767e-27,0.0032169684,0.0,0.0
3.8230106e-27,0.0032166974,0.0,0.0
3.796831e-27,0.0032206713,0.0,0.0
3.8081636e-27,0.003218824,0.0,0.0
3.8885404e-27,0.003206659,0.0,0.0
3.8010442e-27,0.003220199,0.0,0.0
3.8352715e-27,0.0032147043,0.0,0.0
3.817226e-27,0.003217593,0.0,0.0
3.8638388e-27,0.003210464,0.0,0.0
3.7941182e-27,0.0032212478,0.0,0.0
3.83743e-27,0.0032144098,0.0,0.0
3.8450556e-27,0.003213403,0.0,0.0
3.805363e-27,0.003219482,0.0,0.0
3.816281e-27,0.00321769,0.0,0.0
3.7847185e-27,0.0032225638,0.0,0.0
3.7890634e-27,0.0032217621,0.0,0.0
3.845769e-27,0.0032130838,0.0,0.0
3.7792258e-27,0.0032234185,0.0,0.0
3.8162702e-27,0.0032174892,0.0,0.0
3.8041716e-27,0.0032194534,0.0,0.0
3.8503742e-27,0.003212352,0.0,0.0
3.8258394e-27,0.0032162326,0.0,0.0
3.8281883e-27,0.003215811,0.0,0.0
3.830547e-27,0.003215487,0.0,0.0
3.823125e-27,0.0032166415,0.0,0.0
4.2763872e-27,0.0031515318,0.0,0.0
4.0312456e-27,0.0031877616,0.0,0.0
4.01581e-27,0.003189903,0.0,0.0
3.895634e-27,0.0032079136,0.0,0.0
3.876447e-27,0.003210496,0.0,0.0
3.8685465e-27,0.0032115842,0.0,0.0
3.8559417e-27,0.003213327,0.0,0.0
3.8327104e-27,0.0032166275,0.0,0.0
3.8287237e-27,0.0032169705,0.0,0.0
3.8043156e-27,0.0032204823,0.0,0.0
3.7703992e-27,0.003225412,0.0,0.0
3.7391995e-27,0.0032299391,0.0,0.0
3.7614325e-27,0.0032261964,0.0,0.0
3.8759305e-27,0.003208626,0.0,0.0
3.8474133e-27,0.0032131686,0.0,0.0
3.821087e-27,0.0032170191,0.0,0.0
3.7616805e-27,0.003226066,0.0,0.0
3.769735e-27,0.0032245954,0.0,0.0
3.7191394e-27,0.0032324689,0.0,0.0
3.728446e-27,0.003230787,0.0,0.0
3.70855e-27,0.003233886,0.0,0.0
3.6884617e-27,0.0032369234,0.0,0.0
3.7490106e-27,0.0032272972,0.0,0.0
3.798997e-27,0.0032196778,0.0,0.0
3.838914e-27,0.0032136505,0.0,0.0
3.764087e-27,0.0032252842,0.0,0.0
3.847717e-27,0.0032122312,0.0,0.0
3.846915e-27,0.0032126538,0.0,0.0
3.8632637e-27,0.0032102263,0.0,0.0
3.826962e-27,0.00321588,0.0,0.0
3.8455945e-27,0.0032130207,0.0,0.0
3.836473e-27,0.003214551,0.0,0.0
4.023847e-27,0.0031868161,0.0,0.0
3.933478e-27,0.0032008365,0.0,0.0
3.946886e-27,0.0031988523,0.0,0.0
3.9443873e-27,0.0031995568,0.0,0.0
4.0467093e-27,0.0031850268,0.0,0.0
3.9405755e-27,0.0032011122,0.0,0.0
3.851376e-27,0.003214194,0.0,0.0
3.8863086e-27,0.0032086675,0.0,0.0
3.8761124e-27,0.003210245,0.0,0.0
3.824945e-27,0.0032177833,0.0,0.0
3.8248938e-27,0.0032174513,0.0,0.0
3.8499833e-27,0.0032134934,0.0,0.0
3.9326e-27,0.0032011268,0.0,0.0
3.887152e-27,0.0032081027,0.0,0.0
3.901346e-27,0.0032058207,0.0,0.0
3.8362683e-27,0.0032156277,0.0,0.0
3.8745446e-27,0.0032095918,0.0,0.0
4.030139e-27,0.003186873,0.0,0.0
3.8461206e-27,0.0032146005,0.0,0.0
3.855464e-27,0.0032126058,0.0,0.0
3.9095172e-27,0.0032045674,0.0,0.0
3.9102217e-27,0.003204648,0.0,0.0
3.8222853e-27,0.003217862,0.0,0.0
3.868798e-27,0.0032104994,0.0,0.0
3.8541074e-27,0.0032128198,0.0,0.0
3.8996052e-27,0.0032059012,0.0,0.0
3.8670797e-27,0.0032108987,0.0,0.0
3.809307e-27,0.0032195053,0.0,0.0
3.8005235e-27,0.0032205875,0.0,0.0
3.7975687e-27,0.0032209177,0.0,0.0
3.825184e-27,0.0032165772,0.0,0.0
3.780218e-27,0.0032234644,0.0,0.0
3.855e-27,0.003211815,0.0,0.0
3.8179678e-27,0.0032176357,0.0,0.0
3.8142573e-27,0.003218038,0.0,0.0
3.8668533e-27,0.0032100263,0.0,0.0
3.7856268e-27,0.0032225703,0.0,0.0
3.8304266e-27,0.0032154315,0.0,0.0
3.811371e-27,0.0032184855,0.0,0.0
3.8341055e-27,0.0032149344,0.0,0.0
3.8062265e-27,0.00321926,0.0,0.0
3.830287e-27,0.0032154864,0.0,0.0
3.791622e-27,0.003221488,0.0,0.0
3.813137e-27,0.0032180492,0.0,0.0
3.83055e-27,0.0032154522,0.0,0.0
3.810599e-27,0.003218546,0.0,0.0
3.8037975e-27,0.0032195176,0.0,0.0
3.8322104e-27,0.0032151502,0.0,0.0
3.911416e-27,0.0032033105,0.0,0.0
3.8226763e-27,0.0032169898,0.0,0.0
3.8432306e-27,0.0032136259,0.0,0.0
3.797374e-27,0.0032207372,0.0,0.0
3.829273e-27,0.0032157125,0.0,0.0
3.7619975e-27,0.0032261477,0.0,0.0
3.8464253e-27,0.0032129504,0.0,0.0
3.806787e-27,0.0032192457,0.0,0.0
3.8588468e-27,0.0032111732,0.0,0.0
3.818309e-27,0.0032175074,0.0,0.0
3.818169e-27,0.0032174082,0.0,0.0
3.7816378e-27,0.0032230208,0.0,0.0
3.825228e-27,0.003216197,0.0,0.0
3.7761023e-27,0.0032238553,0.0,0.0
3.8309412e-27,0.0032152531,0.0,0.0
3.7853868e-27,0.0032223903,0.0,0.0
3.8892364e-27,0.0032064333,0.0,0.0
3.8980957e-27,0.0032054551,0.0,0.0
3.8430538e-27,0.0032138464,0.0,0.0
3.823695e-27,0.003216694,0.0,0.0
3.826865e-27,0.0032161996,0.0,0.0
3.804436e-27,0.0032196394,0.0,0.0
3.845099e-27,0.0032133607,0.0,0.0
3.831334e-27,0.0032155765,0.0,0.0
3.7831697e-27,0.0032229004,0.0,0.0
4.4877164e-27,0.0031237223,0.0,0.0
4.0363343e-27,0.0031882615,0.0,0.0
4.206472e-27,0.0031643538,0.0,0.0
4.0499202e-27,0.003187941,0.0,0.0
3.89923e-27,0.0032095776,0.0,0.0
3.8379235e-27,0.0032179283,0.0,0.0
3.8235364e-27,0.0032194036,0.0,0.0
3.8027683e-27,0.0032219996,0.0,0.0
3.846203e-27,0.003214908,0.0,0.0
3.7811213e-27,0.0032245782,0.0,0.0
3.862596e-27,0.003211666,0.0,0.0
3.8295915e-27,0.0032166978,0.0,0.0
3.839788e-27,0.00321484,0.0,0.0
3.826104e-27,0.0032167993,0.0,0.0
3.7907725e-27,0.0032220092,0.0,0.0
3.784988e-27,0.0032226343,0.0,0.0
3.839531e-27,0.0032141716,0.0,0.0
3.8266537e-27,0.003216212,0.0,0.0
3.8570345e-27,0.0032115155,0.0,0.0
3.769659e-27,0.003224975,0.0,0.0
3.876371e-27,0.0032084014,0.0,0.0
3.847471e-27,0.0032131195,0.0,0.0
3.8204553e-27,0.0032171516,0.0,0.0
3.776769e-27,0.0032237947,0.0,0.0
3.8101026e-27,0.0032185253,0.0,0.0
3.7695137e-27,0.0032248558,0.0,0.0
3.8056376e-27,0.0032191165,0.0,0.0
3.7809695e-27,0.003222991,0.0,0.0
3.835402e-27,0.003214534,0.0,0.0
3.812697e-27,0.0032181568,0.0,0.0
3.8529958e-27,0.003211943,0.0,0.0
3.8307536e-27,0.0032154704,0.0,0.0
3.7794114e-27,0.0032233028,0.0,0.0
3.7251672e-27,0.0032315755,0.0,0.0
3.8082603e-27,0.0032185127,0.0,0.0
3.7558904e-27,0.003226823,0.0,0.0
3.92364e-27,0.0032010954,0.0,0.0
3.9362002e-27,0.0031997608,0.0,0.0
4.1293413e-27,0.0031720875,0.0,0.0
3.9819156e-27,0.003194276,0.0,0.0
4.3357533e-27,0.003145446,0.0,0.0
4.0082866e-27,0.0031930672,0.0,0.0
3.8386103e-27,0.0032174073,0.0,0.0
3.8484375e-27,0.0032152773,0.0,0.0
3.782253e-27,0.0032250448,0.0,0.0
3.8469203e-27,0.0032146403,0.0,0.0
3.8795228e-27,0.0032096992,0.0,0.0
3.851137e-27,0.0032138552,0.0,0.0
3.8357926e-27,0.003215894,0.0,0.0
3.850054e-27,0.0032135223,0.0,0.0
3.7872345e-27,0.0032229698,0.0,0.0
3.835986e-27,0.0032151458,0.0,0.0
3.7722762e-27,0.0032249084,0.0,0.0
3.8223057e-27,0.0032168727,0.0,0.0
3.80905e-27,0.0032189542,0.0,0.0
3.7982197e-27,0.0032204692,0.0,0.0
3.828425e-27,0.003215765,0.0,0.0
3.811963e-27,0.0032183432,0.0,0.0
3.8356397e-27,0.0032146508,0.0,0.0
3.821032e-27,0.0032169537,0.0,0.0
3.776972e-27,0.003223672,0.0,0.0
3.817735e-27,0.0032172634,0.0,0.0
3.8482426e-27,0.00321274,0.0,0.0
3.8293315e-27,0.0032157074,0.0,0.0
3.832811e-27,0.0032151379,0.0,0.0
3.859061e-27,0.003211196,0.0,0.0
3.8283655e-27,0.003215973,0.0,0.0
3.84518e-27,0.0032133507,0.0,0.0
3.7389784e-27,0.0032297652,0.0,0.0
3.892061e-27,0.0032060102,0.0,0.0
3.768065e-27,0.0032253803,0.0,0.0
3.825571e-27,0.0032161162,0.0,0.0
3.8124577e-27,0.0032183044,0.0,0.0
3.8687287e-27,0.0032096915,0.0,0.0
3.8199657e-27,0.0032172822,0.0,0.0
3.8561085e-27,0.0032116515,0.0,0.0
3.8662393e-27,0.003210267,0.0,0.0
3.815159e-27,0.003218083,0.0,0.0
3.7856872e-27,0.0032224632,0.0,0.0
3.7850656e-27,0.003222447,0.0,0.0
3.7744306e-27,0.0032240525,0.0,0.0
3.767678e-27,0.0032250064,0.0,0.0
3.9098716e-27,0.0032033175,0.0,0.0
3.8353142e-27,0.0032149823,0.0,0.0
3.8171246e-27,0.00321754,0.0,0.0
3.8322096e-27,0.0032152324,0.0,0.0
3.8474503e-27,0.0032129774,0.0,0.0
3.8478578e-27,0.0032129823,0.0,0.0
3.7851784e-27,0.0032225843,0.0,0.0
3.8341055e-27,0.003214899,0.0,0.0
3.7825973e-27,0.0032229437,0.0,0.0
3.7988098e-27,0.0032202497,0.0,0.0
3.77843e-27,0.0032234204,0.0,0.0
3.789996e-27,0.0032215344,0.0,0.0
3.8228504e-27,0.0032164976,0.0,0.0
3.790197e-27,0.0032215812,0.0,0.0
3.8641088e-27,0.0032101837,0.0,0.0
3.8275812e-27,0.003215967,0.0,0.0
3.8325147e-27,0.0032151218,0.0,0.0
3.79607e-27,0.00322075,0.0,0.0
3.795723e-27,0.0032206976,0.0,0.0
3.83296e-27,0.0032149968,0.0,0.0
3.8095233e-27,0.0032186864,0.0,0.0
3.834932e-27,0.0032147346,0.0,0.0
3.8110868e-27,0.0032184662,0.0,0.0
3.807922e-27,0.0032188816,0.0,0.0
3.848293e-27,0.0032127341,0.0,0.0
3.810328e-27,0.0032186562,0.0,0.0
3.7816983e-27,0.0032229396,0.0,0.0
3.8500676e-27,0.0032123898,0.0,0.0
3.77906e-27,0.0032234646,0.0,0.0
3.8363673e-27,0.0032144366,0.0,0.0
3.7888173e-27,0.0032219018,0.0,0.0
3.7850382e-27,0.003222315,0.0,0.0
3.826669e-27,0.0032159009,0.0,0.0
3.8294344e-27,0.003215599,0.0,0.0
3.872397e-27,0.0032090945,0.0,0.0
3.7982374e-27,0.0032205444,0.0,0.0
3.863433e-27,0.0032104126,0.0,0.0
3.791129e-27,0.0032216767,0.0,0.0
3.799682e-27,0.0032201307,0.0,0.0
3.856682e-27,0.0032114794,0.0,0.0
3.8224016e-27,0.0032168666,0.0,0.0
3.8444177e-27,0.003213419,0.0,0.0
3.7888824e-27,0.0032219896,0.0,0.0
3.868611e-27,0.0032096705,0.0,0.0
3.7712998e-27,0.0032247903,0.0,0.0
3.8319874e-27,0.0032151537,0.0,0.0
3.8476167e-27,0.0032129735,0.0,0.0
3.8633126e-27,0.003210647,0.0,0.0
3.807856e-27,0.0032191582,0.0,0.0
3.7783988e-27,0.0032235158,0.0,0.0
3.8551074e-27,0.0032116978,0.0,0.0
3.82086e-27,0.003217132,0.0,0.0
3.8287187e-27,0.0032158098,0.0,0.0
3.8044327e-27,0.0032195523,0.0,0.0
3.9543174e-27,0.0031969512,0.0,0.0
3.8809487e-27,0.0032084088,0.0,0.0
3.928773e-27,0.0032011617,0.0,0.0
3.928136e-27,0.0032015832,0.0,0.0
3.851811e-27,0.0032131372,0.0,0.0
3.9706343e-27,0.003195349,0.0,0.0
3.8634197e-27,0.0032117662,0.0,0.0
3.8135712e-27,0.0032189977,0.0,0.0
3.8270185e-27,0.0032167502,0.0,0.0
3.8675208e-27,0.003210607,0.0,0.0
3.8336367e-27,0.003215789,0.0,0.0
3.85603e-27,0.0032122254,0.0,0.0
3.8117986e-27,0.003218961,0.0,0.0
3.770023e-27,0.0032251494,0.0,0.0
3.800066e-27,0.0032202955,0.0,0.0
3.855988e-27,0.0032117842,0.0,0.0
3.7217726e-27,0.0032325438,0.0,0.0
3.7186714e-27,0.0032325059,0.0,0.0
3.7146643e-27,0.0032330558,0.0,0.0
3.736667e-27,0.0032294975,0.0,0.0
3.708243e-27,0.0032339361,0.0,0.0
3.7512716e-27,0.0032270341,0.0,0.0
3.774164e-27,0.0032235468,0.0,0.0
3.760711e-27,0.003225652,0.0,0.0
3.8152017e-27,0.0032171684,0.0,0.0
3.8231847e-27,0.0032161057,0.0,0.0
3.808865e-27,0.0032183456,0.0,0.0
3.8026054e-27,0.0032193067,0.0,0.0
3.844589e-27,0.0032129216,0.0,0.0
3.886823e-27,0.003206727,0.0,0.0
3.8018358e-27,0.003219854,0.0,0.0
3.8221832e-27,0.0032165542,0.0,0.0
3.8313337e-27,0.003215296,0.0,0.0
3.8662666e-27,0.003210073,0.0,0.0
3.7695587e-27,0.0032250092,0.0,0.0
3.8745366e-27,0.003208709,0.0,0.0
3.8066433e-27,0.0032193873,0.0,0.0
3.808453e-27,0.0032188888,0.0,0.0
3.8503792e-27,0.0032125236,0.0,0.0
3.8053433e-27,0.003219511,0.0,0.0
3.8318098e-27,0.0032153146,0.0,0.0
3.82672e-27,0.0032161756,0.0,0.0
3.8329087e-27,0.0032152068,0.0,0.0
3.8511615e-27,0.0032124578,0.0,0.0
4.0195502e-27,0.0031876303,0.0,0.0
3.858191e-27,0.0032121632,0.0,0.0
3.8587547e-27,0.003211687,0.0,0.0
3.8519227e-27,0.003212821,0.0,0.0
3.8206198e-27,0.003217562,0.0,0.0
3.832813e-27,0.0032155858,0.0,0.0
3.9383484e-27,0.0031998057,0.0,0.0
3.8994126e-27,0.003205969,0.0,0.0
3.9392532e-27,0.0032000216,0.0,0.0
3.9048337e-27,0.0032053792,0.0,0.0
3.824654e-27,0.0032174017,0.0,0.0
3.8936083e-27,0.0032067578,0.0,0.0
3.7995274e-27,0.0032211777,0.0,0.0
3.8067608e-27,0.0032196615,0.0,0.0
3.7917366e-27,0.0032218923,0.0,0.0
3.862353e-27,0.0032109832,0.0,0.0
3.909588e-27,0.003204072,0.0,0.0
4.3672545e-27,0.0031402544,0.0,0.0
3.8817623e-27,0.0032106128,0.0,0.0
3.98226e-27,0.0031946576,0.0,0.0
3.8419537e-27,0.0032159628,0.0,0.0
3.8630877e-27,0.0032122189,0.0,0.0
3.8808278e-27,0.0032095166,0.0,0.0
3.841802e-27,0.0032152866,0.0,0.0
3.8173908e-27,0.0032186867,0.0,0.0
3.7796263e-27,0.0032241938,0.0,0.0
3.8936264e-27,0.003206629,0.0,0.0
3.8684602e-27,0.0032106629,0.0,0.0
3.783032e-27,0.0032234741,0.0,0.0
3.936396e-27,0.0032,0.0,0.0
3.870749e-27,0.0032102508,0.0,0.0
3.8161327e-27,0.003218274,0.0,0.0
3.8688327e-27,0.0032100773,0.0,0.0
3.9152376e-27,0.0032033129,0.0,0.0
3.8581785e-27,0.0032120147,0.0,0.0
3.96843e-27,0.0031955047,0.0,0.0
4.266846e-27,0.0031542124,0.0,0.0
4.0706787e-27,0.003183231,0.0,0.0
3.9763936e-27,0.0031968378,0.0,0.0
4.105976e-27,0.003178654,0.0,0.0
4.0563243e-27,0.0031866794,0.0,0.0
3.9138845e-27,0.003207258,0.0,0.0
3.98946e-27,0.003195705,0.0,0.0
4.0852148e-27,0.0031824843,0.0,0.0
4.107396e-27,0.0031801064,0.0,0.0
3.946321e-27,0.003203298,0.0,0.0
3.8314766e-27,0.0032193381,0.0,0.0
3.942174e-27,0.0032020395,0.0,0.0
3.95929e-27,0.0031995983,0.0,0.0
3.9961525e-27,0.0031941205,0.0,0.0
3.9092923e-27,0.003206755,0.0,0.0
4.0257e-27,0.0031894236,0.0,0.0
3.910874e-27,0.0032064638,0.0,0.0
3.9189504e-27,0.0032047213,0.0,0.0
4.148177e-27,0.0031720498,0.0,0.0
4.1850912e-27,0.0031683987,0.0,0.0
3.9426228e-27,0.0032033264,0.0,0.0
4.063916e-27,0.0031852906,0.0,0.0
3.8279495e-27,0.0032199954,0.0,0.0
3.825036e-27,0.0032190995,0.0,0.0
3.84071e-27,0.0032162515,0.0,0.0
3.9343594e-27,0.0032019939,0.0,0.0
3.8332646e-27,0.0032171016,0.0,0.0
3.8260755e-27,0.0032175698,0.0,0.0
3.8102336e-27,0.0032197088,0.0,0.0
3.834684e-27,0.0032156992,0.0,0.0
3.8311323e-27,0.003216126,0.0,0.0
3.811492e-27,0.0032189437,0.0,0.0
3.7111345e-27,0.0032342696,0.0,0.0
3.7299574e-27,0.0032308362,0.0,0.0
3.773263e-27,0.0032240443,0.0,0.0
3.8690604e-27,0.003209421,0.0,0.0
3.8120798e-27,0.0032183018,0.0,0.0
3.7845906e-27,0.0032223288,0.0,0.0
3.771448e-27,0.0032242802,0.0,0.0
3.8333313e-27,0.0032147227,0.0,0.0
3.7950607e-27,0.0032207684,0.0,0.0
3.781103e-27,0.0032227917,0.0,0.0
3.804669e-27,0.003219129,0.0,0.0
3.870668e-27,0.003209157,0.0,0.0
3.8199076e-27,0.0032170909,0.0,0.0
3.835554e-27,0.0032145844,0.0,0.0
3.8034617e-27,0.0032195952,0.0,0.0
3.8493207e-27,0.0032125316,0.0,0.0
3.833795e-27,0.0032150645,0.0,0.0
3.807708e-27,0.0032190203,0.0,0.0
3.7975837e-27,0.003220505,0.0,0.0
3.8871514e-27,0.0032068868,0.0,0.0
3.8247447e-27,0.0032166278,0.0,0.0
3.8481066e-27,0.0032128973,0.0,0.0
3.8068263e-27,0.0032192997,0.0,0.0
3.8317632e-27,0.0032153695,0.0,0.0
3.8421424e-27,0.0032138727,0.0,0.0
3.771984e-27,0.003224654,0.0,0.0
3.7991803e-27,0.0032202147,0.0,0.0
3.7277595e-27,0.0032313424,0.0,0.0
3.7148442e-27,0.0032330616,0.0,0.0
3.7805442e-27,0.0032227305,0.0,0.0
3.778636e-27,0.0032231524,0.0,0.0
3.827302e-27,0.0032155996,0.0,0.0
3.859393e-27,0.0032108454,0.0,0.0
3.8442856e-27,0.003213247,0.0,0.0
3.8401706e-27,0.0032138769,0.0,0.0
3.837429e-27,0.0032143441,0.0,0.0
3.8446766e-27,0.003213292,0.0,0.0
3.8580887e-27,0.0032113427,0.0,0.0
3.8301046e-27,0.0032156901,0.0,0.0
3.834205e-27,0.003215026,0.0,0.0
3.802128e-27,0.003219976,0.0,0.0
3.858562e-27,0.0032112924,0.0,0.0
3.8287738e-27,0.0032160126,0.0,0.0
3.8309004e-27,0.0032156,0.0,0.0
3.833075e-27,0.0032152887,0.0,0.0
3.7966242e-27,0.0032208662,0.0,0.0
3.799041e-27,0.0032203551,0.0,0.0
3.7567197e-27,0.0032268616,0.0,0.0
3.828365e-27,0.0032156494,0.0,0.0
3.7506138e-27,0.003227806,0.0,0.0
3.7275708e-27,0.0032310912,0.0,0.0
4.3543443e-27,0.0031404814,0.0,0.0
4.1779938e-27,0.0031670309,0.0,0.0
4.1558814e-27,0.0031708174,0.0,0.0
4.1784306e-27,0.003169124,0.0,0.0
4.05393e-27,0.003187749,0.0,0.0
4.175281e-27,0.0031715124,0.0,0.0
4.049245e-27,0.0031902252,0.0,0.0
4.0368004e-27,0.0031918162,0.0,0.0
4.1165154e-27,0.003180913,0.0,0.0
4.1124066e-27,0.0031821867,0.0,0.0
4.3384773e-27,0.0031532021,0.0,0.0
4.5278913e-27,0.0031337922,0.0,0.0
3.9520163e-27,0.0032115902,0.0,0.0
4.291364e-27,0.0031631512,0.0,0.0
4.101807e-27,0.0031896173,0.0,0.0
