0.3543568,0.31158078,0.0,0.26265302
0.3458383,0.3193683,0.3568293,0.26844108
0.3550225,0.31364682,0.37465265,0.2638131
0.3556238,0.3132358,0.3736935,0.26747993
0.35729045,0.3139799,0.37598687,0.26675278
0.35509908,0.3136612,0.37436977,0.26787207
0.3525255,0.3131293,0.37494618,0.0
0.36130664,0.0,0.39362672,0.25704464
0.35086688,0.0,0.3717297,0.0
0.38627222,0.35779482,0.4040763,0.25372055
0.3552514,0.3142332,0.0,0.27142432
0.35552987,0.31323093,0.0,0.2705174
0.38016233,0.3466566,0.3850466,0.26215985
0.35598823,0.31349516,0.3718474,0.2660548
0.3562169,0.3131627,0.37333375,0.26503447
0.35808155,0.3154959,0.3749757,0.2679619
0.33705357,0.3178794,0.35982478,0.0
0.35476497,0.0,0.37517384,0.26644078
0.35184252,0.31396317,0.37584955,0.2641254
0.33846924,0.31791323,0.35361788,0.2693334
0.3565202,0.31515223,0.3736141,0.26652506
0.35275158,0.0,0.37393922,0.26224753
0.3867616,0.0,0.3601611,0.0
0.38009825,0.34728006,0.38359833,0.0
0.35553387,0.3133137,0.37331805,0.26932016
0.3556524,0.0,0.37381342,0.26878852
0.35509294,0.31340125,0.3742306,0.26716313
0.3491873,0.31101722,0.0,0.25478628
0.38850635,0.3232037,0.36537144,0.0
0.35504335,0.31440783,0.37480924,0.0
0.353904,0.31226134,0.37879604,0.26710618
0.3560174,0.31338388,0.0,0.26813084
0.3778145,0.3470187,0.38450232,0.2651821
0.3798965,0.3448011,0.38843983,0.26104128
0.3403425,0.31853864,0.0,0.26796198
0.38680664,0.3216868,0.36061722,0.3063322
0.39027968,0.32164535,0.36206236,0.0
0.35588828,0.3146512,0.37233505,0.26172796
0.35462448,0.3143675,0.0,0.2700696
0.35733995,0.31350094,0.3759659,0.267627
0.0,0.0,0.374482,0.0
0.35609353,0.31157625,0.38086557,0.26265123
0.35449046,0.312925,0.3783001,0.26113737
0.35585243,0.31374222,0.37386462,0.2678771
0.3890713,0.32050845,0.36095777,0.3061991
0.34268025,0.0,0.35757455,0.27030733
0.33854917,0.0,0.3540692,0.26786944
0.0,0.31427985,0.373226,0.26650265
0.3555255,0.0,0.0,0.26992014
0.35568792,0.313114,0.3736699,0.2686783
0.3558041,0.0,0.0,0.26740772
0.35242027,0.31396437,0.3754346,0.2595869
0.3554033,0.31314543,0.3732179,0.26936984
0.0,0.31502146,0.3735933,0.26642442
0.38431972,0.3215794,0.35749343,0.30658364
0.0,0.3138819,0.37429085,0.26330107
0.35283673,0.31325346,0.3744222,0.26146308
0.35858706,0.3255431,0.3962079,0.25627324
0.34341374,0.0,0.0,0.2694383
0.38939843,0.32145303,0.36025247,0.3086285
0.35590845,0.3131207,0.37366098,0.26771656
0.3775058,0.0,0.38527715,0.26276028
0.38936856,0.32152566,0.36026433,0.30874652
0.37657714,0.34823155,0.38679415,0.2659224
0.34319553,0.31887937,0.35599816,0.27204424
0.33936554,0.3195538,0.3582711,0.27169847
0.35715628,0.3142077,0.37672573,0.0
0.3895074,0.3217194,0.3603588,0.30673316
0.35471344,0.3142269,0.3743322,0.2653559
0.36180234,0.32553056,0.39366624,0.25770098
0.4138743,0.35463208,0.37061906,0.3113991
0.34230557,0.31919208,0.355094,0.27454114
0.35181332,0.3149944,0.37531516,0.2616231
0.3572367,0.31370473,0.3756288,0.26688
0.35503665,0.31349578,0.37437078,0.27065727
0.35550815,0.31399456,0.3733451,0.2707201
0.35664034,0.31378874,0.0,0.26410383
0.38052526,0.0,0.3838543,0.0
0.0,0.31133276,0.3783376,0.2633089
0.38905746,0.32167512,0.360408,0.31040028
0.378696,0.34797838,0.38728735,0.26682875
0.0,0.0,0.37378258,0.26601696
0.35538343,0.3139241,0.37394267,0.26697025
0.0,0.31313953,0.3730839,0.26795253
0.35470566,0.31550333,0.37601823,0.26261422
0.355749,0.31332156,0.3734424,0.26598507
0.3560011,0.3139227,0.3732619,0.0
0.3427165,0.3199997,0.355811,0.2753382
0.35452417,0.0,0.3766225,0.2687169
0.35526294,0.3134721,0.37417018,0.2657926
0.35494217,0.3137004,0.37455413,0.26829347
0.3558503,0.31290242,0.37293455,0.2672031
0.0,0.0,0.4041497,0.0
0.35750535,0.31341356,0.3760734,0.26733705
0.35436708,0.311463,0.0,0.26362938
0.35581377,0.31380704,0.37444243,0.26379192
0.38702607,0.32126325,0.35742825,0.30567774
0.37967998,0.34614393,0.3841282,0.271726
0.35657066,0.31401053,0.0,0.26754948
0.35647765,0.31492954,0.3723224,0.26791513
0.37586114,0.3279948,0.34288487,0.3178374
0.35665476,0.31279674,0.37242734,0.26011595
0.37954932,0.34642938,0.38441902,0.26993716
0.35657248,0.3129294,0.37287527,0.25792164
0.3401551,0.31857267,0.35838822,0.0
0.3559013,0.31308657,0.37343958,0.26747197
0.0,0.31224743,0.0,0.26049072
0.3559223,0.3132097,0.373338,0.2690617
0.35487142,0.31438527,0.0,0.26530924
0.3562299,0.31532404,0.37400016,0.26926962
0.0,0.31347403,0.3733088,0.0
0.3559261,0.3138949,0.3732566,0.2671083
0.35598266,0.31300035,0.37385184,0.26521325
0.35412097,0.31133997,0.3788962,0.2626413
0.35477492,0.3161875,0.37540925,0.26896214
0.38665727,0.3217141,0.36021194,0.30642143
0.35496897,0.31538758,0.37517294,0.26008916
0.35517436,0.0,0.37451717,0.0
0.3558959,0.31337294,0.37520644,0.2678354
0.0,0.0,0.3734006,0.0
0.3894844,0.3217473,0.3629656,0.3057068
0.35642302,0.31520167,0.3716572,0.2689332
0.35282278,0.31453645,0.0,0.26232356
0.3558487,0.31298912,0.37312028,0.26750135
0.35046944,0.31395456,0.37204978,0.268177
0.0,0.32209563,0.3594024,0.0
0.35454535,0.31460202,0.0,0.0
0.35619,0.31313094,0.37284705,0.26623085
0.35587376,0.3131042,0.37324178,0.26842588
0.35594964,0.31296408,0.37306988,0.0
0.35573706,0.31347057,0.37367204,0.26664174
0.3616732,0.3251754,0.39403442,0.25779065
0.35609874,0.31371787,0.37285176,0.25982174
0.35555297,0.31084678,0.0,0.25193265
0.3556309,0.3133166,0.37314472,0.2681843
0.35522994,0.31051722,0.37806764,0.26025006
0.36955598,0.35068884,0.3635644,0.2626542
0.35264465,0.3113949,0.0,0.25731158
0.35407168,0.31192228,0.3732682,0.26065534
0.0,0.31313694,0.37450874,0.2648661
0.3553801,0.31391332,0.0,0.26967296
0.35166973,0.0,0.37876454,0.25212362
0.3570767,0.31477648,0.3717961,0.266583
0.35588446,0.31306228,0.37344533,0.26682916
0.0,0.31353924,0.0,0.26767448
0.3543394,0.3112393,0.37835103,0.0
0.35521552,0.3135821,0.3740441,0.26440293
0.0,0.3159002,0.37624702,0.26056415
0.35580927,0.31471634,0.3743698,0.26426676
0.3402344,0.31772026,0.35614765,0.0
0.3559854,0.31284735,0.0,0.26125988
0.35492945,0.31113195,0.37752083,0.25879696
0.35588193,0.3156827,0.37246683,0.26345006
0.35505784,0.31552777,0.3751938,0.26382256
0.35780963,0.3149064,0.37470144,0.0
0.34291002,0.0,0.35477927,0.0
0.3602495,0.3226066,0.3983148,0.24987514
0.35500985,0.31364727,0.3752449,0.26670846
0.3551866,0.31398973,0.3741542,0.27179417
0.35518506,0.31369093,0.37541267,0.26510143
0.3616813,0.32532224,0.3932731,0.25735235
0.35458094,0.31216323,0.37746266,0.2624117
0.35511172,0.31364375,0.0,0.26575342
0.35234925,0.0,0.3750392,0.26465088
0.35479772,0.3117588,0.3777707,0.26120242
0.35573864,0.31405565,0.3737987,0.26339045
0.34426197,0.3211439,0.35403004,0.273154
0.0,0.3137995,0.3722287,0.26572582
0.3892024,0.32201874,0.36007148,0.3099781
0.0,0.33063754,0.37490022,0.26290825
0.35538444,0.31351814,0.37354127,0.266733
0.3555785,0.3141042,0.37375814,0.26632923
0.34069386,0.31834373,0.35569498,0.2687591
0.0,0.314574,0.37994573,0.26108658
0.35561618,0.3131948,0.37360376,0.26790226
0.35180902,0.31339738,0.37530825,0.0
0.0,0.313319,0.37335333,0.26837978
0.0,0.31362796,0.37614468,0.2671036
0.35574982,0.3136354,0.37390658,0.26762387
0.38350314,0.32218856,0.35865772,0.3048133
0.35602593,0.31360674,0.37302294,0.26705158
0.0,0.31531337,0.374163,0.26461118
0.35454926,0.31471446,0.37564498,0.0
0.35364404,0.3140343,0.3771949,0.2681755
0.38026446,0.34575665,0.38438728,0.266645
0.0,0.0,0.37523544,0.2650433
0.3549288,0.31447992,0.37558746,0.26919216
0.3550661,0.31362334,0.37453866,0.27165338
0.0,0.3129243,0.37295148,0.26840627
0.0,0.3123877,0.37266055,0.26327103
0.35542947,0.0,0.37349665,0.27016482
0.35521713,0.3141103,0.3754123,0.26743528
0.35496572,0.31399986,0.3747699,0.26897532
0.35549095,0.3155992,0.37379873,0.27115983
0.36102375,0.3250773,0.3949282,0.25906533
0.33802906,0.31880084,0.35362402,0.26662308
0.35492933,0.3152163,0.37372744,0.27082187
0.35121867,0.31223127,0.37189177,0.26401573
0.0,0.31268758,0.37347478,0.26803327
0.35392532,0.312141,0.37922102,0.2612637
0.34933344,0.33046713,0.3739115,0.25890732
0.3389632,0.31801757,0.3533871,0.2692612
0.34301308,0.0,0.35498,0.27303103
0.35582358,0.31307462,0.37317875,0.2687007
0.34761706,0.31203055,0.37289214,0.2607195
0.39710504,0.33160445,0.3859737,0.29615754
0.37971953,0.34615502,0.38408807,0.27145204
0.35609925,0.31300703,0.37417164,0.26510438
0.3555416,0.3136512,0.37294522,0.27010706
0.3899955,0.32247415,0.0,0.30665925
0.35564148,0.3130119,0.37295154,0.26598823
0.35445222,0.3172768,0.3752341,0.24985823
0.38139856,0.34783208,0.38156676,0.2664596
0.35552078,0.31402314,0.3747668,0.26478148
0.35579163,0.31395957,0.37315893,0.26614457
0.3805271,0.0,0.38299236,0.26765174
0.389998,0.32145295,0.35959342,0.30584085
0.35598126,0.31306678,0.3730474,0.26824245
0.37898386,0.0,0.39069358,0.25945702
0.35104004,0.31408212,0.37095734,0.2619767
0.35594308,0.31317475,0.37342456,0.26827657
0.3431957,0.31897524,0.35546285,0.0
0.35489407,0.31478214,0.3758256,0.26871845
0.36727953,0.35269713,0.36614898,0.2694472
0.34960145,0.31011102,0.37630802,0.26002598
0.35898867,0.32589716,0.3951524,0.2540592
0.35346913,0.31184942,0.3797901,0.0
0.36735544,0.0,0.36631274,0.2698827
0.35495356,0.31448463,0.37496707,0.2645844
0.3499095,0.30973244,0.37624738,0.25870058
0.36160892,0.32577062,0.0,0.25262755
0.3561959,0.3153422,0.37262505,0.2675563
0.35520133,0.3134496,0.37365183,0.26909134
0.35534897,0.31407133,0.3746255,0.26722902
0.35755536,0.3115256,0.37208828,0.2551366
0.35093862,0.0,0.37234136,0.25992638
0.36079296,0.31371036,0.3707309,0.24801391
0.3589756,0.31276926,0.3738978,0.2618931
0.344137,0.32061833,0.35526428,0.27145094
0.3616836,0.32464865,0.39448524,0.2560821
0.35682282,0.0,0.37309346,0.26938748
0.35577908,0.3133377,0.37343094,0.2681257
0.39064416,0.32086852,0.36349133,0.3049571
0.38103414,0.345163,0.38180873,0.26089698
0.34335777,0.31840196,0.35636416,0.26256093
0.35686383,0.31507218,0.0,0.26514068
0.35522726,0.31467474,0.37355813,0.0
0.3525569,0.0,0.3741114,0.2663135
0.3558777,0.31327978,0.37273118,0.26656055
0.35590407,0.31315315,0.37407,0.26810825
0.0,0.31362015,0.37380823,0.2664414
0.3562912,0.314758,0.3728352,0.0
0.35587272,0.31325078,0.3729119,0.2680344
0.35749233,0.31582677,0.3757357,0.27215043
0.36549655,0.35315728,0.0,0.26702458
0.35726824,0.31444666,0.37618145,0.26796928
0.35512406,0.31335312,0.3741674,0.2711786
0.37989774,0.0,0.38530132,0.2660269
0.3904593,0.3209164,0.36536196,0.30700612
0.35586017,0.31282327,0.37242162,0.0
0.38975227,0.0,0.35829893,0.30743042
0.3691953,0.3507871,0.36321515,0.0
0.36284575,0.32506785,0.39502764,0.26138103
0.35853246,0.30875963,0.368647,0.23332453
0.36240062,0.32518363,0.39239857,0.2611845
0.3925007,0.32161716,0.35776877,0.30503997
0.35514525,0.31552893,0.37481046,0.26809287
0.35776222,0.313131,0.3726757,0.26140147
0.3579848,0.31244916,0.37092638,0.25806254
0.0,0.31470513,0.0,0.26209882
0.3568721,0.31284723,0.37213695,0.2625517
0.35510695,0.3128847,0.37508914,0.26053762
0.38112724,0.3455067,0.3825759,0.26289758
0.36130565,0.32518122,0.3991128,0.24328703
0.3566338,0.31365326,0.37238365,0.26277673
0.35619274,0.31390536,0.37268087,0.2673684
0.0,0.32404375,0.36007985,0.31418604
0.35137308,0.31431797,0.37642863,0.26452994
0.3607873,0.3254407,0.3956018,0.25791928
0.35550153,0.31325406,0.37400314,0.0
0.3520433,0.31324345,0.37514064,0.25820965
0.0,0.3176912,0.35705024,0.26534048
0.3570787,0.3146002,0.37824744,0.0
0.38662046,0.32159248,0.36154526,0.30685857
0.35281384,0.31326506,0.3738322,0.2645195
0.35581845,0.3130855,0.37396914,0.0
0.38083145,0.34531668,0.3822456,0.26344243
0.3551586,0.31412137,0.37459886,0.27062345
0.36015818,0.31164363,0.3658401,0.23800732
0.0,0.31352505,0.0,0.26498166
0.3524496,0.31372505,0.3741807,0.26896247
0.34448382,0.3189365,0.35545266,0.2727375
0.0,0.3194434,0.35636854,0.27091613
0.35623765,0.31310987,0.37349227,0.26726505
0.35766083,0.31482506,0.3772358,0.2622631
0.3562633,0.3114947,0.38092238,0.26273066
0.35553646,0.31344417,0.0,0.26830655
0.3614353,0.32506382,0.39601544,0.0
0.0,0.31398973,0.37601155,0.26697466
0.35514313,0.31365222,0.37538162,0.27047747
0.35631514,0.31505546,0.3725225,0.269396
0.3550217,0.31357083,0.37440392,0.2723044
0.36085823,0.32543278,0.3950895,0.25775173
0.3551571,0.31332687,0.3737751,0.2674803
0.35073984,0.31273013,0.371888,0.2662198
0.38912126,0.32155508,0.3600014,0.3086543
0.38268042,0.34657615,0.38563374,0.26562312
0.38034675,0.35015544,0.0,0.26440454
0.3598423,0.32343203,0.3980576,0.25249723
0.35469392,0.31438085,0.3767008,0.2671924
0.35098484,0.31410015,0.37200764,0.26595518
0.35479936,0.31453457,0.37615222,0.26854646
0.3518465,0.31429696,0.0,0.26614365
0.35469377,0.31551304,0.37527964,0.2692425
0.35459924,0.31377113,0.3759476,0.26757833
0.3509624,0.3137887,0.37076136,0.2655561
0.0,0.0,0.0,0.26446456
0.35610428,0.31281546,0.38102928,0.2599834
0.3599259,0.0,0.39661,0.25782534
0.4139699,0.35425332,0.3698765,0.30872703
0.35510507,0.31390226,0.37556702,0.27020136
0.3674793,0.35199156,0.36550972,0.27009326
0.3565767,0.315,0.37189502,0.26518524
0.35573986,0.3134487,0.3737594,0.26650625
0.34251902,0.0,0.35580966,0.2757307
0.348045,0.0,0.37260166,0.26032305
0.35601404,0.31313705,0.3723161,0.26519823
0.34500372,0.31973663,0.35702458,0.0
0.35136217,0.31361827,0.37007317,0.26360834
0.38945487,0.3216828,0.36050102,0.3101614
0.3557929,0.31579676,0.37413517,0.27003637
0.34482893,0.0,0.3519899,0.26222184
0.34516308,0.31803384,0.3528018,0.2639712
0.35429114,0.3123265,0.3782017,0.25981715
0.35501674,0.31470492,0.3754799,0.0
0.35630074,0.31345925,0.37341008,0.26306438
0.3516747,0.0,0.36978853,0.26395956
0.35630795,0.31266892,0.37404653,0.26650265
0.3562412,0.31271642,0.37387976,0.26044717
0.35739118,0.3136717,0.37545606,0.26231238
0.35355794,0.3123741,0.38082913,0.2628318
0.35542083,0.313457,0.3747076,0.26702702
0.35538012,0.3141405,0.37350312,0.26674715
0.0,0.0,0.37359294,0.2697302
0.35589215,0.31387043,0.37307665,0.26397225
0.3608924,0.32537952,0.39543307,0.25719884
0.35580775,0.3140242,0.3728835,0.268093
0.38037625,0.34618345,0.38452315,0.26885954
0.35057446,0.31324372,0.37242877,0.26293278
0.34293813,0.31967896,0.35587344,0.27203485
0.35594127,0.31414476,0.0,0.0
0.3427969,0.31914872,0.3561906,0.0
0.35562614,0.0,0.0,0.0
0.35524452,0.3133244,0.37373936,0.267565
0.0,0.0,0.38337046,0.2685599
0.0,0.3245364,0.39420995,0.25756314
0.35539982,0.31342578,0.37446117,0.26303196
0.35552225,0.0,0.37411773,0.27105302
0.35543108,0.0,0.37460345,0.26833364
0.35281798,0.31314155,0.0,0.26248178
0.38042253,0.34580645,0.38290763,0.0
0.35274413,0.3128887,0.3739624,0.0
0.356667,0.31495652,0.37231848,0.26730043
0.34011558,0.31779763,0.35667378,0.26681006
0.35588783,0.3133722,0.37243867,0.26849136
0.35599092,0.31297985,0.37354264,0.26735958
0.35521832,0.31352568,0.37423795,0.0
0.3802862,0.0,0.38328424,0.26311067
0.35592017,0.31357592,0.3729026,0.26779738
0.35733092,0.31355253,0.3765668,0.26667786
0.35700017,0.32430086,0.3928637,0.0
0.35671774,0.31603965,0.3716679,0.2667417
0.35593247,0.31380722,0.0,0.2660338
0.3548731,0.31311855,0.37779194,0.26275882
0.3803543,0.0,0.3831232,0.2665363
0.35443345,0.31466267,0.37604222,0.26266992
0.351415,0.3144216,0.0,0.2659973
0.35565984,0.3130239,0.3731616,0.2690704
0.0,0.3140793,0.0,0.26486257
0.3573173,0.3134256,0.37580463,0.26448348
0.3552601,0.3134222,0.37547,0.26530346
0.35555848,0.31329858,0.37406492,0.26997703
0.35560912,0.31182206,0.3814674,0.26486066
0.3882809,0.32437104,0.36017013,0.3085731
0.35560122,0.31280127,0.3737289,0.2661492
0.35582936,0.3130438,0.37373143,0.2688418
0.3560922,0.31335974,0.37264988,0.26623592
0.38521802,0.36040005,0.40323004,0.2464593
0.3546538,0.3112867,0.37760696,0.262463
0.39019895,0.0,0.0,0.0
0.3531299,0.31289878,0.374285,0.261987
0.3552916,0.31311148,0.37048241,0.25337836
0.0,0.31135693,0.37013665,0.2587206
0.3897954,0.3222539,0.36139762,0.31277838
0.35635677,0.3129829,0.37396505,0.0
0.36181328,0.32476267,0.39396328,0.25815046
0.35582474,0.31313416,0.37425777,0.26684058
0.0,0.3459814,0.3833011,0.26225692
0.3515001,0.3113668,0.3783678,0.0
0.36048695,0.3256884,0.3958507,0.26011503
0.35561886,0.31409922,0.37304157,0.0
0.0,0.3118662,0.0,0.26537308
0.3516925,0.31497148,0.37550613,0.26377892
0.36125934,0.32235193,0.0,0.25487447
0.355171,0.31353232,0.37411904,0.26667652
0.355862,0.31360403,0.0,0.26807857
0.350988,0.31201765,0.37273136,0.26369247
0.36150557,0.32544738,0.3934282,0.25877
0.35616672,0.31259912,0.38041365,0.25813118
0.38052258,0.0,0.38412404,0.26180708
0.35631245,0.312717,0.37288374,0.0
0.3563345,0.31421795,0.3787534,0.26825708
0.35592517,0.31366813,0.3738634,0.26800376
0.355871,0.31386065,0.37400657,0.2674896
0.3562001,0.31551996,0.3726903,0.2672996
0.35594803,0.31487483,0.37183034,0.26464748
0.35572225,0.3132921,0.37207875,0.26782325
0.3540068,0.31528494,0.3779957,0.2664804
0.3443877,0.3209744,0.35445806,0.2678351
0.35587895,0.31274483,0.3736971,0.26687202
0.3455057,0.0,0.35720307,0.26752886
0.35641024,0.31261787,0.37225673,0.26274887
0.35323265,0.31522548,0.3740908,0.2587979
0.34066787,0.31895345,0.35605592,0.2702391
0.35752076,0.3143936,0.37031668,0.25944075
0.3570115,0.31273258,0.37072334,0.2633795
0.3517663,0.31269768,0.37082088,0.26346987
0.35612175,0.31370947,0.37332126,0.26239404
0.0,0.31305733,0.37333107,0.26202822
0.35855508,0.31655094,0.37476492,0.2665866
0.35274062,0.3128398,0.37372833,0.26417202
0.37602058,0.32863542,0.3467786,0.30972743
0.0,0.3216432,0.39639786,0.0
0.35521665,0.0,0.37376198,0.26673418
0.35417038,0.0,0.3754123,0.2671146
0.42242658,0.3702458,0.39329654,0.28833818
0.3548627,0.31473118,0.37496927,0.26999047
0.33828267,0.31814107,0.3543289,0.27333236
0.0,0.3127819,0.0,0.26304883
0.41460338,0.354268,0.3684728,0.3064369
0.34130624,0.31807074,0.0,0.2649234
0.39189065,0.32261324,0.36226812,0.3026563
0.4142174,0.35855615,0.3696346,0.3011025
0.35612348,0.31298706,0.37308255,0.26820046
0.36193323,0.0,0.0,0.25380263
0.0,0.0,0.37317854,0.26497605
0.35603365,0.31286192,0.37250873,0.26657623
0.3554428,0.31389746,0.3760732,0.26679364
0.3580045,0.31310987,0.37484068,0.26530293
0.35644522,0.312612,0.37155655,0.26312715
0.35652277,0.31302786,0.37188166,0.26238787
0.353752,0.30988804,0.37420496,0.23653711
0.35710725,0.3127307,0.37344748,0.25412378
0.35300985,0.31083784,0.3715021,0.25457013
0.357868,0.31251916,0.3718316,0.26024938
0.3565966,0.31332916,0.3746238,0.2634807
0.35827416,0.31327534,0.37695807,0.26423874
0.35641587,0.31342524,0.37440753,0.26505393
0.34478113,0.32095942,0.35347936,0.27043813
0.35649136,0.31287238,0.37220505,0.26512867
0.35725215,0.31398255,0.37728304,0.26962116
0.35591114,0.31307736,0.37325302,0.2679791
0.3524287,0.31415796,0.0,0.26442868
0.3556204,0.31312016,0.3734023,0.0
0.38030776,0.0,0.38417196,0.0
0.33939862,0.31934792,0.35807684,0.26730925
0.3545464,0.31488603,0.37564138,0.2691893
0.3554331,0.31338218,0.37336645,0.26870528
0.35417086,0.31115943,0.3779802,0.26340106
0.35641566,0.31409198,0.37798342,0.26712912
0.3572441,0.3163085,0.3759653,0.2655581
0.3549736,0.31489098,0.37454084,0.2679056
0.35567784,0.31316018,0.37398812,0.0
0.3544785,0.31420982,0.0,0.26998353
0.0,0.31320837,0.0,0.26700687
0.35563785,0.3131669,0.37262994,0.2607444
0.0,0.31431752,0.3739889,0.0
0.34343717,0.3190954,0.35584176,0.2728427
0.0,0.31352124,0.37330863,0.26820135
0.34344736,0.31976545,0.35424775,0.27222693
0.35523283,0.0,0.37392536,0.26600015
0.3565761,0.31261322,0.37188655,0.2636233
0.0,0.31122163,0.3783261,0.25734693
0.3525116,0.31397715,0.37417525,0.26151034
0.3483938,0.3117202,0.3712147,0.26021406
0.3554361,0.3133314,0.37454325,0.26638657
0.3563169,0.0,0.37301484,0.26613066
0.3563993,0.3126681,0.372196,0.2642795
0.3585624,0.3247532,0.39461693,0.2524943
0.41373882,0.3583486,0.36915776,0.0
0.3615211,0.3257094,0.39503354,0.25467277
0.3599851,0.32455134,0.3933086,0.24338673
0.35934338,0.3130491,0.36694577,0.24986342
0.34381,0.32003152,0.35765913,0.27340817
0.0,0.3136485,0.3739744,0.26608568
0.34174043,0.0,0.0,0.26685184
0.35609785,0.31398752,0.3737759,0.26414996
0.35644534,0.31300315,0.0,0.26462996
0.36084956,0.32234326,0.39579344,0.24869822
0.361749,0.32494175,0.0,0.25479347
0.36185497,0.32472226,0.39522544,0.25313133
0.3806681,0.34686604,0.3822257,0.26771498
0.35497978,0.3173631,0.37615547,0.26282012
0.35604334,0.31292546,0.3743147,0.26599166
0.38862032,0.35890839,0.40572983,0.25482336
0.38942498,0.3217441,0.36033648,0.3075264
0.35543418,0.31321472,0.37331676,0.2670975
0.0,0.31343982,0.37350306,0.26762217
0.35538,0.31344754,0.3740141,0.26538983
0.35671028,0.31481767,0.37181622,0.26735193
0.35546863,0.31426108,0.37381938,0.26642546
0.35544384,0.31335852,0.0,0.26764104
0.3441263,0.0,0.35531837,0.26997393
0.34226015,0.31995192,0.35633004,0.27325565
0.35602635,0.31285813,0.37464413,0.26652288
0.3430978,0.31902197,0.355532,0.27219424
0.3555766,0.3138389,0.37489453,0.2658124
0.39266133,0.33460784,0.0,0.29663056
0.35203153,0.0,0.3759075,0.26287076
0.35155132,0.31444183,0.3756211,0.0
0.35562444,0.3129264,0.37417904,0.26663065
0.34977254,0.3109583,0.3758683,0.25732395
0.4119196,0.35625312,0.37150672,0.31005728
0.34377968,0.31855565,0.35396454,0.26941124
0.35617748,0.31406823,0.3734117,0.2622346
0.35607108,0.31343326,0.37332338,0.26793382
0.35758388,0.31358165,0.3757522,0.26826063
0.3550226,0.0,0.37516022,0.26307133
0.35479817,0.31413123,0.37451395,0.27083936
0.3619988,0.32490602,0.3919177,0.25221562
0.35242453,0.3134985,0.3697058,0.2544689
0.36375913,0.32546303,0.3896292,0.24752684
0.35685995,0.31255296,0.3718204,0.0
0.35456306,0.31433675,0.37203693,0.2567616
0.35695294,0.31236255,0.3716849,0.25871307
0.0,0.35354757,0.36760074,0.30023327
0.3568194,0.31353128,0.3711253,0.2638372
0.356511,0.3127952,0.37210533,0.2652111
0.35682383,0.31331077,0.0,0.2650821
0.35631585,0.3131845,0.3727068,0.26342636
0.3566983,0.31514293,0.37240943,0.26341945
0.35422036,0.31170765,0.37809733,0.25931215
0.35643715,0.31541374,0.3728751,0.26642665
0.36113325,0.32537377,0.3948076,0.26115042
0.34918106,0.31049615,0.3772103,0.0
0.3557323,0.31310624,0.3731583,0.266552
0.0,0.0,0.3557122,0.26562443
0.0,0.31324437,0.37250718,0.2655874
0.3556366,0.3141171,0.37375587,0.2686356
0.35487714,0.31367737,0.0,0.26974276
0.3556722,0.3136276,0.37293977,0.268016
0.35076147,0.31208682,0.37227044,0.26718286
0.38897023,0.32170084,0.36039823,0.31070125
0.0,0.34611717,0.38374433,0.26789144
0.35532638,0.31332487,0.37369066,0.2710241
0.34284064,0.3203586,0.35418636,0.2737729
0.35207346,0.31308988,0.37452427,0.26459888
0.35559478,0.3134921,0.37323144,0.26919618
0.3889855,0.3232967,0.3613126,0.3085807
0.3552833,0.3132709,0.37385127,0.26872745
0.3551336,0.0,0.37444252,0.264063
0.35544053,0.31332526,0.37473407,0.26625758
0.3487511,0.3106422,0.37789252,0.25866833
0.3527977,0.31407666,0.3781639,0.2595153
0.3616167,0.3254505,0.3951925,0.0
0.0,0.32726094,0.3935842,0.25656283
0.3624963,0.32715836,0.0,0.25616992
0.35409144,0.3114886,0.3785084,0.2635371
0.3551405,0.3131296,0.3744721,0.0
0.35569835,0.31377715,0.37409863,0.26487935
0.3527161,0.3129767,0.373886,0.26530322
0.0,0.3231732,0.36104575,0.31091094
0.389048,0.3222926,0.36048394,0.3083385
0.4014414,0.3637544,0.0,0.3138742
0.35563195,0.31322995,0.0,0.26928964
0.35393512,0.31349117,0.37826464,0.26327282
0.0,0.31321815,0.37612328,0.26813558
0.36173815,0.32514173,0.39355686,0.25794065
0.0,0.31319416,0.37388366,0.2645529
0.35588798,0.31533393,0.37374002,0.26843333
0.3558256,0.3127202,0.37356076,0.26735294
0.35613462,0.31307247,0.37494862,0.26531452
0.354773,0.3146873,0.3764957,0.0
0.0,0.31938696,0.3558318,0.27665672
0.35572904,0.3130714,0.3730055,0.26751256
0.35629946,0.31433502,0.3778472,0.26432005
0.35570738,0.31329593,0.0,0.26440108
0.35154518,0.31361085,0.37649882,0.26665398
0.35461408,0.31336853,0.37747076,0.25975278
0.35530695,0.31350982,0.3756776,0.27064154
0.35522595,0.31356877,0.0,0.27126378
0.35537195,0.31316558,0.37336227,0.0
0.34799108,0.3114903,0.37250113,0.2588614
0.3558422,0.0,0.37429816,0.26636487
0.0,0.3162928,0.35445514,0.2630427
0.34161592,0.31809664,0.35816205,0.26421258
0.3557397,0.3118361,0.38107133,0.25971314
0.35584083,0.31305543,0.37309092,0.2684901
0.35575765,0.31329867,0.37414417,0.2660024
0.36228216,0.32818583,0.39344877,0.2573205
0.3521399,0.3132653,0.37540343,0.0
0.3554993,0.0,0.37293947,0.26925424
0.36090627,0.32552832,0.39541674,0.2602611
0.3616103,0.32566035,0.3934165,0.25798684
0.0,0.0,0.3728636,0.26925725
0.0,0.31536174,0.37318417,0.26925275
0.39174208,0.32040694,0.36334237,0.0
0.3558855,0.3140198,0.37266478,0.26779556
0.38885003,0.32307288,0.36035314,0.30532777
0.35648522,0.0,0.37268358,0.26652047
0.0,0.32056364,0.36433077,0.30568656
0.35250118,0.31304863,0.37461597,0.26576138
0.0,0.3139969,0.375177,0.2704924
0.38066584,0.34654891,0.38283512,0.2656266
0.35573205,0.31304422,0.37320802,0.26921147
0.35537222,0.31331065,0.37400272,0.26439697
0.35526848,0.31352985,0.37432984,0.27231523
0.37784106,0.34685856,0.38720918,0.25670776
0.34316835,0.31890061,0.3558943,0.0
0.35559458,0.31328422,0.37440005,0.0
0.35538658,0.313578,0.37555316,0.27109605
0.36088216,0.3252075,0.3948989,0.25736195
0.3561271,0.0,0.37258044,0.26531652
0.35597634,0.3137685,0.37227604,0.26627788
0.3530305,0.31288025,0.37310967,0.2629616
0.3509061,0.31482723,0.3779091,0.26053002
0.3584979,0.32287976,0.39787838,0.0
0.3564361,0.31321076,0.37373903,0.0
0.35469756,0.31127125,0.37992013,0.25915167
0.36665642,0.35541043,0.3640559,0.26718172
0.3554108,0.3153247,0.0,0.2619818
0.3869602,0.32216457,0.0,0.3031982
0.39009878,0.3220995,0.35925382,0.30813417
0.35557243,0.3132885,0.37629673,0.2702167
0.34375998,0.31899118,0.3544139,0.2731727
0.35389167,0.31150207,0.37851307,0.26258305
0.36159173,0.32506612,0.39395037,0.25766277
0.35563457,0.0,0.37480953,0.2679995
0.3435893,0.31850645,0.35399857,0.26949838
0.34407443,0.31994882,0.35544333,0.2682961
0.35786116,0.0,0.3760382,0.26835865
0.389085,0.3227965,0.3600724,0.3088547
0.35209224,0.31334004,0.3750706,0.26367673
0.35859954,0.3254182,0.3958191,0.25449187
0.35586554,0.31420952,0.0,0.26424134
0.37926462,0.34730062,0.38538954,0.26933166
0.3898812,0.32305297,0.35911557,0.30776104
0.0,0.31241435,0.37286076,0.2643654
0.3552682,0.31408364,0.37575048,0.26561585
0.3574066,0.31344047,0.3764366,0.26766783
0.3565375,0.31573555,0.3731669,0.26483676
0.3523072,0.31437382,0.0,0.26584184
0.36142346,0.32573554,0.3935054,0.259392
0.3544997,0.3145631,0.0,0.27053982
0.35110867,0.0,0.0,0.26469305
0.38621986,0.32223663,0.36262336,0.304043
0.35552308,0.31315008,0.37350768,0.2695648
0.35641077,0.3157381,0.37227446,0.26412708
0.37685725,0.32730377,0.34089312,0.3141691
0.36721516,0.35280976,0.3676422,0.26926416
0.35775757,0.31386283,0.0,0.2652579
0.35042894,0.312823,0.3732357,0.26350138
0.35580775,0.3130762,0.3737826,0.2691279
0.355525,0.31319457,0.0,0.26816455
0.355558,0.31403875,0.37351915,0.26717663
0.35643718,0.31432822,0.37660962,0.26731795
0.3501542,0.31329575,0.38216028,0.26037306
0.3552761,0.31324592,0.37353927,0.26883185
0.357493,0.31347528,0.37543026,0.0
0.35668445,0.31394786,0.37675965,0.2681317
0.0,0.31628105,0.37474918,0.2656265
0.36175206,0.32837072,0.39330488,0.26070216
0.35517824,0.3134342,0.0,0.2709493
0.35808536,0.0,0.39674258,0.25788304
0.3551804,0.3134088,0.37358394,0.26946127
0.0,0.0,0.3562743,0.26845828
0.35581332,0.31354165,0.37394667,0.2664308
0.38297975,0.3472932,0.38488132,0.25975823
0.35574082,0.31283098,0.375429,0.25457954
0.35534307,0.31366313,0.37478986,0.26453704
0.35784048,0.0,0.3764998,0.26191396
0.35676804,0.3130772,0.37229645,0.25891683
0.34595183,0.3185589,0.35517427,0.26371738
0.35122705,0.3121399,0.0,0.2605737
0.0,0.3146689,0.0,0.2620282
0.35433128,0.31394675,0.37633044,0.2627399
0.33765307,0.3182533,0.3580703,0.0
0.0,0.31213313,0.38066334,0.25871408
0.35575593,0.31312522,0.37252706,0.26734677
0.36143705,0.32523647,0.39384276,0.2576882
0.35634014,0.3153429,0.37192044,0.0
0.35518965,0.31351802,0.37532416,0.27131405
0.35351178,0.31500778,0.37174574,0.26001137
0.35522446,0.3136387,0.3745048,0.0
0.3560202,0.0,0.0,0.26710317
0.3949845,0.0,0.38088804,0.29861864
0.35577825,0.31365553,0.37397137,0.26601666
0.3573595,0.31397444,0.37642726,0.2682595
0.3555218,0.3131668,0.3733865,0.26495245
0.37874874,0.3491338,0.0,0.2593374
0.0,0.34656537,0.38417193,0.26375872
0.35547397,0.3133779,0.37394518,0.27056938
0.37839,0.34806365,0.38375622,0.26330596
0.35729343,0.31364718,0.0,0.26807812
0.35682845,0.31492886,0.37316775,0.26514864
0.3548922,0.31536213,0.37533635,0.0
0.3555016,0.31319562,0.37339798,0.0
0.35634664,0.3148575,0.37849116,0.26891306
0.38014656,0.0,0.38241702,0.0
0.3577434,0.3116198,0.36859447,0.2499728
0.3530151,0.3134319,0.37500185,0.2603453
0.3805608,0.34657225,0.38389695,0.0
0.36178523,0.3249838,0.39199734,0.2561861
0.35664687,0.31278986,0.3733606,0.2610298
0.35756037,0.3124001,0.37247005,0.25993967
0.39051625,0.32148448,0.36017257,0.0
0.34133276,0.31734923,0.35527107,0.26150173
0.3521647,0.0,0.3758025,0.26680824
0.36288247,0.32760355,0.39086664,0.0
0.35700944,0.3124473,0.37304434,0.26179847
0.0,0.31289095,0.37074286,0.2604426
0.35237846,0.31245062,0.36972362,0.2588138
0.3966073,0.33408788,0.37866,0.2956142
0.3551678,0.31361535,0.37545884,0.26448157
0.3578456,0.0,0.0,0.26424846
0.37406227,0.36369517,0.3863591,0.2551495
0.3514504,0.3129672,0.37117875,0.26057816
0.35413906,0.31571847,0.37788695,0.26624325
0.3426095,0.3200652,0.0,0.0
0.35294613,0.31274137,0.37349144,0.26374725
0.3523973,0.31326464,0.37456203,0.26163515
0.35634217,0.31516233,0.3730308,0.26664722
0.35752434,0.31355062,0.37546134,0.26767683
0.35564744,0.3131065,0.3734209,0.26742113
0.355506,0.3148622,0.375711,0.2636472
0.35527447,0.3133862,0.37418088,0.26457617
0.38981843,0.32452154,0.3602262,0.3043871
0.38990214,0.32241198,0.36518064,0.30084476
0.354996,0.3135904,0.37462488,0.2682697
0.35104123,0.31211582,0.37181482,0.26529574
0.35134432,0.31158248,0.37198356,0.264393
0.38973054,0.0,0.36272648,0.30914333
0.34808743,0.31199175,0.37192625,0.26074478
0.35595712,0.31156862,0.38014436,0.25888595
0.35578483,0.31332418,0.3737065,0.26647836
0.41583902,0.3549278,0.3735172,0.3032126
0.35523635,0.3134362,0.0,0.2670007
0.35617822,0.31348458,0.37326807,0.0
0.35516074,0.3136992,0.37546638,0.26363748
0.35573813,0.31362402,0.37311962,0.26703396
0.35561928,0.31386805,0.37435466,0.2644266
0.3560309,0.0,0.3729845,0.0
0.34313327,0.32028985,0.35379538,0.27124926
0.3566956,0.32460913,0.3935905,0.25329024
0.41570377,0.3548987,0.37440643,0.30984902
0.34636346,0.3096757,0.37717524,0.2568743
0.35653982,0.31506684,0.37153816,0.25987405
0.0,0.0,0.37362418,0.26882988
0.35392734,0.31237075,0.37094966,0.25762287
0.38015446,0.32628256,0.33757722,0.2930612
0.38208202,0.0,0.3818933,0.25682667
0.3560495,0.31586096,0.37326577,0.26472023
0.3395237,0.0,0.359713,0.2617537
0.35604304,0.3137869,0.37394956,0.26489946
0.35607484,0.31694007,0.37414026,0.26336384
0.3577586,0.3137844,0.3750265,0.26368436
0.3572133,0.31372735,0.0,0.26605803
0.3603958,0.0,0.39841595,0.2519036
0.38986984,0.32164407,0.35960507,0.0
0.35622045,0.3129504,0.37238696,0.2650572
0.3585702,0.3154429,0.37459764,0.0
0.35580015,0.31350917,0.0,0.26889282
0.35650742,0.0,0.37409884,0.26618493
0.3560515,0.31282458,0.37290457,0.2663447
0.35568234,0.31304184,0.3743356,0.26751548
0.35121572,0.3123509,0.37227932,0.2628554
0.35232142,0.3137029,0.37513787,0.26038253
0.35497588,0.3149952,0.37524822,0.26523027
0.35564178,0.0,0.3738504,0.26613298
0.36105856,0.32581314,0.3952721,0.2573308
0.35302827,0.312519,0.37306702,0.2626318
0.35749915,0.31346834,0.3761135,0.2677313
0.34715608,0.31264892,0.3738247,0.26012892
0.3524684,0.31298873,0.0,0.26554167
0.34838933,0.31174862,0.37325424,0.25789422
0.35444584,0.31125063,0.37882116,0.0
0.3560848,0.3162048,0.37338656,0.26503146
0.35500908,0.31345072,0.0,0.2716309
0.3557882,0.31302357,0.3736435,0.26802304
0.35762456,0.31440708,0.36971495,0.2592478
0.41494572,0.3542914,0.36911416,0.30817568
0.0,0.31320402,0.37654895,0.26840636
0.35671225,0.31519184,0.37331352,0.2677487
0.38106057,0.34842443,0.38261926,0.26864088
0.3516796,0.3142736,0.37593943,0.2612597
0.38040093,0.34819213,0.38277054,0.0
0.378013,0.34877563,0.38293263,0.2621244
0.0,0.31308937,0.37390804,0.26746237
0.35498324,0.31373462,0.0,0.271539
0.3431992,0.3191249,0.3552343,0.27096173
0.3560957,0.31359383,0.37266928,0.2656032
0.35638484,0.31308,0.37178198,0.26078716
0.3815197,0.34749344,0.38178584,0.26593435
0.37510285,0.32737738,0.34218502,0.30952165
0.35153434,0.31274426,0.3718129,0.26337057
0.3547076,0.31110638,0.37789217,0.26112613
0.0,0.0,0.37789598,0.2616142
0.35501933,0.31458429,0.3750021,0.26570016
0.35661978,0.3148462,0.37186083,0.0
0.35562414,0.313118,0.37334064,0.0
0.36353076,0.3250534,0.39627853,0.2535173
0.354721,0.31461993,0.37645257,0.2645232
0.3561858,0.31535026,0.37279937,0.26218116
0.3559915,0.3132483,0.37413704,0.2658932
0.35585424,0.31304705,0.37316042,0.26909527
0.35592666,0.3139292,0.37271178,0.26812908
0.35605913,0.31295612,0.37250748,0.0
0.38050935,0.34573215,0.38277915,0.26531124
0.35225916,0.31079662,0.37728903,0.24706265
0.35267362,0.31101662,0.37630665,0.25196517
0.35715255,0.31248078,0.37161553,0.2607453
0.35683858,0.0,0.37179735,0.26464126
0.35665867,0.31330132,0.37333357,0.26545903
0.35542217,0.31378198,0.0,0.2713037
0.36217573,0.32457018,0.39295673,0.25688118
0.35628605,0.3132132,0.37343568,0.2660305
0.38039866,0.34712416,0.38470513,0.0
0.0,0.3126197,0.0,0.0
0.34357733,0.31894383,0.35461774,0.27131233
0.36165643,0.32517445,0.39550444,0.0
0.35603198,0.3128045,0.37259236,0.2669187
0.35562226,0.31293145,0.37281477,0.26553997
0.36206877,0.32583758,0.39267275,0.25687513
0.3562646,0.31523412,0.37255445,0.2697123
0.3549008,0.31378436,0.3775575,0.26353073
0.38965833,0.32205325,0.0,0.30854204
0.35575783,0.31305385,0.0,0.26888436
0.33491594,0.31664762,0.35551003,0.0
0.3557414,0.31308764,0.37305382,0.26888382
0.35730368,0.31321532,0.37638146,0.2675564
0.35554668,0.3131654,0.37341905,0.26880243
0.3551441,0.3137363,0.37379456,0.2725031
0.35761127,0.31204945,0.37034577,0.25469762
0.35551718,0.31473538,0.37560245,0.0
0.3544621,0.31311315,0.0,0.25849852
0.3561375,0.31415024,0.37257892,0.2668392
0.38108495,0.34545687,0.38267314,0.2640077
0.39040506,0.32230917,0.35858914,0.0
0.3559235,0.3137694,0.373081,0.26357862
0.3557284,0.3136887,0.3731697,0.0
0.35625583,0.31332064,0.37295732,0.26311404
0.3554461,0.0,0.37479135,0.26427492
0.35578746,0.3135061,0.3736613,0.2682867
0.3805692,0.3456497,0.38228142,0.2668534
0.35374963,0.3142909,0.37719584,0.26729178
0.37825838,0.34868118,0.38402247,0.26087648
0.0,0.3118819,0.37147465,0.261977
0.35573587,0.31415048,0.37277025,0.26620248
0.35596737,0.3129142,0.37409815,0.26554343
0.34493563,0.31898186,0.35641524,0.2678443
0.34220108,0.32080993,0.35626224,0.2743299
0.35596249,0.31284294,0.37514797,0.26659608
0.0,0.31898206,0.35518277,0.27103078
0.3547107,0.31102893,0.3769714,0.26022902
0.35329527,0.31296054,0.3772431,0.25894377
0.38086307,0.0,0.38357723,0.264444
0.35046896,0.31344637,0.37255096,0.26361254
0.3546159,0.3133086,0.37755772,0.2632775
0.35433924,0.314552,0.0,0.26811832
0.35538474,0.31398097,0.37462527,0.2632048
0.3555774,0.313333,0.37386307,0.26422495
0.35567617,0.31324857,0.3734875,0.0
0.36181304,0.3256338,0.3935176,0.25805223
0.3557744,0.31312013,0.37336093,0.26695806
0.35583937,0.31302464,0.373365,0.26818892
0.35585126,0.0,0.37535718,0.26473325
0.35583872,0.31323242,0.37238204,0.26775983
0.3555229,0.31320298,0.0,0.2695216
0.35538995,0.31391427,0.37558538,0.0
0.35709125,0.31367052,0.37637854,0.2681175
0.35566205,0.0,0.37412724,0.26783383
0.35639608,0.31406122,0.3773809,0.2656688
0.3556611,0.3133978,0.37305942,0.269162
0.35791087,0.31603432,0.37477696,0.2678213
0.35573015,0.31316155,0.37327874,0.26707402
0.3547926,0.0,0.3745483,0.0
0.35561797,0.3134842,0.37308046,0.0
0.35297474,0.0,0.37341765,0.26437718
0.3431129,0.31889772,0.35489872,0.27192217
0.38273013,0.34794107,0.38551113,0.2587484
0.35595393,0.3136234,0.0,0.0
0.3500176,0.3136196,0.37337756,0.2673255
0.35180792,0.31354314,0.37562576,0.2669187
0.3556745,0.3140146,0.37365103,0.0
0.0,0.0,0.0,0.26514664
0.3493937,0.3311898,0.3743138,0.0
0.35914883,0.32527393,0.3954453,0.25299174
0.3500377,0.31348762,0.0,0.26549384
0.35552004,0.313186,0.3735773,0.26898295
0.0,0.32566315,0.39327314,0.0
0.3552477,0.0,0.3740396,0.26887023
0.37955257,0.34682202,0.38338467,0.26578018
0.35551006,0.3133395,0.37368628,0.26883882
0.38253576,0.34790325,0.38554707,0.26498806
0.35550606,0.0,0.3726376,0.26827863
0.38038504,0.3481605,0.3831699,0.27149686
0.35574427,0.31325808,0.3743843,0.26664823
0.3540822,0.31144455,0.3777685,0.2615095
0.38628078,0.3222911,0.35768536,0.31343254
0.34340698,0.31880656,0.354871,0.0
0.38314056,0.3475143,0.38581648,0.26450753
0.35621232,0.3126868,0.37392533,0.2660576
0.35541305,0.31677786,0.3736582,0.26473844
0.35574833,0.31428632,0.37298623,0.26942787
0.35499266,0.31366017,0.37536162,0.26814026
0.3579315,0.31639192,0.37545368,0.2656552
0.0,0.3118804,0.37285593,0.261206
0.35525277,0.3136189,0.0,0.26702997
0.38023663,0.3458296,0.38376033,0.26633975
0.3556747,0.313016,0.0,0.26845986
0.3560795,0.31287768,0.37303966,0.26521516
0.35604912,0.31345424,0.37416732,0.26466423
0.36202702,0.3285301,0.3938447,0.25696963
0.0,0.313741,0.3768077,0.2644383
0.3581724,0.31479222,0.37420428,0.2652219
0.35210866,0.31416696,0.3745288,0.263583
0.33756036,0.31741688,0.35795194,0.2617416
0.3887889,0.32207435,0.0,0.3094382
0.0,0.31333557,0.3733972,0.2662263
0.35599524,0.31307536,0.37393755,0.26711452
0.34008884,0.31774923,0.35617346,0.26629996
0.3782059,0.34894967,0.38339937,0.26476544
0.3563057,0.3153486,0.37370634,0.26736966
0.3556626,0.31324455,0.37527648,0.26865077
0.36056235,0.3255812,0.3959257,0.2570848
0.3892506,0.3245772,0.35959426,0.31120536
0.3556529,0.31359437,0.37287536,0.26787257
0.34269384,0.31904784,0.3548955,0.27366468
0.0,0.32496998,0.39480096,0.25919655
0.3545486,0.0,0.37535873,0.26840743
0.38523945,0.3583118,0.4048147,0.0
0.34992042,0.31439555,0.37307692,0.26475474
0.35508615,0.314291,0.37422884,0.0
0.3549893,0.31351602,0.3744817,0.2677621
0.35168257,0.31451505,0.37556428,0.26316
0.3778093,0.34960812,0.38456067,0.2663898
0.35496935,0.31354207,0.37535745,0.0
0.35608914,0.31544107,0.3785891,0.0
0.35721812,0.31494913,0.37238753,0.26005304
0.3515855,0.31180012,0.37796295,0.25562626
0.35626513,0.31283042,0.37267318,0.26537755
0.35587284,0.31314316,0.37363467,0.26921728
0.35543722,0.31453472,0.0,0.26816964
0.38982633,0.3230456,0.36537424,0.3074057
0.3504097,0.31425193,0.37175918,0.26925617
0.35564283,0.3130053,0.3742161,0.0
0.0,0.35473165,0.3707274,0.31290743
0.35602736,0.31259224,0.37331468,0.26680073
0.35496253,0.31365332,0.3746179,0.0
0.35511044,0.31515265,0.0,0.26269728
0.35462758,0.31461042,0.37680638,0.26884177
0.35563716,0.31462058,0.0,0.26193374
0.38884515,0.3224452,0.36017227,0.3111574
0.3553435,0.31334597,0.37544277,0.2682612
0.3557569,0.3134356,0.37388757,0.2692895
0.35257813,0.31300822,0.37536976,0.2651759
0.3546707,0.31195053,0.37832844,0.25876468
0.35478118,0.3136308,0.37431946,0.2725628
0.35473308,0.3140364,0.3758627,0.0
0.35606626,0.0,0.3742685,0.27234453
0.35887066,0.31242734,0.37323156,0.26003668
0.3559293,0.31424263,0.37388927,0.0
0.36193296,0.32536218,0.39294025,0.25762072
0.35259828,0.31364474,0.3756319,0.26394913
0.35573372,0.3133631,0.37283105,0.2700891
0.35590684,0.31418425,0.38185653,0.2616247
0.35516268,0.31400758,0.37400958,0.2671872
0.0,0.31171915,0.0,0.26271588
0.34279743,0.319886,0.35818005,0.0
0.38012916,0.0,0.3853497,0.0
0.35544404,0.31325555,0.37364253,0.0
0.35536864,0.31379393,0.37382168,0.2653783
0.35629737,0.31318688,0.0,0.2669046
0.35517848,0.31413165,0.37509045,0.26753163
0.0,0.32183614,0.3649274,0.30303386
0.3555287,0.31317517,0.3735604,0.0
0.35316756,0.31498912,0.3731171,0.2655884
0.37786672,0.34873685,0.38522148,0.25980106
0.0,0.31401014,0.3735516,0.26347643
0.35016054,0.31361276,0.37358487,0.26087254
0.3508751,0.3115139,0.38005108,0.2589931
0.36123708,0.3255161,0.39408746,0.25820234
0.35461703,0.31110048,0.3778578,0.26223883
0.3557324,0.31355184,0.37370142,0.26755252
0.35557395,0.31338197,0.37505665,0.26861355
0.37615386,0.32801902,0.34196046,0.31400073
0.35573077,0.31454912,0.37226364,0.26707447
0.35612908,0.31280342,0.37239817,0.26500207
0.3873553,0.32123038,0.3572182,0.308713
0.35589856,0.3130323,0.37307936,0.0
0.35703632,0.31208745,0.37060228,0.25983235
0.3508797,0.31480068,0.3712769,0.2592606
0.3559887,0.31391385,0.37265563,0.26506838
0.38028696,0.3461854,0.38375685,0.0
0.35491696,0.3158598,0.3749614,0.26994494
0.3561943,0.31620547,0.3738051,0.27029744
0.35576245,0.31349173,0.37284774,0.27049047
0.35596395,0.31350574,0.37365204,0.2664573
0.38782105,0.32136816,0.36135626,0.30318037
0.35607088,0.3130611,0.0,0.26599282
0.36044937,0.32239413,0.39713156,0.2515383
0.3566389,0.0,0.37246296,0.2682584
0.35599834,0.3127047,0.3735497,0.26724565
0.38059053,0.34772512,0.38225746,0.26648515
0.39003107,0.32160628,0.36301506,0.3061229
0.3491749,0.3102935,0.37772784,0.26378065
0.35512853,0.0,0.3741696,0.2730744
0.35566396,0.31505755,0.37278253,0.0
0.34978724,0.3310441,0.0,0.25807425
0.35528275,0.31342044,0.3755906,0.0
0.356203,0.31609157,0.37363034,0.26602352
0.36248094,0.326696,0.39358065,0.25615227
0.3801904,0.34674463,0.38464713,0.26428044
0.3540686,0.31351122,0.37713093,0.26014137
0.3559678,0.31287542,0.37274107,0.2648823
0.3586374,0.32863405,0.39442706,0.25005555
0.35470024,0.3135218,0.37891853,0.26072493
0.35590553,0.0,0.37301517,0.0
0.35589924,0.31326222,0.37297216,0.2682308
0.34756383,0.31175417,0.37281987,0.26057258
0.35559517,0.31303215,0.3734147,0.26737732
0.0,0.3126699,0.37219742,0.26521558
0.35564348,0.31341904,0.37318173,0.26789033
0.3542172,0.3110392,0.37900645,0.26407894
0.3556721,0.31364623,0.37341887,0.26902035
0.0,0.3258996,0.39444634,0.25768983
0.3551446,0.3134094,0.0,0.26529524
0.0,0.31160474,0.38070607,0.25922713
0.35592172,0.31324965,0.0,0.26655865
0.0,0.3132571,0.3738674,0.0
0.3561531,0.3151133,0.37364498,0.26880214
0.35553497,0.3130756,0.37310427,0.267658
0.38080832,0.34672192,0.38274872,0.2649961
0.35564196,0.31313378,0.37356868,0.269258
0.3520002,0.31389606,0.0,0.0
0.35066146,0.31289437,0.3730109,0.26454344
0.0,0.31444213,0.37155285,0.0
0.36553907,0.35487255,0.3648617,0.26912245
0.34265465,0.3191724,0.35483482,0.27526307
0.3888668,0.3218185,0.36020207,0.30836067
0.380202,0.3465846,0.38322574,0.26819065
0.0,0.31350508,0.37257013,0.26921296
0.0,0.31207052,0.37231717,0.26596507
0.35536447,0.31314337,0.3734507,0.26889247
0.3383602,0.31808817,0.35542145,0.26693043
0.38032046,0.34696358,0.3830223,0.2684091
0.0,0.31347823,0.3734134,0.26237097
0.3581145,0.0,0.37059116,0.2577442
0.3566816,0.31258303,0.0,0.26310474
0.35675213,0.31284723,0.3712343,0.2626274
0.35801616,0.31169173,0.3696562,0.2518994
0.35547626,0.3139752,0.0,0.2651555
0.39028704,0.32199094,0.3606852,0.30596924
0.34921655,0.33154523,0.37720624,0.25789788
0.3815603,0.34765404,0.3823325,0.26604468
0.3572719,0.0,0.39249918,0.25452948
0.35471526,0.3116259,0.37877136,0.26305294
0.39002004,0.32155254,0.36348814,0.30679423
0.34295994,0.31994063,0.35503647,0.27228153
0.35101676,0.3139065,0.37107003,0.2665773
0.35587084,0.31291226,0.3734137,0.26382065
0.35500303,0.31372625,0.374218,0.27166456
0.35531473,0.31365845,0.37416226,0.2656758
0.3445424,0.31897387,0.35586613,0.26646522
0.3551161,0.31324768,0.37784252,0.26068974
0.35881993,0.31640735,0.375465,0.26246262
0.39020753,0.32360202,0.35946152,0.30797085
0.35645923,0.31274277,0.37205985,0.26486352
0.35598204,0.31320935,0.3736433,0.0
0.3562494,0.31528988,0.3726197,0.2672731
0.34079447,0.31771126,0.35634896,0.26439503
0.3556734,0.31311336,0.3731126,0.26829302
0.0,0.0,0.39275596,0.2541604
0.0,0.312194,0.37342307,0.26147285
0.3806149,0.34777588,0.38622564,0.2600875
0.35513452,0.31081426,0.37782955,0.25867432
0.0,0.32533577,0.0,0.24919936
0.35307673,0.31352592,0.3756606,0.26231694
0.3939282,0.3334002,0.3772318,0.29503444
0.35628724,0.31310228,0.0,0.26542446
0.3796719,0.34667817,0.38623354,0.26770315
0.35480833,0.0,0.37780452,0.2617921
0.35341874,0.3154626,0.0,0.26279753
0.3555668,0.31379935,0.37331474,0.0
0.35742927,0.3140818,0.37536746,0.26694912
0.36172116,0.3246458,0.3934912,0.2543565
0.3804851,0.0,0.3833984,0.2660197
0.34260905,0.31963894,0.3567042,0.27065915
0.3541005,0.31109682,0.37900364,0.26463112
0.0,0.0,0.37619647,0.26514506
0.35148275,0.31102434,0.0,0.257636
0.34991166,0.33279485,0.37531066,0.26262417
0.36144036,0.3250709,0.395003,0.2592319
0.3626112,0.32415622,0.3925485,0.25151122
0.355928,0.3129438,0.37277678,0.26532808
0.3566771,0.0,0.3716879,0.26387608
0.3575013,0.31331465,0.37148324,0.25405073
0.35878444,0.0,0.37281004,0.2590557
0.351768,0.3087255,0.37357798,0.25032297
0.35931402,0.3128072,0.3741323,0.0
0.35612354,0.0,0.3747379,0.26957688
0.35653314,0.31288576,0.3721653,0.26370373
0.0,0.3455895,0.38205877,0.26653597
0.3902407,0.32168987,0.35962912,0.30681396
0.35704473,0.31534266,0.3730712,0.26551998
0.35626042,0.31397977,0.37276077,0.26187956
0.39582032,0.3332672,0.3797284,0.29218584
0.36183256,0.32457924,0.39333713,0.25487998
0.35194775,0.0,0.37138087,0.26144576
0.35575485,0.3142377,0.0,0.25559762
0.0,0.31307378,0.3750184,0.25968653
0.37959662,0.34654292,0.0,0.26919907
0.35586083,0.31313762,0.37340072,0.26881662
0.35516867,0.31353366,0.374758,0.26289564
0.35583413,0.31308433,0.3732002,0.0
0.35096052,0.3124873,0.37186795,0.26678276
0.35545784,0.31412354,0.3731091,0.26971874
0.35522085,0.31461993,0.37278977,0.2705024
0.3555846,0.31316718,0.37334687,0.26845917
0.37412426,0.32739216,0.34000206,0.31465757
0.35877305,0.3254675,0.39662045,0.25383446
0.35507163,0.31367773,0.3741728,0.26510394
0.3557593,0.31379995,0.373418,0.26839992
0.3575083,0.32400513,0.39164233,0.25200996
0.3514607,0.31190783,0.3711834,0.26373163
0.3429571,0.3192239,0.3556118,0.26929343
0.3802826,0.0,0.3848917,0.264953
0.35579062,0.3130326,0.3730424,0.26577306
0.35557327,0.31478772,0.37287956,0.2687345
0.3429135,0.31947422,0.3555212,0.27042374
0.37366638,0.36362043,0.38444507,0.26124385
0.35510087,0.313438,0.0,0.0
0.34987605,0.31325328,0.37438947,0.26021773
0.355847,0.3131314,0.3735833,0.2678642
0.35592934,0.0,0.3730279,0.26804683
0.3617026,0.32638773,0.39383987,0.25430372
0.38960254,0.3225605,0.0,0.3013581
0.38106403,0.34550893,0.3822981,0.26387733
0.35599735,0.31304517,0.3742417,0.26761994
0.35510546,0.3138167,0.37417248,0.27208742
0.3556868,0.31319433,0.37372124,0.0
0.35496846,0.31435156,0.37395093,0.0
0.39067215,0.3210142,0.36505303,0.3113882
0.38905016,0.32207504,0.35996923,0.0
0.352134,0.31324643,0.3745189,0.0
0.0,0.31912607,0.355064,0.27495548
0.0,0.3129032,0.37284654,0.26653987
0.35545462,0.31329474,0.3735205,0.26825866
0.35105535,0.33244994,0.3748567,0.26165602
0.38026983,0.3459019,0.38359198,0.0
0.3531098,0.31209704,0.37373713,0.26192105
0.37654898,0.34964168,0.38495123,0.25851274
0.3544952,0.3154204,0.37563273,0.26886314
0.35558185,0.3137661,0.37461233,0.26562446
0.39014447,0.3216825,0.36261338,0.0
0.37518138,0.35189602,0.3859377,0.25470915
0.35587534,0.31312874,0.37406048,0.26636317
0.3437389,0.3188979,0.35513985,0.26950756
0.3551534,0.31092107,0.0,0.25741732
0.35091957,0.3124937,0.0,0.26328883
0.35581,0.0,0.37501612,0.2621169
0.3560511,0.3129245,0.3727526,0.0
0.35566112,0.31324932,0.37382787,0.26732445
0.3547399,0.3144417,0.37577826,0.2708764
0.38912287,0.32160693,0.3599875,0.3088918
0.35582656,0.31345835,0.37402028,0.26857612
0.36187044,0.32589927,0.39243317,0.0
0.36149678,0.3266525,0.39579934,0.25084746
0.0,0.33117372,0.3750712,0.2612081
0.35602805,0.3137457,0.37223345,0.26575845
0.35285407,0.31455684,0.37311366,0.0
0.3598689,0.32289168,0.39830545,0.25151965
0.35019255,0.31521058,0.0,0.26241067
0.0,0.32093188,0.35647792,0.0
0.36034343,0.32607782,0.39653423,0.25822818
0.35560384,0.313535,0.0,0.2669066
0.0,0.31508473,0.37342918,0.26566002
0.3565218,0.31539723,0.37395784,0.26638412
0.3556599,0.31347615,0.37289032,0.2680265
0.3570828,0.3126671,0.37105796,0.26026136
0.35579437,0.31316534,0.37427834,0.0
0.35344398,0.314898,0.37294793,0.26154512
0.35633,0.31293893,0.37306046,0.26640832
0.3556378,0.31325412,0.3729513,0.26816612
0.3558211,0.313322,0.37333563,0.0
0.38898727,0.32214028,0.0,0.31334007
0.35277653,0.31232727,0.37558183,0.26397187
0.35571095,0.31554553,0.37494805,0.2648662
0.38934553,0.3215783,0.35987976,0.3108476
0.35402808,0.3114476,0.37928116,0.26065803
0.3556722,0.31381118,0.372925,0.26749778
0.3443656,0.3210382,0.35520726,0.2679263
0.38610274,0.3204443,0.36121878,0.30255845
0.3888791,0.32208848,0.36147255,0.30820775
0.0,0.34665123,0.38342375,0.26467472
0.38721564,0.32314995,0.3562994,0.30671826
0.3821836,0.34764674,0.38683504,0.26407385
0.35560104,0.31312677,0.37370732,0.2653707
0.3562263,0.31352782,0.373825,0.26209685
0.35823336,0.31410202,0.37571833,0.0
0.35629463,0.3127076,0.3720005,0.26318553
0.41469052,0.35803056,0.36882603,0.30367005
0.3562484,0.31278706,0.3722592,0.2651013
0.38077283,0.34746733,0.3838551,0.0
0.380573,0.34687376,0.38457,0.26396945
0.35548237,0.31423983,0.37480575,0.26355422
0.0,0.32572252,0.39385888,0.2565279
0.35531107,0.3137665,0.372952,0.26544976
0.35598186,0.31325752,0.37199122,0.26730323
0.35528907,0.3134771,0.3744444,0.0
0.4124011,0.35587704,0.37059164,0.30714163
0.35204586,0.3128199,0.37569797,0.26241022
0.0,0.3456947,0.38312444,0.0
0.3554461,0.31366485,0.37359965,0.2653145
0.35554597,0.3130493,0.37304738,0.2665453
0.38879293,0.32290703,0.3635026,0.30781546
0.0,0.32599664,0.3959372,0.25626794
0.35536996,0.31326106,0.37358496,0.26727694
0.35988685,0.0,0.0,0.25237575
0.35500917,0.31346318,0.37567702,0.2661482
0.3943093,0.33417663,0.3828612,0.2956984
0.35330302,0.31537318,0.37239993,0.0
0.34832215,0.31513187,0.37802276,0.25974432
0.3432283,0.31886476,0.0,0.2725606
0.35524,0.0,0.37533706,0.26479548
0.35913086,0.3253796,0.39709878,0.2513499
0.35528314,0.31503353,0.0,0.0
0.35519353,0.31359452,0.37563214,0.27024397
0.35600665,0.31376758,0.37249184,0.26674506
0.35564905,0.3135029,0.0,0.26766044
0.35564107,0.31579986,0.0,0.27179253
0.0,0.31314117,0.3734472,0.26970914
0.3460691,0.33214962,0.3797813,0.25753862
0.35692537,0.3142214,0.3779827,0.2623744
0.35446304,0.0,0.0,0.26649103
0.37988988,0.34693825,0.38459036,0.2655346
0.0,0.32259443,0.35961533,0.31081954
0.35591677,0.31422412,0.37238544,0.26640022
0.3562567,0.3151838,0.37323642,0.2666497
0.35681385,0.31389126,0.3766419,0.2719375
0.3862797,0.36071348,0.4038533,0.25475812
0.35415927,0.31127003,0.37835193,0.2615656
0.35387206,0.31203976,0.37134987,0.25617045
0.3810442,0.34594646,0.38114583,0.26130784
0.3577626,0.31431454,0.37470177,0.0
0.37918788,0.34515285,0.38864815,0.26547894
0.35294423,0.3136272,0.37315345,0.26179308
0.35329354,0.31387252,0.3739072,0.26033142
0.3539048,0.0,0.0,0.2668487
0.35442847,0.31320158,0.3762825,0.26414892
0.3553064,0.0,0.3741349,0.2659134
0.35421386,0.3155158,0.37942523,0.2592246
0.35721773,0.3279635,0.39174426,0.2537388
0.35526532,0.31330648,0.37389854,0.27096003
0.33826673,0.31814644,0.3533085,0.0
0.35588208,0.3131985,0.3729574,0.2654943
0.35591087,0.31315708,0.37274125,0.26773933
0.3619082,0.3248864,0.3954149,0.25594422
0.35554147,0.3133369,0.37385038,0.0
0.35536614,0.31315583,0.37352,0.27043468
0.35513464,0.31334943,0.3740411,0.27174583
0.35413697,0.3135062,0.37866923,0.2646921
0.34204328,0.3195345,0.3561491,0.27477852
0.3503822,0.3125569,0.37276182,0.2682276
0.0,0.3210002,0.0,0.27189025
0.35546225,0.31349933,0.37316388,0.26952338
0.3519141,0.3137699,0.37585792,0.26045582
0.35554504,0.31400436,0.37351263,0.26918033
0.38059673,0.0,0.390369,0.2554901
0.35114917,0.3117808,0.37253127,0.26308304
0.35554713,0.31307623,0.37323496,0.0
0.35458294,0.31118533,0.0,0.262909
0.35291204,0.0,0.374636,0.26394254
0.35747376,0.31330192,0.37558234,0.26621616
0.3905111,0.32091174,0.35850796,0.3020456
0.36391994,0.35467023,0.37001917,0.25753927
0.35692716,0.3159597,0.0,0.26407087
0.3529088,0.31294426,0.37379992,0.26034898
0.35531524,0.31369013,0.0,0.27171275
0.35337117,0.31272185,0.37303218,0.26291075
0.35009426,0.3095599,0.3772824,0.25939167
0.3563811,0.31379855,0.3725304,0.26535472
0.3563082,0.31291312,0.3732009,0.26638865
0.35262284,0.3129013,0.0,0.26557052
0.34260398,0.31983998,0.35662848,0.26928657
0.3629506,0.3245569,0.39510202,0.25558758
0.3395046,0.3183276,0.35808954,0.26109517
0.35597363,0.31448132,0.37388417,0.2635197
0.35642046,0.31316805,0.3724657,0.26547468
0.0,0.31155995,0.37218347,0.26468113
0.3618903,0.32458526,0.39309952,0.25641388
0.35622475,0.0,0.37303564,0.26181352
0.35142773,0.3133235,0.37077588,0.2626276
0.35704768,0.3143175,0.37661278,0.27064994
0.0,0.31319758,0.37852022,0.25521526
0.35561135,0.3137495,0.3740835,0.0
0.41430432,0.35440955,0.36899555,0.3082771
0.3562628,0.31373176,0.37263882,0.2658332
0.0,0.31299996,0.37311462,0.2681812
0.3559489,0.3132533,0.37190518,0.26670167
0.38733354,0.3599504,0.40117148,0.25514176
0.35662758,0.3235603,0.40143162,0.0
0.35506615,0.0,0.37550306,0.27083486
0.35387483,0.0,0.37988383,0.2613042
0.38859397,0.32226598,0.0,0.31303486
0.35576797,0.31318527,0.37417528,0.26868716
0.35547125,0.31319013,0.3735363,0.26622653
0.38935462,0.3218594,0.36141878,0.3072754
0.3543117,0.31126633,0.37826312,0.0
0.3535342,0.31186607,0.3793206,0.0
0.36856282,0.0,0.36506993,0.27091587
0.35823062,0.31510466,0.3753191,0.26760277
0.34304902,0.31919295,0.35590816,0.27080536
0.35086885,0.31220502,0.37283623,0.2626
0.3550785,0.31328452,0.0,0.26682395
0.3555822,0.31351012,0.37339348,0.26663795
0.34300187,0.0,0.3549463,0.27362004
0.3788523,0.35063577,0.38204435,0.26239493
0.35565987,0.3130814,0.37435743,0.26594177
0.38790137,0.32272422,0.3631178,0.31183928
0.35086367,0.0,0.37141314,0.2657599
0.35580567,0.31295532,0.37295377,0.0
0.35229656,0.31307808,0.37430692,0.26165906
0.35143504,0.0,0.37058005,0.26479825
0.34217286,0.3191675,0.35757083,0.26777992
0.39515117,0.33363247,0.38061056,0.2983416
0.35595122,0.3131829,0.37381998,0.26719013
0.0,0.31324276,0.37373263,0.27052128
0.35207823,0.3133675,0.37451342,0.26138955
0.0,0.31851882,0.3550333,0.26861364
0.0,0.31291676,0.3728748,0.0
0.35535446,0.31314316,0.37327185,0.26920322
0.35571298,0.31348652,0.0,0.26885495
0.35752591,0.31352457,0.37618402,0.2677245
0.35501462,0.31362495,0.3746969,0.27204588
0.0,0.0,0.0,0.26727173
0.38018748,0.34596568,0.3841876,0.265542
0.36160037,0.32550117,0.39417496,0.25817436
0.35144818,0.312391,0.37165192,0.26081166
0.36862108,0.3530828,0.3656822,0.2661117
0.0,0.32005993,0.35392296,0.27206814
0.35573062,0.31368414,0.37386712,0.26694694
0.34307176,0.31915525,0.0,0.26957792
0.35599345,0.315942,0.373835,0.26667133
0.0,0.34616983,0.3827848,0.2651373
0.38972813,0.32231176,0.3595423,0.30889624
0.355555,0.31326365,0.0,0.2698958
0.35739747,0.31224924,0.36945227,0.0
0.35652557,0.31301224,0.37340248,0.26775005
0.38108107,0.3457378,0.38145623,0.26420677
0.39100528,0.32187033,0.36167437,0.30591887
0.35149726,0.3126281,0.37328026,0.25960478
0.35639843,0.31629917,0.3719081,0.26828584
0.35586467,0.315765,0.37374303,0.2714306
0.3549008,0.0,0.3742497,0.2727413
0.36151642,0.3247642,0.39383784,0.0
0.3558625,0.31368744,0.37350014,0.26861897
0.34340683,0.31878287,0.3541757,0.2721581
0.3609622,0.3253073,0.39498806,0.0
0.35555968,0.31323683,0.37343743,0.26724374
0.35508436,0.31387812,0.3743902,0.27155444
0.35543853,0.31324518,0.37341785,0.27002776
0.35699132,0.31438866,0.37812877,0.26580584
0.38859397,0.32192868,0.36100152,0.30617055
0.35744134,0.31396678,0.37526566,0.2675481
0.35297307,0.3140794,0.37299442,0.2635852
0.41667363,0.35414603,0.0,0.30855852
0.35570645,0.3152851,0.37405792,0.2642959
0.38534272,0.35683554,0.40944928,0.25022236
0.35563245,0.31495914,0.37505287,0.2641719
0.0,0.35180938,0.3646789,0.27302206
0.35574052,0.31388208,0.3728607,0.26818857
0.38638774,0.3218945,0.35725054,0.31047246
0.34302258,0.3193193,0.35511178,0.27169788
0.35038996,0.3130982,0.37285015,0.2694272
0.35457417,0.0,0.37573346,0.26455447
0.3557454,0.31315407,0.37337497,0.26852286
0.3361707,0.0,0.0,0.2645991
0.3559579,0.3134186,0.3737923,0.26692003
0.35545388,0.31492966,0.3732728,0.2672009
0.35542393,0.31333473,0.37446114,0.27088112
0.34378406,0.0,0.35536095,0.27146167
0.35541672,0.31357878,0.37473932,0.26937947
0.38033044,0.34633693,0.38579455,0.26063502
0.34395215,0.31841752,0.3540908,0.2690181
0.35702464,0.312085,0.3707351,0.2603185
0.3568749,0.31256717,0.37208083,0.26353675
0.38802275,0.35686925,0.40028697,0.24452318
0.3565623,0.31290644,0.37259933,0.26269057
0.36172235,0.32486996,0.39366764,0.2592662
0.38159066,0.3487367,0.0,0.26703256
0.34971973,0.31007648,0.37696975,0.25956982
0.35282215,0.0,0.3743532,0.26374447
0.356174,0.31288165,0.37345904,0.26562086
0.35591686,0.31354913,0.37392178,0.26522422
0.38074327,0.3497633,0.38276756,0.26468468
0.35659024,0.0,0.37212694,0.26828432
0.34334624,0.3194287,0.3553501,0.2727746
0.35275716,0.3124775,0.37409744,0.0
0.3552198,0.31371194,0.37449726,0.27164525
0.3557525,0.3141229,0.0,0.26744598
0.0,0.34514648,0.38908458,0.26087338
0.0,0.3141693,0.37643123,0.26403955
0.34980842,0.30978957,0.37630624,0.2594444
0.3570338,0.32520047,0.0,0.25459436
0.3560016,0.31315672,0.3736279,0.2671979
0.3573022,0.32394657,0.3931323,0.25502232
0.35569626,0.31437835,0.37318262,0.26882198
0.38022292,0.34655496,0.3830833,0.26636675
0.34313527,0.31913105,0.0,0.2722284
0.35703704,0.31382555,0.3770744,0.26530424
0.37841332,0.348281,0.38248932,0.26295573
0.34305537,0.3193969,0.3551503,0.26979917
0.3525228,0.31300816,0.37444276,0.2643309
0.0,0.31221366,0.3711283,0.0
0.34996498,0.31291854,0.3728099,0.2654954
0.35734135,0.31396067,0.3760707,0.2632263
0.35555974,0.3130087,0.3744108,0.26989985
0.35562825,0.31327468,0.37318888,0.26812893
0.39015755,0.32209483,0.36309177,0.30531308
0.3615484,0.32493615,0.39501956,0.2542645
0.0,0.31197682,0.37173674,0.26457652
0.38559756,0.35828045,0.4044308,0.260171
0.377054,0.3271967,0.34079427,0.31313673
0.36186886,0.3245276,0.394288,0.25870255
0.35180968,0.31345624,0.0,0.26505244
0.35526407,0.31399179,0.37358654,0.26790065
0.35470498,0.31440458,0.37488693,0.26612177
0.35243508,0.31314585,0.37511918,0.26577723
0.35615143,0.0,0.37192988,0.26528385
0.0,0.3187965,0.0,0.27274612
0.35541388,0.31340843,0.37369522,0.26848868
0.35556003,0.31364158,0.3738842,0.26639774
0.3527925,0.31277356,0.3738228,0.26445478
0.3513653,0.3128756,0.37107286,0.0
0.35452795,0.31394,0.375082,0.2709359
0.38960254,0.3218036,0.36094028,0.3068517
0.35504317,0.31420925,0.0,0.0
0.35518977,0.31362894,0.3749344,0.27181768
0.35531077,0.31350234,0.37340146,0.26952657
0.35611847,0.31212938,0.3804176,0.0
0.3558057,0.31301636,0.3733682,0.26794478
0.35640883,0.3267785,0.39362088,0.25274703
0.38087422,0.3469457,0.3822462,0.26464337
0.35526684,0.0,0.3739401,0.272489
0.3553079,0.0,0.0,0.26562473
0.0,0.3247037,0.3957093,0.25783047
0.38034037,0.34577984,0.0,0.2664267
0.3618093,0.3247814,0.39329574,0.2578254
0.35512877,0.313878,0.37341958,0.0
0.4121985,0.35691595,0.3709156,0.30213466
0.3563314,0.31570598,0.37225446,0.26786843
0.0,0.31366292,0.3741295,0.2672886
0.35738054,0.0,0.39367476,0.25147653
0.37969533,0.34929332,0.389625,0.25994328
0.34316984,0.31915075,0.35524052,0.27371243
0.38079128,0.34775594,0.38232735,0.0
0.3546457,0.3147655,0.37573022,0.2687973
0.35452718,0.3111633,0.37905025,0.26120195
0.35573265,0.31318182,0.37344703,0.2693372
0.3615102,0.32541332,0.39355043,0.2589614
0.34934184,0.30996913,0.37719086,0.25751337
0.3568189,0.31376532,0.0,0.26568925
0.35734078,0.31356826,0.37595007,0.2647068
0.361497,0.32492363,0.39454332,0.25849268
0.0,0.32004824,0.3554656,0.27008858
0.35605535,0.31554076,0.37329164,0.26676726
0.0,0.31382245,0.37307832,0.2678641
0.35569063,0.31343207,0.37312943,0.26616043
0.34278122,0.0,0.0,0.26928124
0.3435878,0.3207006,0.35674044,0.26627275
0.35602802,0.3154006,0.37390438,0.26643893
0.35531637,0.3138454,0.375249,0.2620374
0.354809,0.31394187,0.37646982,0.26471603
0.35123843,0.31192505,0.37138644,0.26434416
0.34739542,0.31200096,0.37333533,0.26041558
0.35572365,0.0,0.3731322,0.26729536
0.35242024,0.0,0.37469992,0.26349714
0.35042778,0.3127474,0.37284368,0.0
0.0,0.31365845,0.37500033,0.27129585
0.35551262,0.31370538,0.37437582,0.26519418
0.33610818,0.31735048,0.3541632,0.26575318
0.35590157,0.31310564,0.37392488,0.2679952
0.3558613,0.31309286,0.37280864,0.2630431
0.35557938,0.31328663,0.3738666,0.0
0.35620296,0.3133444,0.3732839,0.0
0.38732967,0.32153508,0.35683578,0.30644864
0.35594648,0.31343055,0.3728912,0.26828712
0.3900913,0.32133394,0.35878733,0.30622986
0.3901291,0.32402208,0.35870755,0.30886322
0.0,0.32270712,0.36094698,0.3089962
0.35545224,0.3138416,0.3741592,0.26555663
0.0,0.31378832,0.3745509,0.2647768
0.0,0.3151097,0.37260702,0.26702178
0.35594666,0.31296822,0.37334195,0.26642597
0.34331656,0.31895065,0.35451508,0.27322498
0.3522827,0.3133462,0.37465206,0.26545864
0.0,0.31306347,0.37331516,0.26902232
0.35442093,0.3145306,0.37580082,0.2710097
0.39383772,0.335013,0.38336578,0.29887128
0.35520962,0.31415126,0.37388253,0.2703578
0.3552162,0.3131996,0.37462762,0.27186275
0.35523716,0.3132703,0.0,0.27119094
0.35475722,0.31373185,0.3745267,0.270617
0.34843308,0.33143303,0.3747632,0.26436695
0.3546877,0.3137744,0.37513328,0.0
0.35442668,0.0,0.37730423,0.2661262
0.35522366,0.31405038,0.37675992,0.2633241
0.3556056,0.3132647,0.37324402,0.26696077
0.35553616,0.31307095,0.37335476,0.26836285
0.358163,0.0,0.3743016,0.26781175
0.40271452,0.36122504,0.3539862,0.30755454
0.38096967,0.34564966,0.38381717,0.26367941
0.34331706,0.31909904,0.35551053,0.2723982
0.35620305,0.31605887,0.37386394,0.2646923
0.35553238,0.31331345,0.37344024,0.26661453
0.3553979,0.31405193,0.37513682,0.26354814
0.0,0.31297758,0.37423453,0.2699941
0.35715216,0.3135324,0.37592664,0.26451117
0.3511866,0.31218424,0.0,0.0
0.3503341,0.3133509,0.37205678,0.26316655
0.39501113,0.33547175,0.38083237,0.30110472
0.38964903,0.32219875,0.36507043,0.3033089
0.0,0.0,0.35626146,0.30826917
0.0,0.31373936,0.0,0.26548216
0.39544624,0.33342785,0.37994483,0.2981192
0.35228136,0.31346038,0.37457576,0.26272222
0.38180372,0.3470247,0.38058856,0.0
0.35581225,0.31347147,0.0,0.264439
0.35592628,0.3131265,0.37359384,0.0
0.35663152,0.315062,0.37290862,0.26698685
0.35461494,0.3113525,0.37780032,0.26298916
0.35485548,0.31378353,0.0,0.264599
0.35614958,0.31276298,0.37360767,0.2623806
0.35486767,0.0,0.0,0.27088153
0.35501605,0.32442352,0.0,0.24551184
0.35609153,0.3132014,0.373423,0.26284274
0.35467145,0.31442985,0.37464294,0.26465252
0.38009334,0.3454543,0.38820153,0.25807884
0.35585013,0.3142589,0.372246,0.2687936
0.3577919,0.314592,0.3751305,0.26654357
0.36128756,0.0,0.39980108,0.25378978
0.38050878,0.34564996,0.38197613,0.2661156
0.35671094,0.31467876,0.37160212,0.26611605
0.0,0.0,0.3695844,0.25619316
0.3564399,0.3130599,0.37273502,0.2665833
0.4149761,0.354408,0.36989814,0.3029826
0.3559247,0.31314436,0.37339446,0.26792943
0.3437676,0.31864247,0.35455936,0.2706017
0.3557175,0.313222,0.3734458,0.2647404
0.0,0.0,0.35561237,0.26883736
0.35598835,0.315878,0.37387958,0.26709893
0.35549733,0.3132563,0.37372455,0.2690437
0.3892868,0.32190192,0.35970864,0.30653632
0.3808525,0.3454589,0.0,0.26476422
0.34066325,0.31862393,0.35696265,0.26954526
0.35021657,0.30950773,0.3758303,0.0
0.35126492,0.0,0.37158316,0.0
0.35645223,0.31406453,0.37864634,0.2638982
0.3573764,0.32435414,0.3916869,0.25309142
0.3523859,0.31300262,0.37386817,0.26083222
0.0,0.31359452,0.3764241,0.26407972
0.35339502,0.31238568,0.37275594,0.26139823
0.3565373,0.311931,0.0,0.25235212
0.35898829,0.31277502,0.373748,0.260757
0.37681773,0.3637239,0.38580817,0.25682688
0.38192058,0.34480092,0.38111654,0.26021183
0.36084744,0.326509,0.3959932,0.25862306
0.35266104,0.31426167,0.3750332,0.26759028
0.39037198,0.3211619,0.3585225,0.30501133
0.35702115,0.31239724,0.37190127,0.26021084
0.35738778,0.31215364,0.37215886,0.25939298
0.35682908,0.31469843,0.3713301,0.26564503
0.35480997,0.0,0.37602615,0.2687212
0.3560041,0.31299135,0.3737336,0.26255453
0.35570732,0.31320584,0.37437412,0.26078975
0.35546485,0.31436166,0.37487385,0.27024594
0.38016942,0.34631357,0.38402995,0.2702278
0.3537927,0.31350103,0.37199268,0.25891945
0.38051283,0.34583187,0.3884157,0.25598967
0.3559144,0.31432703,0.37327898,0.0
0.35665727,0.31272742,0.37230006,0.2575908
0.35791498,0.31210738,0.37153724,0.25682142
0.35052708,0.31307366,0.37432408,0.26545185
0.36084825,0.32189783,0.3961035,0.0
0.3561697,0.31366074,0.37300712,0.26818877
0.38998786,0.3229753,0.3604154,0.30599585
0.3401961,0.3177063,0.35650507,0.26690772
0.35672528,0.32612547,0.39355084,0.2567617
0.37972796,0.0,0.0,0.2615494
0.355956,0.3138998,0.3730801,0.2671844
0.0,0.31158078,0.37934518,0.26128706
0.3566404,0.3160583,0.37208638,0.26638538
0.35287312,0.0,0.37437233,0.26404148
0.34918305,0.33250067,0.37400916,0.2609936
0.34285265,0.31932783,0.35595533,0.27455783
0.36201137,0.0,0.39220932,0.26003048
0.35366848,0.0,0.3780642,0.26350826
0.3621228,0.32765433,0.3934108,0.25454512
0.35547298,0.31375697,0.37270063,0.26794663
0.3584722,0.32556152,0.39596623,0.2561177
0.35627133,0.31490204,0.3781465,0.26965722
0.34442326,0.3192175,0.0,0.2718116
0.35585007,0.31311485,0.37417424,0.0
0.376864,0.3486636,0.3871035,0.26150554
0.35590824,0.3156741,0.37217197,0.26793194
0.388972,0.32291016,0.35989034,0.3057123
0.35526955,0.31375045,0.37449387,0.2659094
0.35574654,0.31364787,0.37393343,0.26718065
0.3552123,0.3135319,0.3742254,0.2673977
0.0,0.34614855,0.38443738,0.26493487
0.35695916,0.0,0.0,0.0
0.35496053,0.314227,0.37560984,0.26483822
0.35400844,0.31219447,0.37861356,0.2610756
0.35512853,0.31361598,0.3742825,0.27246305
0.35580856,0.31313458,0.3730924,0.26866814
0.38702422,0.3220968,0.35742027,0.3082844
0.38895348,0.32224557,0.36047348,0.3095876
0.35544342,0.31319404,0.3735396,0.26752496
0.38962698,0.32150936,0.0,0.3086247
0.38589785,0.0,0.4053309,0.2547931
0.3427237,0.3192198,0.0,0.27331686
0.38883469,0.3221872,0.3609822,0.31136405
0.3582616,0.32607952,0.39645562,0.2573503
0.3612949,0.32507512,0.39513472,0.2573852
0.38023648,0.3463693,0.38317427,0.26761335
0.35735396,0.31330732,0.37545428,0.0
0.35787138,0.0,0.37626705,0.26578015
0.35583282,0.0,0.37298107,0.2673973
0.3437203,0.3191479,0.3552203,0.0
0.36178786,0.32508573,0.39303392,0.25775135
0.3610004,0.3258692,0.39417598,0.2620718
0.35576826,0.31283298,0.37419194,0.0
0.36606616,0.35346672,0.36630318,0.0
0.34298825,0.3198947,0.355035,0.27087942
0.36148205,0.3268068,0.0,0.0
0.35534683,0.31406924,0.37442917,0.2649883
0.36178356,0.32531476,0.3932687,0.25769433
0.0,0.31314597,0.37325716,0.0
0.36173758,0.3248054,0.39521745,0.2564403
0.355023,0.31366846,0.37461424,0.26724228
0.35566264,0.31319162,0.37365383,0.26935855
0.35526213,0.31325617,0.37363958,0.0
0.35656193,0.31550643,0.37203473,0.26789436
0.37433046,0.32851323,0.0,0.3110065
0.3499604,0.31248426,0.3732076,0.0
0.35456666,0.31323448,0.3745813,0.25467956
0.3570344,0.31240538,0.37096688,0.26181343
0.4139496,0.35516638,0.36855403,0.3013892
0.35696664,0.312591,0.37235883,0.0
0.0,0.31319177,0.37192896,0.26619536
0.3562202,0.31418028,0.37307775,0.26020968
0.3561775,0.0,0.3736701,0.264777
0.36288923,0.3243312,0.39404798,0.25475073
0.0,0.32165918,0.35915682,0.30202845
0.35422292,0.31195933,0.3787987,0.26530936
0.38714045,0.35743642,0.40443888,0.2429509
0.3536098,0.0,0.0,0.25197977
0.35640898,0.31338075,0.3737921,0.26553562
0.39104384,0.32117572,0.35781923,0.3034538
0.35734433,0.31221676,0.37331012,0.26298565
