0.0024275985,0.026111037,0.16533658,0.0
0.0024275263,0.026106471,0.1653704,0.0
0.0024274539,0.026101878,0.1654042,0.0
0.0024273815,0.026097288,0.165438,0.0
0.0024273093,0.026092693,0.16547182,0.0
0.0024272357,0.026088111,0.16550562,0.0
0.002427202,0.026083842,0.1655425,0.0
0.0024270439,0.026078297,0.1655738,0.0
0.002427019,0.026074192,0.16560747,0.0
0.0024269384,0.026069634,0.16564089,0.0
0.0024269072,0.026065446,0.16567762,0.0
0.0024267498,0.026059931,0.16570878,0.0
0.0024267249,0.026055846,0.16574228,0.0
0.0024266453,0.02605131,0.16577561,0.0
0.0024265754,0.026046807,0.1658091,0.0
0.0024265032,0.02604227,0.16584264,0.0
0.00242643,0.026037717,0.16587618,0.0
0.0024263563,0.026033167,0.1659097,0.0
0.0024262841,0.026028613,0.16594324,0.0
0.0024262103,0.02602406,0.16597672,0.0
0.002426137,0.026019517,0.16601019,0.0
0.0024261018,0.026015302,0.16604672,0.0
0.002425945,0.02600981,0.16607772,0.0
0.002425919,0.02600575,0.16611105,0.0
0.0024258394,0.026001241,0.16614415,0.0
0.0024257684,0.025996767,0.1661774,0.0
0.0024256962,0.02599226,0.1662107,0.0
0.002425661,0.025988083,0.16624704,0.0
0.0024256187,0.0259836,0.16628714,0.0
0.0024254553,0.025977721,0.16632216,0.0
0.002425343,0.025972478,0.16635369,0.0
0.0024252285,0.025967645,0.16638082,0.0
0.0024252774,0.025964705,0.16641568,0.0
0.0024251954,0.025960214,0.16645147,0.0
0.0024250874,0.025955189,0.1664853,0.0
0.002425239,0.02595251,0.1665372,0.0
0.0024247034,0.025942598,0.16655914,0.0
0.002424753,0.025939306,0.16658327,0.0
0.0024248124,0.025936978,0.16661638,0.0
0.0024246662,0.025932204,0.16664515,0.0
0.0024246918,0.025928915,0.1666802,0.0
0.0024275316,0.02594983,0.16695362,0.0
0.0024230906,0.025889901,0.16697104,0.0
0.0024221346,0.02587033,0.16687016,0.0
0.0024242632,0.025894562,0.16689536,0.0
0.0024236701,0.02589083,0.16689835,0.0
0.0024282304,0.025929501,0.16726837,0.0
0.002418695,0.025819525,0.16701223,0.0
0.0024240883,0.025871607,0.16702572,0.0
0.0024233165,0.025871806,0.16702145,0.0
0.0024236299,0.025874753,0.16703837,0.0
0.0024237921,0.025874944,0.16707368,0.0
0.0024235023,0.025869137,0.16709453,0.0
0.002423534,0.025866454,0.16711819,0.0
0.0024235141,0.025863571,0.16714396,0.0
0.0024236185,0.025861545,0.1671825,0.0
0.0024233924,0.02585565,0.16721207,0.0
0.0024233474,0.025851524,0.16724148,0.0
0.0024233116,0.025847763,0.16727293,0.0
0.00242339,0.02584488,0.16731666,0.0
0.0024230725,0.025837587,0.16734532,0.0
0.002423098,0.025833935,0.16737843,0.0
0.0024231495,0.025830692,0.16742261,0.0
0.0024227586,0.025822671,0.16744569,0.0
0.0024228322,0.025819816,0.16747478,0.0
0.002422705,0.025815494,0.16749951,0.0
0.0024227304,0.02581267,0.1675298,0.0
0.0024226613,0.025808746,0.16756067,0.0
0.0024226005,0.025804678,0.1675923,0.0
0.002422533,0.025800467,0.16762419,0.0
0.002422463,0.02579619,0.16765618,0.0
0.002422392,0.025791882,0.16768837,0.0
0.0024224292,0.025788488,0.16772942,0.0
0.0024222615,0.025782678,0.16776644,0.0
0.0024221851,0.025777642,0.16780378,0.0
0.0024242057,0.025790896,0.16801359,0.0
0.0024192687,0.025731394,0.16789925,0.0
0.002421977,0.025755422,0.16792163,0.0
0.002421913,0.025756523,0.1679648,0.0
0.0024212205,0.025746686,0.1679645,0.0
0.0024216974,0.02574912,0.16799375,0.0
0.0024239717,0.025766462,0.16821907,0.0
0.0024189237,0.025705323,0.16811883,0.0
0.0024212236,0.025724286,0.16812514,0.0
0.002421128,0.025725737,0.16814029,0.0
0.0024211504,0.02572465,0.16816154,0.0
0.0024212033,0.02572287,0.16819124,0.0
0.0024210124,0.025718134,0.16821197,0.0
0.0024211304,0.025716403,0.16824365,0.0
0.002420983,0.025711875,0.1682708,0.0
0.002420976,0.025708523,0.16830133,0.0
0.00242094,0.025704816,0.168335,0.0
0.0024208704,0.025700485,0.16836978,0.0
0.002420724,0.025695292,0.16839942,0.0
0.002420694,0.025691424,0.16843112,0.0
0.0024206163,0.025687147,0.16846263,0.0
0.0024205104,0.02568261,0.1684914,0.0
0.0024205165,0.02567924,0.16852535,0.0
0.00242163,0.025685158,0.1686581,0.0
0.002419123,0.025652515,0.16863339,0.0
0.0024200755,0.025657615,0.16865225,0.0
0.0024201493,0.025657233,0.16868703,0.0
0.002420395,0.025656058,0.16875196,0.0
0.0024191358,0.025639093,0.16873316,0.0
0.002419929,0.025644755,0.16875859,0.0
0.0024197723,0.025641885,0.1687827,0.0
0.0024197765,0.02563916,0.16881129,0.0
0.0024197178,0.02563554,0.16884083,0.0
0.0024196955,0.025632001,0.1688741,0.0
0.0024195532,0.02562712,0.16890262,0.0
0.0024195295,0.025623458,0.16893354,0.0
0.002419524,0.025619937,0.16897017,0.0
0.002419372,0.025614671,0.16900253,0.0
0.0024192345,0.025609633,0.16902906,0.0
0.002419238,0.025606364,0.16905957,0.0
0.0024191602,0.025602324,0.16909017,0.0
0.0024190948,0.025598258,0.16912115,0.0
0.0024190245,0.025594115,0.16915224,0.0
0.0024189523,0.025589932,0.16918342,0.0
0.0024189497,0.025586339,0.16922033,0.0
0.0024187583,0.025580708,0.16924989,0.0
0.002418696,0.025576519,0.16927868,0.0
0.0024186547,0.025572814,0.1693092,0.0
0.0024186508,0.02556934,0.16934563,0.0
0.0024184985,0.025564106,0.16937777,0.0
0.0024183958,0.0255594,0.16940697,0.0
0.0024183907,0.025555886,0.16944073,0.0
0.0024182722,0.025551172,0.1694722,0.0
0.0024182035,0.025546912,0.16950369,0.0
0.0024181255,0.02554264,0.16953495,0.0
0.0024180517,0.025538418,0.16956608,0.0
0.0024179434,0.02553391,0.16959442,0.0
0.002417911,0.02553029,0.16962484,0.0
0.0024178366,0.025526235,0.1696554,0.0
0.0024177341,0.025521867,0.1696833,0.0
0.0024180778,0.025521532,0.16974437,0.0
0.0024173108,0.025509348,0.16976158,0.0
0.0024174799,0.025507221,0.16978794,0.0
0.0024173644,0.025503408,0.1698109,0.0
0.0024173895,0.025500838,0.16983952,0.0
0.0024173209,0.025497172,0.16986875,0.0
0.002417295,0.025493652,0.16990156,0.0
0.0024180624,0.025496662,0.17000481,0.0
0.002416522,0.025474668,0.17001764,0.0
0.0024172447,0.025476139,0.17007644,0.0
0.0024169425,0.025468467,0.17013127,0.0
0.0024168468,0.02546148,0.1701903,0.0
0.0024165146,0.02545219,0.17023633,0.0
0.0024163239,0.025444908,0.17027465,0.0
0.0024161327,0.025438605,0.17030427,0.0
0.0024160724,0.025434364,0.17033361,0.0
0.0024160175,0.025430482,0.17036425,0.0
0.00241474,0.025416048,0.1702956,0.0
0.0024161648,0.025431886,0.17030813,0.0
0.0024160328,0.025431972,0.17032453,0.0
0.002416049,0.025430514,0.17034525,0.0
0.0024160293,0.025428148,0.17036794,0.0
0.0024161306,0.025426505,0.17040291,0.0
0.0024158931,0.02542098,0.17042714,0.0
0.0024159262,0.025418112,0.1704564,0.0
0.0024158494,0.025414282,0.17048554,0.0
0.00241579,0.02541046,0.17051524,0.0
0.0024156882,0.025406236,0.17054242,0.0
0.0024156596,0.025402797,0.17057188,0.0
0.0024155884,0.025398908,0.17060152,0.0
0.0024155218,0.025394984,0.17063144,0.0
0.002415517,0.025391556,0.17066693,0.0
0.0024153006,0.025385901,0.17069273,0.0
0.0024153134,0.025382709,0.17072266,0.0
0.0024152955,0.025379285,0.17075774,0.0
0.0024151497,0.025374273,0.1707889,0.0
0.0024151134,0.025370302,0.17082258,0.0
0.002414993,0.025365544,0.17085366,0.0
0.0024150182,0.02536215,0.17089264,0.0
0.002416673,0.025372263,0.17107862,0.0
0.0024128074,0.025324311,0.17101619,0.0
0.0024146596,0.025338007,0.17104763,0.0
0.0024141066,0.025332494,0.17105491,0.0
0.002414425,0.025333565,0.17108539,0.0
0.0024146512,0.025332868,0.17114481,0.0
0.002414012,0.025321942,0.1711699,0.0
0.0024139222,0.02531712,0.17118642,0.0
0.0024141984,0.025317136,0.17122674,0.0
0.0024143758,0.025314998,0.17129467,0.0
0.0024128405,0.025295433,0.1712559,0.0
0.002413918,0.025304828,0.17127645,0.0
0.0024139057,0.025304252,0.17130935,0.0
0.0024140326,0.02530222,0.1713618,0.0
0.002413472,0.02529237,0.1713829,0.0
0.0024136098,0.02529003,0.17141362,0.0
0.002414714,0.025296295,0.17154385,0.0
0.002411786,0.02526072,0.17148033,0.0
0.0024133818,0.025274212,0.17149834,0.0
0.0024131706,0.025272785,0.17151491,0.0
0.002413585,0.0252745,0.17156877,0.0
0.0024127532,0.025262812,0.17157196,0.0
0.0024129292,0.025262065,0.17158009,0.0
0.0024130836,0.025262423,0.17160179,0.0
0.0024135567,0.02526447,0.17166899,0.0
0.0024123855,0.025248779,0.17166238,0.0
0.0024130433,0.025252376,0.17169417,0.0
0.0024127518,0.025247524,0.17171447,0.0
0.0024128174,0.025245411,0.17174189,0.0
0.002412743,0.025241906,0.17176954,0.0
0.0024126878,0.02523834,0.1717981,0.0
0.0024126226,0.02523459,0.17182694,0.0
0.0024125874,0.025231052,0.17185864,0.0
0.002412447,0.025226388,0.17188573,0.0
0.0024124822,0.02522346,0.17192014,0.0
0.002412263,0.025217997,0.171945,0.0
0.0024150647,0.025238782,0.17220657,0.0
0.00241282,0.025200024,0.17238984,0.0
0.0024080197,0.025136994,0.1722079,0.0
0.002411653,0.025173828,0.17221697,0.0
0.0024116673,0.025178744,0.1722601,0.0
0.0024131082,0.025187911,0.17244084,0.0
0.0024083343,0.025132796,0.17229317,0.0
0.0024113099,0.025162246,0.17229713,0.0
0.0024122896,0.025174696,0.17240663,0.0
0.002410072,0.025148064,0.17237738,0.0
0.0024107618,0.025152188,0.17237239,0.0
0.0024110612,0.025155667,0.1723925,0.0
0.0024109902,0.025153697,0.17241439,0.0
0.002411137,0.025152609,0.1724528,0.0
0.0024117029,0.02515379,0.17254953,0.0
0.0024106973,0.025136875,0.17259617,0.0
0.002410237,0.025126148,0.17260684,0.0
0.0024105415,0.025126023,0.1726379,0.0
0.0024097315,0.025116257,0.17261137,0.0
0.002411067,0.02512826,0.17267792,0.0
0.0024106435,0.025120612,0.17274094,0.0
0.002409331,0.02510265,0.17270906,0.0
0.0024102486,0.025110282,0.17272724,0.0
0.002409479,0.025103189,0.17269218,0.0
0.0024102975,0.025111934,0.1727053,0.0
0.002410196,0.025111133,0.17271917,0.0
0.002410273,0.025110317,0.17274134,0.0
0.0024103336,0.025108628,0.17277355,0.0
0.0024101525,0.025103891,0.17279881,0.0
0.0024100805,0.025100216,0.17282158,0.0
0.002410085,0.025097566,0.17284831,0.0
0.0024100507,0.025094401,0.17287816,0.0
0.002409924,0.025090098,0.17290404,0.0
0.002409959,0.025087353,0.17293721,0.0
0.00240978,0.025082398,0.17296383,0.0
0.0024097248,0.025078695,0.17298998,0.0
0.0024096833,0.025075374,0.1730178,0.0
0.0024096447,0.02507198,0.17304842,0.0
0.002409541,0.025067784,0.17307723,0.0
0.0024094724,0.025063924,0.17310604,0.0
0.0024093678,0.025059795,0.17313217,0.0
0.0024093643,0.025056725,0.17316277,0.0
0.0024092242,0.025052281,0.1731888,0.0
0.002409256,0.025049463,0.17322212,0.0
0.0024091054,0.025044734,0.17325127,0.0
0.0024090703,0.02504104,0.17328304,0.0
0.0024088642,0.02503583,0.17330474,0.0
0.0024089343,0.02503361,0.17333469,0.0
0.0024087857,0.025029276,0.17336006,0.0
0.002408764,0.025026085,0.17338794,0.0
0.0024087194,0.025022674,0.17341833,0.0
0.0024085864,0.025018247,0.17344442,0.0
0.0024085843,0.025015159,0.173475,0.0
0.0024086225,0.025012232,0.17351611,0.0
0.0024082207,0.025004674,0.17353477,0.0
0.0024083664,0.025003003,0.17356522,0.0
0.0024082023,0.02499858,0.17359036,0.0
0.0024082125,0.024995688,0.17362063,0.0
0.0024080703,0.024991274,0.17364639,0.0
0.0024080423,0.024987996,0.17367426,0.0
0.002407968,0.024984311,0.17370203,0.0
0.0024079003,0.024980644,0.17373002,0.0
0.00240783,0.024976924,0.17375804,0.0
0.0024077299,0.024972955,0.17378356,0.0
0.0024076977,0.024969721,0.17381106,0.0
0.0024076253,0.024966104,0.17383866,0.0
0.0024075587,0.024962472,0.17386644,0.0
0.0024074898,0.024958793,0.1738943,0.0
0.0024074202,0.024955094,0.17392221,0.0
0.0024073792,0.02495164,0.1739526,0.0
0.0024072735,0.024947453,0.17398106,0.0
0.0024072328,0.02494388,0.17401192,0.0
0.002407062,0.024939097,0.17403558,0.0
0.0024106433,0.024966566,0.17436405,0.0
0.0024027748,0.024875805,0.17417173,0.0
0.0024068768,0.02491293,0.17418271,0.0
0.0024063124,0.024912773,0.17418046,0.0
0.0024065576,0.024914859,0.17419569,0.0
0.0024065278,0.02491348,0.17421366,0.0
0.00240655,0.02491177,0.17423682,0.0
0.002406509,0.024909014,0.17426163,0.0
0.0024064905,0.024906177,0.17429009,0.0
0.0024063967,0.024902366,0.1743172,0.0
0.002406337,0.024898816,0.17434458,0.0
0.0024065601,0.02489766,0.17439651,0.0
0.0024058118,0.024886549,0.17440224,0.0
0.0024061487,0.024887068,0.17442833,0.0
0.0024060297,0.024883755,0.17445311,0.0
0.0024059913,0.024880659,0.17447966,0.0
0.0024059536,0.024877459,0.17450896,0.0
0.0024058253,0.024873218,0.17453422,0.0
0.0024057943,0.024869999,0.17456144,0.0
0.0024057217,0.024866425,0.17458852,0.0
0.002405655,0.024862856,0.17461585,0.0
0.0024055862,0.024859244,0.17464319,0.0
0.0024055755,0.02485611,0.17467545,0.0
0.002405606,0.024852997,0.17471845,0.0
0.002405094,0.02484438,0.17473036,0.0
0.002405422,0.02484467,0.17476632,0.0
0.0024071431,0.024856051,0.17495982,0.0
0.0024042642,0.024816807,0.17499007,0.0
0.0024035976,0.024802452,0.17494403,0.0
0.0024042483,0.024809532,0.17492525,0.0
0.002404489,0.024814105,0.17492467,0.0
0.0024046227,0.02481584,0.17493697,0.0
0.002404665,0.024815256,0.17495643,0.0
0.0024046488,0.024813233,0.17497908,0.0
0.0024046146,0.024810554,0.17500357,0.0
0.0024049932,0.024811102,0.17506516,0.0
0.00240398,0.024797244,0.17506288,0.0
0.0024045473,0.024799969,0.17509525,0.0
0.0024044183,0.024796393,0.17512962,0.0
0.0024041135,0.024790185,0.17514668,0.0
0.002404274,0.024789,0.17517737,0.0
0.0024040893,0.024784511,0.17520154,0.0
0.002404185,0.024782429,0.17523791,0.0
0.0024038858,0.024776343,0.17525935,0.0
0.0024038733,0.02477334,0.17528158,0.0
0.0024038847,0.024770938,0.17530935,0.0
0.0024037862,0.024767235,0.1753358,0.0
0.0024037529,0.024763998,0.17536502,0.0
0.0024035922,0.024759518,0.17538758,0.0
0.0024035953,0.02475679,0.17541383,0.0
0.0024034919,0.024753135,0.17543766,0.0
0.0024035496,0.02475089,0.17547084,0.0
0.00240332,0.024745643,0.17549387,0.0
0.0024032723,0.024742346,0.17551592,0.0
0.0024032881,0.024739955,0.17554365,0.0
0.0024031887,0.024736265,0.17556997,0.0
0.0024031287,0.024732808,0.1755967,0.0
0.0024030865,0.024729507,0.17562576,0.0
0.002402956,0.024725301,0.17565058,0.0
0.0024029778,0.024722591,0.1756819,0.0
0.0024027794,0.024717709,0.17570464,0.0
0.0024028113,0.02471516,0.17573343,0.0
0.0024027254,0.024711464,0.17576247,0.0
0.002402574,0.024707012,0.1757852,0.0
0.0024027098,0.024705408,0.17582306,0.0
0.0024024355,0.024699494,0.17584927,0.0
0.002402328,0.024695326,0.1758702,0.0
0.0024022867,0.024692433,0.175891,0.0
0.0024025873,0.024692608,0.17594138,0.0
0.0024022295,0.024685215,0.17597918,0.0
0.0024017203,0.024676448,0.17598079,0.0
0.0024024432,0.024680935,0.17603649,0.0
0.0024015615,0.024669332,0.17604063,0.0
0.0024018076,0.024669142,0.17605664,0.0
0.0024019016,0.024668423,0.17608525,0.0
0.0024066782,0.02470597,0.17652786,0.0
0.0023972883,0.024595078,0.17636928,0.0
0.002399857,0.024613079,0.1762822,0.0
0.0024006478,0.0246297,0.17624606,0.0
0.0024011803,0.024639623,0.17625329,0.0
0.002401176,0.024640342,0.176268,0.0
0.0024011135,0.02463853,0.17628059,0.0
0.002401171,0.024637535,0.17629887,0.0
0.002401276,0.024636563,0.17633007,0.0
0.0024014558,0.024635166,0.17638552,0.0
0.0024004865,0.024621964,0.17637663,0.0
0.0024010877,0.024625627,0.17640363,0.0
0.002400891,0.024622113,0.17642568,0.0
0.002400853,0.02461924,0.17644832,0.0
0.0024008208,0.024616495,0.17647293,0.0
0.002400842,0.024614025,0.17650501,0.0
0.0024014062,0.02461555,0.17659381,0.0
0.002399661,0.024593467,0.17656767,0.0
0.0024005757,0.024599874,0.1765909,0.0
0.0024003265,0.024596656,0.17660595,0.0
0.002400696,0.024597868,0.17665398,0.0
0.0024001054,0.024588889,0.17666934,0.0
0.0024002134,0.02458699,0.17669117,0.0
0.0024039994,0.024616547,0.17704068,0.0
0.0023962632,0.024526464,0.176887,0.0
0.002399304,0.02455113,0.17686291,0.0
0.0023995459,0.024558803,0.17687124,0.0
0.0023994,0.0245579,0.17687483,0.0
0.0024002474,0.024564438,0.17694925,0.0
0.0023992532,0.02455067,0.17697059,0.0
0.0023990963,0.024545323,0.17697412,0.0
0.0023994553,0.024547093,0.17700404,0.0
0.0023998802,0.02454828,0.17708176,0.0
0.0023977961,0.024524279,0.17701074,0.0
0.0023999051,0.024544172,0.17707224,0.0
0.002398858,0.024533087,0.17708239,0.0
0.002399281,0.02453396,0.17712167,0.0
0.0023987289,0.024526022,0.17712806,0.0
0.0023988814,0.024525419,0.17714213,0.0
0.0023989712,0.024524773,0.1771673,0.0
0.0023987622,0.02452066,0.17718197,0.0
0.0024027075,0.024551755,0.17753372,0.0
0.0023963142,0.024473168,0.17749865,0.0
0.0023994616,0.024490459,0.17765693,0.0
0.0023943512,0.024436861,0.1774554,0.0
0.002397324,0.024470422,0.17738873,0.0
0.002397901,0.0244858,0.17737208,0.0
0.0023982208,0.02449206,0.1773851,0.0
0.0023980597,0.024490422,0.17739092,0.0
0.0023981985,0.0244907,0.17740634,0.0
0.0023981263,0.024488712,0.17741905,0.0
0.0023981784,0.024487626,0.17743716,0.0
0.002398196,0.024485962,0.17746077,0.0
0.0023980744,0.024482567,0.1774797,0.0
0.0024005913,0.024501413,0.17771637,0.0
0.0023962564,0.02444797,0.1776875,0.0
0.0023965503,0.024444638,0.17762968,0.0
0.002399838,0.024476375,0.1778287,0.0
0.002394787,0.024422072,0.17769687,0.0
0.0023979335,0.02445111,0.17773911,0.0
0.0023965684,0.024440397,0.17770353,0.0
0.0023973437,0.024448112,0.17770973,0.0
0.0023973454,0.024448631,0.17772254,0.0
0.0023974327,0.024448236,0.17774573,0.0
0.0023972692,0.024444727,0.17776124,0.0
0.002397437,0.024444144,0.17779218,0.0
0.0023972238,0.02443956,0.17781466,0.0
0.0023971375,0.024436114,0.17783298,0.0
0.0023974685,0.024436705,0.17788249,0.0
0.002396714,0.02442618,0.17788553,0.0
0.0023970527,0.024427038,0.17790891,0.0
0.0023969645,0.02442434,0.17793323,0.0
0.002396925,0.024421424,0.17795984,0.0
0.0023967803,0.024417415,0.17798063,0.0
0.0023967808,0.024414947,0.17800488,0.0
0.002396711,0.02441182,0.17802915,0.0
0.0023966522,0.024408692,0.17805378,0.0
0.0023965868,0.02440548,0.17807855,0.0
0.0023965226,0.02440225,0.17810334,0.0
0.002396483,0.024399223,0.17813037,0.0
0.0023963596,0.024395334,0.17815357,0.0
0.002396325,0.024392404,0.17817836,0.0
0.0023962555,0.02438915,0.17820305,0.0
0.0023962916,0.024386773,0.17823653,0.0
0.0023959985,0.024381025,0.17825454,0.0
0.0023961125,0.024379475,0.17828341,0.0
0.0023959647,0.024375461,0.17830832,0.0
0.002395859,0.02437175,0.17832933,0.0
0.0023958492,0.024369229,0.1783534,0.0
0.0023957794,0.024366122,0.17837754,0.0
0.0023957195,0.024363006,0.17840204,0.0
0.0023956555,0.024359819,0.1784266,0.0
0.00239559,0.02435661,0.17845124,0.0
0.0023959745,0.024357144,0.17851453,0.0
0.002394919,0.02434301,0.17851104,0.0
0.002395497,0.02434585,0.17854334,0.0
0.0023951803,0.024340812,0.1785623,0.0
0.002395194,0.024338447,0.1785844,0.0
0.0023950965,0.024335306,0.17860353,0.0
0.0023951002,0.024333144,0.17862655,0.0
0.0023950383,0.024330243,0.17864999,0.0
0.0023950064,0.024327459,0.1786761,0.0
0.0023949381,0.02432416,0.17870289,0.0
0.0023948199,0.024320299,0.17872591,0.0
0.0023947589,0.02431716,0.17874826,0.0
0.0023947193,0.024314368,0.17877215,0.0
0.002394654,0.024311285,0.1787962,0.0
0.0023945933,0.024308171,0.17882045,0.0
0.002394602,0.024305629,0.17885113,0.0
0.0023943703,0.02430063,0.17887047,0.0
0.0023944008,0.024298387,0.1788946,0.0
0.0023943454,0.02429545,0.17892048,0.0
0.0023942324,0.024291772,0.17894301,0.0
0.002394223,0.024289137,0.17896926,0.0
0.0023941232,0.024285601,0.17899375,0.0
0.0023940362,0.024282174,0.17901623,0.0
0.0023939994,0.024279341,0.17904022,0.0
0.0023940052,0.024276845,0.17907047,0.0
0.0023938497,0.024272528,0.17909603,0.0
0.0023937868,0.024269097,0.17912132,0.0
0.0023936373,0.024265114,0.1791397,0.0
0.0023936618,0.024263049,0.17916287,0.0
0.0023935908,0.024260102,0.17918615,0.0
0.0023935346,0.024257114,0.17920995,0.0
0.002393665,0.024255654,0.1792506,0.0
0.002393164,0.024247753,0.17926145,0.0
0.002393373,0.024247272,0.17928696,0.0
0.0023932196,0.024243677,0.17930783,0.0
0.0023932294,0.02424135,0.17933337,0.0
0.0023931803,0.024238344,0.17936149,0.0
0.0023929868,0.024233818,0.17938033,0.0
0.0023930124,0.024231657,0.17940375,0.0
0.0023929393,0.024228645,0.17942704,0.0
0.0023929304,0.024226062,0.17945488,0.0
0.0023929735,0.024223596,0.1794941,0.0
0.0023925067,0.024215955,0.17950526,0.0
0.002392754,0.024215812,0.17953472,0.0
0.0023925907,0.024211869,0.1795605,0.0
0.002392468,0.024207983,0.17958133,0.0
0.002392431,0.024205234,0.1796028,0.0
0.0023923665,0.024202386,0.17962375,0.0
0.002392312,0.024199625,0.17964458,0.0
0.002392329,0.0241975,0.17967148,0.0
0.0023921612,0.024193428,0.17969134,0.0
0.0023925896,0.024194617,0.17975165,0.0
0.002391554,0.024181059,0.17974585,0.0
0.0023928734,0.024190348,0.17983967,0.0
0.0023913637,0.024171287,0.17984664,0.0
0.0023918697,0.02417194,0.17988397,0.0
0.002391375,0.024164714,0.1798932,0.0
0.00239159,0.024164522,0.17991783,0.0
0.002391063,0.024157953,0.17990549,0.0
0.0023916191,0.02416248,0.1799296,0.0
0.0023914,0.024159215,0.17994656,0.0
0.0023925784,0.024166979,0.18006757,0.0
0.0023911167,0.02414586,0.18011506,0.0
0.0023959978,0.024179215,0.18058455,0.0
0.0023901414,0.024096718,0.18076226,0.0
0.0023837974,0.024017017,0.18039866,0.0
0.002389444,0.024081795,0.18032105,0.0
0.0023894885,0.024098113,0.18027002,0.0
0.002390377,0.02411199,0.18028478,0.0
0.0023896687,0.024106823,0.18025135,0.0
0.0023902205,0.024113266,0.18024446,0.0
0.002390257,0.024114965,0.18024011,0.0
0.0023903872,0.024116525,0.18024354,0.0
0.0023904645,0.024116982,0.18025331,0.0
0.002390545,0.024116786,0.18027179,0.0
0.0023904773,0.024114538,0.18028916,0.0
0.0023904787,0.024112655,0.18030976,0.0
0.0023904333,0.024110164,0.18033113,0.0
0.0023904103,0.024107711,0.18035518,0.0
0.0023903265,0.024104534,0.18037806,0.0
0.0023903637,0.024102353,0.18040916,0.0
0.0023901837,0.024097838,0.18043399,0.0
0.0023900317,0.024093738,0.18045044,0.0
0.002390049,0.024091784,0.18047051,0.0
0.0023900096,0.02408938,0.18049218,0.0
0.0023899556,0.024086662,0.18051451,0.0
0.0023898992,0.024083816,0.18053722,0.0
0.0023903907,0.024085486,0.18060781,0.0
0.0023902506,0.02407862,0.18069446,0.0
0.002388761,0.024057979,0.18068029,0.0
0.0023889611,0.024057606,0.1806609,0.0
0.0023894273,0.024062883,0.18067333,0.0
0.002389392,0.024062231,0.18069056,0.0
0.0023893237,0.024060026,0.18070634,0.0
0.0023893653,0.02405861,0.1807286,0.0
0.0023892643,0.024055604,0.18074816,0.0
0.002389246,0.02405327,0.18077004,0.0
0.0023891875,0.024050506,0.18079218,0.0
0.002389154,0.024047872,0.18081664,0.0
0.002389067,0.024044612,0.18083973,0.0
0.002389028,0.024041796,0.18086483,0.0
0.0023889123,0.024038216,0.18088625,0.0
0.002388879,0.024035523,0.18090911,0.0
0.002388811,0.024032557,0.18093185,0.0
0.0023887274,0.024029423,0.18095274,0.0
0.002388716,0.024027018,0.18097714,0.0
0.0023886012,0.024023585,0.18099806,0.0
0.00238857,0.024020966,0.1810207,0.0
0.0023885274,0.024018241,0.18104519,0.0
0.0023884615,0.024015153,0.18107024,0.0
0.002388348,0.02401157,0.18109177,0.0
0.0023882892,0.024008656,0.18111266,0.0
0.0023882717,0.02400624,0.18113685,0.0
0.0023881812,0.024003021,0.18115968,0.0
0.0023881216,0.024000064,0.18118258,0.0
0.0023880342,0.023996886,0.18120341,0.0
0.0023880228,0.023994483,0.18122768,0.0
0.0023879292,0.02399124,0.1812505,0.0
0.0023878487,0.023988089,0.18127143,0.0
0.0023878552,0.02398584,0.18129764,0.0
0.0023877139,0.023982052,0.18131888,0.0
0.0023876592,0.02397918,0.18133968,0.0
0.0023876417,0.023976775,0.18136373,0.0
0.0023875516,0.023973579,0.18138638,0.0
0.0023875136,0.023970814,0.18141106,0.0
0.002387376,0.023967125,0.18143025,0.0
0.0023873711,0.023964826,0.18145236,0.0
0.0023873022,0.02396199,0.1814744,0.0
0.0023872461,0.02395918,0.18149666,0.0
0.0023871842,0.023956293,0.18151906,0.0
0.0023871453,0.023953589,0.18154337,0.0
0.002387055,0.023950327,0.18156621,0.0
0.0023869711,0.023947157,0.18158706,0.0
0.0023882042,0.023955045,0.18171974,0.0
0.0023854617,0.023922574,0.18167265,0.0
0.0023873716,0.023937259,0.181746,0.0
0.0023862475,0.023924036,0.18176265,0.0
0.0023857506,0.023916475,0.18173113,0.0
0.0023871388,0.023929287,0.18180086,0.0
0.0023857693,0.023914054,0.18178861,0.0
0.0023865548,0.023919158,0.18182604,0.0
0.0023860328,0.023912422,0.18183616,0.0
0.0023860633,0.023910733,0.18184596,0.0
0.0023861637,0.023910383,0.1818659,0.0
0.002386026,0.023907436,0.18188012,0.0
0.0023860275,0.02390573,0.18189617,0.0
0.002386113,0.02390475,0.18192334,0.0
0.00238589,0.023900423,0.18193986,0.0
0.0023860347,0.023899507,0.18197064,0.0
0.002385698,0.023893947,0.18198258,0.0
0.0023859437,0.023894053,0.18201482,0.0
0.002385551,0.023888068,0.18202467,0.0
0.0023857206,0.023887664,0.18204716,0.0
0.0023856775,0.0238853,0.18207346,0.0
0.0023855108,0.023881298,0.18209253,0.0
0.0023855066,0.023878992,0.18211444,0.0
0.0023853518,0.023875458,0.18212858,0.0
0.0023854254,0.023874272,0.18215068,0.0
0.0023854428,0.02387232,0.182181,0.0
0.0023851094,0.023866676,0.18219157,0.0
0.002385263,0.02386612,0.18221395,0.0
0.0023852866,0.023864293,0.18224582,0.0
0.0023849944,0.023858903,0.18226232,0.0
0.0023850666,0.023857225,0.18228619,0.0
0.0023850244,0.023854569,0.18231353,0.0
0.0023847832,0.023849836,0.18232754,0.0
0.0023848552,0.023848467,0.18234845,0.0
0.002384761,0.023845665,0.1823673,0.0
0.0023848251,0.023844115,0.1823957,0.0
0.0023846154,0.023839723,0.18241477,0.0
0.0023845502,0.02383687,0.18243125,0.0
0.0023847513,0.023836635,0.18246827,0.0
0.002384323,0.023829933,0.18248154,0.0
0.0023844137,0.023828497,0.18250154,0.0
0.0023843322,0.023825863,0.18252014,0.0
0.0023844352,0.023824694,0.182552,0.0
0.0023841113,0.023819132,0.18256623,0.0
0.0023842128,0.023817876,0.18258938,0.0
0.002384065,0.023814464,0.18260689,0.0
0.0023840906,0.023812627,0.18262959,0.0
0.0023840202,0.023809813,0.18265274,0.0
0.0023839192,0.023806563,0.18267298,0.0
0.0023838433,0.023803683,0.18269081,0.0
0.0023838747,0.023801956,0.18271506,0.0
0.0023837402,0.023798503,0.18273489,0.0
0.0023837558,0.023796385,0.18276006,0.0
0.0023836591,0.023793114,0.18278398,0.0
0.0023835548,0.023789706,0.18280464,0.0
0.0023835362,0.023787241,0.18282817,0.0
0.0023833804,0.023783576,0.18284462,0.0
0.0023834,0.023781747,0.18286529,0.0
0.0023833772,0.023779484,0.1828896,0.0
0.0023832298,0.02377585,0.1829079,0.0
0.0023832242,0.023773668,0.18292898,0.0
0.0023831385,0.02377081,0.18294813,0.0
0.002383109,0.023768472,0.18296897,0.0
0.0023830703,0.023765998,0.18299173,0.0
0.0023830084,0.02376316,0.18301508,0.0
0.0023828829,0.023759684,0.1830334,0.0
0.0023828938,0.023757663,0.18305618,0.0
0.0023828242,0.02375482,0.18307929,0.0
0.0023846442,0.023767369,0.18326746,0.0
0.0023802475,0.023717713,0.18315734,0.0
0.0023828992,0.023741,0.18319377,0.0
0.0023819662,0.023733698,0.18318231,0.0
0.0023823904,0.023736916,0.18319567,0.0
0.0023823567,0.023735909,0.18321264,0.0
0.002382469,0.023735186,0.18324387,0.0
0.0023823082,0.023731118,0.18327166,0.0
0.0023819592,0.023725277,0.18327557,0.0
0.00238418,0.023742218,0.1834695,0.0
0.0023795934,0.023691222,0.18335421,0.0
0.0023820868,0.023713415,0.18336822,0.0
0.0023816668,0.023711985,0.18336907,0.0
0.0023818957,0.02371347,0.18338732,0.0
0.0023817653,0.023711022,0.18340106,0.0
0.002381819,0.023709865,0.18342136,0.0
0.002381724,0.023707153,0.18343912,0.0
0.0023817075,0.023705063,0.18345904,0.0
0.0023816526,0.02370258,0.18347917,0.0
0.0023816007,0.02370005,0.18349966,0.0
0.0023815662,0.023697605,0.1835221,0.0
0.0023815644,0.0236953,0.18355037,0.0
0.002381343,0.023690753,0.18356773,0.0
0.0023813406,0.02368854,0.1835871,0.0
0.0023812936,0.023686146,0.18360731,0.0
0.00238258,0.023694599,0.18374549,0.0
0.0023796796,0.02366075,0.18369196,0.0
0.0023808887,0.023669906,0.18369451,0.0
0.0023809492,0.023671439,0.18371065,0.0
0.0023808267,0.023669235,0.18372236,0.0
0.002380879,0.023668284,0.18374023,0.0
0.0023808123,0.023666024,0.18375717,0.0
0.0023807765,0.023663918,0.1837747,0.0
0.0023807518,0.023661878,0.18379404,0.0
0.0023807418,0.023659803,0.18381742,0.0
0.0023805986,0.023656331,0.18383491,0.0
0.0023805955,0.023654267,0.18385518,0.0
0.0023805324,0.023651697,0.18387537,0.0
0.0023804782,0.023649134,0.18389581,0.0
0.002380422,0.023646532,0.18391635,0.0
0.0023803648,0.023643902,0.18393695,0.0
0.0023803064,0.023641257,0.18395756,0.0
0.0023802489,0.023638621,0.18397821,0.0
0.0023801893,0.02363597,0.18399882,0.0
0.002380132,0.02363332,0.18401945,0.0
0.0023800721,0.023630677,0.18404005,0.0
0.0023800135,0.023628024,0.18406063,0.0
0.0023799744,0.023625545,0.18408297,0.0
0.00237993,0.0236229,0.18410742,0.0
0.0023798028,0.023619384,0.1841273,0.0
0.0023797858,0.023617009,0.18414998,0.0
0.0023796752,0.023613812,0.18416923,0.0
0.002379623,0.023611244,0.18418808,0.0
0.0023796044,0.023609087,0.18420984,0.0
0.0023795012,0.02360607,0.18422867,0.0
0.0023795103,0.023604063,0.18425238,0.0
0.0023793618,0.023600519,0.18426988,0.0
0.0023793748,0.023598589,0.1842918,0.0
0.0023793648,0.023596348,0.18431903,0.0
0.0023791126,0.023591645,0.18433258,0.0
0.0023791771,0.023590295,0.18435237,0.0
0.0023791261,0.023587957,0.18437354,0.0
0.002379033,0.023585044,0.18439224,0.0
0.0023789825,0.023582572,0.18441063,0.0
0.0023789476,0.02358034,0.18443029,0.0
0.0023789117,0.023578018,0.18445188,0.0
0.0023788135,0.02357503,0.18447061,0.0
0.0023787823,0.023572704,0.18449068,0.0
0.0023787213,0.023570148,0.18451071,0.0
0.0023786663,0.023567595,0.1845309,0.0
0.0023786095,0.023565017,0.18455108,0.0
0.0023785515,0.023562435,0.18457127,0.0
0.002378493,0.023559852,0.18459149,0.0
0.0023784742,0.023557583,0.18461505,0.0
0.0023783287,0.023554055,0.18463257,0.0
0.0023783208,0.023551947,0.18465261,0.0
0.0023782759,0.02354955,0.18467411,0.0
0.0023781788,0.023546558,0.18469286,0.0
0.0023781464,0.023544237,0.18471286,0.0
0.0023780856,0.023541689,0.18473278,0.0
0.0023780304,0.023539152,0.18475276,0.0
0.002377972,0.023536587,0.1847728,0.0
0.0023779157,0.023534024,0.18479286,0.0
0.0023778584,0.023531467,0.1848129,0.0
0.0023778193,0.023529049,0.1848346,0.0
0.0023777194,0.023526026,0.18485333,0.0
0.0023776852,0.02352369,0.18487328,0.0
0.0023776253,0.02352115,0.18489313,0.0
0.0023775888,0.023518777,0.1849147,0.0
0.0023775073,0.023515925,0.18493502,0.0
0.0023774514,0.023513291,0.18495522,0.0
0.0023773906,0.023510683,0.18497533,0.0
0.00237735,0.023508264,0.18499699,0.0
0.0023772316,0.023505079,0.18501398,0.0
0.0023772214,0.023503061,0.18503346,0.0
0.0023771801,0.023500755,0.1850546,0.0
0.0023771035,0.023497986,0.18507463,0.0
0.002377029,0.02349526,0.18509299,0.0
0.0023770123,0.023493137,0.1851142,0.0
0.002376912,0.023490207,0.18513246,0.0
0.0023768814,0.023487944,0.18515208,0.0
0.002376822,0.023485458,0.18517166,0.0
0.0023768425,0.02348358,0.18519795,0.0
0.0023767084,0.023480007,0.18522075,0.0
0.00237661,0.023476738,0.18524039,0.0
0.0023765296,0.023473922,0.18525729,0.0
0.0023765701,0.023472374,0.18528141,0.0
0.0023763843,0.023468597,0.18529682,0.0
0.0023763843,0.023466704,0.18531446,0.0
0.0023764,0.02346502,0.18533812,0.0
0.0023762782,0.023461787,0.18535835,0.0
0.0023762446,0.023459312,0.18538024,0.0
0.0023761946,0.023456687,0.18540373,0.0
0.0023760884,0.023453452,0.18542454,0.0
0.0023760472,0.023450859,0.18544659,0.0
0.002375886,0.0234473,0.18546043,0.0
0.0023758835,0.023445547,0.18547586,0.0
0.002375924,0.023444273,0.18549871,0.0
0.0023757683,0.023440884,0.18551509,0.0
0.0023757124,0.023438513,0.1855294,0.0
0.0023757396,0.023437144,0.18554898,0.0
0.0023756458,0.023434501,0.18556613,0.0
0.0023756784,0.023432905,0.18558982,0.0
0.0023756437,0.02343038,0.18561797,0.0
0.0023755857,0.023427185,0.18564954,0.0
0.0023784002,0.023447037,0.18593904,0.0
0.0023718846,0.023373617,0.18579042,0.0
0.0023755298,0.023404378,0.18584263,0.0
0.0023743168,0.023394715,0.18583594,0.0
0.0023743405,0.023393925,0.1858196,0.0
0.0023748104,0.02339883,0.18583618,0.0
0.002374762,0.02339772,0.185858,0.0
0.0023743454,0.023392323,0.18584956,0.0
0.002374662,0.023394668,0.1858595,0.0
0.0023748113,0.023395324,0.18588728,0.0
0.0023748118,0.023393108,0.18592569,0.0
0.002374145,0.02338417,0.18591788,0.0
0.0023744886,0.023386192,0.18592882,0.0
0.0023744146,0.023384899,0.18593812,0.0
0.0023745229,0.023384755,0.18595843,0.0
0.0023743082,0.023381257,0.18596664,0.0
0.0023743953,0.02338068,0.18598163,0.0
0.00237431,0.023378596,0.18599346,0.0
0.0023744516,0.023378406,0.18601969,0.0
0.0023741422,0.023373663,0.18602803,0.0
0.002374247,0.02337305,0.18604389,0.0
0.0023743485,0.023372415,0.18607354,0.0
0.0023739843,0.023366889,0.18608156,0.0
0.0023742104,0.023367185,0.18610735,0.0
0.002373989,0.023363259,0.18612336,0.0
0.0023738907,0.023360513,0.18613292,0.0
0.002373945,0.02335968,0.18614793,0.0
0.002373952,0.02335832,0.18616796,0.0
0.0023740095,0.023356885,0.18619911,0.0
0.0023738882,0.023353107,0.18623017,0.0
0.002373503,0.023346834,0.18623602,0.0
0.0023736805,0.023346793,0.18625388,0.0
0.0023736176,0.023344757,0.18627271,0.0
0.0023735235,0.023342092,0.18628825,0.0
0.0023734637,0.023339871,0.18630168,0.0
0.002373477,0.023338486,0.18631889,0.0
0.0023734279,0.023336407,0.18633662,0.0
0.002373736,0.023337089,0.18638618,0.0
0.002372881,0.023326198,0.1863803,0.0
0.002373302,0.023328397,0.18639927,0.0
0.0023732048,0.023326311,0.18641849,0.0
0.002373123,0.023323713,0.18643565,0.0
0.0023735156,0.023325058,0.18649144,0.0
0.0023725536,0.02331289,0.18648545,0.0
0.0023728886,0.02331422,0.18649589,0.0
0.0023730567,0.023314841,0.18652575,0.0
0.002372688,0.023309464,0.18653478,0.0
0.0023727901,0.023308689,0.18655111,0.0
0.0023727408,0.023306767,0.18656816,0.0
0.0023727538,0.02330514,0.1865907,0.0
0.0023725498,0.023301348,0.18660218,0.0
0.0023726816,0.023300856,0.18662591,0.0
0.002372515,0.023297433,0.18664321,0.0
0.0023724262,0.023294741,0.18665592,0.0
0.0023724705,0.023293588,0.18667468,0.0
0.0023723955,0.023291228,0.18669255,0.0
0.0023723512,0.023289004,0.18671091,0.0
0.002372593,0.023289083,0.18675545,0.0
0.0023719205,0.023279995,0.18675819,0.0
0.0023721284,0.023280047,0.18677205,0.0
0.0023720958,0.023278585,0.18678793,0.0
0.002372062,0.023276735,0.18680519,0.0
0.0023720514,0.023274906,0.18682605,0.0
0.0023720975,0.023273252,0.18685707,0.0
0.002371749,0.023267623,0.18686791,0.0
0.002371865,0.023266789,0.18688789,0.0
0.002371749,0.023264034,0.18690437,0.0
0.0023717617,0.023262335,0.1869256,0.0
0.0023721235,0.023263233,0.18698551,0.0
0.0023710534,0.02324983,0.18697542,0.0
0.0023718032,0.023254674,0.18701592,0.0
0.002371091,0.023246277,0.18701336,0.0
0.002371441,0.023248004,0.18703298,0.0
0.0023711845,0.023244519,0.18703859,0.0
0.002371367,0.023244943,0.18705867,0.0
0.0023712306,0.023242211,0.18707415,0.0
0.002371323,0.023241227,0.1871009,0.0
0.0023709869,0.02323614,0.18710698,0.0
0.0023711526,0.023236167,0.18712512,0.0
0.002371098,0.023234183,0.18714488,0.0
0.002370952,0.023231044,0.18715726,0.0
0.002370972,0.023229677,0.1871728,0.0
0.0023709545,0.023227999,0.18719117,0.0
0.0023709233,0.023225952,0.18721199,0.0
0.002370799,0.0232229,0.18722768,0.0
0.0023708255,0.023221325,0.18724863,0.0
0.0023707743,0.023218922,0.18727162,0.0
0.0023705773,0.023215055,0.18728366,0.0
0.0023706113,0.02321372,0.18729968,0.0
0.0023706208,0.023212235,0.18732114,0.0
0.0023704956,0.023209201,0.1873382,0.0
0.0023704688,0.0232071,0.18735646,0.0
0.002370612,0.02320641,0.18739238,0.0
0.0023703016,0.023200851,0.18741447,0.0
0.0023701333,0.02319684,0.18742535,0.0
0.0023701836,0.023195697,0.18744123,0.0
0.0023700907,0.023193438,0.18745358,0.0
0.0023701612,0.0231926,0.18747455,0.0
0.0023700143,0.023189526,0.18748948,0.0
0.0023699976,0.023187665,0.18750563,0.0
0.0023701452,0.023187216,0.1875391,0.0
0.0023698625,0.02318211,0.18756022,0.0
0.002369649,0.02317789,0.18756606,0.0
0.002369817,0.023178069,0.187585,0.0
0.0023696292,0.023174983,0.18759435,0.0
0.0023697345,0.023174552,0.18761337,0.0
0.002369623,0.023171986,0.18762888,0.0
0.0023695743,0.023169888,0.1876433,0.0
0.00236958,0.023168402,0.18766153,0.0
0.0023694944,0.02316595,0.18767746,0.0
0.0023694695,0.023164034,0.18769488,0.0
0.002369435,0.023162015,0.18771376,0.0
0.0023693822,0.023159696,0.18773319,0.0
0.0023692935,0.023157008,0.18775003,0.0
0.0023692604,0.023154931,0.18776786,0.0
0.0023692055,0.02315268,0.18778555,0.0
0.002369139,0.02315031,0.18780187,0.0
0.0023691077,0.023148337,0.18781929,0.0
0.0023690886,0.023146428,0.18783973,0.0
0.0023690138,0.023143828,0.18785946,0.0
0.0023689577,0.023141352,0.18787943,0.0
0.0023688136,0.023138152,0.18789215,0.0
0.0023688765,0.02313709,0.187912,0.0
0.0023687761,0.023134476,0.1879296,0.0
0.0023687005,0.023131989,0.18794459,0.0
0.00236872,0.02313051,0.18796459,0.0
0.0023686097,0.023127723,0.18798098,0.0
0.0023685666,0.023125589,0.18799718,0.0
0.0023685314,0.023123635,0.18801434,0.0
0.0023685142,0.023121748,0.18803458,0.0
0.0023684402,0.023119181,0.18805411,0.0
0.002368336,0.023116343,0.18806958,0.0
0.0023683375,0.023114622,0.18808843,0.0
0.0023682292,0.023111919,0.18810315,0.0
0.0023682383,0.023110345,0.1881217,0.0
0.0023681642,0.023107952,0.18813913,0.0
0.0023681158,0.023105761,0.18815671,0.0
0.0023680632,0.023103531,0.18817425,0.0
0.0023679964,0.02310119,0.18819034,0.0
0.002367982,0.023099368,0.18820894,0.0
0.002367909,0.023096962,0.1882265,0.0
0.0023678436,0.023094608,0.18824267,0.0
0.0023678122,0.023092639,0.18825987,0.0
0.0023677922,0.023090744,0.18827996,0.0
0.0023676693,0.023087803,0.18829507,0.0
0.0023676923,0.023086274,0.18831515,0.0
0.0023675633,0.02308334,0.18833002,0.0
0.0023675568,0.02308159,0.18834725,0.0
0.0023675328,0.023079695,0.18836711,0.0
0.0023674131,0.0230768,0.1883821,0.0
0.0023674027,0.023075026,0.18839931,0.0
0.0023673638,0.023073005,0.18841776,0.0
0.0023672804,0.02307049,0.18843386,0.0
0.0023672502,0.023068517,0.18845105,0.0
0.002367196,0.02306636,0.18846816,0.0
0.0023672115,0.023064729,0.18849105,0.0
0.0023670478,0.023061281,0.18850666,0.0
0.00236707,0.023059636,0.18852714,0.0
0.0023669684,0.023056876,0.18854499,0.0
0.002366935,0.023054712,0.18856421,0.0
0.0023668255,0.023051914,0.18857925,0.0
0.0023667982,0.023050021,0.18859485,0.0
0.0023668113,0.023048522,0.18861568,0.0
0.002366655,0.023045313,0.18862924,0.0
0.0023666369,0.02304355,0.18864328,0.0
0.0023671354,0.02304612,0.1887054,0.0
0.0023659114,0.02303165,0.18868598,0.0
0.0023665326,0.023036003,0.18870088,0.0
0.0023664043,0.023034325,0.18871348,0.0
0.0023664052,0.023033017,0.18872894,0.0
0.0023663777,0.02303129,0.1887464,0.0
0.0023663018,0.023028964,0.18876177,0.0
0.0023662911,0.02302724,0.1887798,0.0
0.002366269,0.023025304,0.18880095,0.0
0.002366146,0.023022285,0.18881756,0.0
0.0023661149,0.023020199,0.18883502,0.0
0.0023660415,0.02301785,0.18885078,0.0
0.0023659961,0.02301581,0.18886615,0.0
0.0023659498,0.02301384,0.18888131,0.0
0.0023659514,0.0230123,0.1889004,0.0
0.0023667242,0.023016717,0.18899445,0.0
0.0023680541,0.023020625,0.18925065,0.0
0.0023627526,0.022958327,0.18914688,0.0
0.0023640066,0.022967512,0.18906097,0.0
0.002365171,0.022984834,0.18905103,0.0
0.0023651286,0.02298766,0.18904585,0.0
0.0023652741,0.022989552,0.18905136,0.0
0.002365323,0.022989677,0.18906309,0.0
0.0023651829,0.022987552,0.18906537,0.0
0.0023654145,0.022988833,0.18908578,0.0
0.0023653244,0.022986602,0.18910645,0.0
0.002365106,0.022982802,0.18911311,0.0
0.002365199,0.022982392,0.18912655,0.0
0.002365211,0.022981279,0.18914528,0.0
0.0023650597,0.022978347,0.18915632,0.0
0.0023651286,0.022977518,0.18917458,0.0
0.0023650082,0.022974908,0.18918811,0.0
0.002364993,0.022973258,0.18920286,0.0
0.002364963,0.022971533,0.18921864,0.0
0.0023649186,0.02296961,0.18923476,0.0
0.002364875,0.022967616,0.18925111,0.0
0.002364828,0.022965576,0.18926758,0.0
0.0023647954,0.022963647,0.18928546,0.0
0.002364712,0.022961207,0.18930098,0.0
0.0023646837,0.022959322,0.18931751,0.0
0.0023646334,0.022957254,0.18933395,0.0
0.0023646008,0.022955334,0.18935183,0.0
0.0023645621,0.022953246,0.18937142,0.0
0.00236476,0.022952909,0.18941441,0.0
0.0023640709,0.022943873,0.18941304,0.0
0.0023643211,0.022944603,0.18942517,0.0
0.0023642678,0.022943232,0.18943757,0.0
0.0023643067,0.022942293,0.18945652,0.0
0.0023642534,0.022940153,0.18947703,0.0
0.0023641547,0.022937361,0.18949462,0.0
0.0023640287,0.022934476,0.1895052,0.0
0.0023640692,0.022933474,0.18952058,0.0
0.0023640173,0.02293161,0.1895361,0.0
0.0023639926,0.022929851,0.18955345,0.0
0.002363898,0.022927383,0.18956727,0.0
0.0023638902,0.022925796,0.1895832,0.0
0.0023638394,0.02292383,0.1895992,0.0
0.0023637959,0.022921864,0.18961538,0.0
0.0023637484,0.02291984,0.18963167,0.0
0.0023637163,0.022917923,0.18964931,0.0
0.0023636485,0.022915643,0.18966594,0.0
0.0023636594,0.022914007,0.18968783,0.0
0.002363489,0.0229106,0.18970151,0.0
0.002363497,0.022909023,0.18971801,0.0
0.0023634532,0.022907069,0.18973544,0.0
0.0023633593,0.022904588,0.1897494,0.0
0.0023633332,0.022902839,0.18976404,0.0
0.0023633167,0.022901228,0.18978103,0.0
0.0023632392,0.022898952,0.18979588,0.0
0.002363227,0.02289728,0.1898132,0.0
0.0023631447,0.022894934,0.18982822,0.0
0.0023631328,0.022893239,0.1898456,0.0
0.0023630492,0.022890884,0.18986066,0.0
0.0023630518,0.0228893,0.18987936,0.0
0.002363152,0.022888338,0.18991302,0.0
0.0023626424,0.022881396,0.1899138,0.0
0.0023628885,0.022882221,0.18993017,0.0
0.0023627905,0.02288018,0.1899447,0.0
0.0023627637,0.022878459,0.18996044,0.0
0.0023627027,0.022876406,0.18997493,0.0
0.0023626771,0.022874689,0.18999061,0.0
0.0023626445,0.02287287,0.1900077,0.0
0.0023625668,0.022870557,0.19002262,0.0
0.0023625533,0.022868875,0.19003986,0.0
0.002362485,0.02286665,0.19005606,0.0
0.002362425,0.022864494,0.190071,0.0
0.002362394,0.022862691,0.19008684,0.0
0.0023623463,0.02286072,0.1901027,0.0
0.0023623437,0.022859091,0.19012259,0.0
0.00236224,0.0228564,0.19013941,0.0
0.0023621928,0.022854231,0.19015612,0.0
0.0023621537,0.02285222,0.1901737,0.0
0.0023620564,0.022849692,0.19018763,0.0
0.0023620445,0.022848058,0.19020343,0.0
0.0023619935,0.022846105,0.19021912,0.0
0.0023619204,0.02284392,0.19023243,0.0
0.0023619237,0.02284252,0.19024903,0.0
0.0023618587,0.022840416,0.19026475,0.0
0.0023618154,0.022838462,0.19028068,0.0
0.002361754,0.022836352,0.19029526,0.0
0.002361753,0.02283483,0.19031343,0.0
0.0023616413,0.02283221,0.1903271,0.0
0.002361647,0.022830725,0.19034405,0.0
0.002361621,0.022828907,0.19036369,0.0
0.002361521,0.02282622,0.19038053,0.0
0.0023614303,0.022823716,0.19039327,0.0
0.0023614168,0.022822171,0.19040732,0.0
0.0023613863,0.022820521,0.19042242,0.0
0.0023613432,0.022818686,0.19043778,0.0
0.0023613134,0.022816902,0.1904546,0.0
0.0023612638,0.022814857,0.19047181,0.0
0.0023612,0.022812624,0.19048801,0.0
0.0023611232,0.022810342,0.19050153,0.0
0.0023611106,0.022808777,0.19051684,0.0
0.0023610624,0.022806892,0.19053222,0.0
0.0023610187,0.02280499,0.1905478,0.0
0.002360972,0.022803051,0.19056341,0.0
0.0023609411,0.022801226,0.1905803,0.0
0.0023608757,0.022799047,0.19059622,0.0
0.00236083,0.022797039,0.19061214,0.0
0.0023607677,0.022794928,0.19062662,0.0
0.0023607519,0.022793291,0.19064334,0.0
0.0023607006,0.02279126,0.19066031,0.0
0.0023606094,0.022788843,0.1906739,0.0
0.002360597,0.02278726,0.19068922,0.0
0.0023605486,0.022785356,0.19070454,0.0
0.0023605048,0.022783471,0.19071999,0.0
0.0023604587,0.02278155,0.19073547,0.0
0.0023604135,0.022779617,0.19075102,0.0
0.0023603812,0.022777788,0.19076778,0.0
0.0023603172,0.02277563,0.19078362,0.0
0.0023602562,0.022773517,0.19079812,0.0
0.002360226,0.022771766,0.19081347,0.0
0.0023601933,0.022769976,0.19083007,0.0
0.0023601442,0.02276795,0.19084705,0.0
0.0023600801,0.022765761,0.19086298,0.0
0.0023600326,0.022763737,0.19087878,0.0
0.0023599549,0.022761524,0.1908919,0.0
0.0023599446,0.022760015,0.19090693,0.0
0.002359924,0.02275839,0.19092445,0.0
0.0023598461,0.022756092,0.19094026,0.0
0.0023597726,0.022753865,0.19095355,0.0
0.0023597607,0.02275233,0.19096857,0.0
0.0023597812,0.022751026,0.19098976,0.0
0.0023595814,0.022747517,0.19100024,0.0
0.0023596243,0.022746474,0.19101526,0.0
0.0023595695,0.022744631,0.19102995,0.0
0.002359531,0.022742838,0.19104506,0.0
0.0023595134,0.022741178,0.19106272,0.0
0.002359447,0.022738969,0.19107972,0.0
0.0023593842,0.022736743,0.19109568,0.0
0.0023592939,0.022734383,0.19110774,0.0
0.002359297,0.022733063,0.19112244,0.0
0.002359251,0.022731274,0.19113716,0.0
0.0023592093,0.022729462,0.19115222,0.0
0.0023591793,0.022727719,0.19116853,0.0
0.0023591171,0.022725621,0.19118395,0.0
0.002359059,0.022723584,0.19119816,0.0
0.002359043,0.022721978,0.1912144,0.0
0.002358979,0.022719894,0.1912297,0.0
0.0023589213,0.022717878,0.19124383,0.0
0.0023588922,0.022716181,0.19125877,0.0
0.0023588596,0.022714434,0.19127499,0.0
0.002358798,0.022712352,0.19129035,0.0
0.0023587542,0.02271043,0.1913057,0.0
0.0023587479,0.022708843,0.19132452,0.0
0.002358596,0.02270586,0.19133565,0.0
0.0023586191,0.022704676,0.1913504,0.0
0.0023585807,0.022702983,0.19136617,0.0
0.002358525,0.022700986,0.19138132,0.0
0.0023584673,0.02269899,0.19139528,0.0
0.002358438,0.022697303,0.19141011,0.0
0.0023583933,0.022695478,0.19142497,0.0
0.0023583898,0.02269396,0.19144352,0.0
0.0023582675,0.022691242,0.1914569,0.0
0.0023582433,0.022689564,0.19147079,0.0
0.0023585537,0.02269064,0.19151649,0.0
0.0023577618,0.022680854,0.19151072,0.0
0.0023582303,0.022683576,0.19153588,0.0
0.0023579272,0.022679515,0.19154611,0.0
0.0023580054,0.022678684,0.19156365,0.0
0.0023578044,0.022675527,0.19156915,0.0
0.0023579416,0.022675665,0.19158593,0.0
0.0023578145,0.022673296,0.19159769,0.0
0.0023578333,0.022672115,0.19161312,0.0
0.0023577448,0.022669958,0.19162537,0.0
0.0023577139,0.02266838,0.19163728,0.0
0.0023577027,0.022667054,0.19165114,0.0
0.0023576762,0.02266551,0.19166647,0.0
0.002357607,0.022663478,0.19168004,0.0
0.002357596,0.022661965,0.1916958,0.0
0.0023575353,0.02265996,0.1917106,0.0
0.00235748,0.022658005,0.19172435,0.0
0.0023574508,0.022656368,0.19173889,0.0
0.002357433,0.022654783,0.19175586,0.0
0.0023573306,0.022652354,0.19176872,0.0
0.002357334,0.022650959,0.19178452,0.0
0.0023572561,0.022648841,0.1917981,0.0
0.0023572315,0.02264721,0.19181271,0.0
0.0023571856,0.0226454,0.1918273,0.0
0.0023571437,0.022643603,0.19184196,0.0
0.0023570997,0.02264179,0.19185664,0.0
0.0023570561,0.02263997,0.19187132,0.0
0.0023575523,0.022642465,0.1919349,0.0
0.002356769,0.022631593,0.191957,0.0
0.0023564794,0.022625951,0.19195311,0.0
0.002356592,0.022626283,0.1919527,0.0
0.0023566436,0.022626681,0.19195627,0.0
0.0023567087,0.022626894,0.1919664,0.0
0.0023566906,0.02262592,0.1919783,0.0
0.0023566682,0.022624603,0.1919914,0.0
0.0023566366,0.022623075,0.19200508,0.0
0.0023566007,0.022621429,0.19201912,0.0
0.0023565998,0.022620024,0.19203682,0.0
0.0023564976,0.022617571,0.19205074,0.0
0.0023564592,0.022615759,0.19206436,0.0
0.002356414,0.02261402,0.19207747,0.0
0.002356388,0.022612475,0.1920916,0.0
0.0023563465,0.022610754,0.19210579,0.0
0.0023563062,0.02260901,0.19212016,0.0
0.002356263,0.022607237,0.19213457,0.0
0.002356233,0.02260556,0.19215012,0.0
0.0023561735,0.022603566,0.19216484,0.0
0.0023561434,0.022601828,0.19218066,0.0
0.0023560815,0.022599798,0.19219549,0.0
0.0023560375,0.022597933,0.1922102,0.0
0.0023559786,0.022595998,0.19222361,0.0
0.0023559518,0.02259439,0.1922379,0.0
0.0023559069,0.022592625,0.19225216,0.0
0.002355878,0.02259097,0.19226766,0.0
0.002355806,0.022588888,0.19228114,0.0
0.0023557788,0.022587257,0.19229545,0.0
0.002355735,0.022585494,0.1923097,0.0
0.0023558554,0.022585034,0.19233884,0.0
0.0023554377,0.02257932,0.1923417,0.0
0.0023556068,0.022579558,0.1923554,0.0
0.0023555255,0.022577813,0.19236723,0.0
0.0023555276,0.022576591,0.19238196,0.0
0.002355458,0.022574654,0.19239485,0.0
0.0023554477,0.022573227,0.19240996,0.0
0.0023553895,0.022571323,0.19242422,0.0
0.0023553367,0.022569453,0.19243744,0.0
0.0023553218,0.022567973,0.1924526,0.0
0.0023552498,0.02256595,0.19246577,0.0
0.0023552252,0.02256438,0.19247988,0.0
0.002355206,0.022562841,0.19249623,0.0
0.002355121,0.022560611,0.19250971,0.0
0.0023550822,0.022558868,0.19252293,0.0
0.0023550517,0.022557288,0.19253685,0.0
0.0023550089,0.022555582,0.19255087,0.0
0.0023549814,0.02255396,0.19256608,0.0
0.0023549353,0.022552118,0.19258158,0.0
0.0023548657,0.022550028,0.192595,0.0
0.0023548498,0.022548484,0.19261032,0.0
0.002354763,0.022546342,0.1926224,0.0
0.0023547541,0.02254495,0.19263624,0.0
0.0023547101,0.022543263,0.19265005,0.0
0.0023546708,0.022541575,0.19266403,0.0
0.0023546414,0.022539945,0.1926792,0.0
0.002354607,0.022538215,0.19269568,0.0
0.0023544976,0.022535743,0.19270708,0.0
0.0023545008,0.022534473,0.19272088,0.0
0.0023544661,0.022532884,0.1927357,0.0
0.002354412,0.022531008,0.19274986,0.0
0.002354358,0.022529151,0.1927629,0.0
0.0023543308,0.022527596,0.19277671,0.0
0.0023543006,0.022525998,0.19279166,0.0
0.0023542321,0.022524001,0.19280471,0.0
0.0023542063,0.022522435,0.1928186,0.0
0.0023541634,0.022520725,0.19283246,0.0
0.0023541218,0.022519022,0.19284639,0.0
0.0023540799,0.022517303,0.19286034,0.0
0.0023540384,0.022515584,0.19287425,0.0
0.0023540095,0.022513954,0.19288926,0.0
0.0023539523,0.022512048,0.19290343,0.0
0.0023539094,0.022510277,0.19291753,0.0
0.0023538657,0.022508517,0.19293156,0.0
0.0023538114,0.022506688,0.19294441,0.0
0.0023537842,0.022505153,0.19295807,0.0
0.0023537427,0.02250347,0.19297178,0.0
0.002353702,0.022501793,0.19298555,0.0
0.0023536603,0.022500094,0.19299936,0.0
0.0023536198,0.022498392,0.19301322,0.0
0.002353578,0.022496687,0.19302702,0.0
0.0023535371,0.022494989,0.19304083,0.0
0.0023535192,0.022493476,0.19305676,0.0
0.0023534473,0.022491377,0.19307107,0.0
0.002353381,0.022489397,0.1930831,0.0
0.0023533672,0.022488002,0.19309658,0.0
0.002353324,0.022486353,0.19311005,0.0
0.002353285,0.022484709,0.1931237,0.0
0.0023532566,0.022483125,0.19313847,0.0
0.002353188,0.02248115,0.19315132,0.0
0.002353162,0.022479607,0.19316497,0.0
0.0023531194,0.022477932,0.19317858,0.0
0.0023530915,0.022476358,0.19319332,0.0
0.0023530354,0.02247448,0.19320723,0.0
0.002352994,0.022472749,0.1932211,0.0
0.0023529634,0.022471124,0.19323593,0.0
0.0023528826,0.022469042,0.19324772,0.0
0.0023528708,0.022467684,0.19326112,0.0
0.0023528284,0.022466045,0.1932745,0.0
0.00235279,0.02246441,0.19328801,0.0
0.0023527492,0.022462755,0.19330154,0.0
0.002352709,0.02246109,0.19331513,0.0
0.0023526675,0.022459412,0.1933287,0.0
0.002352627,0.022457741,0.19334228,0.0
0.0023525862,0.022456076,0.19335586,0.0
0.0023525471,0.022454401,0.1933694,0.0
0.0023525166,0.022452813,0.19338404,0.0
0.0023524603,0.022450956,0.19339783,0.0
0.0023524072,0.02244914,0.19341046,0.0
0.0023523802,0.02244763,0.19342387,0.0
0.00235235,0.022446081,0.19343832,0.0
0.0023522964,0.022444258,0.193452,0.0
0.0023522445,0.022442466,0.19346459,0.0
0.0023522172,0.022440964,0.1934779,0.0
0.0023521765,0.022439323,0.19349124,0.0
0.0023521602,0.022437874,0.19350676,0.0
0.0023520666,0.022435669,0.19351853,0.0
0.002352056,0.022434307,0.19353186,0.0
0.0023520126,0.022432672,0.1935451,0.0
0.0023519753,0.022431059,0.19355844,0.0
0.0023519346,0.022429416,0.19357179,0.0
0.0023518943,0.022427775,0.19358517,0.0
0.002351855,0.022426134,0.19359855,0.0
0.0023518256,0.022424573,0.193613,0.0
0.0023517583,0.022422642,0.19362551,0.0
0.0023517562,0.02242133,0.19364095,0.0
0.0023516957,0.022419412,0.19365571,0.0
0.0023516065,0.022417238,0.1936665,0.0
0.0023516086,0.022416048,0.19367948,0.0
0.0023515772,0.022414565,0.19369344,0.0
0.0023515252,0.022412807,0.19370686,0.0
0.002351486,0.022411149,0.19372027,0.0
0.002351434,0.022409407,0.19373251,0.0
0.0023514081,0.022407945,0.19374561,0.0
0.0023515613,0.022407884,0.19377632,0.0
0.0023514528,0.022404611,0.19380988,0.0
0.0023508028,0.02239636,0.19379596,0.0
0.002351321,0.0224003,0.19381541,0.0
0.0023516524,0.022401927,0.19387616,0.0
0.002350305,0.022386769,0.19384214,0.0
0.00235109,0.022393377,0.19385111,0.0
0.0023509823,0.022392698,0.19385898,0.0
0.0023509979,0.022392042,0.19387,0.0
0.0023509606,0.022390742,0.19388069,0.0
0.002350947,0.022389568,0.19389279,0.0
0.0023509245,0.022388224,0.19390623,0.0
0.002350867,0.022386484,0.19391814,0.0
0.0023508447,0.02238507,0.19393095,0.0
0.002350806,0.022383528,0.19394377,0.0
0.0023507692,0.022381965,0.19395673,0.0
0.0023507306,0.022380378,0.1939697,0.0
0.0023506926,0.022378793,0.19398275,0.0
0.0023506542,0.022377199,0.19399576,0.0
0.002350625,0.022375684,0.19400984,0.0
0.002350572,0.022373907,0.19402309,0.0
0.002350533,0.022372257,0.19403633,0.0
0.00235048,0.02237054,0.19404842,0.0
0.002350455,0.022369094,0.19406128,0.0
0.0023504272,0.022367619,0.19407517,0.0
0.002350363,0.022365777,0.19408731,0.0
0.0023503604,0.02236451,0.19410227,0.0
0.0023502924,0.02236257,0.19411558,0.0
0.0023502752,0.022361089,0.19413091,0.0
0.0023501609,0.022358729,0.19414046,0.0
0.0023501788,0.022357725,0.19415297,0.0
0.0023501457,0.02235631,0.19416644,0.0
0.002350086,0.022354543,0.19417837,0.0
0.0023500621,0.022353131,0.19419117,0.0
0.0023500342,0.022351658,0.19420491,0.0
0.002349971,0.022349836,0.19421698,0.0
0.0023499576,0.022348486,0.19423081,0.0
0.0023499036,0.022346746,0.19424377,0.0
0.0023498554,0.02234506,0.19425581,0.0
0.002349829,0.022343628,0.19426852,0.0
0.0023498014,0.022342166,0.19428223,0.0
0.0023497383,0.022340346,0.19429421,0.0
0.0023497145,0.022338916,0.19430701,0.0
0.0023496852,0.02233745,0.19432072,0.0
0.0023496551,0.022335883,0.19433571,0.0
0.0023495548,0.022333661,0.19434616,0.0
0.0023495683,0.0223326,0.19435972,0.0
0.002349512,0.022330899,0.19437239,0.0
0.0023494656,0.022329256,0.19438428,0.0
0.002349452,0.022327948,0.19439782,0.0
0.002349388,0.022326147,0.19440964,0.0
0.0023493755,0.022324841,0.19442327,0.0
0.0023493217,0.022323126,0.1944361,0.0
0.0023492745,0.022321453,0.19444796,0.0
0.0023492489,0.022320045,0.19446053,0.0
0.0023492316,0.022318691,0.19447508,0.0
0.0023491667,0.022316812,0.19448818,0.0
0.002349117,0.022315096,0.1945002,0.0
0.0023490796,0.022313565,0.1945118,0.0
0.0023490535,0.0223122,0.19452418,0.0
0.0023490167,0.022310704,0.19453664,0.0
0.0023489906,0.022309273,0.19455019,0.0
0.002348929,0.022307483,0.19456199,0.0
0.0023489054,0.02230608,0.19457458,0.0
0.0023488656,0.022304546,0.1945871,0.0
0.0023488295,0.022303015,0.19459964,0.0
0.0023488018,0.022301562,0.19461319,0.0
0.0023487613,0.022299936,0.194627,0.0
0.002348698,0.022298092,0.19463901,0.0
0.0023486724,0.022296654,0.1946516,0.0
0.002348632,0.022295108,0.19466414,0.0
0.0023485944,0.022293575,0.19467673,0.0
0.0023485457,0.022291955,0.1946883,0.0
0.0023485222,0.022290576,0.19470063,0.0
0.0023484842,0.022289094,0.19471298,0.0
0.002348448,0.022287583,0.19472541,0.0
0.002348411,0.022286067,0.19473787,0.0
0.0023483739,0.022284538,0.19475035,0.0
0.0023483352,0.02228302,0.19476286,0.0
0.0023482984,0.022281488,0.19477531,0.0
0.00234826,0.02227996,0.19478779,0.0
0.0023482228,0.022278434,0.19480023,0.0
0.0023481857,0.022276904,0.19481269,0.0
0.0023481485,0.022275386,0.19482514,0.0
0.00234811,0.022273855,0.19483761,0.0
0.002348073,0.022272337,0.19485003,0.0
0.0023480463,0.022270901,0.19486338,0.0
0.0023479946,0.022269214,0.19487599,0.0
0.0023479573,0.02226766,0.19488858,0.0
0.0023479182,0.022266109,0.19490108,0.0
0.0023478693,0.022264492,0.19491254,0.0
0.0023478456,0.022263132,0.19492474,0.0
0.0023478074,0.022261651,0.19493695,0.0
0.0023477713,0.022260167,0.19494921,0.0
0.0023477352,0.022258671,0.1949615,0.0
0.0023477082,0.022257254,0.1949748,0.0
0.0023476575,0.022255583,0.19498733,0.0
0.0023476104,0.022253953,0.19499882,0.0
0.0023475843,0.02225259,0.19501098,0.0
0.002347547,0.0222511,0.19502316,0.0
0.002347511,0.022249624,0.19503541,0.0
0.002347474,0.022248132,0.19504765,0.0
0.002347437,0.022246636,0.19505991,0.0
0.0023474006,0.022245133,0.19507214,0.0
0.0023473636,0.022243641,0.19508438,0.0
0.0023473264,0.02224215,0.19509663,0.0
0.0023472896,0.022240652,0.19510885,0.0
0.0023472533,0.022239162,0.19512106,0.0
0.002347216,0.022237666,0.19513328,0.0
0.002347179,0.022236174,0.19514549,0.0
0.002347142,0.022234684,0.19515765,0.0
0.002347116,0.022233272,0.19517076,0.0
0.0023470551,0.02223154,0.1951822,0.0
0.0023470416,0.02223026,0.19519527,0.0
0.00234699,0.022228617,0.1952076,0.0
0.0023469448,0.02222703,0.19521892,0.0
0.0023469285,0.022225764,0.19523183,0.0
0.0023468693,0.022224061,0.19524314,0.0
0.0023468467,0.022222731,0.19525515,0.0
0.0023468083,0.02222127,0.1952671,0.0
0.0023467736,0.022219812,0.19527917,0.0
0.0023467375,0.022218348,0.19529119,0.0
0.0023467012,0.022216879,0.19530326,0.0
0.0023466651,0.02221541,0.19531533,0.0
0.0023466293,0.022213936,0.19532739,0.0
0.0023466025,0.02221254,0.19534035,0.0
0.002346543,0.022210833,0.19535166,0.0
0.00234652,0.022209486,0.19536367,0.0
0.0023464807,0.022208028,0.1953756,0.0
0.0023464456,0.022206573,0.19538762,0.0
0.0023464106,0.022205113,0.19539958,0.0
0.0023463739,0.022203656,0.19541155,0.0
0.0023463378,0.022202186,0.19542354,0.0
0.0023463012,0.02220073,0.19543554,0.0
0.0023462656,0.022199262,0.19544749,0.0
0.0023462293,0.022197813,0.19545941,0.0
0.0023462034,0.022196429,0.1954723,0.0
0.002346154,0.02219481,0.19548444,0.0
0.002346118,0.022193322,0.19549654,0.0
0.0023460896,0.022191916,0.19550946,0.0
0.0023460202,0.022190116,0.19551982,0.0
0.00234602,0.02218902,0.19553238,0.0
0.0023459794,0.022187531,0.19554518,0.0
0.0023459322,0.022185925,0.19555736,0.0
0.0023458744,0.022184262,0.19556756,0.0
0.0023458744,0.022183184,0.19558002,0.0
0.0023458137,0.022181554,0.19559093,0.0
0.0023457943,0.02218028,0.19560263,0.0
0.0023457676,0.02217894,0.1956152,0.0
0.0023457203,0.022177365,0.19562718,0.0
0.002345675,0.022175834,0.19563818,0.0
0.0023456512,0.022174528,0.19564982,0.0
0.0023456165,0.022173122,0.1956615,0.0
0.0023455815,0.0221717,0.19567324,0.0
0.0023455455,0.02217027,0.19568498,0.0
0.0023455105,0.022168849,0.19569674,0.0
0.0023454756,0.022167409,0.19570848,0.0
0.0023454407,0.022165988,0.19572021,0.0
0.0023454048,0.022164557,0.19573198,0.0
0.00234537,0.02216313,0.19574371,0.0
0.0023453338,0.022161694,0.1957554,0.0
0.002345318,0.022160426,0.19576892,0.0
0.0023452372,0.022158526,0.19577928,0.0
0.0023452267,0.022157343,0.19579086,0.0
0.0023451895,0.022155931,0.19580239,0.0
0.0023451555,0.022154532,0.19581406,0.0
0.0023451208,0.022153128,0.19582568,0.0
0.0023450959,0.022151792,0.19583821,0.0
0.0023450374,0.022150137,0.19584915,0.0
0.0023450146,0.02214884,0.19586076,0.0
0.0023449787,0.022147428,0.1958723,0.0
0.0023449445,0.022146031,0.1958839,0.0
0.0023449098,0.02214462,0.19589554,0.0
0.002344875,0.022143217,0.19590712,0.0
0.002344849,0.02214188,0.1959196,0.0
0.002344802,0.022140317,0.19593136,0.0
0.0023447569,0.022138786,0.19594225,0.0
0.0023447429,0.02213758,0.19595458,0.0
0.002344695,0.02213604,0.19596623,0.0
0.002344652,0.022134544,0.19597702,0.0
0.0023446279,0.022133268,0.19598843,0.0
0.0023445922,0.022131892,0.19599983,0.0
0.002344558,0.022130512,0.19601132,0.0
0.0023445245,0.022129118,0.1960228,0.0
0.0023444896,0.022127721,0.19603427,0.0
0.0023444649,0.022126405,0.19604667,0.0
0.0023444076,0.022124771,0.19605745,0.0
0.0023443857,0.022123497,0.1960689,0.0
0.0023443496,0.02212211,0.19608027,0.0
0.002344316,0.022120731,0.19609171,0.0
0.0023442912,0.02211942,0.19610406,0.0
0.0023442442,0.022117876,0.19611569,0.0
0.0023442,0.02211637,0.1961264,0.0
0.0023441762,0.022115104,0.19613771,0.0
0.0023441412,0.022113742,0.196149,0.0
0.0023441368,0.022112597,0.196163,0.0
0.002344037,0.022110535,0.19617237,0.0
0.0023440395,0.022109507,0.19618364,0.0
0.0023440004,0.022108147,0.19619475,0.0
0.002343979,0.022106886,0.19620693,0.0
0.0023439417,0.022105444,0.19621928,0.0
0.0023438854,0.022103805,0.1962301,0.0
0.0023438537,0.022102447,0.19624062,0.0
0.0023438393,0.022101283,0.1962526,0.0
0.0023437932,0.022099806,0.19626395,0.0
0.002343751,0.02209835,0.19627449,0.0
0.0023437287,0.022097105,0.19628564,0.0
0.0023436933,0.022095764,0.1962968,0.0
0.002343661,0.022094412,0.19630805,0.0
0.002343627,0.022093054,0.19631931,0.0
0.0023435932,0.022091683,0.19633058,0.0
0.0023435592,0.022090327,0.1963418,0.0
0.0023435254,0.022088962,0.19635306,0.0
0.0023434917,0.022087594,0.1963643,0.0
0.0023434581,0.02208622,0.19637556,0.0
0.0023434241,0.022084866,0.1963868,0.0
0.00234339,0.022083499,0.19639803,0.0
0.0023433554,0.022082139,0.19640924,0.0
0.0023433226,0.022080781,0.19642045,0.0
0.0023432889,0.022079416,0.19643167,0.0
0.002343254,0.022078052,0.19644286,0.0
0.0023432202,0.022076698,0.19645405,0.0
0.0023431873,0.022075342,0.19646525,0.0
0.0023431536,0.022073988,0.1964764,0.0
0.0023431196,0.02207262,0.19648756,0.0
0.002343095,0.022071349,0.19649956,0.0
0.0023430486,0.022069843,0.1965109,0.0
0.0023430057,0.022068385,0.19652133,0.0
0.0023429908,0.022067228,0.19653322,0.0
0.0023429464,0.022065751,0.19654441,0.0
0.0023429042,0.022064315,0.1965548,0.0
0.0023428819,0.022063099,0.19656573,0.0
0.002342857,0.022061853,0.19657755,0.0
0.002342812,0.022060378,0.19658875,0.0
0.0023429259,0.022060154,0.19661337,0.0
0.0023425445,0.022055237,0.19661328,0.0
0.0023427112,0.022055801,0.19662367,0.0
0.0023426563,0.022054613,0.19663328,0.0
0.0023426393,0.02205352,0.19664384,0.0
0.0023426085,0.022052277,0.19665453,0.0
0.0023425785,0.022050994,0.19666538,0.0
0.0023425457,0.022049692,0.19667627,0.0
0.002342514,0.02204838,0.1966872,0.0
0.0023424812,0.022047058,0.19669817,0.0
0.0023424488,0.022045735,0.19670911,0.0
0.002342416,0.022044413,0.19672005,0.0
0.0023423831,0.02204309,0.196731,0.0
0.0023423492,0.022041757,0.19674197,0.0
0.0023423166,0.022040434,0.1967529,0.0
0.0023422837,0.022039108,0.19676387,0.0
0.002342251,0.022037782,0.19677478,0.0
0.0023422183,0.02203646,0.19678575,0.0
0.0023421845,0.022035137,0.19679666,0.0
0.0023421517,0.022033816,0.19680758,0.0
0.002342119,0.022032483,0.19681846,0.0
0.0023420951,0.02203124,0.19683018,0.0
0.0023420413,0.0220297,0.19684044,0.0
0.00234202,0.022028502,0.19685127,0.0
0.0023420393,0.022027608,0.19686702,0.0
0.0023418828,0.022025028,0.19687405,0.0
0.0023419207,0.022024367,0.19688463,0.0
0.0023418802,0.022023102,0.19689505,0.0
0.002341854,0.022021882,0.1969057,0.0
0.0023418306,0.02202066,0.19691722,0.0
0.0023418046,0.02201937,0.19692981,0.0
0.0023417394,0.022017676,0.19694032,0.0
0.0023416998,0.022016285,0.19694962,0.0
0.0023416963,0.022015303,0.19696088,0.0
0.0023416432,0.022013854,0.19697079,0.0
0.0023416337,0.022012766,0.19698223,0.0
0.002341581,0.022011286,0.19699219,0.0
0.00234157,0.022010187,0.1970037,0.0
0.0023415429,0.022008905,0.1970161,0.0
0.0023414798,0.022007242,0.19702649,0.0
0.0023414572,0.022005994,0.19703738,0.0
0.0023414043,0.02200453,0.19704653,0.0
0.0023413957,0.022003511,0.19705693,0.0
0.0023413629,0.022002278,0.19706735,0.0
0.0023413415,0.022001095,0.19707873,0.0
0.0023413068,0.021999756,0.19709034,0.0
0.002341255,0.021998238,0.19710046,0.0
0.0023412334,0.021997036,0.19711119,0.0
0.0023411994,0.02199574,0.19712181,0.0
0.002341168,0.021994455,0.19713244,0.0
0.0023411792,0.021993512,0.19714713,0.0
0.002341056,0.021991258,0.19715546,0.0
0.002341069,0.021990364,0.19716607,0.0
0.0023410295,0.021989077,0.19717647,0.0
0.0023409922,0.021987772,0.19718625,0.0
0.0023409626,0.021986563,0.19719586,0.0
0.0023409422,0.021985462,0.19720611,0.0
0.0023409207,0.021984315,0.19721726,0.0
0.0023408711,0.021982871,0.1972271,0.0
0.0023408504,0.021981718,0.1972376,0.0
0.002340819,0.021980459,0.19724803,0.0
0.0023407876,0.021979202,0.19725853,0.0
0.0023407738,0.021978084,0.1972706,0.0
0.002340711,0.021976462,0.19728072,0.0
0.0023406905,0.021975266,0.19729136,0.0
0.0023406737,0.021974113,0.19730343,0.0
0.0023405938,0.021972368,0.19731197,0.0
0.0023405957,0.021971442,0.19732226,0.0
0.002340562,0.021970212,0.19733246,0.0
0.0023405326,0.021968996,0.19734283,0.0
0.0023405019,0.021967752,0.19735327,0.0
0.0023404714,0.0219665,0.19736369,0.0
0.0023404397,0.021965245,0.19737415,0.0
0.0023404171,0.021964045,0.19738539,0.0
0.0023403668,0.0219626,0.1973952,0.0
0.0023403447,0.021961436,0.19740559,0.0
0.002340313,0.021960178,0.19741598,0.0
0.0023402907,0.021958997,0.19742718,0.0
0.0023402402,0.021957545,0.19743697,0.0
0.0023402197,0.021956392,0.19744733,0.0
0.0023401866,0.021955146,0.19745766,0.0
0.0023401573,0.021953909,0.19746803,0.0
0.0023401338,0.021952722,0.19747916,0.0
0.0023400832,0.021951264,0.19748898,0.0
0.0023400625,0.021950124,0.1974993,0.0
0.0023400297,0.021948874,0.1975096,0.0
0.0023400004,0.021947647,0.19751991,0.0
0.0023399687,0.021946397,0.19753024,0.0
0.002339937,0.021945154,0.1975406,0.0
0.0023399065,0.021943906,0.19755092,0.0
0.0023398763,0.021942664,0.19756125,0.0
0.0023398444,0.021941425,0.19757155,0.0
0.002339813,0.021940172,0.19758189,0.0
0.0023397822,0.021938931,0.1975922,0.0
0.002339752,0.02193769,0.19760247,0.0
0.0023397193,0.02193645,0.19761273,0.0
0.0023396888,0.021935204,0.19762304,0.0
0.0023396579,0.021933978,0.19763333,0.0
0.0023396357,0.0219328,0.19764432,0.0
0.0023395927,0.021931427,0.1976548,0.0
0.0023395545,0.021930091,0.1976644,0.0
0.0023395496,0.021929098,0.19767608,0.0
0.002339497,0.02192761,0.19768655,0.0
0.0023394495,0.021926204,0.19769551,0.0
0.0023394378,0.02192519,0.19770548,0.0
0.0023394076,0.021924004,0.19771548,0.0
0.002339386,0.02192288,0.19772635,0.0
0.0023393454,0.021921536,0.19773664,0.0
0.0023393147,0.021920279,0.19774695,0.0
0.0023392753,0.02191898,0.19775642,0.0
0.0023392546,0.021917881,0.19776641,0.0
0.0023392243,0.021916676,0.19777648,0.0
0.002339195,0.021915477,0.19778654,0.0
0.0023391643,0.021914262,0.19779669,0.0
0.002339135,0.021913053,0.19780676,0.0
0.0023391037,0.02191183,0.19781692,0.0
0.0023390742,0.021910613,0.19782701,0.0
0.0023390434,0.021909399,0.19783711,0.0
0.002339013,0.021908173,0.19784725,0.0
0.0023389903,0.021907032,0.19785808,0.0
0.0023389407,0.021905616,0.19786757,0.0
0.0023389217,0.021904506,0.19787765,0.0
0.0023388898,0.021903299,0.19788761,0.0
0.0023389086,0.021902483,0.19790222,0.0
0.0023387745,0.021900175,0.1979095,0.0
0.0023388052,0.021899492,0.19792026,0.0
0.00233874,0.021898037,0.19792871,0.0
0.002338735,0.021897104,0.19793846,0.0
0.0023387044,0.021895956,0.1979482,0.0
0.0023386762,0.021894794,0.19795811,0.0
0.002338647,0.02189361,0.19796805,0.0
0.0023386187,0.021892427,0.19797799,0.0
0.0023385962,0.021891288,0.19798872,0.0
0.0023385477,0.021889899,0.1979981,0.0
0.0023385363,0.021888867,0.19800879,0.0
0.0023384944,0.021887545,0.19801883,0.0
0.0023384572,0.02188627,0.19802819,0.0
0.0023384446,0.021885239,0.19803874,0.0
0.002338404,0.021883938,0.19804877,0.0
0.0023383745,0.021882726,0.1980588,0.0
0.0023383363,0.02188146,0.19806802,0.0
0.0023383158,0.021880385,0.19807781,0.0
0.0023382942,0.021879274,0.19808833,0.0
0.0023019998,0.02159544,0.19464654,0.0
0.0023504645,0.02219215,0.19386265,0.0
0.0023511185,0.022339612,0.19324794,0.0
0.0023569306,0.022452774,0.19295548,0.0
0.0023590517,0.022507666,0.19277674,0.0
0.0023606578,0.022541689,0.19267729,0.0
0.0023615295,0.022560915,0.1926175,0.0
0.0023620867,0.022572534,0.19258115,0.0
0.0023625204,0.022580333,0.19256628,0.0
0.0023626736,0.022583708,0.19255707,0.0
0.0023628552,0.022586267,0.19255719,0.0
0.0023629249,0.022587102,0.19256191,0.0
0.0023629633,0.022587093,0.19256999,0.0
0.0023630029,0.02258671,0.19258311,0.0
0.0023629193,0.022584934,0.19259252,0.0
