0.007966205,0.0,0.0030531057,0.0
0.0103781475,0.0,0.00401189,0.0
0.0112830475,0.0,0.004301578,0.0
0.009306361,0.0,0.0034568901,0.0
0.008676572,0.0,0.0032439749,0.0
0.0078025125,0.0,0.0029044522,0.0
0.0072806124,0.0,0.0027195704,0.0
0.008771496,0.0,0.0033494262,0.0
0.008569436,0.0,0.0032215687,0.0
0.009526681,0.0,0.0036277208,0.0
0.011612617,0.0,0.0044558654,0.0
0.009581151,0.0,0.0035529262,0.0
0.011032387,0.0,0.004203617,0.0
0.011121048,0.0,0.0041834954,0.0
0.011706849,0.0,0.004419042,0.0
0.010616629,0.0,0.003950318,0.0
0.00954771,0.0,0.0035486505,0.0
0.0072258497,0.0,0.0026433992,0.0
0.007799878,0.0,0.002939799,0.0
0.008108098,0.0,0.0030531895,0.0
0.007867215,0.0,0.0029503368,0.0
0.009441695,0.0,0.0036103593,0.0
0.010013267,0.0,0.003792917,0.0
0.009929868,0.0,0.0037390564,0.0
0.007816618,0.0,0.0028816527,0.0
0.006409588,0.0,0.0023616764,0.0
0.006213172,0.0,0.0023168607,0.0
0.008953135,0.0,0.0034692136,0.0
0.011746426,0.0,0.0045410604,0.0
0.012776002,0.0,0.004867312,0.0
0.009257829,0.0,0.0033927788,0.0
0.009458201,0.0,0.0035639945,0.0
0.008593078,0.0,0.0031990504,0.0
0.008001504,0.0,0.002987237,0.0
0.008616713,0.0,0.0032547836,0.0
0.009839223,0.0,0.0037459855,0.0
0.010996094,0.0,0.0041840724,0.0
0.01582874,0.0,0.006148228,0.0
0.015166725,0.0,0.0056632236,0.0
0.013451639,0.0,0.0049816235,0.0
0.01090286,0.0,0.0040012174,0.0
0.007923692,0.0,0.0028783975,0.0
0.0074388413,0.0,0.0027589956,0.0
0.0071358737,0.0,0.0026540824,0.0
0.0073474925,0.0,0.0027600126,0.0
0.006758961,0.0,0.0025190285,0.0
0.0061947815,0.0,0.0023072525,0.0
0.0070015,0.0,0.0026526279,0.0
0.0072445897,0.0,0.002734929,0.0
0.0074223205,0.0,0.002802224,0.0
0.006690138,0.0,0.0024960719,0.0
0.0076148384,0.0,0.002897114,0.0
0.0072475667,0.0,0.0027194866,0.0
0.00793423,0.0,0.0030145755,0.0
0.008033131,0.0,0.0030378867,0.0
0.009040668,0.0,0.0034498926,0.0
0.010822865,0.0,0.0041552274,0.0
0.009594168,0.0,0.003586808,0.0
0.010330271,0.0,0.0039186706,0.0
0.0103330435,0.0,0.0038907712,0.0
0.009198484,0.0,0.0034271397,0.0
0.0075322646,0.0,0.0027820978,0.0
0.008110714,0.0,0.0030617502,0.0
0.0105518885,0.0,0.0040581683,0.0
0.009175964,0.0,0.0034184265,0.0
0.0108103445,0.0,0.00413116,0.0
0.0128728645,0.0,0.0049174484,0.0
0.015644936,0.0,0.005973876,0.0
0.014361829,0.0,0.0053334543,0.0
0.011985439,0.0,0.0044083325,0.0
0.0056353263,0.0,0.0019698613,0.0
0.0042625526,0.0,0.0015379734,0.0
0.005215617,0.0,0.0019564407,0.0
0.008808634,0.0,0.0034510074,0.0
0.0075331447,0.0,0.0028108265,0.0
0.0068651056,0.0,0.0025717008,0.0
0.007131865,0.0,0.0026920205,0.0
0.008968717,0.0,0.0034473955,0.0
0.009790062,0.0,0.0037258985,0.0
0.008276597,0.0,0.0030804696,0.0
0.0076265344,0.0,0.002853187,0.0
0.007977477,0.0,0.0030088553,0.0
0.0074450383,0.0,0.0027860254,0.0
0.0076828073,0.0,0.0029009972,0.0
0.007901125,0.0,0.0029867438,0.0
0.010237083,0.0,0.003952942,0.0
0.011646119,0.0,0.004453718,0.0
0.0099379,0.0,0.003693978,0.0
0.009214786,0.0,0.0034436297,0.0
0.011155265,0.0,0.0042612655,0.0
0.009409278,0.0,0.0034908266,0.0
0.009364509,0.0,0.0035177076,0.0
0.0068180305,0.0,0.0024882387,0.0
0.0066696694,0.0,0.002491159,0.0
0.0069383904,0.0,0.0026084734,0.0
0.008141571,0.0,0.0031050462,0.0
0.009424517,0.0,0.0036005247,0.0
0.007874615,0.0,0.0029263068,0.0
0.007476074,0.0,0.0028021743,0.0
0.00802442,0.0,0.0030344108,0.0
0.009848038,0.0,0.003776836,0.0
0.0137479985,0.0,0.0053396886,0.0
0.024110494,0.0,0.009510267,0.0
0.03538609,0.0,0.013427374,0.0
0.027605185,0.0,0.00963344,0.0
0.013965749,0.0,0.0047712307,0.0
0.023346817,0.0,0.008980401,0.0
0.025178516,0.0,0.009179092,0.0
0.03138881,0.0,0.011562227,0.0
0.018916221,0.0,0.0064594112,0.0
0.009625679,0.0,0.0033264498,0.0
0.0069126035,0.0,0.002475029,0.0
0.008369635,0.0,0.003142388,0.0
0.007996859,0.0,0.0029680494,0.0
0.00793658,0.0,0.0029657087,0.0
0.008295604,0.0,0.0031179744,0.0
0.01053816,0.0,0.004037571,0.0
0.01014758,0.0,0.0038021805,0.0
0.007548853,0.0,0.0027637868,0.0
0.006473099,0.0,0.0023925942,0.0
0.0071762293,0.0,0.0027106984,0.0
0.008143495,0.0,0.003092688,0.0
0.01117184,0.0,0.0043221787,0.0
0.01258904,0.0,0.004812182,0.0
0.011378013,0.0,0.0042532994,0.0
0.0064515825,0.0,0.002313471,0.0
0.006892562,0.0,0.0025906924,0.0
0.00873387,0.0,0.0033370228,0.0
0.008941273,0.0,0.0033752637,0.0
0.0087591745,0.0,0.0032994994,0.0
0.008396778,0.0,0.0031503176,0.0
0.007854589,0.0,0.0029382743,0.0
0.013284981,0.0,0.0052333996,0.0
0.061055493,0.0,0.025977496,0.0
0.05941212,0.0,0.01983156,0.0
0.06808367,0.0,0.02267306,0.0
0.058544517,0.0,0.018320652,0.0
0.06420677,0.0,0.0208546,0.0
0.06168081,0.0,0.019414287,0.0
0.049776472,0.0,0.01556801,0.0
0.025749587,0.0,0.008059935,0.0
0.020688098,0.0,0.007144274,0.0
0.016908541,0.0,0.0059298878,0.0
0.014049482,0.0,0.0050126803,0.0
0.0099748615,0.0,0.003544959,0.0
0.00804629,0.0,0.0029083507,0.0
0.008163516,0.0,0.003019023,0.0
0.011997238,0.0,0.0046076,0.0
0.014901758,0.0,0.005658747,0.0
0.0144875385,0.0,0.0053777643,0.0
0.015371222,0.0,0.0057629813,0.0
0.028542697,0.0,0.011113431,0.0
0.03681514,0.0,0.013538717,0.0
0.028530275,0.0,0.009834131,0.0
0.019023467,0.0,0.0065937596,0.0
0.013822588,0.0,0.0049096374,0.0
0.012814499,0.0,0.0046870774,0.0
0.010233628,0.0,0.003707749,0.0
0.009694174,0.0,0.003586551,0.0
0.007948547,0.0,0.002909699,0.0
0.007601811,0.0,0.0028246236,0.0
0.007586343,0.0,0.0028319738,0.0
0.007859634,0.0,0.0029508278,0.0
0.0077708294,0.0,0.002910838,0.0
0.00857542,0.0,0.0032493856,0.0
0.013994833,0.0,0.005495294,0.0
0.018758737,0.0,0.007221525,0.0
0.02320517,0.0,0.008782438,0.0
0.016799059,0.0,0.0060251607,0.0
0.009246372,0.0,0.0032653443,0.0
0.008579667,0.0,0.0031719322,0.0
0.008907546,0.0,0.003328305,0.0
0.009492984,0.0,0.0035735925,0.0
0.009764797,0.0,0.0036765293,0.0
0.008508648,0.0,0.0031575733,0.0
0.0088169025,0.0,0.0033211801,0.0
0.009272662,0.0,0.0034967263,0.0
0.0081687905,0.0,0.0030366601,0.0
0.009266112,0.0,0.003518651,0.0
0.010335884,0.0,0.0039231456,0.0
0.009862644,0.0,0.0036951904,0.0
0.0082867555,0.0,0.003066963,0.0
0.007035839,0.0,0.0026038897,0.0
0.006874281,0.0,0.0025712096,0.0
0.007041938,0.0,0.0026504865,0.0
0.0067325807,0.0,0.0025205263,0.0
0.007186848,0.0,0.002715025,0.0
0.007313242,0.0,0.0027579414,0.0
0.00840537,0.0,0.0032078826,0.0
0.008997903,0.0,0.003418675,0.0
0.00737092,0.0,0.0027349724,0.0
0.0057635303,0.0,0.0021191416,0.0
0.0037792102,0.0,0.0013569283,0.0
0.0028428743,0.0,0.0010189612,0.0
0.0033570982,0.0,0.0012449203,0.0
0.0052695605,0.0,0.0020354474,0.0
0.007528825,0.0,0.0029402357,0.0
0.008649054,0.0,0.003337456,0.0
0.008822265,0.0,0.003363309,0.0
0.008559221,0.0,0.0032371064,0.0
0.014509475,0.0,0.0057464535,0.0
0.016685437,0.0,0.006366996,0.0
0.015725113,0.0,0.0058681183,0.0
0.010753233,0.0,0.0038945542,0.0
0.009788612,0.0,0.0036360119,0.0
0.008148581,0.0,0.003002328,0.0
0.00813145,0.0,0.0030474495,0.0
0.01007679,0.0,0.0038541183,0.0
0.009282486,0.0,0.0034697552,0.0
0.010010461,0.0,0.0037902058,0.0
0.010872565,0.0,0.004113752,0.0
0.060559053,0.0,0.026125517,0.0
0.092092715,0.0,0.031774722,0.0
0.095461234,0.0,0.028743329,0.0
0.07365576,0.0,0.021034753,0.0
0.02344228,0.0,0.0066460385,0.0
0.017406425,0.0,0.006006017,0.0
0.014687033,0.0,0.0051991213,0.0
0.011062313,0.0,0.0039418456,0.0
0.010079388,0.0,0.003688089,0.0
0.008167932,0.0,0.002971114,0.0
0.0069676847,0.0,0.002553995,0.0
0.0076138224,0.0,0.002855577,0.0
0.008308528,0.0,0.0031305547,0.0
0.008133272,0.0,0.0030455485,0.0
0.008890081,0.0,0.0033593595,0.0
0.008179202,0.0,0.0030449757,0.0
0.008873447,0.0,0.0033460546,0.0
0.0085742595,0.0,0.0032241023,0.0
0.009433361,0.0,0.0035858618,0.0
0.025840895,0.0,0.010622926,0.0
0.032539878,0.0,0.012209039,0.0
0.027905775,0.0,0.009886133,0.0
0.01812074,0.0,0.0063196057,0.0
0.030642789,0.0,0.01169905,0.0
0.038800124,0.0,0.014036677,0.0
0.078371085,0.0,0.02869818,0.0
0.079241715,0.0,0.024451898,0.0
0.04333126,0.0,0.012634771,0.0
0.04309895,0.0,0.014428472,0.0
0.016925616,0.0,0.0052859653,0.0
0.0085320175,0.0,0.002900066,0.0
0.0075125895,0.0,0.0027009535,0.0
0.0135095045,0.0,0.005222762,0.0
0.021818096,0.0,0.00843082,0.0
0.024673553,0.0,0.009141718,0.0
0.016109023,0.0,0.0056504277,0.0
0.0129699595,0.0,0.0046955305,0.0
0.01044215,0.0,0.0037838195,0.0
0.0092079835,0.0,0.0033745395,0.0
0.008937139,0.0,0.0033072627,0.0
0.008369165,0.0,0.0031033827,0.0
0.008528865,0.0,0.003192178,0.0
0.0089017,0.0,0.0033584146,0.0
0.009180678,0.0,0.0034641875,0.0
0.006984294,0.0,0.002561182,0.0
0.004375662,0.0,0.001571654,0.0
0.0044403104,0.0,0.0016423248,0.0
0.004920781,0.0,0.0018404105,0.0
0.010930106,0.0,0.0043973173,0.0
0.016350113,0.0,0.0064381612,0.0
0.044833265,0.0,0.018345542,0.0
0.121300265,0.0,0.04575594,0.0
0.41884622,0.0,0.13764356,0.0
0.2106914,0.0,0.018156115,0.0
0.009643591,0.0,0.0031088036,0.0
0.009686842,0.0,0.007034478,0.0
0.018325815,0.0,0.008580908,0.0
0.018182324,0.0,0.006529053,0.0
0.022844315,0.0,0.008217593,0.0
0.026777858,0.0,0.009654234,0.0
0.022605525,0.0,0.007980826,0.0
0.019620113,0.0,0.0070971875,0.0
0.020090308,0.0,0.0074495967,0.0
0.020133918,0.0,0.0074348855,0.0
0.022132697,0.0,0.008173928,0.0
0.017528605,0.0,0.0062047173,0.0
0.012141787,0.0,0.004263758,0.0
0.007251148,0.0,0.002520504,0.0
0.0055713374,0.0,0.0019768171,0.0
0.008973418,0.0,0.003460459,0.0
0.011274546,0.0,0.0043540588,0.0
0.011544852,0.0,0.0044006123,0.0
0.010792244,0.0,0.0040630647,0.0
0.009854011,0.0,0.0036690778,0.0
0.009154326,0.0,0.0034015013,0.0
0.011321862,0.0,0.0043208734,0.0
0.020482548,0.0,0.008080473,0.0
0.17268158,0.0,0.07568122,0.0
0.21504389,0.0,0.053638026,0.0
0.19467545,0.0,0.03896371,0.0
0.10253849,0.0,0.020806955,0.0
0.03050642,0.0,0.007921808,0.0
0.010310427,0.0,0.0031168938,0.0
0.0070496234,0.0,0.0023447883,0.0
0.0058369716,0.0,0.0020234364,0.0
0.005775148,0.0,0.0020811467,0.0
0.0062296907,0.0,0.0023061228,0.0
0.0065979543,0.0,0.002472226,0.0
0.008932138,0.0,0.0034492742,0.0
0.009169631,0.0,0.003474335,0.0
0.008472123,0.0,0.0031765383,0.0
0.0071685123,0.0,0.00265417,0.0
0.008123302,0.0,0.0030729335,0.0
0.0071981964,0.0,0.0026646012,0.0
0.008406509,0.0,0.0032263258,0.0
0.009393703,0.0,0.0035937033,0.0
0.0080631515,0.0,0.0030261644,0.0
0.0063832407,0.0,0.002362368,0.0
0.0051879236,0.0,0.0019060768,0.0
0.0045422637,0.0,0.0016704835,0.0
0.0034628722,0.0,0.0012532319,0.0
0.0032059562,0.0,0.001171523,0.0
0.0029586593,0.0,0.0010788972,0.0
0.0035476554,0.0,0.0013275598,0.0
0.0050225044,0.0,0.0019309338,0.0
0.0077108047,0.0,0.0030337516,0.0
0.008212036,0.0,0.0031514508,0.0
0.007875133,0.0,0.002987621,0.0
0.0075587183,0.0,0.0028536415,0.0
0.008329569,0.0,0.003179092,0.0
0.008734619,0.0,0.0033170155,0.0
0.01140844,0.0,0.004422866,0.0
0.012598222,0.0,0.004810573,0.0
0.008599212,0.0,0.0031414009,0.0
0.008271992,0.0,0.0031029244,0.0
0.010485432,0.0,0.0040222094,0.0
0.010836957,0.0,0.0040960214,0.0
0.015028603,0.0,0.005819316,0.0
0.011910982,0.0,0.0043771258,0.0
0.0065741357,0.0,0.002339859,0.0
0.014363183,0.0,0.0057357806,0.0
0.06528409,0.0,0.02754982,0.0
0.09129167,0.0,0.03091322,0.0
0.084377185,0.0,0.025173437,0.0
0.05516952,0.0,0.016080895,0.0
0.024069555,0.0,0.007356623,0.0
0.01685019,0.0,0.005786793,0.0
0.019554568,0.0,0.0071246647,0.0
0.022877028,0.0,0.008388617,0.0
0.018205352,0.0,0.00646695,0.0
0.013142138,0.0,0.0046733557,0.0
0.008800668,0.0,0.0031313158,0.0
0.00681005,0.0,0.0024601317,0.0
0.009564307,0.0,0.0036477004,0.0
0.010205409,0.0,0.0038348928,0.0
0.010003124,0.0,0.0037387602,0.0
0.00687683,0.0,0.002483494,0.0
0.005817287,0.0,0.002133142,0.0
0.0058696107,0.0,0.0021909932,0.0
0.0069494685,0.0,0.0026414357,0.0
0.011255074,0.0,0.004430663,0.0
0.013604999,0.0,0.005236819,0.0
0.012695971,0.0,0.004754191,0.0
0.007551555,0.0,0.002712514,0.0
0.008540127,0.0,0.0032360395,0.0
0.010093998,0.0,0.0038467022,0.0
0.0076504694,0.0,0.0028119872,0.0
0.005161362,0.0,0.001869329,0.0
0.0055423686,0.0,0.0020747646,0.0
0.007626387,0.0,0.0029334715,0.0
0.011950302,0.0,0.004702917,0.0
0.014420623,0.0,0.0055527943,0.0
0.013894169,0.0,0.0052226586,0.0
0.010005484,0.0,0.0036493444,0.0
0.009219031,0.0,0.0034304226,0.0
0.0073266425,0.0,0.0026869152,0.0
0.0081361355,0.0,0.0030727186,0.0
0.009883165,0.0,0.0037793133,0.0
0.009150892,0.0,0.003427862,0.0
0.008300765,0.0,0.0031012169,0.0
0.009648457,0.0,0.0036718838,0.0
0.010585919,0.0,0.004020169,0.0
0.0098296,0.0,0.0036814827,0.0
0.0079208845,0.0,0.0029219454,0.0
0.008576604,0.0,0.0032367336,0.0
0.007956128,0.0,0.002966843,0.0
0.007650003,0.0,0.0028644195,0.0
0.006674892,0.0,0.0024784764,0.0
0.008263848,0.0,0.0031634602,0.0
0.009056669,0.0,0.0034433282,0.0
0.006997646,0.0,0.00257995,0.0
0.004704453,0.0,0.0017033055,0.0
0.0044051283,0.0,0.0016249719,0.0
0.007194569,0.0,0.0028003873,0.0
0.008494452,0.0,0.0032615312,0.0
0.009509001,0.0,0.0036433684,0.0
0.018288836,0.0,0.007323008,0.0
0.025161253,0.0,0.009677654,0.0
0.026105912,0.0,0.0096278265,0.0
0.021916881,0.0,0.007868631,0.0
0.04247679,0.0,0.016291639,0.0
0.053877458,0.0,0.018924803,0.0
0.043258958,0.0,0.014154199,0.0
0.03143324,0.0,0.0104402015,0.0
0.013110824,0.0,0.00429053,0.0
0.008075942,0.0,0.0028307221,0.0
0.010657094,0.0,0.00400694,0.0
0.015598646,0.0,0.005976275,0.0
0.018722933,0.0,0.0070587285,0.0
0.014697231,0.0,0.005319279,0.0
0.010054775,0.0,0.0036111474,0.0
0.0074506984,0.0,0.0026932368,0.0
0.005912382,0.0,0.00214543,0.0
0.006518762,0.0,0.002439337,0.0
0.0068069673,0.0,0.0025501254,0.0
0.007027242,0.0,0.0026410716,0.0
0.0066888016,0.0,0.0024976458,0.0
0.008192143,0.0,0.0031405713,0.0
0.0091127595,0.0,0.003476517,0.0
0.012307067,0.0,0.0047786967,0.0
0.013037306,0.0,0.004948504,0.0
0.010979238,0.0,0.004065658,0.0
0.008644362,0.0,0.00317612,0.0
0.007171354,0.0,0.0026440704,0.0
0.007974041,0.0,0.0030157142,0.0
0.0138665605,0.0,0.0054776557,0.0
0.016515,0.0,0.006313379,0.0
0.01930389,0.0,0.007321195,0.0
0.017790377,0.0,0.0065509756,0.0
0.014907188,0.0,0.0054393914,0.0
0.02049138,0.0,0.007801881,0.0
0.024196945,0.0,0.008997923,0.0
0.01779409,0.0,0.0063221264,0.0
0.042643808,0.0,0.01675883,0.0
0.06212996,0.0,0.022031676,0.0
0.04712613,0.0,0.01499865,0.0
0.03371204,0.0,0.011050025,0.0
0.026014559,0.0,0.0088441875,0.0
0.01748504,0.0,0.0060007283,0.0
0.015759317,0.0,0.00565649,0.0
0.008919377,0.0,0.0030997149,0.0
0.0079439655,0.0,0.0028957403,0.0
0.0082337875,0.0,0.00305485,0.0
0.0067232796,0.0,0.0024566194,0.0
0.009711608,0.0,0.0037414622,0.0
0.012382342,0.0,0.0047445907,0.0
0.013680603,0.0,0.005178705,0.0
0.01569602,0.0,0.0059444355,0.0
0.014342803,0.0,0.0053019365,0.0
0.018763365,0.0,0.007126328,0.0
0.021436634,0.0,0.008020126,0.0
0.020868674,0.0,0.007658288,0.0
0.014191082,0.0,0.005044551,0.0
0.015430509,0.0,0.0057537835,0.0
0.019586788,0.0,0.0073840097,0.0
0.022393612,0.0,0.008320375,0.0
0.015543239,0.0,0.0055203773,0.0
0.014145493,0.0,0.005177982,0.0
0.022721173,0.0,0.00872364,0.0
0.030241495,0.0,0.011271856,0.0
0.16045968,0.0,0.06519462,0.0
0.2708596,0.0,0.07088049,0.0
0.23366414,0.0,0.035311565,0.0
0.10245555,0.0,0.0168438,0.0
0.023341253,0.0,0.0063550514,0.0
0.00941905,0.0,0.0028232764,0.0
0.008196565,0.0,0.0026090278,0.0
0.009588221,0.0,0.0033113165,0.0
0.012308861,0.0,0.004470287,0.0
0.017515998,0.0,0.0065673087,0.0
0.016925842,0.0,0.006172601,0.0
0.012301995,0.0,0.0044083735,0.0
0.0088087665,0.0,0.003173276,0.0
0.0077493684,0.0,0.0028442158,0.0
0.006847689,0.0,0.0025151116,0.0
0.0055301613,0.0,0.0020141045,0.0
0.006265399,0.0,0.0023454214,0.0
0.007212097,0.0,0.0027349214,0.0
0.005904276,0.0,0.0021973308,0.0
0.005970266,0.0,0.0022649702,0.0
0.006411423,0.0,0.002431782,0.0
0.007968679,0.0,0.0030559024,0.0
0.0050936304,0.0,0.0018438862,0.0
0.0051272823,0.0,0.0019172264,0.0
0.026317175,0.0,0.011378567,0.0
0.050813857,0.0,0.019840278,0.0
0.047776952,0.0,0.016420102,0.0
0.03951401,0.0,0.0133132115,0.0
0.014941606,0.0,0.0048069563,0.0
0.00935104,0.0,0.003294355,0.0
0.013540439,0.0,0.005144604,0.0
0.016231105,0.0,0.00610921,0.0
0.016507318,0.0,0.0061354986,0.0
0.015974054,0.0,0.0059081535,0.0
0.013286071,0.0,0.0048507373,0.0
0.013377158,0.0,0.0049706534,0.0
0.018592788,0.0,0.0070962957,0.0
0.020098027,0.0,0.0074583436,0.0
0.020938668,0.0,0.0077168234,0.0
0.015893191,0.0,0.005671182,0.0
0.0293251,0.0,0.011307336,0.0
0.13572119,0.0,0.05474097,0.0
0.111533105,0.0,0.02918193,0.0
0.07570412,0.0,0.020428013,0.0
0.04744836,0.0,0.013945879,0.0
0.016552128,0.0,0.0050072516,0.0
0.012896064,0.0,0.004497964,0.0
0.047059678,0.0,0.018838072,0.0
0.07039516,0.0,0.024501594,0.0
0.07702447,0.0,0.024324734,0.0
0.036737774,0.0,0.010570006,0.0
0.012787283,0.0,0.0040000235,0.0
0.0094110705,0.0,0.0032868846,0.0
0.008361135,0.0,0.0029966303,0.0
0.008518816,0.0,0.0031282317,0.0
0.011170709,0.0,0.0042313174,0.0
0.011745192,0.0,0.00438599,0.0
0.013327763,0.0,0.005025691,0.0
0.014665337,0.0,0.0055453675,0.0
0.017514028,0.0,0.0066256155,0.0
0.01794945,0.0,0.0066644875,0.0
0.015884561,0.0,0.0058091935,0.0
0.011013696,0.0,0.00394087,0.0
0.009240284,0.0,0.003374169,0.0
0.008401564,0.0,0.0031097285,0.0
0.0095804725,0.0,0.0036259217,0.0
0.007881716,0.0,0.0029119551,0.0
0.008191195,0.0,0.00308189,0.0
0.008052988,0.0,0.003012186,0.0
0.008761947,0.0,0.0033157747,0.0
0.01154529,0.0,0.0044478653,0.0
0.014618636,0.0,0.005613866,0.0
0.019277494,0.0,0.007399286,0.0
0.026200201,0.0,0.009952553,0.0
0.0234358,0.0,0.008454278,0.0
0.019250408,0.0,0.006910119,0.0
0.01366688,0.0,0.0048758388,0.0
0.012072098,0.0,0.0044204295,0.0
0.019211888,0.0,0.0074100364,0.0
0.033425946,0.0,0.01285282,0.0
0.048000153,0.0,0.01754861,0.0
0.060296107,0.0,0.02079365,0.0
0.058902938,0.0,0.019078935,0.0
0.055610236,0.0,0.017845875,0.0
0.06465064,0.0,0.021132642,0.0
0.07531338,0.0,0.02387461,0.0
0.0721019,0.0,0.021751156,0.0
0.05573667,0.0,0.016631495,0.0
0.03340611,0.0,0.010239721,0.0
0.024819316,0.0,0.008242026,0.0
0.019415766,0.0,0.006656287,0.0
0.01617422,0.0,0.0056840167,0.0
0.013575805,0.0,0.004834872,0.0
0.009628978,0.0,0.0034097396,0.0
0.010064477,0.0,0.0037094345,0.0
0.01532923,0.0,0.005869605,0.0
0.018289747,0.0,0.006866855,0.0
0.012222206,0.0,0.004359705,0.0
0.006250382,0.0,0.0021883142,0.0
0.0066300286,0.0,0.0024609196,0.0
0.0058476115,0.0,0.0021435674,0.0
0.0053800084,0.0,0.0019876105,0.0
0.004686016,0.0,0.0017237957,0.0
0.0047753234,0.0,0.0017806486,0.0
0.005152378,0.0,0.0019370975,0.0
0.00639778,0.0,0.0024471558,0.0
0.0068376693,0.0,0.002597594,0.0
0.0058560255,0.0,0.0021818865,0.0
0.006073634,0.0,0.002292779,0.0
0.00764235,0.0,0.0029383642,0.0
0.00829021,0.0,0.003157753,0.0
0.007690294,0.0,0.0028923631,0.0
0.009132637,0.0,0.0035088437,0.0
0.009169131,0.0,0.0034740125,0.0
0.0078638485,0.0,0.0029325476,0.0
0.00838799,0.0,0.0031753255,0.0
0.00791449,0.0,0.0029693341,0.0
0.009475574,0.0,0.0036277892,0.0
0.011293534,0.0,0.0043279277,0.0
0.010810924,0.0,0.0040626316,0.0
0.0077596046,0.0,0.0028385168,0.0
0.007115636,0.0,0.002648282,0.0
0.006632792,0.0,0.0024693436,0.0
0.0063126506,0.0,0.0023557446,0.0
0.006087959,0.0,0.002273731,0.0
0.006878646,0.0,0.0026092129,0.0
0.009095165,0.0,0.003515066,0.0
0.011797364,0.0,0.004568599,0.0
0.010446157,0.0,0.0039078332,0.0
0.009990479,0.0,0.0037562693,0.0
0.010617644,0.0,0.004016318,0.0
0.010579149,0.0,0.003976045,0.0
0.008755435,0.0,0.0032388084,0.0
0.008539829,0.0,0.0031984025,0.0
0.009327264,0.0,0.003531157,0.0
0.010354637,0.0,0.0039350046,0.0
0.00942745,0.0,0.003522795,0.0
0.010727244,0.0,0.004079958,0.0
0.0097520985,0.0,0.0036370081,0.0
0.007265859,0.0,0.0026602994,0.0
0.007724126,0.0,0.0029077486,0.0
0.010196101,0.0,0.0039195106,0.0
0.010260915,0.0,0.003868572,0.0
0.013120908,0.0,0.005052091,0.0
0.018039552,0.0,0.0069647133,0.0
0.020522077,0.0,0.0077217445,0.0
0.019089462,0.0,0.007010005,0.0
0.015947148,0.0,0.0057997652,0.0
0.009190376,0.0,0.003248563,0.0
0.00948491,0.0,0.00353546,0.0
0.008548493,0.0,0.0031552333,0.0
0.0073073814,0.0,0.002694168,0.0
0.0068284497,0.0,0.0025370524,0.0
0.009553119,0.0,0.0036838918,0.0
0.009980003,0.0,0.003775352,0.0
0.014231586,0.0,0.005531651,0.0
0.014832403,0.0,0.0055817887,0.0
0.016300501,0.0,0.006146296,0.0
0.018472021,0.0,0.0069447905,0.0
0.01846328,0.0,0.006824032,0.0
0.013566397,0.0,0.0048860824,0.0
0.008899324,0.0,0.0031920515,0.0
0.008365685,0.0,0.003097603,0.0
0.008790576,0.0,0.0032937536,0.0
0.009693069,0.0,0.0036643574,0.0
0.009346345,0.0,0.0034954178,0.0
0.009870049,0.0,0.0037272857,0.0
0.009112308,0.0,0.003398344,0.0
0.006488683,0.0,0.0023617514,0.0
0.0044876,0.0,0.001617438,0.0
0.004753292,0.0,0.0017681146,0.0
0.007302449,0.0,0.0028267023,0.0
0.010889701,0.0,0.004267344,0.0
0.014654795,0.0,0.0057034628,0.0
0.012240102,0.0,0.0045496887,0.0
0.045311064,0.0,0.018945867,0.0
0.095373556,0.0,0.03508209,0.0
0.11504889,0.0,0.034805875,0.0
0.094681524,0.0,0.025714686,0.0
0.042654604,0.0,0.011670189,0.0
0.018865932,0.0,0.0059472905,0.0
0.018738782,0.0,0.0066663222,0.0
0.021014456,0.0,0.0076214913,0.0
0.018300904,0.0,0.0065471306,0.0
0.011288845,0.0,0.003959407,0.0
0.0076997285,0.0,0.0027457294,0.0
0.007204694,0.0,0.002641592,0.0
0.010487694,0.0,0.0040196907,0.0
0.013594795,0.0,0.0051980014,0.0
0.013715012,0.0,0.0051295515,0.0
0.011846674,0.0,0.0043615154,0.0
0.010951586,0.0,0.004044797,0.0
0.01104979,0.0,0.0041308696,0.0
0.012769213,0.0,0.0048430553,0.0
0.018478762,0.0,0.007146603,0.0
0.017656522,0.0,0.0065418445,0.0
0.014039581,0.0,0.005106614,0.0
0.009654638,0.0,0.0034716574,0.0
0.00756142,0.0,0.0027575667,0.0
0.008008895,0.0,0.00299963,0.0
0.0077696885,0.0,0.0028989762,0.0
0.00691141,0.0,0.0025621566,0.0
0.008299301,0.0,0.0031589216,0.0
0.009367624,0.0,0.003559799,0.0
0.008236154,0.0,0.003070573,0.0
0.0067220796,0.0,0.002483688,0.0
0.009182127,0.0,0.003540634,0.0
0.012065912,0.0,0.0046559563,0.0
0.010629893,0.0,0.0039656525,0.0
0.0088466285,0.0,0.0032777982,0.0
0.007918931,0.0,0.0029445016,0.0
0.0076060146,0.0,0.00284705,0.0
0.0072717885,0.0,0.002720616,0.0
0.0067789564,0.0,0.002530911,0.0
0.006590719,0.0,0.0024673415,0.0
0.0069994773,0.0,0.00264239,0.0
0.006971612,0.0,0.002623501,0.0
0.0078669805,0.0,0.0029952817,0.0
0.00715492,0.0,0.0026750835,0.0
0.0073138317,0.0,0.00276157,0.0
0.00459085,0.0,0.0016553035,0.0
0.003197174,0.0,0.0011471993,0.0
0.0026850314,0.0,0.0009655895,0.0
0.0039776242,0.0,0.0015095848,0.0
0.0058640214,0.0,0.002272979,0.0
0.0070947004,0.0,0.0027384004,0.0
0.009741536,0.0,0.0038139357,0.0
0.02447989,0.0,0.010076597,0.0
0.027983181,0.0,0.010510108,0.0
0.030596754,0.0,0.011255558,0.0
0.028641932,0.0,0.010232136,0.0
0.04551704,0.0,0.01688459,0.0
0.042063743,0.0,0.014269532,0.0
0.031038519,0.0,0.01041262,0.0
0.016855756,0.0,0.005668537,0.0
0.009944745,0.0,0.003465622,0.0
0.008227661,0.0,0.002977633,0.0
0.00966493,0.0,0.003622948,0.0
0.009055514,0.0,0.0033529475,0.0
0.00994148,0.0,0.003743928,0.0
0.010241774,0.0,0.0038430938,0.0
0.012645242,0.0,0.0048241834,0.0
0.0136569915,0.0,0.005141184,0.0
0.013691175,0.0,0.0051124827,0.0
0.00966376,0.0,0.0035052863,0.0
0.008240858,0.0,0.0030341947,0.0
0.0072528822,0.0,0.0026761831,0.0
0.008629416,0.0,0.0032742082,0.0
0.01691705,0.0,0.00675309,0.0
0.018418115,0.0,0.0069556683,0.0
0.011273433,0.0,0.0040385644,0.0
0.009271752,0.0,0.0034091263,0.0
0.0074139526,0.0,0.0027106954,0.0
0.008022948,0.0,0.0030150274,0.0
0.008623136,0.0,0.0032526911,0.0
0.009163068,0.0,0.0034619037,0.0
0.0077525917,0.0,0.0028743225,0.0
0.010048909,0.0,0.0038627426,0.0
0.07893357,0.0,0.03512828,0.0
0.14648458,0.0,0.049187306,0.0
0.1482217,0.0,0.038216524,0.0
0.12300723,0.0,0.03021049,0.0
0.05588817,0.0,0.014015261,0.0
0.035123255,0.0,0.010813452,0.0
0.02689454,0.0,0.008835017,0.0
0.034567807,0.0,0.012207416,0.0
0.034993503,0.0,0.011998997,0.0
0.032213625,0.0,0.01098861,0.0
0.028152604,0.0,0.009635086,0.0
0.056579217,0.0,0.020787235,0.0
0.06840647,0.0,0.022314196,0.0
0.05668954,0.0,0.0172392,0.0
0.03217764,0.0,0.009766782,0.0
0.01721423,0.0,0.0055558225,0.0
0.014799507,0.0,0.005155883,0.0
0.013387796,0.0,0.0047872835,0.0
0.012534594,0.0,0.0045580855,0.0
0.012531855,0.0,0.0046218135,0.0
0.012420369,0.0,0.0045984704,0.0
0.012105183,0.0,0.004479101,0.0
0.011307821,0.0,0.004176969,0.0
0.010088165,0.0,0.003716208,0.0
0.008539953,0.0,0.0031383133,0.0
0.008187667,0.0,0.0030416765,0.0
0.009524907,0.0,0.0036052624,0.0
0.009718658,0.0,0.0036471523,0.0
0.009775271,0.0,0.0036825622,0.0
0.007912043,0.0,0.0029223785,0.0
0.0075197653,0.0,0.0028112594,0.0
0.00912872,0.0,0.0034833415,0.0
0.0075670253,0.0,0.0027988295,0.0
0.008478736,0.0,0.003220561,0.0
0.01005379,0.0,0.003840911,0.0
0.011434698,0.0,0.004361096,0.0
0.011508908,0.0,0.004339929,0.0
0.009783585,0.0,0.0036297473,0.0
0.010126605,0.0,0.003816212,0.0
0.009851147,0.0,0.0036906244,0.0
0.008877822,0.0,0.003305098,0.0
0.00814108,0.0,0.0030321623,0.0
0.008631002,0.0,0.0032553521,0.0
0.009856373,0.0,0.003750697,0.0
0.009195789,0.0,0.0034423831,0.0
0.011295825,0.0,0.0043305364,0.0
0.011421855,0.0,0.0042993347,0.0
0.017656107,0.0,0.006885305,0.0
0.024140468,0.0,0.009226116,0.0
0.035897765,0.0,0.01354358,0.0
0.066489406,0.0,0.024570832,0.0
0.06794744,0.0,0.021880345,0.0
0.047962528,0.0,0.0148147065,0.0
0.03149332,0.0,0.010162834,0.0
0.012354027,0.0,0.0039968076,0.0
0.0087980395,0.0,0.0031099275,0.0
0.010184693,0.0,0.003777195,0.0
0.010689023,0.0,0.0039748293,0.0
0.011282205,0.0,0.0042238347,0.0
0.010860893,0.0,0.004041402,0.0
0.012957815,0.0,0.004916425,0.0
0.013568439,0.0,0.005081478,0.0
0.0132803945,0.0,0.004943162,0.0
0.011836644,0.0,0.004362008,0.0
0.01047383,0.0,0.0038625891,0.0
0.0100705605,0.0,0.0037426073,0.0
0.009869245,0.0,0.0036824488,0.0
0.010715093,0.0,0.004052176,0.0
0.013477583,0.0,0.0051647616,0.0
0.015522207,0.0,0.0058906847,0.0
0.013140921,0.0,0.0048434436,0.0
0.012954306,0.0,0.0048255203,0.0
0.012646684,0.0,0.004704728,0.0
0.013636587,0.0,0.0051233997,0.0
0.011710449,0.0,0.0043110037,0.0
0.011086303,0.0,0.004122387,0.0
0.009158451,0.0,0.0033641467,0.0
0.00901281,0.0,0.0033668317,0.0
0.009307999,0.0,0.0034949873,0.0
0.008772762,0.0,0.0032745034,0.0
0.028790088,0.0,0.011945499,0.0
0.03904989,0.0,0.014557944,0.0
0.03206173,0.0,0.011133129,0.0
0.024106428,0.0,0.008372207,0.0
0.008737294,0.0,0.0029025588,0.0
0.0064685927,0.0,0.0023228284,0.0
0.0060843304,0.0,0.0022268225,0.0
0.0072046523,0.0,0.0027125601,0.0
0.008394537,0.0,0.0031866212,0.0
0.009542566,0.0,0.0036331061,0.0
0.012192625,0.0,0.0046977666,0.0
0.013052717,0.0,0.0049422565,0.0
0.025764618,0.0,0.010226109,0.0
0.030004619,0.0,0.011087697,0.0
0.029871,0.0,0.010735075,0.0
0.017162664,0.0,0.0058724917,0.0
0.01187148,0.0,0.004215316,0.0
0.0100548575,0.0,0.0036709963,0.0
0.008893957,0.0,0.003270004,0.0
0.009814376,0.0,0.0036928174,0.0
0.009003798,0.0,0.0033467805,0.0
0.009593394,0.0,0.0036102585,0.0
0.010190015,0.0,0.003841274,0.0
0.014670504,0.0,0.0056803334,0.0
0.015517837,0.0,0.0058335993,0.0
0.013570894,0.0,0.005007092,0.0
0.009854528,0.0,0.0035748747,0.0
0.011862357,0.0,0.004498216,0.0
0.012115707,0.0,0.0045290748,0.0
0.026404787,0.0,0.010556312,0.0
0.0635347,0.0,0.024760872,0.0
0.08292632,0.0,0.027745621,0.0
0.07307515,0.0,0.022038857,0.0
0.03571923,0.0,0.010512731,0.0
0.029007863,0.0,0.0097892145,0.0
0.025229936,0.0,0.00870144,0.0
0.019733062,0.0,0.0068659787,0.0
0.012553746,0.0,0.0043646973,0.0
0.010724965,0.0,0.003877594,0.0
0.012675629,0.0,0.0047394107,0.0
0.012463266,0.0,0.0046142736,0.0
0.01208335,0.0,0.0044812346,0.0
0.012520725,0.0,0.0046713767,0.0
0.012012197,0.0,0.004449301,0.0
0.010229433,0.0,0.0037547797,0.0
0.0094420565,0.0,0.0034882487,0.0
0.010562492,0.0,0.0039797686,0.0
0.011599602,0.0,0.0043846634,0.0
0.010230371,0.0,0.003800023,0.0
0.010114718,0.0,0.003794053,0.0
0.011772709,0.0,0.0044668163,0.0
0.011795869,0.0,0.0044272607,0.0
0.033345416,0.0,0.013616162,0.0
0.11322293,0.0,0.04455099,0.0
0.117575824,0.0,0.03348005,0.0
0.109756045,0.0,0.029888522,0.0
0.06890778,0.0,0.018385252,0.0
0.039617,0.0,0.011731499,0.0
0.034952756,0.0,0.011557114,0.0
0.035930622,0.0,0.012226849,0.0
0.04379748,0.0,0.015154744,0.0
0.044578955,0.0,0.014919727,0.0
0.037362255,0.0,0.012284269,0.0
0.021044161,0.0,0.006845643,0.0
0.013671711,0.0,0.0046855207,0.0
0.0106693525,0.0,0.0037708902,0.0
0.011861387,0.0,0.0043634456,0.0
0.0134440735,0.0,0.004987914,0.0
0.013563627,0.0,0.004998532,0.0
0.013067082,0.0,0.004816571,0.0
0.014055764,0.0,0.0052596624,0.0
0.013082334,0.0,0.00483001,0.0
0.011727512,0.0,0.0043275375,0.0
0.010342586,0.0,0.0038097107,0.0
0.012542359,0.0,0.0047509205,0.0
0.014182262,0.0,0.0053477613,0.0
0.013188932,0.0,0.0048920824,0.0
0.010168566,0.0,0.0037169238,0.0
0.00940397,0.0,0.0034931975,0.0
0.009226664,0.0,0.0034461091,0.0
0.013829553,0.0,0.0053629605,0.0
0.018759698,0.0,0.007202873,0.0
0.018647546,0.0,0.0069196224,0.0
0.011489205,0.0,0.004088234,0.0
0.010444174,0.0,0.003860212,0.0
0.009896662,0.0,0.0036686051,0.0
0.009143349,0.0,0.003392237,0.0
0.008800277,0.0,0.003283093,0.0
0.007914887,0.0,0.0029370366,0.0
0.008389212,0.0,0.0031597968,0.0
0.007740206,0.0,0.0028833998,0.0
0.007793875,0.0,0.0029294742,0.0
0.007177757,0.0,0.0026773873,0.0
0.007397565,0.0,0.0027857812,0.0
0.008293469,0.0,0.0031483965,0.0
0.010038926,0.0,0.0038471627,0.0
0.010711472,0.0,0.0040631946,0.0
0.0101573495,0.0,0.0038156644,0.0
0.009496925,0.0,0.0035583014,0.0
0.009458157,0.0,0.003558413,0.0
0.01658986,0.0,0.006540948,0.0
0.019178612,0.0,0.0072627836,0.0
0.017327102,0.0,0.006388238,0.0
0.01932588,0.0,0.007231472,0.0
0.018686099,0.0,0.006867205,0.0
0.016332757,0.0,0.0059517836,0.0
0.014211224,0.0,0.005192881,0.0
0.013621523,0.0,0.0050285626,0.0
0.011066967,0.0,0.004037115,0.0
0.0096622,0.0,0.0035551444,0.0
0.009168012,0.0,0.0034020646,0.0
0.00728345,0.0,0.0026652468,0.0
0.007860689,0.0,0.0029557957,0.0
0.0076733124,0.0,0.002867041,0.0
0.008196154,0.0,0.003092869,0.0
0.009978169,0.0,0.0038148118,0.0
0.010324132,0.0,0.0038971887,0.0
0.010758461,0.0,0.0040699993,0.0
0.013573243,0.0,0.005208473,0.0
0.014666097,0.0,0.005536178,0.0
0.017718822,0.0,0.0067379056,0.0
0.022089193,0.0,0.008351492,0.0
0.022784552,0.0,0.008387725,0.0
0.018493563,0.0,0.0066486257,0.0
0.010530618,0.0,0.0036995155,0.0
0.0070348955,0.0,0.0025189302,0.0
0.007454191,0.0,0.0027752053,0.0
0.007948235,0.0,0.0029794765,0.0
0.0073492723,0.0,0.0027327295,0.0
0.007358046,0.0,0.0027588843,0.0
0.00818213,0.0,0.0030988546,0.0
0.015726088,0.0,0.006264973,0.0
0.020700796,0.0,0.007952545,0.0
0.018027084,0.0,0.006614222,0.0
0.014416311,0.0,0.0052461536,0.0
0.016677342,0.0,0.0062692203,0.0
0.015717285,0.0,0.0057861917,0.0
0.017325293,0.0,0.0064799353,0.0
0.013985458,0.0,0.0050862194,0.0
0.013917351,0.0,0.0051743872,0.0
0.01141161,0.0,0.004171429,0.0
0.013299057,0.0,0.0050189462,0.0
0.0098559735,0.0,0.0035761395,0.0
0.009476399,0.0,0.0035279375,0.0
0.006969785,0.0,0.0025320635,0.0
0.006125383,0.0,0.002255727,0.0
0.0052467044,0.0,0.0019242641,0.0
0.006336887,0.0,0.0023979275,0.0
0.00873874,0.0,0.0033789785,0.0
0.008553089,0.0,0.0032289303,0.0
0.006152528,0.0,0.0022546249,0.0
0.0056969034,0.0,0.0021186504,0.0
0.0054217395,0.0,0.0020191837,0.0
0.0065934337,0.0,0.0025136766,0.0
0.0077698235,0.0,0.0029750178,0.0
0.0075790896,0.0,0.002860368,0.0
0.005231549,0.0,0.0019107251,0.0
0.007181116,0.0,0.0027675687,0.0
0.009369816,0.0,0.0036253498,0.0
0.015751895,0.0,0.0062465193,0.0
0.020062217,0.0,0.0077198585,0.0
0.020348419,0.0,0.007581556,0.0
0.014575558,0.0,0.005248151,0.0
0.008108962,0.0,0.0028688805,0.0
0.004660692,0.0,0.0016488853,0.0
0.0051963697,0.0,0.0019348448,0.0
0.0065169246,0.0,0.0024734752,0.0
0.007660354,0.0,0.0029207608,0.0
0.0099355215,0.0,0.0038405342,0.0
0.010466896,0.0,0.003976752,0.0
0.010789618,0.0,0.0040870355,0.0
0.009683134,0.0,0.003614684,0.0
0.017388199,0.0,0.0068739224,0.0
0.019979356,0.0,0.0075277067,0.0
0.019885529,0.0,0.007368645,0.0
0.017547501,0.0,0.006403644,0.0
0.009800916,0.0,0.0034553492,0.0
0.010678808,0.0,0.0040084855,0.0
0.011377034,0.0,0.004267434,0.0
0.010621519,0.0,0.0039523924,0.0
0.015402347,0.0,0.005950925,0.0
0.023993507,0.0,0.009265247,0.0
0.025345884,0.0,0.009326345,0.0
0.021559997,0.0,0.007736293,0.0
0.014266146,0.0,0.0050339065,0.0
0.008190381,0.0,0.002884209,0.0
0.0056102322,0.0,0.0020049505,0.0
0.0059303665,0.0,0.0021975671,0.0
0.010258224,0.0,0.004005579,0.0
0.014767314,0.0,0.005750451,0.0
0.015988072,0.0,0.0060548894,0.0
0.015778739,0.0,0.00589617,0.0
0.017153611,0.0,0.00643434,0.0
0.017454475,0.0,0.0064670374,0.0
0.012834835,0.0,0.004629912,0.0
0.01131714,0.0,0.004161831,0.0
0.009206483,0.0,0.0033624044,0.0
0.0086718155,0.0,0.0032189465,0.0
0.01067717,0.0,0.0040699705,0.0
0.013210923,0.0,0.005053016,0.0
0.017438732,0.0,0.0066994242,0.0
0.01911455,0.0,0.0071681323,0.0
0.015452457,0.0,0.005614008,0.0
0.012331239,0.0,0.0044845203,0.0
0.008538107,0.0,0.003072113,0.0
0.006765413,0.0,0.0024660735,0.0
0.0061219595,0.0,0.0022556207,0.0
0.006666249,0.0,0.0025026733,0.0
0.011511848,0.0,0.0045318482,0.0
0.012986617,0.0,0.004957723,0.0
0.01195289,0.0,0.0044767023,0.0
0.024469882,0.0,0.009745104,0.0
0.037374903,0.0,0.0141567215,0.0
0.03949659,0.0,0.013991068,0.0
0.030489035,0.0,0.010395704,0.0
0.02678647,0.0,0.00938924,0.0
0.022664411,0.0,0.007976773,0.0
0.016405685,0.0,0.005771816,0.0
0.012892104,0.0,0.0046286928,0.0
0.011511205,0.0,0.004204184,0.0
0.011635976,0.0,0.0043167365,0.0
0.011483982,0.0,0.0042640893,0.0
0.010542452,0.0,0.0038987454,0.0
0.010313113,0.0,0.0038385894,0.0
0.0109706065,0.0,0.0041160868,0.0
0.011038269,0.0,0.0041306666,0.0
0.008572315,0.0,0.0031352546,0.0
0.009808265,0.0,0.0037055267,0.0
0.0131545635,0.0,0.005058841,0.0
0.01592463,0.0,0.0060737887,0.0
0.019068463,0.0,0.0072304755,0.0
0.01785174,0.0,0.0065743187,0.0
0.014760934,0.0,0.005381369,0.0
0.010797256,0.0,0.0039042125,0.0
0.011091827,0.0,0.004137374,0.0
0.013355581,0.0,0.0050579044,0.0
0.012830621,0.0,0.0047731856,0.0
0.0111741545,0.0,0.004126886,0.0
0.008940203,0.0,0.0032769453,0.0
0.00902366,0.0,0.003373809,0.0
0.009217587,0.0,0.0034554384,0.0
0.009045472,0.0,0.003387108,0.0
0.007379946,0.0,0.0027194712,0.0
0.007870846,0.0,0.0029622305,0.0
0.007576601,0.0,0.0028320688,0.0
0.006691733,0.0,0.0024855093,0.0
0.006004304,0.0,0.0022290752,0.0
0.007816849,0.0,0.003001405,0.0
0.010295784,0.0,0.0039808815,0.0
0.01153054,0.0,0.004406372,0.0
0.0102051515,0.0,0.0038101773,0.0
0.008513648,0.0,0.0031561917,0.0
0.008009445,0.0,0.002994318,0.0
0.00944594,0.0,0.0036006607,0.0
0.00881936,0.0,0.0033015602,0.0
0.00929576,0.0,0.0035159553,0.0
0.0077623604,0.0,0.0028761853,0.0
0.0078040073,0.0,0.0029348815,0.0
0.00575419,0.0,0.0021028735,0.0
0.0051211505,0.0,0.0018922597,0.0
0.00630352,0.0,0.002397341,0.0
0.006532767,0.0,0.0024638665,0.0
0.0069446727,0.0,0.002630905,0.0
0.0060264794,0.0,0.0022412406,0.0
0.007200261,0.0,0.0027519425,0.0
0.0070980983,0.0,0.0026756234,0.0
0.0067635416,0.0,0.0025425397,0.0
0.010650457,0.0,0.004181652,0.0
0.023798853,0.0,0.009639887,0.0
0.031064747,0.0,0.011758229,0.0
0.033126332,0.0,0.01204021,0.0
0.059524704,0.0,0.02208597,0.0
0.06767694,0.0,0.022407634,0.0
0.072321825,0.0,0.023039619,0.0
0.063916236,0.0,0.019648205,0.0
0.030022938,0.0,0.008986916,0.0
0.014323089,0.0,0.004704916,0.0
0.009223207,0.0,0.0032092452,0.0
0.007500424,0.0,0.0026888044,0.0
0.0064184666,0.0,0.0023283653,0.0
0.0061586183,0.0,0.0022672769,0.0
0.008952712,0.0,0.0034433976,0.0
0.026143342,0.0,0.010757788,0.0
0.03827703,0.0,0.014451045,0.0
0.05181943,0.0,0.018653627,0.0
0.03382144,0.0,0.01099427,0.0
0.018428937,0.0,0.0061528455,0.0
0.0130341025,0.0,0.00458272,0.0
0.014889866,0.0,0.005523565,0.0
0.02080226,0.0,0.007877584,0.0
0.022264846,0.0,0.008213382,0.0
0.022863034,0.0,0.00837834,0.0
0.01731602,0.0,0.0061560296,0.0
0.018426897,0.0,0.0067936373,0.0
0.019637877,0.0,0.0072218333,0.0
0.020471174,0.0,0.007505739,0.0
0.017999768,0.0,0.0064931978,0.0
0.023683775,0.0,0.008851571,0.0
0.01960698,0.0,0.006982712,0.0
0.021351188,0.0,0.007863235,0.0
0.017862601,0.0,0.006405953,0.0
0.02008377,0.0,0.007444373,0.0
0.01960671,0.0,0.007138596,0.0
0.018528348,0.0,0.0067361975,0.0
0.014135237,0.0,0.005059044,0.0
0.011664577,0.0,0.004234723,0.0
0.012063386,0.0,0.004482888,0.0
0.010703078,0.0,0.003935608,0.0
0.0082071815,0.0,0.0029888926,0.0
0.00680249,0.0,0.0024900073,0.0
0.0072623002,0.0,0.0027200861,0.0
0.010555664,0.0,0.004083557,0.0
0.010374389,0.0,0.003900099,0.0
0.009058573,0.0,0.0033679658,0.0
0.01686978,0.0,0.0066898586,0.0
0.02466578,0.0,0.009489771,0.0
0.029513152,0.0,0.010984011,0.0
0.048409097,0.0,0.0180485,0.0
0.059897326,0.0,0.020648777,0.0
0.0662398,0.0,0.021714825,0.0
0.07162189,0.0,0.02280265,0.0
0.06495662,0.0,0.01993948,0.0
0.05048345,0.0,0.015553359,0.0
0.023538351,0.0,0.0072816564,0.0
0.016530614,0.0,0.005668979,0.0
0.013215598,0.0,0.0046625026,0.0
0.01818431,0.0,0.0068049906,0.0
0.023153987,0.0,0.0086022355,0.0
0.023266433,0.0,0.008424985,0.0
0.019604648,0.0,0.0069801714,0.0
0.01802962,0.0,0.0064956346,0.0
0.016057074,0.0,0.0057945224,0.0
0.012438071,0.0,0.0044588675,0.0
0.010614606,0.0,0.0038593058,0.0
0.012131702,0.0,0.004546086,0.0
0.013536661,0.0,0.00507924,0.0
0.01121836,0.0,0.004113486,0.0
0.010470129,0.0,0.0038888385,0.0
0.00723653,0.0,0.0026174563,0.0
0.0079410365,0.0,0.0029881527,0.0
0.008563964,0.0,0.0032210653,0.0
0.009731782,0.0,0.003694758,0.0
0.009154908,0.0,0.0034216498,0.0
0.008841707,0.0,0.003315665,0.0
0.011949208,0.0,0.0046130386,0.0
0.014267726,0.0,0.0054499786,0.0
0.014011243,0.0,0.0052486057,0.0
0.010796831,0.0,0.0039545153,0.0
0.014844863,0.0,0.0057106223,0.0
0.013802472,0.0,0.005115003,0.0
0.01407663,0.0,0.005266626,0.0
0.011697816,0.0,0.004295855,0.0
0.008653294,0.0,0.003151147,0.0
0.009767785,0.0,0.003685785,0.0
0.00920429,0.0,0.003428616,0.0
0.009169394,0.0,0.003435174,0.0
0.013095124,0.0,0.005069485,0.0
0.020150667,0.0,0.007835755,0.0
0.024933577,0.0,0.009403567,0.0
0.02186728,0.0,0.007900054,0.0
0.014472123,0.0,0.0051195035,0.0
0.012171683,0.0,0.0044374745,0.0
0.00880483,0.0,0.0031751073,0.0
0.007224016,0.0,0.002639728,0.0
0.0069862325,0.0,0.0025890209,0.0
0.006562328,0.0,0.0024373762,0.0
0.0060905674,0.0,0.0022614147,0.0
0.007934896,0.0,0.0030434437,0.0
0.009978374,0.0,0.0038374108,0.0
0.010851479,0.0,0.004127239,0.0
0.009025319,0.0,0.0033502355,0.0
0.011614828,0.0,0.004463501,0.0
0.013227022,0.0,0.005022939,0.0
0.012133443,0.0,0.004524309,0.0
0.009029932,0.0,0.003305731,0.0
0.014086868,0.0,0.0054927426,0.0
0.016856186,0.0,0.00640877,0.0
0.015507004,0.0,0.0057446477,0.0
0.014502237,0.0,0.005375999,0.0
0.018154709,0.0,0.0068781725,0.0
0.016293868,0.0,0.005970692,0.0
0.018709356,0.0,0.0070113465,0.0
0.020022409,0.0,0.0074111754,0.0
0.015681803,0.0,0.0056419126,0.0
0.009851472,0.0,0.00350263,0.0
0.009615095,0.0,0.0035623286,0.0
0.008561965,0.0,0.003153223,0.0
0.010996503,0.0,0.0041943667,0.0
0.012837411,0.0,0.0048755426,0.0
0.011037726,0.0,0.0040842905,0.0
0.013479149,0.0,0.0051355544,0.0
0.015133022,0.0,0.0057009454,0.0
0.013808268,0.0,0.0051142066,0.0
0.009348616,0.0,0.0033728865,0.0
0.011161838,0.0,0.00422945,0.0
0.03468239,0.0,0.014210221,0.0
0.04690587,0.0,0.017167535,0.0
0.047189143,0.0,0.016179563,0.0
0.028582746,0.0,0.009343198,0.0
0.01580771,0.0,0.0053584147,0.0
0.023672985,0.0,0.008899255,0.0
0.025774835,0.0,0.009328762,0.0
0.030144371,0.0,0.010970792,0.0
0.033156652,0.0,0.011838941,0.0
0.030533683,0.0,0.010661269,0.0
0.026220288,0.0,0.0091433255,0.0
0.011730219,0.0,0.003919704,0.0
0.0069155195,0.0,0.0024219577,0.0
0.0068666046,0.0,0.0025147586,0.0
0.0070641264,0.0,0.0026150886,0.0
0.0083243055,0.0,0.003141159,0.0
0.009581972,0.0,0.0036306623,0.0
0.009764161,0.0,0.003682014,0.0
0.009161461,0.0,0.0034269462,0.0
0.008162859,0.0,0.0030369014,0.0
0.008725395,0.0,0.0032905554,0.0
0.0112236785,0.0,0.0043028933,0.0
0.013330702,0.0,0.0050960644,0.0
0.014195621,0.0,0.005360097,0.0
0.014059807,0.0,0.005265762,0.0
0.013848619,0.0,0.0051764594,0.0
0.018356886,0.0,0.0070215175,0.0
0.01924258,0.0,0.007166089,0.0
0.01920205,0.0,0.0070795603,0.0
0.017488658,0.0,0.006383893,0.0
0.018343233,0.0,0.006787778,0.0
0.016315738,0.0,0.0059426376,0.0
0.012637371,0.0,0.0045691947,0.0
0.011874174,0.0,0.004382281,0.0
0.011764584,0.0,0.004369147,0.0
0.010417639,0.0,0.003840567,0.0
0.010233766,0.0,0.0038119913,0.0
0.009135782,0.0,0.00337855,0.0
0.009298536,0.0,0.0034837392,0.0
0.011506951,0.0,0.004391279,0.0
0.013852414,0.0,0.005279492,0.0
0.010733148,0.0,0.003932615,0.0
0.008959418,0.0,0.0033026973,0.0
0.008720524,0.0,0.0032554222,0.0
0.0096417125,0.0,0.0036439113,0.0
0.008544173,0.0,0.0031750177,0.0
0.008876081,0.0,0.0033444238,0.0
0.010562952,0.0,0.004032626,0.0
0.010466953,0.0,0.0039372337,0.0
0.010726003,0.0,0.0040430967,0.0
0.009886307,0.0,0.0036893936,0.0
0.010714381,0.0,0.0040535224,0.0
0.009888078,0.0,0.0036865259,0.0
0.009938853,0.0,0.0037347998,0.0
0.010055353,0.0,0.0037775824,0.0
0.0098214,0.0,0.003680924,0.0
0.0095237475,0.0,0.003569465,0.0
0.008208846,0.0,0.0030455322,0.0
0.0075904815,0.0,0.0028271214,0.0
0.00875826,0.0,0.0033265785,0.0
0.008061429,0.0,0.0030100385,0.0
0.00878792,0.0,0.0033326193,0.0
0.009178621,0.0,0.003467021,0.0
0.009834008,0.0,0.0037270125,0.0
0.010561617,0.0,0.0040049166,0.0
0.011377568,0.0,0.0043112426,0.0
0.010865493,0.0,0.0040715234,0.0
0.009128892,0.0,0.0033779969,0.0
0.03546207,0.0,0.014899564,0.0
0.05642094,0.0,0.020897187,0.0
0.058116887,0.0,0.019504733,0.0
0.034769107,0.0,0.011003047,0.0
0.016749093,0.0,0.0055185463,0.0
0.013175926,0.0,0.0046884124,0.0
0.011847155,0.0,0.0042982516,0.0
0.01097163,0.0,0.004025586,0.0
0.010114639,0.0,0.00373112,0.0
0.00919101,0.0,0.0033949153,0.0
0.0072611067,0.0,0.0026537671,0.0
0.0056324173,0.0,0.0020508063,0.0
0.0052875928,0.0,0.0019516562,0.0
0.0074025653,0.0,0.0028405688,0.0
0.009705814,0.0,0.0037404234,0.0
0.01028562,0.0,0.0039028064,0.0
0.008098745,0.0,0.002983783,0.0
0.0063060974,0.0,0.002323586,0.0
0.004893957,0.0,0.0017901894,0.0
0.00443446,0.0,0.0016368484,0.0
0.00381434,0.0,0.0013965782,0.0
0.0030135645,0.0,0.0010884522,0.0
0.0034660387,0.0,0.0012902248,0.0
0.0055353832,0.0,0.0021479465,0.0
0.0075353393,0.0,0.0029350445,0.0
0.007276182,0.0,0.00276406,0.0
0.008322206,0.0,0.0031992968,0.0
0.010530982,0.0,0.0040777447,0.0
0.011883817,0.0,0.004551638,0.0
0.011325494,0.0,0.004263116,0.0
0.010604831,0.0,0.0039799404,0.0
0.0091952775,0.0,0.0034219224,0.0
0.013091768,0.0,0.0050814864,0.0
0.021201756,0.0,0.0082922755,0.0
0.025926135,0.0,0.009764421,0.0
0.024557723,0.0,0.008918302,0.0
0.03319184,0.0,0.012342106,0.0
0.032747325,0.0,0.011571808,0.0
0.024395796,0.0,0.008416867,0.0
0.017621381,0.0,0.0061721755,0.0
0.014760091,0.0,0.0053062765,0.0
0.012005269,0.0,0.0043355967,0.0
0.009869638,0.0,0.0035872667,0.0
0.009499511,0.0,0.0035142782,0.0
0.012264474,0.0,0.004672329,0.0
0.014257937,0.0,0.005395514,0.0
0.01462302,0.0,0.0054672766,0.0
0.012816005,0.0,0.004718122,0.0
0.012371103,0.0,0.004589209,0.0
0.019341724,0.0,0.007474048,0.0
0.018716214,0.0,0.0068930383,0.0
0.01644243,0.0,0.0060092066,0.0
0.01451944,0.0,0.005309037,0.0
0.015416905,0.0,0.0057479576,0.0
0.013198682,0.0,0.004829738,0.0
0.011825386,0.0,0.0043565487,0.0
0.013292643,0.0,0.004997649,0.0
0.014911061,0.0,0.0056080064,0.0
0.013698,0.0,0.0050602052,0.0
0.010845134,0.0,0.00395767,0.0
0.008921173,0.0,0.0032686105,0.0
0.0073790103,0.0,0.0027061284,0.0
0.007929782,0.0,0.0029771824,0.0
0.0073313024,0.0,0.0027249812,0.0
0.008534788,0.0,0.0032422377,0.0
0.009531991,0.0,0.0036178858,0.0
0.009626514,0.0,0.0036343795,0.0
0.010505911,0.0,0.0039866413,0.0
0.009398137,0.0,0.0035024476,0.0
0.0100590745,0.0,0.003804175,0.0
0.009457422,0.0,0.003537261,0.0
0.009377098,0.0,0.0035214873,0.0
0.008545901,0.0,0.0031844277,0.0
0.009814265,0.0,0.003734408,0.0
0.00938531,0.0,0.0035196282,0.0
0.008411327,0.0,0.003136105,0.0
0.008590138,0.0,0.0032337313,0.0
0.00833752,0.0,0.003125672,0.0
0.008070611,0.0,0.0030248007,0.0
0.008210627,0.0,0.0030923323,0.0
0.011779836,0.0,0.0045738537,0.0
0.0120477965,0.0,0.0045511546,0.0
0.011263789,0.0,0.0042178347,0.0
0.009660463,0.0,0.0035809209,0.0
0.009501092,0.0,0.0035614222,0.0
0.008127995,0.0,0.0030070525,0.0
0.008991921,0.0,0.003404862,0.0
0.008982957,0.0,0.0033750357,0.0
0.010567749,0.0,0.0040342268,0.0
0.011085724,0.0,0.004189408,0.0
0.010778114,0.0,0.0040481095,0.0
0.008249345,0.0,0.0030282089,0.0
0.008100938,0.0,0.0030320128,0.0
0.0069947443,0.0,0.0025879547,0.0
0.008135927,0.0,0.0030909074,0.0
0.008096027,0.0,0.0030426793,0.0
0.009994132,0.0,0.0038338087,0.0
0.015266106,0.0,0.0059771505,0.0
0.01590447,0.0,0.0059962547,0.0
0.013675852,0.0,0.00505512,0.0
0.010296437,0.0,0.0037561262,0.0
0.008688384,0.0,0.0032010549,0.0
0.008957143,0.0,0.003355106,0.0
0.009623794,0.0,0.0036301664,0.0
0.008514196,0.0,0.0031629994,0.0
0.052022155,0.0,0.02270071,0.0
0.13789274,0.0,0.051097576,0.0
0.20108002,0.0,0.055419303,0.0
0.14424205,0.0,0.029911142,0.0
0.039240785,0.0,0.009123288,0.0
0.019289661,0.0,0.00618494,0.0
0.013579261,0.0,0.0045879795,0.0
0.010335508,0.0,0.003607471,0.0
0.009037647,0.0,0.0032499402,0.0
0.007729681,0.0,0.002807445,0.0
0.0088657355,0.0,0.003330731,0.0
0.010549195,0.0,0.004004771,0.0
0.011121401,0.0,0.0041918894,0.0
0.010812565,0.0,0.004044244,0.0
0.009395709,0.0,0.0034733266,0.0
0.00780166,0.0,0.0028658495,0.0
0.008328103,0.0,0.0031171008,0.0
0.0094897775,0.0,0.0035971077,0.0
0.010616663,0.0,0.0040445584,0.0
0.008270622,0.0,0.0030670494,0.0
0.00958851,0.0,0.0036650377,0.0
0.011193713,0.0,0.004260318,0.0
0.010485446,0.0,0.003924075,0.0
0.008048984,0.0,0.0029576886,0.0
0.007474013,0.0,0.002783015,0.0
0.0069078323,0.0,0.002569289,0.0
0.007214996,0.0,0.0027139185,0.0
0.0068124556,0.0,0.0025460734,0.0
0.008100864,0.0,0.0030937814,0.0
0.009053248,0.0,0.0034490896,0.0
0.010210852,0.0,0.003898864,0.0
0.010256609,0.0,0.0038728013,0.0
0.008822159,0.0,0.0032798655,0.0
0.0061162384,0.0,0.00222501,0.0
0.0067599304,0.0,0.0025500336,0.0
0.0070692454,0.0,0.002662935,0.0
0.010792197,0.0,0.00421763,0.0
0.015268256,0.0,0.0059516816,0.0
0.023712194,0.0,0.0092552295,0.0
0.031069292,0.0,0.011691978,0.0
0.06117768,0.0,0.023085954,0.0
0.06616579,0.0,0.021794496,0.0
0.040325362,0.0,0.012432053,0.0
0.02407297,0.0,0.007909661,0.0
0.011113567,0.0,0.003715918,0.0
0.0091804685,0.0,0.003300798,0.0
0.010109098,0.0,0.0037508942,0.0
0.010948786,0.0,0.004097057,0.0
0.011469311,0.0,0.0043000905,0.0
0.011851489,0.0,0.004442916,0.0
0.0106644295,0.0,0.003946759,0.0
0.010782265,0.0,0.0040326677,0.0
0.008146667,0.0,0.0029673493,0.0
0.00808693,0.0,0.00301652,0.0
0.008305215,0.0,0.0031092651,0.0
0.008105754,0.0,0.0030316566,0.0
0.008311622,0.0,0.0031258708,0.0
0.008694771,0.0,0.003290586,0.0
0.009239887,0.0,0.0035044455,0.0
0.00949603,0.0,0.003587563,0.0
0.008555737,0.0,0.0031940017,0.0
0.008479498,0.0,0.0031826529,0.0
0.01077423,0.0,0.004136722,0.0
0.01141849,0.0,0.0043235845,0.0
0.010956161,0.0,0.00411129,0.0
0.0110074,0.0,0.004140283,0.0
0.011098614,0.0,0.004172462,0.0
0.011485104,0.0,0.004324131,0.0
0.0076327454,0.0,0.002764861,0.0
0.009369811,0.0,0.0035705047,0.0
0.009098585,0.0,0.0034054427,0.0
0.009439081,0.0,0.0035615137,0.0
0.008888132,0.0,0.0033237168,0.0
0.010379789,0.0,0.003955774,0.0
0.0104666315,0.0,0.003940448,0.0
0.01032694,0.0,0.00388097,0.0
0.01082592,0.0,0.0040854644,0.0
0.010361327,0.0,0.0038758202,0.0
0.0087559875,0.0,0.0032387956,0.0
0.007247892,0.0,0.0026740124,0.0
0.0064388015,0.0,0.0023842554,0.0
0.005929438,0.0,0.0022004098,0.0
0.008693565,0.0,0.003369995,0.0
0.011525274,0.0,0.00446267,0.0
0.012454543,0.0,0.0047443938,0.0
0.011605894,0.0,0.0043425555,0.0
0.010538021,0.0,0.003931371,0.0
0.010396917,0.0,0.0038968897,0.0
0.009037043,0.0,0.0033502926,0.0
0.008776989,0.0,0.0032835281,0.0
0.007644036,0.0,0.0028344097,0.0
0.007390306,0.0,0.0027637715,0.0
0.0069776117,0.0,0.002604728,0.0
0.0066350074,0.0,0.002479978,0.0
0.0076267724,0.0,0.0029006214,0.0
0.007625125,0.0,0.0028722922,0.0
0.008891637,0.0,0.003397464,0.0
0.009777532,0.0,0.003720126,0.0
0.009813538,0.0,0.003702459,0.0
0.008991787,0.0,0.0033651255,0.0
0.00816823,0.0,0.0030494987,0.0
0.008571797,0.0,0.003237261,0.0
0.008660126,0.0,0.0032622193,0.0
0.008736178,0.0,0.003292927,0.0
0.009131518,0.0,0.0034539783,0.0
0.008968993,0.0,0.003373162,0.0
0.00995277,0.0,0.0037839967,0.0
0.010655165,0.0,0.0040367306,0.0
0.009509642,0.0,0.003545841,0.0
0.009461036,0.0,0.0035558264,0.0
0.00848128,0.0,0.0031552268,0.0
0.008976424,0.0,0.0033894922,0.0
0.0083913775,0.0,0.0031346772,0.0
0.007306465,0.0,0.0027135538,0.0
0.00807345,0.0,0.0030581753,0.0
0.008941696,0.0,0.0033952605,0.0
0.011401155,0.0,0.004391427,0.0
0.010945796,0.0,0.0041122115,0.0
0.011581674,0.0,0.004383767,0.0
0.009351747,0.0,0.003449254,0.0
0.008666761,0.0,0.0032319874,0.0
0.009511402,0.0,0.003597261,0.0
0.010226939,0.0,0.003867783,0.0
0.010344349,0.0,0.003897042,0.0
0.008561205,0.0,0.0031677876,0.0
0.009188436,0.0,0.0034714437,0.0
0.00802283,0.0,0.0029785554,0.0
0.0078200465,0.0,0.0029295692,0.0
0.010881572,0.0,0.004209889,0.0
0.01346477,0.0,0.005167571,0.0
0.011657264,0.0,0.0043296115,0.0
0.007818473,0.0,0.0028364363,0.0
0.008952327,0.0,0.0033907893,0.0
0.009445207,0.0,0.003561561,0.0
0.009084867,0.0,0.0034052962,0.0
0.008364109,0.0,0.0031237584,0.0
0.01246554,0.0,0.0048494544,0.0
0.022189591,0.0,0.008754455,0.0
0.030492073,0.0,0.01156716,0.0
0.029953662,0.0,0.010785776,0.0
0.023308827,0.0,0.00819455,0.0
0.023920203,0.0,0.008672844,0.0
0.022351298,0.0,0.008027376,0.0
0.01746795,0.0,0.0062075313,0.0
0.013682315,0.0,0.004910639,0.0
0.011264367,0.0,0.0040902128,0.0
0.010599714,0.0,0.0039111,0.0
0.010985937,0.0,0.0040995996,0.0
0.009916416,0.0,0.0036632526,0.0
0.0073302174,0.0,0.0026661141,0.0
0.0068063824,0.0,0.0025193512,0.0
0.007714034,0.0,0.0029082918,0.0
0.00616996,0.0,0.0022630515,0.0
0.004913043,0.0,0.0017965537,0.0
0.0041186856,0.0,0.0015050747,0.0
0.003985938,0.0,0.0014712161,0.0
0.003760667,0.0,0.0013860159,0.0
0.004360436,0.0,0.0016399215,0.0
0.0049681226,0.0,0.0018813667,0.0
0.00553084,0.0,0.0021024402,0.0
0.0066619506,0.0,0.0025587643,0.0
0.0075146756,0.0,0.0028796883,0.0
0.008128509,0.0,0.0031061769,0.0
0.008594942,0.0,0.0032762461,0.0
0.009034263,0.0,0.0034396793,0.0
0.012648404,0.0,0.004931386,0.0
0.011781626,0.0,0.0044234223,0.0
0.0107222255,0.0,0.0040137633,0.0
0.009913909,0.0,0.0037083984,0.0
0.01096946,0.0,0.0041596587,0.0
0.009243381,0.0,0.003422988,0.0
0.010145718,0.0,0.0038429382,0.0
0.00965364,0.0,0.003610857,0.0
0.009121354,0.0,0.0034098262,0.0
0.008877066,0.0,0.0033259115,0.0
0.008699587,0.0,0.0032613452,0.0
0.008780716,0.0,0.0033012067,0.0
0.008864711,0.0,0.0033355106,0.0
0.008880661,0.0,0.0033403526,0.0
0.009705027,0.0,0.0036791754,0.0
0.017625313,0.0,0.0069809747,0.0
0.021683838,0.0,0.008236742,0.0
0.022014013,0.0,0.008154325,0.0
0.017644353,0.0,0.0063628065,0.0
0.011795349,0.0,0.004211043,0.0
0.009749674,0.0,0.0035612732,0.0
0.0121155055,0.0,0.0045951707,0.0
0.015422718,0.0,0.005873075,0.0
0.016913118,0.0,0.0063559026,0.0
0.015998548,0.0,0.005914528,0.0
0.013675917,0.0,0.0050090877,0.0
0.013769777,0.0,0.0051200297,0.0
0.010304119,0.0,0.003735555,0.0
0.008271105,0.0,0.0030235166,0.0
0.0077782776,0.0,0.0028808583,0.0
0.0091616,0.0,0.0034693785,0.0
0.011958875,0.0,0.0045895563,0.0
0.03516191,0.0,0.014447823,0.0
0.041277863,0.0,0.014962335,0.0
0.04292201,0.0,0.01502402,0.0
0.0261162,0.0,0.008643834,0.0
0.014934675,0.0,0.005106061,0.0
0.012742508,0.0,0.0045917067,0.0
0.011470157,0.0,0.004182962,0.0
0.010474846,0.0,0.003852439,0.0
0.0084048305,0.0,0.003068304,0.0
0.010101413,0.0,0.003828414,0.0
0.011204787,0.0,0.0042306846,0.0
0.00951721,0.0,0.0035199919,0.0
0.011756303,0.0,0.004485204,0.0
0.013992691,0.0,0.0053153844,0.0
0.013370123,0.0,0.0049760765,0.0
0.012037633,0.0,0.004452763,0.0
0.012620107,0.0,0.0047251065,0.0
0.012836546,0.0,0.0048130043,0.0
0.015434212,0.0,0.0058603827,0.0
0.034556035,0.0,0.013741681,0.0
0.049415722,0.0,0.018062992,0.0
0.049848724,0.0,0.016902905,0.0
0.04867621,0.0,0.01627987,0.0
0.03782653,0.0,0.012391028,0.0
0.025015378,0.0,0.008322148,0.0
0.022761274,0.0,0.008009791,0.0
0.02896697,0.0,0.010556897,0.0
0.03549079,0.0,0.012754222,0.0
0.03165955,0.0,0.010920029,0.0
0.019573761,0.0,0.0066254153,0.0
0.017075771,0.0,0.006097935,0.0
0.017646227,0.0,0.0064255088,0.0
0.018719938,0.0,0.0068543055,0.0
0.021843424,0.0,0.008062313,0.0
0.025139123,0.0,0.009207727,0.0
0.024491278,0.0,0.008781226,0.0
0.022890314,0.0,0.00820144,0.0
0.029796673,0.0,0.010972071,0.0
0.0413415,0.0,0.015018224,0.0
0.04086156,0.0,0.014016844,0.0
0.044203673,0.0,0.015192402,0.0
0.0264173,0.0,0.008572823,0.0
0.013152044,0.0,0.004405713,0.0
0.009183716,0.0,0.003243539,0.0
0.011579593,0.0,0.0043364926,0.0
0.012995923,0.0,0.0048589287,0.0
0.01253712,0.0,0.0046439986,0.0
0.0106167905,0.0,0.0038950248,0.0
0.009824304,0.0,0.0036355457,0.0
0.010412942,0.0,0.003902524,0.0
0.00964439,0.0,0.0035802124,0.0
0.0056904717,0.0,0.0020299132,0.0
0.004283847,0.0,0.001546984,0.0
0.004614465,0.0,0.0017110498,0.0
0.0076000965,0.0,0.0029596766,0.0
0.0089324545,0.0,0.0034297556,0.0
0.008342886,0.0,0.003145298,0.0
0.006617301,0.0,0.0024527602,0.0
0.0077485815,0.0,0.002954385,0.0
0.007726378,0.0,0.0029079996,0.0
0.0075052446,0.0,0.0028210944,0.0
0.007659935,0.0,0.0028932504,0.0
0.009671206,0.0,0.003724479,0.0
0.01149958,0.0,0.004414326,0.0
0.012290523,0.0,0.004669165,0.0
0.009884658,0.0,0.0036553605,0.0
0.009763377,0.0,0.0036705618,0.0
0.009602189,0.0,0.0036036007,0.0
0.008879017,0.0,0.0033110373,0.0
0.008083342,0.0,0.0030089437,0.0
0.009898973,0.0,0.0037819722,0.0
0.011136632,0.0,0.004238749,0.0
0.01176472,0.0,0.0044533387,0.0
0.011515168,0.0,0.0043218327,0.0
0.011466026,0.0,0.0043004123,0.0
0.010955042,0.0,0.0040941862,0.0
0.009945132,0.0,0.0036969858,0.0
0.0101341,0.0,0.0038042888,0.0
0.006911064,0.0,0.0025040733,0.0
0.004473902,0.0,0.0016054439,0.0
0.0048933853,0.0,0.0018244091,0.0
0.005655572,0.0,0.0021334153,0.0
0.007088961,0.0,0.0027157161,0.0
0.0087749995,0.0,0.0033805496,0.0
0.009723263,0.0,0.003717445,0.0
0.010954757,0.0,0.004188157,0.0
0.011094031,0.0,0.004191378,0.0
0.010036279,0.0,0.0037508293,0.0
0.013706509,0.0,0.0052976315,0.0
0.014697996,0.0,0.005549655,0.0
0.013795192,0.0,0.005141327,0.0
0.01038304,0.0,0.0037923036,0.0
0.010357716,0.0,0.0038771527,0.0
0.010874007,0.0,0.0040882304,0.0
0.010391237,0.0,0.0038844561,0.0
0.010918301,0.0,0.00411182,0.0
0.010381414,0.0,0.0038727436,0.0
0.009968266,0.0,0.0037253832,0.0
0.007298474,0.0,0.00266096,0.0
0.007652689,0.0,0.00287402,0.0
0.0067373943,0.0,0.002494576,0.0
0.005505939,0.0,0.0020237146,0.0
0.047084223,0.0,0.021159066,0.0
0.10040251,0.0,0.037277915,0.0
0.13699736,0.0,0.04163824,0.0
0.13503446,0.0,0.035143733,0.0
0.115542985,0.0,0.029354975,0.0
0.12045095,0.0,0.03242575,0.0
0.08922132,0.0,0.022653492,0.0
0.07622167,0.0,0.02120965,0.0
0.079675935,0.0,0.023113845,0.0
0.08297039,0.0,0.023661144,0.0
0.13759519,0.0,0.03988873,0.0
0.1747305,0.0,0.041016933,0.0
0.10368189,0.0,0.019668326,0.0
0.12840125,0.0,0.031459354,0.0
0.093171604,0.0,0.01951396,0.0
