-0.018311588,0.010072115,-0.0,-0.008975941
-0.006249911,0.010799889,-0.0,-0.0026401263
-0.013589143,0.0038132162,-0.0,-0.0070849964
-0.016851671,0.012683555,-0.0,-0.009722197
-0.015940066,0.012513059,-0.0,-0.008112374
-0.019699967,0.012396716,-0.0,-0.009989736
-0.017425962,0.014346368,-0.0,-0.008576385
-0.015143019,0.011458762,-0.0,-0.007093519
-0.018292204,0.01142628,-0.0,-0.009234904
-0.0112472875,0.011947069,-0.0,-0.005322793
-0.011515618,0.0065143467,-0.0,-0.005639416
-0.023287375,0.012144568,-0.0,-0.012984464
-0.009529052,0.015532173,-0.0,-0.004298373
-0.010517792,0.0036137076,-0.0,-0.0046817795
-0.010236322,0.008182703,-0.0,-0.005916949
-0.0194413,0.010125478,-0.0,-0.010858582
-0.01717822,0.015243687,-0.0,-0.00899277
-0.02023843,0.01274561,-0.0,-0.009905871
-0.017870225,0.0145554105,-0.0,-0.008672383
-0.019133685,0.012747653,-0.0,-0.009203115
-0.016000848,0.013221852,-0.0,-0.007648043
-0.008418591,0.008652342,-0.0,-0.0035611922
-0.016845824,0.0071306056,-0.0,-0.009050288
-0.014620593,0.01341396,-0.0,-0.007940685
-0.019568777,0.011446771,-0.0,-0.009957089
-0.019837702,0.015154839,-0.0,-0.010065624
-0.017252838,0.013647433,-0.0,-0.008102012
-0.010280551,0.009926031,-0.0,-0.004439722
-0.014689911,0.007279515,-0.0,-0.007594194
-0.017148618,0.012414964,-0.0,-0.009360564
-0.018335309,0.013181455,-0.0,-0.009343632
-0.014451878,0.012417858,-0.0,-0.0069009247
-0.019763732,0.011181626,-0.0,-0.009979303
-0.014646984,0.013976791,-0.0,-0.0071760146
-0.014541257,0.009398567,-0.0,-0.00692824
-0.015775487,0.010973939,-0.0,-0.008174735
-0.010835974,0.010259048,-0.0,-0.005314014
-0.002933214,0.0039972733,-0.0,-0.0011757732
-0.019611998,0.006168406,-0.0,-0.011574019
-0.017118683,0.016730648,-0.0,-0.009621027
-0.019389613,0.012404553,-0.0,-0.009390907
-0.017687581,0.013988425,-0.0,-0.008639214
-0.017615538,0.012393394,-0.0,-0.008469219
-0.01894082,0.0130882235,-0.0,-0.009392805
-0.014243047,0.01266486,-0.0,-0.0067056078
-0.023740917,0.01206362,-0.0,-0.012121732
-0.021087566,0.018034026,-0.0,-0.010497008
-0.01654224,0.013464357,-0.0,-0.007226505
-0.02257317,0.012709231,-0.0,-0.011117007
-0.01692156,0.015909836,-0.0,-0.008043189
-0.018255208,0.011385677,-0.0,-0.00853534
-0.014462688,0.012459154,-0.0,-0.006961904
-0.01798279,0.010675284,-0.0,-0.008999653
-0.015405859,0.013048735,-0.0,-0.0077271443
-0.016172538,0.010790637,-0.0,-0.007955029
-0.009883471,0.010097485,-0.0,-0.0046988977
-0.011762531,0.0062316475,-0.0,-0.006079595
-0.022113238,0.012208168,-0.0,-0.012434379
-0.0091320155,0.014601929,-0.0,-0.0041429834
-0.015762415,0.005457828,-0.0,-0.00766894
-0.015665255,0.013034559,-0.0,-0.008606395
-0.024890035,0.013779439,-0.0,-0.012946554
-0.010759488,0.016106496,-0.0,-0.0045388513
-0.014935233,0.0056421603,-0.0,-0.0068527986
-0.018593995,0.013026008,-0.0,-0.010181387
-0.010764453,0.011990447,-0.0,-0.0050193295
-0.010278457,0.005703129,-0.0,-0.004964729
-0.014272899,0.0088278465,-0.0,-0.008044821
-0.016833512,0.011926752,-0.0,-0.009154614
-0.018865258,0.013234404,-0.0,-0.0097128535
-0.026674153,0.0159882,-0.0,-0.013659645
-0.020435879,0.018898787,-0.0,-0.009470954
-0.014570747,0.011869015,-0.0,-0.005921343
-0.017289357,0.01014096,-0.0,-0.008436096
-0.02569792,0.01531849,-0.0,-0.013522189
-0.022041552,0.018925177,-0.0,-0.010571734
-0.01142624,0.012347187,-0.0,-0.004218758
-0.018634813,0.0081510395,-0.0,-0.0091989655
-0.016642645,0.014462509,-0.0,-0.008683934
-0.019780617,0.012433075,-0.0,-0.009770448
-0.016772866,0.014092011,-0.0,-0.008147841
-0.013842343,0.010635766,-0.0,-0.006417719
-0.018885257,0.010944472,-0.0,-0.0097252205
-0.013936544,0.013341592,-0.0,-0.006892399
-0.016344953,0.00966935,-0.0,-0.008049428
-0.013144689,0.011510413,-0.0,-0.006643101
-0.012596325,0.008598278,-0.0,-0.0062929722
-0.017824426,0.010674199,-0.0,-0.009593505
-0.012796247,0.012586223,-0.0,-0.006434947
-0.015801463,0.00899461,-0.0,-0.007929076
-0.021305604,0.013678429,-0.0,-0.011361149
-0.010054394,0.013490483,-0.0,-0.0043805977
-0.02449152,0.0091849845,-0.0,-0.01250254
-0.01476563,0.017827684,-0.0,-0.007293871
-0.019507855,0.009865688,-0.0,-0.009106162
-0.0109289205,0.012794338,-0.0,-0.0051187077
-0.011589273,0.0059894808,-0.0,-0.0055725574
-0.022083383,0.011950341,-0.0,-0.012351465
-0.020844717,0.017446209,-0.0,-0.010704167
-0.013915289,0.012939675,-0.0,-0.0059683453
-0.010494368,0.0074643893,-0.0,-0.0046896096
0.004884718,0.0016465087,-0.0,0.0029637301
-0.006308126,-0.004027848,-0.0,-0.0046188175
0.0074856016,0.002944981,-0.0,0.002860302
-0.014330593,-0.0019308191,-0.0,-0.009474257
-0.014206944,0.015266728,-0.0,-0.00940438
0.014276082,0.0007720426,-0.0,0.008406441
-0.02215429,-0.0031630022,-0.0,-0.0138251595
-0.011379297,0.020119516,-0.0,-0.007487326
-0.027513286,0.010289668,-0.0,-0.013689898
-0.015974265,0.019680314,-0.0,-0.007634585
-0.018524965,0.009760465,-0.0,-0.00820259
-0.009925863,0.011616386,-0.0,-0.0045301733
-0.02145321,0.008808883,-0.0,-0.011169759
-0.016357327,0.016376227,-0.0,-0.008437182
-0.015160436,0.010327038,-0.0,-0.0069701816
-0.007012204,0.00835611,-0.0,-0.0031083697
-0.019146567,0.00716959,-0.0,-0.01049023
-0.021598658,0.016815167,-0.0,-0.011856173
-0.017020725,0.014840126,-0.0,-0.007882045
-0.01488818,0.010705025,-0.0,-0.006801379
-0.016926764,0.010989127,-0.0,-0.00855115
-0.013378966,0.011698111,-0.0,-0.006623373
-0.014643417,0.00926472,-0.0,-0.0073577934
-0.0141371805,0.010811036,-0.0,-0.007362705
-0.023750251,0.012883791,-0.0,-0.012594188
-0.01233916,0.016028002,-0.0,-0.0056235082
-0.0094779935,0.005213299,-0.0,-0.0039245924
-0.017489955,0.009109683,-0.0,-0.009802064
-0.012492915,0.012919083,-0.0,-0.0065568243
-0.018090807,0.009532863,-0.0,-0.0092232395
-0.018685248,0.014409809,-0.0,-0.009752628
0.009522701,0.005329937,-0.0,0.006362388
0.007457315,-0.01725872,-0.0,0.0034693151
-0.015956173,0.0067700944,-0.0,-0.013099747
-0.004237122,0.012512698,-0.0,-0.0031682246
0.00648987,-0.0051285997,-0.0,0.003631862
0.001827998,-0.006047253,-0.0,-0.000798103
-0.0011817062,0.0008753039,-0.0,-0.0029345024
-0.007870491,0.0033608412,-0.0,-0.0060660136
-0.010444194,0.008023164,-0.0,-0.0068548447
-0.0008034592,0.0048294077,-0.0,-0.0006259924
-0.0129748415,0.002230059,-0.0,-0.007933115
-0.014180939,0.0126315225,-0.0,-0.008713035
-0.01912128,0.0117730955,-0.0,-0.010090057
-0.018803308,0.014697342,-0.0,-0.009554827
-0.011227613,0.011409458,-0.0,-0.0049085645
-0.010405694,0.0060779485,-0.0,-0.0050058267
-0.011087515,0.0077583184,-0.0,-0.0061906194
-0.013185706,0.008833309,-0.0,-0.007329393
0.004093233,0.0045354785,-0.0,0.0025256223
-0.010100552,-0.0029003762,-0.0,-0.0063704867
-0.006819252,0.0101421485,-0.0,-0.0051604207
-0.017618826,0.0071254657,-0.0,-0.009956291
-0.010261236,0.013073012,-0.0,-0.005569804
-0.017304221,0.0077484036,-0.0,-0.008890346
-0.009389892,0.011915244,-0.0,-0.004810827
-0.0227922,0.009083939,-0.0,-0.012031055
-0.014272985,0.01680096,-0.0,-0.007206265
-0.019009026,0.009758942,-0.0,-0.009042933
-0.013956993,0.013390961,-0.0,-0.0068864617
-0.016153041,0.009592489,-0.0,-0.007928831
-0.016653726,0.012374702,-0.0,-0.008614182
-0.01881951,0.012729937,-0.0,-0.00951771
-0.0098829735,0.011586399,-0.0,-0.0043949108
-0.008730167,0.0045265993,-0.0,-0.0041577877
-0.019203102,0.009703762,-0.0,-0.011052902
-0.008341464,0.013056027,-0.0,-0.00415714
-0.0214033,0.0075163627,-0.0,-0.011101856
-0.01631093,0.016666315,-0.0,-0.008575964
-0.014720283,0.01016733,-0.0,-0.006730953
-0.017744059,0.011291496,-0.0,-0.009094469
-0.011430087,0.01171513,-0.0,-0.005495426
-0.015861413,0.008171862,-0.0,-0.008072411
-0.016602248,0.012732144,-0.0,-0.008856583
-0.013072352,0.011124924,-0.0,-0.0063574607
-0.019168003,0.010537168,-0.0,-0.009927153
-0.016656512,0.014400588,-0.0,-0.008466309
-0.019353613,0.012234255,-0.0,-0.009493637
-0.0170917,0.013903721,-0.0,-0.008354281
-0.014201282,0.011047241,-0.0,-0.006635154
-0.019512568,0.011267391,-0.0,-0.01000977
-0.017011665,0.014472693,-0.0,-0.008528008
-0.019161252,0.01234261,-0.0,-0.009335074
-0.018320186,0.014031942,-0.0,-0.00901345
-0.018705107,0.013142847,-0.0,-0.009049041
-0.016169334,0.012891766,-0.0,-0.007721875
-0.017322555,0.011492023,-0.0,-0.008485221
-0.013365669,0.011687948,-0.0,-0.006476379
-0.018706748,0.010405677,-0.0,-0.009569544
-0.023197416,0.01572724,-0.0,-0.012135614
-0.023959307,0.017586766,-0.0,-0.01165487
-0.02654844,0.017831355,-0.0,-0.0125609925
-0.027881332,0.019516066,-0.0,-0.0130499415
-0.022646107,0.018786304,-0.0,-0.009845882
-0.012116267,0.012439168,-0.0,-0.0043562353
-0.01817421,0.008332796,-0.0,-0.008853267
-0.01463135,0.013508328,-0.0,-0.007522849
-0.013406222,0.009375649,-0.0,-0.0064474973
-0.018622866,0.011088213,-0.0,-0.009836833
-0.0041397214,0.010528659,-0.0,-0.0014931444
-0.020167314,0.004737097,-0.0,-0.010799057
-0.016288204,0.016769009,-0.0,-0.009054158
-0.017393988,0.011158739,-0.0,-0.008288592
-0.015723836,0.012386782,-0.0,-0.0077797086
-0.02050469,0.012375666,-0.0,-0.010397308
-0.010997273,0.013226691,-0.0,-0.0049769282
-0.013195979,0.006341287,-0.0,-0.0063549913
-0.022090733,0.012856299,-0.0,-0.012230691
-0.0091084335,0.014291342,-0.0,-0.0040113837
-0.012308713,0.004282759,-0.0,-0.0058076847
0.01844616,-0.0003871256,-0.0,0.010399258
-0.01908691,-0.0068137804,-0.0,-0.012451048
-0.013834311,0.019853547,-0.0,-0.0096316
-0.01715255,0.009437334,-0.0,-0.008272289
-0.020048687,0.013962366,-0.0,-0.010472754
-0.007018788,0.011518621,-0.0,-0.0026810656
-0.018593946,0.00569924,-0.0,-0.009622058
-0.020481847,0.01631312,-0.0,-0.011307114
-0.011205744,0.012661319,-0.0,-0.0048131654
-0.018836154,0.008361667,-0.0,-0.009450638
-0.018684631,0.015142429,-0.0,-0.009837183
-0.014662619,0.012323992,-0.0,-0.0068114866
-0.016534692,0.010309083,-0.0,-0.008159246
-0.01667947,0.012447532,-0.0,-0.008522067
-0.013801683,0.011268285,-0.0,-0.0067069465
-0.01786598,0.010593169,-0.0,-0.009150364
-0.016812429,0.013479835,-0.0,-0.008576385
-0.014722455,0.011319635,-0.0,-0.007073654
-0.013388616,0.009841628,-0.0,-0.0066053495
-0.0034027393,0.006310663,-0.0,-0.0013561159
-0.020154802,0.005827635,-0.0,-0.0115058655
-0.019621693,0.01758954,-0.0,-0.010991657
-0.017565265,0.0134725515,-0.0,-0.008193342
0.031332437,-0.003595202,-0.0,0.01830316
-0.013216932,-0.01873711,-0.0,-0.009517783
0.04781132,0.0013144205,-0.0,0.027512325
-0.00903204,-0.03733633,-0.0,-0.0068370127
-0.015440117,0.023637688,-0.0,-0.014971053
-0.01068142,0.010128078,-0.0,-0.005296027
-0.020062199,0.009644439,-0.0,-0.0107236635
-0.016471706,0.015381799,-0.0,-0.008521491
-0.011246078,0.009571615,-0.0,-0.0049694553
0.003817783,0.0018569297,-0.0,0.002611869
-0.00058137614,-0.0059946235,-0.0,-0.0012816254
-0.007486541,0.0046220296,-0.0,-0.0063289036
-0.023093266,0.011527844,-0.0,-0.014078637
-0.016646016,0.017882932,-0.0,-0.008663626
-0.011747855,0.0091751,-0.0,-0.0049428972
-0.019718513,0.010010027,-0.0,-0.010377992
-0.014748914,0.014511008,-0.0,-0.0074759633
-0.015482507,0.009734006,-0.0,-0.0074276687
-0.015128541,0.011355256,-0.0,-0.007736928
-0.014497279,0.010690143,-0.0,-0.0072996663
-0.017758543,0.011340215,-0.0,-0.009200651
-0.02304075,0.01488521,-0.0,-0.011977159
-0.02530806,0.017959947,-0.0,-0.01251574
-0.020863608,0.017409576,-0.0,-0.009387545
-0.021981956,0.014381671,-0.0,-0.010047391
-0.006230304,0.011847109,-0.0,-0.0018164029
-0.010363161,0.0017540923,-0.0,-0.004989953
0.018944357,-0.0012844722,-0.0,0.010405231
0.031386383,-0.03772491,-0.0,0.01566519
0.061883293,-0.05680992,0.0,0.0341927
0.006956707,-0.02072424,0.0,-0.005277786
-0.0045399945,0.009257911,0.0,-0.009134697
-0.006985218,0.00524528,0.0,-0.0055666897
-0.006480057,0.0053938585,0.0,-0.0044087023
0.013035937,-0.0029441556,-0.0,0.006784729
-0.008447458,-0.0069915773,-0.0,-0.006791929
-0.000578262,0.0092098,-0.0,-0.002273356
-0.0065319166,-0.0010502612,-0.0,-0.0042488603
-0.0073437495,0.006931797,-0.0,-0.0053747525
-0.0024810403,0.0033850488,-0.0,-0.0018520039
-0.007839572,0.002267699,-0.0,-0.005243557
-0.016024986,0.00969667,-0.0,-0.009991693
-0.022350397,0.014871526,-0.0,-0.012335335
-0.025232753,0.017860066,-0.0,-0.01269011
-0.022913417,0.017964385,-0.0,-0.010579604
-0.023304667,0.016030554,-0.0,-0.010644503
0.0013312991,0.010260231,-0.0,0.0025567447
-0.016492954,-0.0012671343,-0.0,-0.008660261
-0.013036934,0.015179778,-0.0,-0.008040075
-0.020542793,0.010587752,-0.0,-0.010521852
-0.013780887,0.014558725,-0.0,-0.0067796176
-0.017181087,0.00942643,-0.0,-0.008338348
-0.0029414103,0.009145978,-0.0,-0.00091795705
0.014388613,-0.009586168,-0.0,0.007930979
0.07417348,-0.057010368,-0.0,0.040642664
0.0022589935,-0.020638766,0.0,-0.009052364
-0.009236769,0.014015338,0.0,-0.012288808
-0.021943403,0.012131343,-0.0,-0.0133522665
-0.01917976,0.017550122,-0.0,-0.010071093
-0.016069518,0.012430521,-0.0,-0.0072525796
-0.013186563,0.010146073,-0.0,-0.006184226
-0.019256154,0.0108018,-0.0,-0.010047253
-0.017077535,0.014530146,-0.0,-0.008677668
-0.01847721,0.01224439,-0.0,-0.008977379
-0.01893783,0.013754154,-0.0,-0.009395959
-0.01221486,0.011919226,-0.0,-0.0055060573
-0.020392299,0.009853734,-0.0,-0.010415916
-0.020373084,0.016259084,-0.0,-0.01055373
-0.02022763,0.0146026695,-0.0,-0.009606255
-0.014936935,0.013119957,-0.0,-0.006743354
-0.023257423,0.012091575,-0.0,-0.0116806915
-0.012003707,0.01545521,-0.0,-0.005407652
-0.017110674,0.0075975223,-0.0,-0.008127997
-0.018199326,0.0138709005,-0.0,-0.009639524
-0.019123629,0.013562739,-0.0,-0.00946713
-0.024963956,0.015462264,-0.0,-0.012555512
-0.024363924,0.018650895,-0.0,-0.011730387
-0.027071014,0.01789854,-0.0,-0.012630566
-0.026394865,0.01942511,-0.0,-0.0121601205
-0.028237386,0.018994356,-0.0,-0.012918404
-0.022117425,0.018869683,-0.0,-0.009547745
-0.017329166,0.0134030655,-0.0,-0.0071635093
-0.012792513,0.0102305375,-0.0,-0.0056186714
-0.017224139,0.00969331,-0.0,-0.008830253
-0.016663816,0.013256364,-0.0,-0.008639213
-0.017304612,0.012079831,-0.0,-0.008564431
-0.014362015,0.011838539,-0.0,-0.0069776494
-0.017919106,0.010814301,-0.0,-0.009073753
-0.0066850926,0.010582895,-0.0,-0.0028878523
-0.017704606,0.005676399,-0.0,-0.009371952
-0.023955649,0.016701514,-0.0,-0.013387801
-0.012043098,0.015464131,-0.0,-0.0051279757
-0.008519927,0.004649847,-0.0,-0.0034153475
-0.02358689,0.010559724,-0.0,-0.013363515
-0.007383111,0.015764292,-0.0,-0.0033003404
-0.022915367,0.00629932,-0.0,-0.011448529
-0.021872131,0.01900988,-0.0,-0.011732738
0.02875355,0.00076166575,-0.0,0.017229233
-0.00061911205,-0.028765656,-0.0,-0.0017700364
-0.010730187,0.014903061,-0.0,-0.011145436
-0.01604415,0.010013987,-0.0,-0.00930647
-0.007616995,0.010442672,-0.0,-0.0038798975
-0.016241854,0.006187154,-0.0,-0.008684704
-0.011800269,0.012487615,-0.0,-0.0064816745
0.0034192894,0.0022462017,-0.0,0.0024422107
-0.0087066125,-0.0022352336,-0.0,-0.0057827127
-0.01650758,0.011958095,-0.0,-0.010865222
-0.0180295,0.013741938,-0.0,-0.009717142
-0.016863756,0.013004055,-0.0,-0.008303961
-0.02097591,0.013084486,-0.0,-0.010518437
-0.005876967,0.011921847,-0.0,-0.00201761
-0.022028381,0.0059181363,-0.0,-0.011461486
-0.015477856,0.017327838,-0.0,-0.008277735
-0.0267246,0.012878851,-0.0,-0.013229317
-0.01641479,0.018575601,-0.0,-0.007562182
-0.02248035,0.011378058,-0.0,-0.010404341
-0.00998954,0.014127745,-0.0,-0.004227843
-0.018033028,0.006769562,-0.0,-0.008845311
-0.016131174,0.014305745,-0.0,-0.008598584
-0.017667655,0.011622713,-0.0,-0.008693118
-0.020140253,0.01377004,-0.0,-0.010215893
-0.012943819,0.013092953,-0.0,-0.0058979597
-0.010839288,0.00703331,-0.0,-0.004991811
-0.02223854,0.01108905,-0.0,-0.0122599
-0.020221109,0.017538233,-0.0,-0.010426777
-0.013960164,0.012492476,-0.0,-0.0060147718
-0.007896178,0.0068261023,-0.0,-0.0033255639
-0.01593992,0.00708709,-0.0,-0.008820504
-0.013432886,0.012602157,-0.0,-0.007370862
-0.014765141,0.0094630085,-0.0,-0.0074765836
-0.015580828,0.011293689,-0.0,-0.0081551755
-0.014678854,0.011187623,-0.0,-0.0074353735
-0.021172851,0.012313423,-0.0,-0.011032687
-0.009041725,0.013371731,-0.0,-0.003932327
-0.017457267,0.006262435,-0.0,-0.008722319
-0.018116556,0.014673276,-0.0,-0.009858567
-0.015832381,0.012534919,-0.0,-0.0076108626
-0.013224272,0.010218062,-0.0,-0.006310179
-0.016002156,0.009895674,-0.0,-0.008256393
-0.017773127,0.012699791,-0.0,-0.009299252
-0.017258922,0.013044437,-0.0,-0.008592046
-0.011861537,0.0108410865,-0.0,-0.00548952
-0.019951288,0.009895315,-0.0,-0.01038206
-0.014916127,0.014692951,-0.0,-0.0075513427
-0.0197837,0.011057898,-0.0,-0.009747384
-0.007790194,0.012061508,-0.0,-0.0033282235
-0.018247575,0.006079258,-0.0,-0.009389984
-0.02275269,0.016516263,-0.0,-0.012551838
-0.02578423,0.017829454,-0.0,-0.012713774
-0.020725759,0.017718049,-0.0,-0.009307871
-0.008563111,0.010553546,-0.0,-0.0027497879
-0.019408215,0.0069661597,-0.0,-0.009971611
-0.008923817,0.013515768,-0.0,-0.0045210933
0.0049988297,-0.0015112505,-0.0,0.003357383
-0.016931921,0.0016251319,-0.0,-0.010992271
-0.013920137,0.01589006,-0.0,-0.008684268
-0.011760153,0.008507341,-0.0,-0.0056353067
0.03217638,-0.0077820634,-0.0,0.018174326
-0.005721843,-0.022155246,-0.0,-0.0060145278
-0.008467224,0.015664259,-0.0,-0.009028851
-0.015675357,0.007542926,-0.0,-0.008840134
-0.017822579,0.01362136,-0.0,-0.009876405
-0.016533114,0.012920328,-0.0,-0.008198058
-0.004726613,0.008209001,-0.0,-0.0016127905
-0.01651308,0.004527799,-0.0,-0.009044322
-0.010444895,0.012924044,-0.0,-0.0059411325
-0.02100215,0.009236059,-0.0,-0.0110089835
-0.010840062,0.014630204,-0.0,-0.005324117
-0.020930074,0.008524622,-0.0,-0.01049266
-0.02051232,0.016903225,-0.0,-0.010752807
-0.014651293,0.013137014,-0.0,-0.0064924415
-0.017485207,0.010172916,-0.0,-0.008497469
-0.01810978,0.013446275,-0.0,-0.009261849
-0.018643074,0.0133250635,-0.0,-0.009187959
-0.009972813,0.011174587,-0.0,-0.004329418
-0.015364681,0.0069013764,-0.0,-0.007823841
-0.0048135947,0.009363409,-0.0,-0.0024019608
-0.018936165,0.0054771476,-0.0,-0.0104150595
-0.019330362,0.016620617,-0.0,-0.010820149
-0.018108854,0.013652382,-0.0,-0.008628675
-0.016354125,0.012337926,-0.0,-0.0077628247
-0.008985953,0.009325783,-0.0,-0.003947071
-0.013728475,0.006319832,-0.0,-0.0072314013
-0.013517786,0.011082509,-0.0,-0.0075099254
-0.0063431347,0.0074488963,-0.0,-0.0030260882
-0.014681278,0.005638359,-0.0,-0.008219988
-0.008248352,0.010714567,-0.0,-0.004681512
-0.00024793073,0.0012119396,-0.0,8.204565e-05
-0.009241106,0.0014768784,-0.0,-0.006194004
-0.018757705,0.01182282,-0.0,-0.011676928
0.017537836,0.0049328436,-0.0,0.0102798445
-0.005684483,-0.016743792,-0.0,-0.004075848
-0.012286526,0.013752163,-0.0,-0.010298419
-0.00055874255,0.005805288,-0.0,-0.00036092792
-0.0049270745,-0.0016299287,-0.0,-0.0032818774
-0.018942887,0.009794092,-0.0,-0.012226572
-0.010422931,0.0141059505,-0.0,-0.0056296377
-0.02421197,0.009727422,-0.0,-0.012526007
-0.008961738,0.016230471,-0.0,-0.004020629
-0.0181588,0.005587179,-0.0,-0.00873123
-0.020749506,0.015813725,-0.0,-0.011335464
-0.0056425543,0.011414847,-0.0,-0.0017865819
-0.011434647,0.0020389736,-0.0,-0.0057191164
-0.0076427925,0.008881643,-0.0,-0.0047084983
-0.0040173735,0.0029462047,-0.0,-0.0022952803
-0.01270069,0.005145321,-0.0,-0.007905273
-0.00086410576,0.0075428775,-0.0,-0.00080059096
-0.010298073,0.00028007803,-0.0,-0.006119712
-0.008513196,0.00950796,-0.0,-0.0056988727
-0.016592627,0.007995854,-0.0,-0.009319136
-0.0032712296,0.010008457,-0.0,-0.0015534941
-0.012442854,0.0017189367,-0.0,-0.0067774695
-0.008814281,0.010389185,-0.0,-0.0054968866
-0.02094662,0.009112254,-0.0,-0.011516612
-0.004874142,0.013367236,-0.0,-0.0021020859
-0.0004409832,-0.0030921332,-0.0,0.00028775065
-0.0016052222,7.1029666e-05,-0.0,-0.0022198653
0.063685454,-0.0295379,-0.0,0.035065483
0.0033450082,-0.041298445,0.0,-0.004069243
0.00871627,0.014136912,0.0,-0.0006176117
-0.00062086334,-0.011203733,0.0,-0.0016988278
-0.01274942,0.008748356,-0.0,-0.010212268
-0.013271414,0.011462818,-0.0,-0.007963596
-0.016162632,0.010519025,-0.0,-0.008587643
-0.010906124,0.010841271,-0.0,-0.0054500005
-0.0067714397,0.005225874,-0.0,-0.0032473467
-0.008778644,0.004659446,-0.0,-0.005176395
-0.016741768,0.009455108,-0.0,-0.009890472
-0.021239897,0.014881212,-0.0,-0.011591628
-0.017549992,0.015198282,-0.0,-0.008438592
-0.01574675,0.0113804,-0.0,-0.0072658034
-0.020335602,0.01236727,-0.0,-0.010320971
-0.024160733,0.016447788,-0.0,-0.012292977
-0.016776165,0.0162051,-0.0,-0.0074863574
-0.016664248,0.010492349,-0.0,-0.0075273933
-0.023741268,0.014040867,-0.0,-0.012255115
-0.016275866,0.01648062,-0.0,-0.007578466
-0.024395932,0.012450833,-0.0,-0.011788857
-0.016374575,0.016963083,-0.0,-0.007638749
-0.029133122,0.013676651,-0.0,-0.014286371
-0.014642812,0.019528462,-0.0,-0.0063111354
0.0029432974,0.001450516,-0.0,0.0033101644
-0.019658739,0.0023653447,-0.0,-0.01176775
-0.019747393,0.018468592,-0.0,-0.011681036
-0.01881937,0.013981941,-0.0,-0.008897435
-0.016851395,0.012840454,-0.0,-0.007946753
-0.012298861,0.010480306,-0.0,-0.005670916
-0.00026706027,0.0039405096,-0.0,0.0004691183
-0.0072916755,-0.0006227447,-0.0,-0.004664526
-0.010959573,0.008527431,-0.0,-0.0073847845
-0.010711772,0.008431737,-0.0,-0.006157644
-0.017242892,0.009720391,-0.0,-0.009579199
-0.006222155,0.010769828,-0.0,-0.002971747
-0.0054557365,0.0010383826,-0.0,-0.002710881
-0.018024066,0.008460372,-0.0,-0.011064451
-0.012837329,0.014103079,-0.0,-0.007039478
-0.013486693,0.008174462,-0.0,-0.006598966
0.025747577,-0.0033191375,-0.0,0.014703371
0.03260031,-0.046762515,-0.0,0.016098749
-0.003806901,0.00040522276,0.0,-0.010461516
-0.015682675,0.011501224,-0.0,-0.012400666
-0.015598994,0.013774488,-0.0,-0.008976527
-0.014359401,0.010872541,-0.0,-0.0071472027
-0.0032527354,0.006734638,-0.0,-0.0011365861
-0.003951682,-0.0006396814,-0.0,-0.0023812908
-0.012485809,0.006396451,-0.0,-0.008275721
-0.00839522,0.009583107,-0.0,-0.0050585466
-0.02256521,0.009498917,-0.0,-0.012502462
-0.015830524,0.017204553,-0.0,-0.008181825
-0.014365417,0.009486189,-0.0,-0.006456963
-0.016974358,0.010977962,-0.0,-0.008750631
-0.014682675,0.012192326,-0.0,-0.0073869545
-0.014146493,0.009954803,-0.0,-0.006989567
-0.017377611,0.011139722,-0.0,-0.009071905
-0.013183318,0.012081985,-0.0,-0.006545124
-0.01177559,0.008130933,-0.0,-0.0057419795
-0.01533887,0.009429844,-0.0,-0.008266484
-0.016801402,0.012297623,-0.0,-0.008931476
-0.014672933,0.011840161,-0.0,-0.0072869863
-0.022094028,0.012308672,-0.0,-0.011413222
-0.013442034,0.015114296,-0.0,-0.006312005
-0.020038348,0.009731137,-0.0,-0.009760575
-0.018610533,0.015395424,-0.0,-0.009487705
-0.024333933,0.014614679,-0.0,-0.012010776
-0.012676158,0.015612593,-0.0,-0.0053822207
-0.020818027,0.008995844,-0.0,-0.010004237
-0.012505085,0.014499386,-0.0,-0.006086078
-0.014304264,0.007592731,-0.0,-0.006811104
-0.012624287,0.010441187,-0.0,-0.006656648
-0.005988821,0.006616121,-0.0,-0.0028529346
-0.008552092,0.003494043,-0.0,-0.0049180714
-0.019225739,0.010383409,-0.0,-0.011443804
-0.018668478,0.015744265,-0.0,-0.00996977
-0.014180276,0.012113532,-0.0,-0.006513476
-0.01043721,0.008143801,-0.0,-0.004840997
0.002846948,0.00220703,-0.0,0.0018523382
0.00644827,-0.008344817,-0.0,0.0026786826
0.011849621,-0.008617143,-0.0,0.0045522223
0.0074530714,-0.01031936,-0.0,0.0014463565
0.0022775084,-0.00270685,-0.0,-0.0017554576
0.008302411,-0.0040826392,-0.0,0.0026018491
0.0018879983,-0.006583628,-0.0,-0.0012326833
-0.005464263,0.0030636676,-0.0,-0.0056404616
-0.0065986286,0.0055599976,-0.0,-0.0050042253
-0.0075638266,0.0051151738,-0.0,-0.0049088863
-0.00812262,0.0058255563,-0.0,-0.005089146
-0.00812728,0.005926598,-0.0,-0.004956174
-0.009382798,0.0062392023,-0.0,-0.005619147
-0.016300917,0.0092893485,-0.0,-0.0094363345
-0.016773686,0.013349776,-0.0,-0.009062749
-0.01985972,0.013036672,-0.0,-0.010052734
-0.011533577,0.01271966,-0.0,-0.0052256747
-0.011892826,0.0064628185,-0.0,-0.005681595
-0.009358346,0.008114747,-0.0,-0.0050887265
-0.023497682,0.010613963,-0.0,-0.013084453
-0.023063695,0.019186098,-0.0,-0.012089401
-0.01482387,0.014455886,-0.0,-0.0061948006
-0.024566524,0.01177937,-0.0,-0.012084345
-0.01851701,0.017835334,-0.0,-0.008952711
-0.024686333,0.013769329,-0.0,-0.011714276
-0.022078762,0.018033458,-0.0,-0.010562231
-0.020515164,0.014944937,-0.0,-0.009237811
-0.016248818,0.013299144,-0.0,-0.0072846934
-0.019851746,0.011889463,-0.0,-0.009699591
-0.023462074,0.01591003,-0.0,-0.0119018005
-0.01947715,0.01648475,-0.0,-0.009060992
-0.010829301,0.010821532,-0.0,-0.00426053
-0.020385986,0.008954558,-0.0,-0.010484567
-0.018662099,0.01610976,-0.0,-0.009728335
-0.011375345,0.0110690445,-0.0,-0.004871484
-0.01683529,0.008323383,-0.0,-0.008557392
-0.018580137,0.013865188,-0.0,-0.0099002775
-0.012048909,0.01195576,-0.0,-0.005570099
-0.02312028,0.010640543,-0.0,-0.011962612
-0.007735692,0.014880245,-0.0,-0.0032786073
-0.012324183,0.0030111414,-0.0,-0.005778584
-0.015773768,0.011435882,-0.0,-0.009106887
-0.0221075,0.013767302,-0.0,-0.011747761
-0.01471519,0.01523546,-0.0,-0.0069141975
-0.023491545,0.011567694,-0.0,-0.011573703
-0.01931329,0.017389411,-0.0,-0.009489923
-0.019837478,0.013204185,-0.0,-0.009148947
-0.016201096,0.013426766,-0.0,-0.0075766393
-0.013956172,0.010291363,-0.0,-0.0065226774
-0.016460413,0.010433299,-0.0,-0.008432146
-0.019688739,0.013344185,-0.0,-0.010260475
-0.011138321,0.012551755,-0.0,-0.0050376104
-0.015987204,0.0075695487,-0.0,-0.007965649
-0.01341867,0.012019455,-0.0,-0.0070971446
-0.017923469,0.010423482,-0.0,-0.009232945
-0.012890753,0.012542091,-0.0,-0.0064247255
-0.020111673,0.010346672,-0.0,-0.010289935
-0.010900076,0.013548166,-0.0,-0.0052057407
-0.021093016,0.008868388,-0.0,-0.010701565
-0.009582681,0.014278396,-0.0,-0.0045724222
-0.020366246,0.0075135566,-0.0,-0.010250196
-0.019858327,0.016675023,-0.0,-0.010558366
-0.018709784,0.013878711,-0.0,-0.008798546
-0.008569177,0.010432268,-0.0,-0.0034040157
-0.02081064,0.007833274,-0.0,-0.010928631
-0.0062680277,0.013704842,-0.0,-0.0029078939
-0.009498728,0.0014749086,-0.0,-0.004541847
-0.014667918,0.009808057,-0.0,-0.008849453
-0.016389837,0.0120912995,-0.0,-0.008902171
-0.016501969,0.012229684,-0.0,-0.00839341
-0.019181678,0.012706121,-0.0,-0.009716285
-0.013550148,0.012869503,-0.0,-0.00640959
-0.02234625,0.011173574,-0.0,-0.011361634
-0.020072771,0.017095426,-0.0,-0.01010518
-0.01752057,0.0133180125,-0.0,-0.007954912
-0.019426333,0.012661931,-0.0,-0.009427384
-0.02207002,0.015056319,-0.0,-0.011019043
-0.006343296,0.012278662,-0.0,-0.0019895781
-0.0190986,0.0049441843,-0.0,-0.009721562
-0.007912547,0.013588727,-0.0,-0.0041726506
-0.017215863,0.005746443,-0.0,-0.008801126
-0.013444543,0.013543756,-0.0,-0.0073369937
-0.021138223,0.011053238,-0.0,-0.010845206
-0.013277215,0.01471481,-0.0,-0.0064096283
-0.015367225,0.008397405,-0.0,-0.0073194467
-0.017176017,0.012228863,-0.0,-0.009050434
-0.009410393,0.01058204,-0.0,-0.004345041
-0.0151000265,0.0067788623,-0.0,-0.007854061
-0.0106844725,0.011041679,-0.0,-0.0057737012
-0.0188247,0.009150684,-0.0,-0.0099950265
-0.022538157,0.016157895,-0.0,-0.0120397685
-0.025135249,0.017446453,-0.0,-0.012325123
-0.017874617,0.016671931,-0.0,-0.007815411
-0.010097938,0.009101209,-0.0,-0.0038164177
-0.011781614,0.00614882,-0.0,-0.0059723044
-0.008043733,0.007912591,-0.0,-0.004466742
-0.019095182,0.008458329,-0.0,-0.010704999
0.049510676,-0.0056558726,-0.0,0.028291147
-0.016094733,-0.026728708,-0.0,-0.011750302
-0.009852533,0.023544194,-0.0,-0.0097508235
-0.020395763,0.007595846,-0.0,-0.01019268
-0.01358012,0.015149961,-0.0,-0.0070182225
-0.007550284,0.00626761,-0.0,-0.003099571
-0.014562963,0.006550323,-0.0,-0.008129471
-0.00512517,0.009379976,-0.0,-0.0028090163
-0.019351024,0.005976989,-0.0,-0.010699142
-0.016534474,0.016112655,-0.0,-0.009153588
-0.018414281,0.011799714,-0.0,-0.008923779
-0.018212017,0.013641449,-0.0,-0.009058058
-0.0042402907,0.009134529,-0.0,-0.0011809048
-0.015558545,0.0033949846,-0.0,-0.008358302
-0.017196862,0.0143315075,-0.0,-0.009949647
-0.019872284,0.013381535,-0.0,-0.010059669
-0.014909928,0.013543752,-0.0,-0.007050576
-0.017085252,0.010338008,-0.0,-0.008310454
-0.011000561,0.011161169,-0.0,-0.005305593
-0.0059017185,0.004772362,-0.0,-0.0026819922
-0.01606535,0.0066619013,-0.0,-0.009344437
-0.018409949,0.014391008,-0.0,-0.010357711
-0.017240044,0.013399299,-0.0,-0.008502205
-0.019056767,0.012713523,-0.0,-0.009392812
-0.01277967,0.012427622,-0.0,-0.0059294114
-0.021172883,0.010389885,-0.0,-0.01078488
-0.01974726,0.01646357,-0.0,-0.010087703
-0.012914102,0.012091156,-0.0,-0.005575951
-0.017167315,0.009149184,-0.0,-0.008522797
-0.020061998,0.014137691,-0.0,-0.010554198
-0.019277785,0.014784181,-0.0,-0.009431985
-0.00861271,0.0107973665,-0.0,-0.0033674738
-0.014779432,0.005692009,-0.0,-0.0075378274
-0.019870544,0.013643032,-0.0,-0.011091948
-0.015325142,0.014096332,-0.0,-0.0074696923
-0.01799842,0.01085792,-0.0,-0.008773428
-0.017961543,0.013574756,-0.0,-0.0090719545
-0.017756788,0.0128902495,-0.0,-0.008660907
-0.018664762,0.013035036,-0.0,-0.009195402
-0.0214123,0.014368501,-0.0,-0.010672228
-0.019075144,0.015302782,-0.0,-0.009099541
-0.018598381,0.013136222,-0.0,-0.008715937
-0.015375918,0.012452987,-0.0,-0.0072253146
-0.023237254,0.01269312,-0.0,-0.01181766
-0.019163756,0.01708133,-0.0,-0.009347683
-0.029469894,0.015650615,-0.0,-0.014437492
-0.026252814,0.021652589,-0.0,-0.012461608
-0.028003765,0.018550927,-0.0,-0.012538635
-0.01874372,0.017944023,-0.0,-0.0077361376
-0.015881468,0.0107698785,-0.0,-0.0066165007
-0.015534285,0.010879568,-0.0,-0.007565361
0.0015928587,0.0059767165,-0.0,0.0016491401
0.0044533415,-0.008238009,-0.0,0.002057701
-0.015857887,0.004861496,-0.0,-0.01159242
-0.0056918175,0.012626923,-0.0,-0.0038768225
0.007301795,-0.0042283055,-0.0,0.0041618207
0.0033062259,-0.007932422,-0.0,0.00013008412
-0.012984776,0.005172824,-0.0,-0.010176864
-0.016772548,0.013612505,-0.0,-0.010391812
-0.017126646,0.012935077,-0.0,-0.008837486
-0.016693056,0.0123313675,-0.0,-0.008255278
-0.015034055,0.011522784,-0.0,-0.0073427544
-0.010433955,0.009175161,-0.0,-0.0049578175
-0.019988645,0.009560084,-0.0,-0.010744795
-0.01213226,0.0142781595,-0.0,-0.0061080214
-0.01782645,0.008634264,-0.0,-0.008834124
-0.0052678264,0.010670075,-0.0,-0.0023022175
-0.016607836,0.004324379,-0.0,-0.0088391565
-0.013545793,0.01375976,-0.0,-0.0076778918
-0.021204125,0.011230126,-0.0,-0.010920129
-0.013361634,0.014758632,-0.0,-0.0064429967
-0.023602394,0.010933104,-0.0,-0.011805571
-0.00751253,0.014879703,-0.0,-0.0030164965
-0.009748464,0.0018099411,-0.0,-0.0043603755
-0.01520954,0.009862723,-0.0,-0.009027005
-0.024969602,0.014697482,-0.0,-0.013668284
-0.011285127,0.0164129,-0.0,-0.004863869
-0.02157069,0.00813957,-0.0,-0.010392059
-0.0098621305,0.014599758,-0.0,-0.004668622
-0.020682214,0.007677489,-0.0,-0.010351606
-0.0134141715,0.015232271,-0.0,-0.0068626087
-0.022889571,0.0108146565,-0.0,-0.01143853
0.0012746433,0.012075088,-0.0,0.0018291089
0.044788957,-0.03085219,-0.0,0.024342481
-0.008522156,-0.013966207,-0.0,-0.011374366
-0.010974405,0.017042587,-0.0,-0.010597895
-0.009723544,0.007309307,-0.0,-0.0053395247
-0.0013087298,0.0039918753,-0.0,-0.00077797065
0.0027694812,-0.003477003,-0.0,0.00085689634
-0.007805717,0.0010392652,-0.0,-0.006261619
0.0034470886,0.0042411136,-0.0,0.0008247709
-0.008105136,-0.002245372,-0.0,-0.0056230812
-0.0014596324,0.0068889777,-0.0,-0.002131728
-0.0025689483,-0.0014337953,-0.0,-0.0021247203
0.0063375444,-0.0011778773,-0.0,0.0023124143
-0.004242012,-0.0039268243,-0.0,-0.0041917237
-0.008747463,0.007490936,-0.0,-0.006918333
-0.016535902,0.009409716,-0.0,-0.009847189
-0.0067317924,0.010860275,-0.0,-0.0034736912
-0.010336598,0.003352809,-0.0,-0.0054181223
-0.0101932185,0.008603697,-0.0,-0.006128022
-0.008317444,0.006564182,-0.0,-0.004634032
-0.011274596,0.006550882,-0.0,-0.006496087
-0.010305971,0.008586297,-0.0,-0.005905322
-0.012390267,0.007823606,-0.0,-0.0068427133
-0.016115196,0.0106205745,-0.0,-0.008912729
-0.01636748,0.012498504,-0.0,-0.00855928
-0.016136592,0.011811432,-0.0,-0.008055326
-0.016842904,0.0118412515,-0.0,-0.008455262
-0.010884923,0.010650043,-0.0,-0.005131202
-0.0162659,0.00820327,-0.0,-0.008439937
-0.010302332,0.011320695,-0.0,-0.0053317365
-0.02240391,0.009785405,-0.0,-0.011889393
-0.016777921,0.016972544,-0.0,-0.008560054
-0.012826286,0.009732925,-0.0,-0.005588205
-0.025029445,0.012169702,-0.0,-0.013238128
-0.010011931,0.016542347,-0.0,-0.0043357546
-0.010065288,0.0033644384,-0.0,-0.0042432747
-0.015840236,0.00960755,-0.0,-0.0090994965
-0.0131902145,0.01187627,-0.0,-0.006995122
-0.016559768,0.00992326,-0.0,-0.00851701
-0.011753905,0.011390422,-0.0,-0.005910143
-0.015790882,0.008620605,-0.0,-0.008125286
-0.015760647,0.01236606,-0.0,-0.008349671
-0.014633884,0.011038458,-0.0,-0.0072866506
-0.011353245,0.009398476,-0.0,-0.0055789454
-0.0150523,0.0086662965,-0.0,-0.007967478
-0.017929368,0.0125658605,-0.0,-0.009644217
-0.004199311,0.009662365,-0.0,-0.0014414653
-0.01941284,0.0047610616,-0.0,-0.010487448
0.011180811,0.0088283215,-0.0,0.0065824515
-0.019745428,-0.0056471745,-0.0,-0.011206639
0.017644305,0.011149929,-0.0,0.009730644
0.036948297,-0.046009187,-0.0,0.019088607
0.004320873,-0.009647512,0.0,-0.0045693447
-0.013617173,0.008529381,0.0,-0.01253415
-0.013677014,0.013310887,-0.0,-0.0086797625
-0.014700492,0.010117481,-0.0,-0.007642922
-0.014181122,0.010765079,-0.0,-0.007345439
-0.0065973653,0.0078472085,-0.0,-0.0030623148
-0.01910531,0.00714135,-0.0,-0.010601112
-0.014441487,0.015108938,-0.0,-0.007825801
-0.012304494,0.008652771,-0.0,-0.005744722
-0.0068474025,0.006813173,-0.0,-0.0033863196
-0.015069506,0.0063993153,-0.0,-0.0085258875
-0.017220283,0.013339341,-0.0,-0.009687235
-0.016519496,0.0126351295,-0.0,-0.008280936
-0.00927932,0.009709827,-0.0,-0.0041689062
-0.018136702,0.007905156,-0.0,-0.009631374
-0.013458473,0.013724096,-0.0,-0.0071087186
-0.008280969,0.006955616,-0.0,-0.0037074734
-0.020168303,0.008808659,-0.0,-0.011210443
-0.01542173,0.01563469,-0.0,-0.008129544
-0.019116826,0.011121476,-0.0,-0.00930982
-0.0026526176,0.010030914,-0.0,-0.00048764495
-0.022222133,0.004500916,-0.0,-0.011987121
-0.014663796,0.017864062,-0.0,-0.008076226
-0.019745136,0.010299304,-0.0,-0.009437266
-0.009596239,0.01260019,-0.0,-0.004365252
-0.021446673,0.008282356,-0.0,-0.011034149
-0.01078566,0.015079792,-0.0,-0.0053308713
-0.014415087,0.0062523833,-0.0,-0.006890934
-0.015723722,0.011850433,-0.0,-0.008574593
0.0183555,0.000784565,-0.0,0.010805997
-0.018979028,-0.007718112,-0.0,-0.012046138
-0.01601652,0.020334747,-0.0,-0.010984561
-0.021125508,0.012119538,-0.0,-0.010325603
-0.022360362,0.016443457,-0.0,-0.0112293055
-0.017593775,0.0150820045,-0.0,-0.007978022
-0.02146066,0.012771921,-0.0,-0.010283578
-0.012899201,0.013973058,-0.0,-0.0058020013
-0.018565677,0.009109185,-0.0,-0.009079047
-0.014015174,0.013414086,-0.0,-0.00707432
-0.014092277,0.009091247,-0.0,-0.006830829
-0.0114840185,0.009548752,-0.0,-0.005872654
0.006048778,0.001779344,-0.0,0.0037029951
-0.016370667,-0.00054443046,-0.0,-0.010290743
-0.009989084,0.014972317,-0.0,-0.0065801353
-0.018046414,0.007828732,-0.0,-0.009329611
-0.010766915,0.012848052,-0.0,-0.0055623963
-0.016161688,0.00765715,-0.0,-0.008206665
-0.016765878,0.01312715,-0.0,-0.009002775
-0.009785944,0.010212296,-0.0,-0.0045021204
-0.018076466,0.008121889,-0.0,-0.009529481
-0.007811434,0.012045972,-0.0,-0.0038897656
-0.019738762,0.006913171,-0.0,-0.010352663
-0.0007980454,0.011694855,-0.0,2.9081117e-05
-0.018990606,0.0016334488,-0.0,-0.01013463
-0.015148579,0.016580313,-0.0,-0.008839336
-0.017064191,0.010497469,-0.0,-0.008267057
-0.009004064,0.010524284,-0.0,-0.0041824253
-0.015507018,0.0066589573,-0.0,-0.008110154
0.029337846,-0.0017572261,-0.0,0.016736336
-0.0019766954,-0.026048332,-0.0,-0.0030770716
0.005728034,0.009800436,-0.0,-0.0002470921
-0.0074470663,-0.0050933356,-0.0,-0.005289234
-0.012617456,0.011027121,-0.0,-0.009053097
0.0022129195,0.0052185236,-0.0,0.0012323485
-0.015360118,0.00067557936,-0.0,-0.009243087
-0.012711138,0.014355321,-0.0,-0.007957485
-0.017926212,0.009891916,-0.0,-0.009241743
-0.009048959,0.0116546,-0.0,-0.0043559517
-0.015231526,0.006316218,-0.0,-0.007842196
-0.018421523,0.013405883,-0.0,-0.010185528
-0.0080050025,0.011042344,-0.0,-0.0034839343
-0.009909564,0.0037195373,-0.0,-0.004959119
-0.014511302,0.00940328,-0.0,-0.008498695
-0.020425389,0.0130892135,-0.0,-0.011166122
-0.019334124,0.015551538,-0.0,-0.009704814
-0.01743677,0.013195259,-0.0,-0.00815136
-0.017004058,0.012091819,-0.0,-0.00817057
-0.021157073,0.013362217,-0.0,-0.010687221
-0.014949528,0.014422644,-0.0,-0.006999329
-0.017632417,0.010228152,-0.0,-0.008469953
-0.018191706,0.013503833,-0.0,-0.009272151
0.02732791,-0.0009858259,-0.0,0.016063383
0.012033987,-0.03524533,-0.0,0.004926306
-0.007494156,0.00895718,-0.0,-0.010517744
-0.011527014,0.00882724,-0.0,-0.008025493
-0.017052718,0.010924759,-0.0,-0.009769234
-0.009109245,0.011267018,-0.0,-0.0045272075
-0.006812439,0.003698665,-0.0,-0.0032985148
-0.009440665,0.005487095,-0.0,-0.0057383077
-0.0021045555,0.0049765636,-0.0,-0.001524833
-0.010190552,0.0021959594,-0.0,-0.006357222
-0.015148417,0.010977508,-0.0,-0.009368527
-0.02075858,0.013434295,-0.0,-0.011242589
-0.0135775395,0.014193194,-0.0,-0.0064337356
-0.017431838,0.009347269,-0.0,-0.008479487
-0.0153421,0.012910185,-0.0,-0.007834084
-0.008360904,0.008529807,-0.0,-0.0037088739
-0.01320795,0.006010391,-0.0,-0.0070922384
-0.012338434,0.010538226,-0.0,-0.0069357567
-0.0055005206,0.0064656725,-0.0,-0.0026820863
-0.018517194,0.0067655467,-0.0,-0.010558491
-0.015354323,0.015183552,-0.0,-0.008482574
-0.0156022655,0.0103922505,-0.0,-0.0075459927
-0.00606308,0.008589573,-0.0,-0.0026331036
-0.015406617,0.0051447996,-0.0,-0.008414684
-0.014392386,0.013022621,-0.0,-0.008157948
-0.019742794,0.011628004,-0.0,-0.010201123
-0.017352995,0.014673511,-0.0,-0.008687481
-0.015685786,0.011547749,-0.0,-0.007385567
-0.010159924,0.009407204,-0.0,-0.0047120405
-0.012547303,0.006848929,-0.0,-0.0065594106
-0.012577689,0.009767985,-0.0,-0.006949539
-0.018925581,0.010979145,-0.0,-0.010211865
-0.014078649,0.01365592,-0.0,-0.007079001
-0.01713103,0.009979412,-0.0,-0.008462121
-0.016650178,0.012951009,-0.0,-0.008528268
-0.013071746,0.010900873,-0.0,-0.0062458296
-0.020492515,0.010934422,-0.0,-0.01066454
-0.015192651,0.014851513,-0.0,-0.007549759
-0.02256096,0.011924494,-0.0,-0.011200918
-0.017746342,0.016364325,-0.0,-0.0086355535
-0.020500867,0.012551816,-0.0,-0.009704095
-0.01816395,0.014683632,-0.0,-0.008768717
-0.019404102,0.012955476,-0.0,-0.009306969
-0.01404648,0.012808773,-0.0,-0.0065228776
-0.017122263,0.0099056,-0.0,-0.008440884
-0.017978182,0.013311167,-0.0,-0.009272479
-0.015780283,0.012538184,-0.0,-0.0076508527
-0.016568199,0.011182,-0.0,-0.008166425
-0.00011896617,0.007318777,-0.0,0.0007643214
-0.015318062,0.0010776216,-0.0,-0.008656272
-0.012434456,0.0138303675,-0.0,-0.007611089
-0.008527183,0.0068131313,-0.0,-0.0041067163
-0.013084664,0.006862767,-0.0,-0.0073193624
-0.013864934,0.010793469,-0.0,-0.007766521
-0.01646836,0.010920498,-0.0,-0.0086880345
-0.011274955,0.011010178,-0.0,-0.0055763065
-0.022187565,0.010334743,-0.0,-0.011717699
-0.017891543,0.01691328,-0.0,-0.009107455
-0.014881542,0.011150477,-0.0,-0.006661186
-0.024768367,0.013019357,-0.0,-0.01280854
-0.014992951,0.017159358,-0.0,-0.0069577317
-0.022227505,0.010788498,-0.0,-0.0105599845
-0.015023481,0.015534177,-0.0,-0.0071733487
-0.016989792,0.009823927,-0.0,-0.00799097
-0.018846229,0.01328691,-0.0,-0.009684665
-0.017130582,0.0134934,-0.0,-0.008353332
-0.014015211,0.011136622,-0.0,-0.0065826564
-0.019367946,0.011093915,-0.0,-0.009934221
-0.011076165,0.012854378,-0.0,-0.005251386
-0.017294088,0.007980725,-0.0,-0.008701247
-0.010848842,0.012137068,-0.0,-0.005558725
-0.019780522,0.009057307,-0.0,-0.010283434
-0.019911692,0.016057905,-0.0,-0.010480888
-0.02523077,0.015688226,-0.0,-0.012439096
-0.014844435,0.01648329,-0.0,-0.006395636
-0.01871477,0.00957532,-0.0,-0.008642937
-0.020328006,0.0147721665,-0.0,-0.010418453
-0.017411852,0.0141715435,-0.0,-0.008237199
-0.015630404,0.011461906,-0.0,-0.007309699
-0.0070409593,0.008411867,-0.0,-0.0029913238
-0.016224157,0.006103873,-0.0,-0.008821159
-0.01849363,0.014373734,-0.0,-0.010325168
-0.01576699,0.013020558,-0.0,-0.007666832
-0.011211843,0.00947919,-0.0,-0.0051669627
-0.019545417,0.0097549325,-0.0,-0.010378106
-0.005357022,0.012010607,-0.0,-0.0022794614
-0.021678088,0.0057023573,-0.0,-0.011412332
-0.011071492,0.016176743,-0.0,-0.005839898
-0.018090429,0.0075164433,-0.0,-0.008812728
-0.009550431,0.012333893,-0.0,-0.0047853105
-0.025955904,0.009989514,-0.0,-0.0136784315
-0.017280204,0.019361686,-0.0,-0.008637671
-0.023359498,0.012339992,-0.0,-0.010887941
-0.021273471,0.017269704,-0.0,-0.01034305
-0.024559556,0.015694939,-0.0,-0.011625264
-0.012806525,0.015258609,-0.0,-0.005201244
-0.02100499,0.009113425,-0.0,-0.0100905895
-0.020861266,0.016654754,-0.0,-0.010750544
-0.027363341,0.01655725,-0.0,-0.0134224035
-0.020812126,0.019025166,-0.0,-0.00943801
-0.023716187,0.014418515,-0.0,-0.010765257
-0.016287213,0.015625207,-0.0,-0.007213818
-0.021859335,0.011775789,-0.0,-0.0104369605
-0.021280987,0.01657436,-0.0,-0.010553702
-0.026274169,0.016391734,-0.0,-0.012721147
-0.010344726,0.015830275,-0.0,-0.0037360236
-0.019046877,0.006457091,-0.0,-0.008978092
0.0052242847,0.008929883,-0.0,0.0035514783
-0.011255672,-0.0053559076,-0.0,-0.006363185
-0.007481,0.011664643,-0.0,-0.0056155464
-0.02182298,0.008511415,-0.0,-0.012078072
-0.02164129,0.018291602,-0.0,-0.011640198
-0.026124407,0.016623462,-0.0,-0.012591566
-0.018537937,0.017585305,-0.0,-0.008196563
-0.015632683,0.010967346,-0.0,-0.0066698226
-0.015304272,0.01068068,-0.0,-0.007467077
-0.009306454,0.009276622,-0.0,-0.004414072
-0.01790776,0.0081135,-0.0,-0.009621019
-0.009728176,0.012554292,-0.0,-0.0050172987
-0.021704573,0.008790214,-0.0,-0.01133262
0.0023218775,0.011758286,-0.0,0.00207335
-0.026168829,0.0020922825,-0.0,-0.01401797
-0.019885039,0.022046698,-0.0,-0.011205667
-0.021387083,0.013532186,-0.0,-0.0096254265
-0.018857034,0.014953753,-0.0,-0.008872905
-0.008875386,0.010291492,-0.0,-0.003427233
-0.012081558,0.005082159,-0.0,-0.0060910666
-0.012893432,0.009974461,-0.0,-0.007313626
0.0019701226,0.0046889614,-0.0,0.0014104266
0.007407507,-0.009061412,-0.0,0.0034681708
-0.012503521,0.0019382999,-0.0,-0.009862368
-0.014576418,0.013649514,-0.0,-0.009553262
-0.02150826,0.012770395,-0.0,-0.011423159
-0.018390793,0.015999246,-0.0,-0.0091180755
-0.02329388,0.0139290355,-0.0,-0.011301755
-0.0175778,0.016165128,-0.0,-0.008179994
-0.008904101,0.008955707,-0.0,-0.0033514707
-0.013565578,0.006011781,-0.0,-0.007059772
-0.01736799,0.012124317,-0.0,-0.0097126905
-0.015192638,0.0126873925,-0.0,-0.0076851435
-0.013591347,0.010038686,-0.0,-0.00661148
-0.01205168,0.00907938,-0.0,-0.006100523
-0.020628303,0.011032684,-0.0,-0.011135455
-0.011524773,0.014192655,-0.0,-0.0055741714
-0.022903424,0.009694204,-0.0,-0.011590659
-0.014516004,0.016517704,-0.0,-0.007149265
-0.0139956605,0.008390125,-0.0,-0.0063101165
-0.005168386,0.0074732695,-0.0,-0.0023368543
-0.018317591,0.006013025,-0.0,-0.010264652
-0.018173281,0.015870571,-0.0,-0.010152024
-0.022570536,0.01419547,-0.0,-0.011213255
-0.011595163,0.01425867,-0.0,-0.004949605
-0.02133339,0.008880077,-0.0,-0.010550366
-0.022406545,0.017431377,-0.0,-0.011712389
-0.020937918,0.015915891,-0.0,-0.009770103
-0.012092051,0.012399934,-0.0,-0.0049495413
-0.006860316,0.0049847136,-0.0,-0.0028189588
-0.015474625,0.0068475595,-0.0,-0.008853398
-0.015007483,0.012930396,-0.0,-0.008378958
0.019164015,-0.00041157255,-0.0,0.011232268
-0.01466477,-0.0102127595,-0.0,-0.0098013915
-0.008695064,0.016782949,-0.0,-0.0070741144
-0.01705183,0.0066359793,-0.0,-0.008874616
-0.00049346325,0.009593276,-0.0,3.0638228e-05
-0.017459963,0.0016763379,-0.0,-0.009651521
-0.020015247,0.016907467,-0.0,-0.011807741
-0.014020832,0.01331099,-0.0,-0.006467498
-0.0159222,0.009379475,-0.0,-0.0077172043
-0.011936286,0.0108817,-0.0,-0.005995183
-0.010845079,0.0073370184,-0.0,-0.0054473216
-0.017115584,0.009685088,-0.0,-0.00945172
-0.011631739,0.012171803,-0.0,-0.00598967
-0.016626425,0.008634737,-0.0,-0.008521517
-0.013414865,0.012274167,-0.0,-0.0069888877
-0.021576134,0.0113649145,-0.0,-0.0111925965
-0.0053312704,0.012933109,-0.0,-0.0019481375
-0.01158723,0.0015063379,-0.0,-0.005693016
-0.005212112,0.008350159,-0.0,-0.0033461598
-0.0116120605,0.003926186,-0.0,-0.0066571496
-0.016381478,0.011511621,-0.0,-0.00967535
-0.012322746,0.011627976,-0.0,-0.0063239057
-0.01675355,0.009329946,-0.0,-0.008638551
-0.008858824,0.01089238,-0.0,-0.0043599056
-0.008443349,0.0041669398,-0.0,-0.0042368914
-0.015681338,0.008635521,-0.0,-0.00917389
-0.017062211,0.013216828,-0.0,-0.009348864
-0.01434266,0.011826137,-0.0,-0.0070429365
-0.016099067,0.010320012,-0.0,-0.008093537
-0.01493859,0.01174118,-0.0,-0.007608325
-0.014332532,0.010377009,-0.0,-0.0071605924
-0.021684581,0.012411282,-0.0,-0.011424069
-0.015738187,0.015486619,-0.0,-0.0076434347
-0.021148857,0.011623351,-0.0,-0.010270648
-0.020766638,0.016129095,-0.0,-0.010370418
-0.02059145,0.014798709,-0.0,-0.009715332
-0.012017966,0.012494718,-0.0,-0.0050844913
-0.01157256,0.006562452,-0.0,-0.005423957
-0.01200694,0.008629622,-0.0,-0.0065545156
-0.019587103,0.011077614,-0.0,-0.010738433
-0.019512808,0.015564639,-0.0,-0.010117207
-0.013197871,0.012340732,-0.0,-0.0058939713
-0.014184865,0.008446597,-0.0,-0.0068815285
-0.019998865,0.0122953355,-0.0,-0.010711621
-0.012161987,0.013497187,-0.0,-0.005779561
-0.024021797,0.010605191,-0.0,-0.012258613
-0.015608857,0.017338121,-0.0,-0.0076137083
-0.025360309,0.012223807,-0.0,-0.012294773
-0.02092899,0.018702302,-0.0,-0.010167787
-0.015029566,0.012629965,-0.0,-0.0062655834
-0.022085939,0.01169765,-0.0,-0.01097833
-0.01616601,0.015713252,-0.0,-0.007801021
-0.022359204,0.012152108,-0.0,-0.010863736
-0.016520925,0.015750611,-0.0,-0.007878334
-0.019988246,0.011661324,-0.0,-0.009525665
-0.020871747,0.015304241,-0.0,-0.010434008
0.0032212883,0.008559272,-0.0,0.003199669
0.009404358,-0.013711881,-0.0,0.0050752414
-0.004150614,-0.0015705227,-0.0,-0.005356453
0.0030332324,0.0030941968,-0.0,-7.947271e-05
0.033668954,-0.020501804,-0.0,0.01758643
-0.013252,-0.00905469,-0.0,-0.012804024
-0.010443107,0.017761154,-0.0,-0.009063702
-0.016145226,0.007979367,-0.0,-0.008461718
-0.01588947,0.012957814,-0.0,-0.008552603
-0.018179094,0.01203863,-0.0,-0.009195142
-0.018699102,0.013739173,-0.0,-0.0093943
-0.016600834,0.01302142,-0.0,-0.007961295
-0.021222927,0.012855639,-0.0,-0.010607123
-0.021035453,0.016065788,-0.0,-0.010410383
-0.0032631066,0.010293859,-0.0,-0.00023517116
-0.008575099,-0.0007252117,-0.0,-0.0043011154
-0.01563722,0.010350053,-0.0,-0.009792192
-0.0059860167,0.009872673,-0.0,-0.003069778
-0.017029006,0.0055095316,-0.0,-0.009265612
-0.009196421,0.012627717,-0.0,-0.005085453
-0.017603312,0.007258551,-0.0,-0.009169856
-0.00180153,0.010189108,-0.0,-0.0006047266
-0.017262217,0.0022970065,-0.0,-0.009405023
-0.015013944,0.01530308,-0.0,-0.008800598
-0.0061914753,0.00752894,-0.0,-0.0025090838
-0.018066546,0.00643339,-0.0,-0.009994864
-0.0012489102,0.0109754605,-0.0,-0.0004601658
-0.017281521,0.0017059875,-0.0,-0.009358068
-0.0070077106,0.013371413,-0.0,-0.0042326082
-0.006820664,0.0017742525,-0.0,-0.0033191713
0.006768695,0.00030951708,-0.0,0.003249363
-0.019114565,0.0012800058,-0.0,-0.012338913
-0.00351097,0.014996342,-0.0,-0.0025867545
-0.010720708,6.932805e-06,-0.0,-0.005407952
-0.008127496,0.009256355,-0.0,-0.005272252
-0.015342646,0.0072632385,-0.0,-0.008609919
-0.010068569,0.011248936,-0.0,-0.005509224
-0.013146059,0.006865594,-0.0,-0.006862931
-0.016330037,0.011302904,-0.0,-0.009040653
-0.0062454324,0.0095504895,-0.0,-0.0028344884
-0.019742059,0.0065242285,-0.0,-0.010709165
-0.019653661,0.016867023,-0.0,-0.010792228
-0.020436432,0.014317466,-0.0,-0.00980863
-0.011602799,0.012510793,-0.0,-0.0049674907
-0.01212102,0.0064829527,-0.0,-0.0057606925
-0.022190463,0.012126417,-0.0,-0.012294512
-0.022338422,0.017758928,-0.0,-0.011483491
0.008435184,0.007720117,-0.0,0.0062618703
-0.014367519,-0.0065535293,-0.0,-0.00803726
0.0023618718,0.011468211,-0.0,0.00028177898
0.021608444,-0.018037405,-0.0,0.011434958
0.005173759,-0.0143245,-0.0,-0.00066783983
0.013152226,-0.0031751443,-0.0,0.00438244
0.00450603,-0.011847665,-0.0,-6.0635844e-05
-0.0021354007,0.0021109232,-0.0,-0.0043935915
-0.005566042,0.0033418857,-0.0,-0.0048039667
-0.014836466,0.007822462,-0.0,-0.009457422
-0.006893851,0.010407624,-0.0,-0.0039314623
-0.016204711,0.005913697,-0.0,-0.008803271
0.00063695566,0.009019821,-0.0,0.0004972802
-0.0055872644,-0.003767822,-0.0,-0.0032637175
-0.008566522,0.007363569,-0.0,-0.006317611
-0.009068144,0.006620386,-0.0,-0.0055224663
-0.008585262,0.0064879013,-0.0,-0.005068648
-0.013491693,0.007673559,-0.0,-0.007814894
-0.017202621,0.011950262,-0.0,-0.009600293
-0.01803105,0.013387614,-0.0,-0.009293005
-0.010283174,0.011032535,-0.0,-0.004615749
-0.014949463,0.007111752,-0.0,-0.0076351888
-0.022422707,0.01403188,-0.0,-0.012332667
-0.02022317,0.016910631,-0.0,-0.010005284
-0.025135513,0.015361163,-0.0,-0.012095133
-0.015937738,0.016601259,-0.0,-0.006974413
-0.023229303,0.011632895,-0.0,-0.011037384
-0.014523193,0.015851244,-0.0,-0.006730161
-0.016164556,0.009018341,-0.0,-0.007473851
-0.019713396,0.013152148,-0.0,-0.010291035
-0.005726961,0.01112854,-0.0,-0.0020709408
-0.014909245,0.0036202588,-0.0,-0.007711444
-0.011447732,0.012091513,-0.0,-0.0065835635
-0.0202932,0.010019332,-0.0,-0.010734379
-0.00766868,0.013115487,-0.0,-0.0035101695
-0.023172054,0.0074534793,-0.0,-0.012003
-0.012462183,0.016955942,-0.0,-0.0063101347
-0.018459495,0.008262531,-0.0,-0.008793029
-0.0245036,0.016159026,-0.0,-0.013042177
-0.013222601,0.01594494,-0.0,-0.005676368
-0.019279886,0.00882534,-0.0,-0.009112101
-0.016090648,0.014358846,-0.0,-0.00816548
-0.009816819,0.0090581225,-0.0,-0.0042880247
-0.002033608,0.0029638382,-0.0,-0.0007430478
-0.010201319,0.0024417513,-0.0,-0.006427762
-0.017201673,0.011543248,-0.0,-0.010531882
-0.0166403,0.013611175,-0.0,-0.008797722
-0.019116027,0.012577618,-0.0,-0.009566749
-0.024438217,0.01563232,-0.0,-0.0124398
-0.022821916,0.018000338,-0.0,-0.010912445
-0.01867808,0.015003801,-0.0,-0.008216346
-0.02426884,0.014108954,-0.0,-0.011713904
-0.022181934,0.017792586,-0.0,-0.010629056
-0.008865448,0.012038941,-0.0,-0.002953719
-0.020357365,0.0070438865,-0.0,-0.010281569
-0.014291922,0.015445493,-0.0,-0.007465143
-0.02114868,0.010920452,-0.0,-0.010462227
-0.008399046,0.013282571,-0.0,-0.0036213764
-0.015317142,0.005097592,-0.0,-0.0075918925
-0.016982375,0.013280927,-0.0,-0.009456593
-0.018333398,0.012910279,-0.0,-0.009269933
0.0028469728,0.0074225767,-0.0,0.0026062855
-0.016406361,-0.00085610035,-0.0,-0.009253431
-0.013946734,0.015556163,-0.0,-0.008681814
-0.011030341,0.008373011,-0.0,-0.0052671577
-0.0023870124,0.0045426674,-0.0,-0.0010376658
-0.020002836,0.0058304123,-0.0,-0.01177258
-0.0047345795,0.014005752,-0.0,-0.002560777
-0.013807133,0.0020685913,-0.0,-0.007004895
-0.016397502,0.013146619,-0.0,-0.009642187
-0.019365188,0.013078467,-0.0,-0.0100033395
-0.014609083,0.013297644,-0.0,-0.0069915354
-0.021189695,0.0114513505,-0.0,-0.010635189
-0.010310302,0.013738569,-0.0,-0.004648089
-0.012281491,0.0053651123,-0.0,-0.005820614
-0.018133365,0.011389658,-0.0,-0.010148763
-0.008593004,0.011645907,-0.0,-0.0040779966
-0.015234356,0.005972382,-0.0,-0.007853318
-0.016382532,0.012957885,-0.0,-0.009077725
-0.020733835,0.013212966,-0.0,-0.010654314
-0.0020095808,0.010781039,-0.0,5.7233938e-05
-0.0002878629,-0.005114808,-0.0,0.00013775517
-0.016574668,0.006682768,-0.0,-0.0112379985
-0.014075493,0.014424027,-0.0,-0.008258076
-0.020887043,0.011498657,-0.0,-0.010717221
-0.013981876,0.01460489,-0.0,-0.0067634154
0.011621302,-1.7672817e-05,-0.0,0.0073602726
-0.020416245,-0.002171456,-0.0,-0.012797139
-0.0042895437,0.017033821,-0.0,-0.003242864
-0.015248354,0.0017550158,-0.0,-0.007614652
-0.015094272,0.013780562,-0.0,-0.00884183
-0.015533743,0.010844798,-0.0,-0.0078176875
-0.022857517,0.013423821,-0.0,-0.011981102
-0.019268248,0.01684939,-0.0,-0.009408109
-0.017954165,0.012792858,-0.0,-0.00819447
-0.017415572,0.012562229,-0.0,-0.008378648
-0.016415166,0.012207658,-0.0,-0.007981193
-0.015424306,0.011394118,-0.0,-0.007551314
-0.010489503,0.009523785,-0.0,-0.0049883253
-0.01597829,0.008224633,-0.0,-0.008462403
-0.019605512,0.01377803,-0.0,-0.010614607
-0.01347733,0.013213111,-0.0,-0.006367705
-0.012938192,0.008179051,-0.0,-0.0061519854
-0.015613446,0.010207203,-0.0,-0.00832093
-0.011839822,0.010795083,-0.0,-0.0060255886
-0.0068338183,0.0060430896,-0.0,-0.003268129
-0.009999905,0.004839569,-0.0,-0.005758204
-0.00057888293,0.004961906,-0.0,-0.000642039
-0.015199154,0.0029552956,-0.0,-0.009210499
-0.0030539746,0.010863322,-0.0,-0.0021402005
-0.018773967,0.0040415046,-0.0,-0.010338818
-0.009403646,0.014459557,-0.0,-0.005326831
-0.016425768,0.006504602,-0.0,-0.008294264
-0.014653597,0.013053169,-0.0,-0.007941493
-0.012951033,0.009623035,-0.0,-0.0063509718
-0.0111580575,0.008510535,-0.0,-0.005700809
-0.02242132,0.011178817,-0.0,-0.012272807
-0.017789466,0.0170398,-0.0,-0.0090270825
-0.019866902,0.012427941,-0.0,-0.009354604
-0.014918802,0.013425898,-0.0,-0.0070144627
-0.011955157,0.008806703,-0.0,-0.005500763
-0.0122860195,0.008197893,-0.0,-0.0063876193
-0.02387497,0.012472722,-0.0,-0.013122258
-0.020478012,0.018334739,-0.0,-0.010314308
-0.016406579,0.012995453,-0.0,-0.0071726325
-0.017564198,0.0113508785,-0.0,-0.008441794
-0.018072862,0.013102474,-0.0,-0.009052542
-0.0184088,0.013234386,-0.0,-0.009062593
-0.0079390295,0.010439531,-0.0,-0.0032297974
-0.020676201,0.007439933,-0.0,-0.01091364
-0.013810359,0.01567694,-0.0,-0.007238425
-0.017705388,0.009510849,-0.0,-0.008574394
-0.010997281,0.01183726,-0.0,-0.0053691296
-0.020824367,0.009433232,-0.0,-0.010829897
-0.0131398775,0.014977914,-0.0,-0.006574803
-0.014321039,0.008019917,-0.0,-0.0067748767
-0.018503856,0.0120071,-0.0,-0.0098884655
-0.016587222,0.013666565,-0.0,-0.008328019
-0.020281529,0.012602532,-0.0,-0.010088861
-0.018883258,0.014957044,-0.0,-0.009285447
-0.0131584685,0.011756488,-0.0,-0.0058576833
-0.021263855,0.010737164,-0.0,-0.010854582
-0.01627753,0.0155951455,-0.0,-0.008097118
-0.019663477,0.011628479,-0.0,-0.009464461
-0.01188341,0.01280408,-0.0,-0.005489402
-0.01789066,0.008655065,-0.0,-0.008961178
-0.016358793,0.013824749,-0.0,-0.008531016
-0.015783736,0.011293979,-0.0,-0.0076719513
-0.01443701,0.010950577,-0.0,-0.0071587386
0.018867048,-0.00081613276,-0.0,0.011079971
-0.0077854884,-0.0138408635,-0.0,-0.005974803
-0.003567968,0.0119387135,-0.0,-0.0046656667
-0.013566742,0.0034371826,-0.0,-0.007899341
-0.007247728,0.010491305,-0.0,-0.004487944
-0.013320748,0.0053530214,-0.0,-0.0072738887
-0.012571007,0.010975323,-0.0,-0.0071808835
-0.016307356,0.009952419,-0.0,-0.008644307
-0.015457155,0.012386937,-0.0,-0.008046709
-0.01884767,0.011947455,-0.0,-0.00959373
-0.02075567,0.0147727225,-0.0,-0.010534182
-0.024399906,0.01617445,-0.0,-0.012052478
-0.021111943,0.017280722,-0.0,-0.009812114
-0.0082248,0.01104688,-0.0,-0.0026630287
-0.015368909,0.0052339453,-0.0,-0.0077178297
-0.015733598,0.012975913,-0.0,-0.008744307
-0.022576535,0.013270672,-0.0,-0.011696865
-0.019250143,0.016638441,-0.0,-0.009406004
-0.027252316,0.015270816,-0.0,-0.013298928
-0.02454373,0.01999666,-0.0,-0.0116645405
-0.02769109,0.017772142,-0.0,-0.012708784
-0.027979668,0.020068415,-0.0,-0.012965543
-0.021063287,0.018309038,-0.0,-0.0088719865
-0.019201728,0.013231621,-0.0,-0.00826055
-0.012730749,0.01170243,-0.0,-0.005557844
-0.022685615,0.01083204,-0.0,-0.011635938
-0.010373643,0.0151164355,-0.0,-0.00472843
-0.016239153,0.006320674,-0.0,-0.007797267
-0.01116227,0.011783343,-0.0,-0.005901261
-0.0167507,0.008530248,-0.0,-0.008693187
-0.012253286,0.012128382,-0.0,-0.006369893
-0.013304795,0.008079784,-0.0,-0.0066851326
0.007058604,0.0034343898,-0.0,0.0042586573
-0.011623903,-0.00413536,-0.0,-0.00741236
-0.0058870222,0.011511718,-0.0,-0.0047228606
-0.007109323,0.0023186968,-0.0,-0.0040000086
0.0002999212,0.0031072046,-0.0,-0.0004788541
-0.010159366,0.0012281683,-0.0,-0.006718923
-0.016225008,0.011790779,-0.0,-0.010218851
-0.009789552,0.011062648,-0.0,-0.0050332383
-0.012634195,0.0063772607,-0.0,-0.0065403995
-0.016531395,0.011130233,-0.0,-0.00922525
-0.01519075,0.012359146,-0.0,-0.007837827
-0.01271812,0.009960937,-0.0,-0.0062069586
-0.0048469957,0.0061890287,-0.0,-0.0021649713
-0.0116653135,0.003860803,-0.0,-0.0067304736
-0.0074984813,0.008904541,-0.0,-0.004616544
-0.016001146,0.0069778645,-0.0,-0.0089676725
-0.009642092,0.011696514,-0.0,-0.005273467
0.0020775208,0.0011070664,-0.0,0.0015467447
-0.016797412,0.0027079855,-0.0,-0.010526565
-0.013172293,0.015093605,-0.0,-0.008028275
-0.006796653,0.006465671,-0.0,-0.0029908302
-0.009271178,0.004259566,-0.0,-0.0052432143
-0.017083498,0.009923491,-0.0,-0.01007126
-0.009844672,0.011931137,-0.0,-0.0051081637
-0.016592365,0.007454782,-0.0,-0.0086132055
-0.008564325,0.011300987,-0.0,-0.004431645
-0.012920118,0.0054808226,-0.0,-0.006713882
-0.017023578,0.0117600765,-0.0,-0.009619968
-0.017959733,0.013346083,-0.0,-0.009308482
-0.017144702,0.012928119,-0.0,-0.008418899
-0.015432605,0.011745928,-0.0,-0.0074501107
-0.020288933,0.012214396,-0.0,-0.01033885
-0.010739884,0.013073233,-0.0,-0.004873559
-0.018623456,0.007986791,-0.0,-0.009360503
-0.016432604,0.014543072,-0.0,-0.008633905
-0.011058122,0.009800542,-0.0,-0.00499805
-0.02109272,0.00998526,-0.0,-0.0111779645
-0.014919037,0.015557414,-0.0,-0.0075354897
-0.01823814,0.010350697,-0.0,-0.008776429
-0.013736188,0.012686404,-0.0,-0.0067508044
-0.017725775,0.010111625,-0.0,-0.008894008
-0.015964614,0.01319963,-0.0,-0.008131007
-0.020661544,0.012470884,-0.0,-0.0104151
-0.015180408,0.014376399,-0.0,-0.007264367
-0.015164343,0.009751976,-0.0,-0.0071527325
-0.016501643,0.011458219,-0.0,-0.008483643
-0.0173474,0.012452757,-0.0,-0.008819847
-0.0134282345,0.011620916,-0.0,-0.0064637437
-0.007852287,0.007100767,-0.0,-0.003580836
-0.017632324,0.0076873316,-0.0,-0.009804235
-0.012637857,0.013446769,-0.0,-0.006795467
-0.019906215,0.010109141,-0.0,-0.010182082
-0.014346282,0.014376058,-0.0,-0.0071742907
-0.02422631,0.0119928615,-0.0,-0.012229919
-0.011502349,0.01608017,-0.0,-0.0051113567
-0.019749427,0.007868518,-0.0,-0.0094768945
-0.011550968,0.013840138,-0.0,-0.005743546
-0.01922786,0.008744867,-0.0,-0.009662456
-0.016595438,0.014779075,-0.0,-0.0086002285
-0.020009255,0.0123478295,-0.0,-0.009839496
-0.014225156,0.013581288,-0.0,-0.00672707
-0.020718547,0.010928134,-0.0,-0.010328866
-0.014009912,0.014475034,-0.0,-0.00677893
-0.021270033,0.010765584,-0.0,-0.010548056
-0.0065918854,0.012940751,-0.0,-0.002627154
-0.013852408,0.003312349,-0.0,-0.0068864017
-0.015551582,0.012474615,-0.0,-0.008951467
-0.017765256,0.012117457,-0.0,-0.009181455
-0.013917816,0.012244996,-0.0,-0.0067992895
-0.018090913,0.010465419,-0.0,-0.009142949
-0.012172698,0.01235127,-0.0,-0.005968944
-0.016237572,0.008670017,-0.0,-0.008186818
-0.019782983,0.013664973,-0.0,-0.010542209
0.035217248,-0.0019013791,-0.0,0.020452503
-0.017732717,-0.01889154,-0.0,-0.011862313
-0.0049504326,0.020864956,-0.0,-0.0055038575
-0.018050883,0.0030729815,-0.0,-0.009054536
-0.008469279,0.013533125,-0.0,-0.0047553633
-0.02014538,0.0073057692,-0.0,-0.010469759
-0.018963063,0.016543195,-0.0,-0.0101735545
-0.020912657,0.013916806,-0.0,-0.010077391
-0.012738318,0.013281791,-0.0,-0.0056230733
-0.022312317,0.010298667,-0.0,-0.011214051
-0.010168597,0.014827211,-0.0,-0.004646882
-0.019248094,0.0072649727,-0.0,-0.009484337
-0.014010809,0.014448749,-0.0,-0.007287518
-0.017387873,0.009886598,-0.0,-0.008548648
-0.019638158,0.013933171,-0.0,-0.010190706
-0.019225905,0.014464094,-0.0,-0.009414901
-0.013052956,0.012097471,-0.0,-0.005840862
-0.017261462,0.00937356,-0.0,-0.008612555
-0.01198198,0.011967153,-0.0,-0.00600739
-0.02208332,0.010514812,-0.0,-0.011506637
-0.008155083,0.014316139,-0.0,-0.0035996472
-0.016348707,0.004997501,-0.0,-0.008046377
-0.015262151,0.013498681,-0.0,-0.008428659
-0.020526325,0.012202767,-0.0,-0.010483802
-0.0153456,0.014477647,-0.0,-0.007432628
-0.022353576,0.011974338,-0.0,-0.01108879
-0.015994627,0.015780194,-0.0,-0.0076602353
-0.020479716,0.011457543,-0.0,-0.00982196
-0.0134448195,0.01381381,-0.0,-0.0063247234
-0.018660951,0.0097004045,-0.0,-0.00919297
-0.011898055,0.0127749685,-0.0,-0.0058286414
-0.01610124,0.008294945,-0.0,-0.0080633
-0.020382714,0.013816463,-0.0,-0.010925167
-0.025870806,0.016799863,-0.0,-0.013168577
-0.016041644,0.017140443,-0.0,-0.0069670663
-0.026105277,0.0123490095,-0.0,-0.012500668
-0.0025036014,0.014757611,-0.0,0.00017181932
-0.008891621,-0.0028881552,-0.0,-0.0039429567
0.013715144,0.0009941055,-0.0,0.0071138027
-0.007196275,-0.009943741,-0.0,-0.0056349235
0.02249193,0.000875386,-0.0,0.011390002
-0.009304521,-0.0152682895,-0.0,-0.0072114477
-0.017355613,0.017342601,-0.0,-0.013416584
-0.017913776,0.013900778,-0.0,-0.00938867
-0.020003377,0.013615319,-0.0,-0.009970145
-0.012944536,0.012955484,-0.0,-0.0058908733
-0.0110381385,0.0071353265,-0.0,-0.00511519
-0.0141552705,0.0087212445,-0.0,-0.007702348
-0.016084835,0.011514052,-0.0,-0.008683971
-0.01420003,0.011493192,-0.0,-0.0071852063
-0.02223038,0.0122057125,-0.0,-0.011593434
-0.014598519,0.015582469,-0.0,-0.006987287
-0.022008581,0.011023755,-0.0,-0.010747064
-0.014368139,0.0153118875,-0.0,-0.0068553006
-0.018531976,0.00989748,-0.0,-0.008891749
-0.017859587,0.014099494,-0.0,-0.0090864925
-0.0144356815,0.011787,-0.0,-0.0067815073
-0.017911939,0.010758488,-0.0,-0.009019552
-0.013810904,0.012568312,-0.0,-0.0068432163
-0.016966509,0.010006627,-0.0,-0.0085043395
-0.021185486,0.014110937,-0.0,-0.011095136
-0.015419128,0.014567334,-0.0,-0.0072501567
-0.015904395,0.01001986,-0.0,-0.0074932957
-0.016427444,0.011848186,-0.0,-0.008366669
-0.015244011,0.011656807,-0.0,-0.007585261
-0.012015883,0.009841026,-0.0,-0.0058375085
-0.016876563,0.009514601,-0.0,-0.00887681
-0.013902362,0.012438873,-0.0,-0.007188699
-0.025022898,0.012599587,-0.0,-0.013047854
-0.0055400874,0.015253957,-0.0,-0.0017699045
-0.025876448,0.005906099,-0.0,-0.013028157
-0.013411096,0.019211149,-0.0,-0.0068112034
-0.018620057,0.00832371,-0.0,-0.008525003
-0.010268363,0.0123649305,-0.0,-0.0049473457
-0.01809391,0.007866943,-0.0,-0.009260843
-0.010476395,0.012721161,-0.0,-0.005358733
-0.012054504,0.0061098924,-0.0,-0.0059676697
-0.016978376,0.010806021,-0.0,-0.009470135
-0.019630145,0.013961928,-0.0,-0.010343933
-0.018642452,0.014395215,-0.0,-0.009133864
-0.020422682,0.013711147,-0.0,-0.009924926
-0.020595098,0.01506951,-0.0,-0.010014729
-0.004385654,0.01045741,-0.0,-0.0009394006
-0.018683126,0.00400163,-0.0,-0.009806499
-0.017453484,0.016171843,-0.0,-0.0098311575
-0.01584895,0.011814755,-0.0,-0.007520762
-0.012702282,0.010243902,-0.0,-0.0060930955
-0.013415317,0.008749587,-0.0,-0.0068502524
-0.020243669,0.011952964,-0.0,-0.010927942
-0.012819248,0.013992541,-0.0,-0.006198908
-0.020748567,0.009962237,-0.0,-0.010386778
-0.016815437,0.015494233,-0.0,-0.008481633
-0.020997358,0.012454146,-0.0,-0.010213287
-0.01750875,0.015014364,-0.0,-0.008458525
-0.015836507,0.0114312805,-0.0,-0.007341739
-0.019196412,0.012109154,-0.0,-0.00968633
-0.009576686,0.011935363,-0.0,-0.0042705075
-0.017033175,0.0070021837,-0.0,-0.008686966
-0.013551165,0.013053284,-0.0,-0.007238686
-0.019669527,0.010761486,-0.0,-0.0100646755
-0.017782757,0.014914447,-0.0,-0.009020906
-0.014423294,0.011489614,-0.0,-0.0066697327
-0.017706038,0.010722905,-0.0,-0.00892233
-0.013038138,0.012222959,-0.0,-0.0064279195
-0.018484937,0.010015917,-0.0,-0.009413994
-0.016979458,0.014083955,-0.0,-0.008708979
-0.013572583,0.01095964,-0.0,-0.006366493
-0.019580875,0.010917968,-0.0,-0.010098819
-0.020974657,0.015642421,-0.0,-0.010799147
-0.011501109,0.012880845,-0.0,-0.0048720404
-0.02227637,0.009518277,-0.0,-0.0112695275
-0.012677813,0.015680972,-0.0,-0.0061625717
-0.021171022,0.009496784,-0.0,-0.01037844
-0.017900437,0.016058521,-0.0,-0.009082439
-0.015620361,0.0115786195,-0.0,-0.007164755
-0.015305607,0.010771662,-0.0,-0.0075098746
-0.0117177395,0.010000947,-0.0,-0.005751568
-0.020417482,0.010371653,-0.0,-0.010851201
-0.010833633,0.013955332,-0.0,-0.0052378085
-0.020388536,0.008514662,-0.0,-0.0102762235
-0.017606756,0.01588106,-0.0,-0.0091521805
-0.012042187,0.010520148,-0.0,-0.0053000576
-0.017670803,0.0092732925,-0.0,-0.009091166
-0.012705548,0.012631404,-0.0,-0.006466074
-0.01975906,0.010157184,-0.0,-0.0101227155
-0.008567688,0.012733184,-0.0,-0.0039463304
-0.022817425,0.0080495095,-0.0,-0.0118310675
-0.011153673,0.016241794,-0.0,-0.0055181435
-0.017799145,0.0072617293,-0.0,-0.008553152
-0.012917346,0.013063473,-0.0,-0.0066980035
-0.01924633,0.01007579,-0.0,-0.009797808
-0.01800612,0.014847307,-0.0,-0.009243727
-0.012574049,0.011206337,-0.0,-0.005680243
-0.017118676,0.009318529,-0.0,-0.008696824
-0.013758464,0.012461279,-0.0,-0.0070501
-0.0178864,0.010401121,-0.0,-0.009084837
-0.0013510864,0.009142111,-0.0,2.1018861e-05
-0.01974568,0.003082517,-0.0,-0.010836771
-0.010603563,0.015706742,-0.0,-0.0060658553
-0.011625338,0.005467218,-0.0,-0.005498564
-0.017012604,0.010601772,-0.0,-0.009536477
-0.002879566,0.009370982,-0.0,-0.0010329413
-0.018237866,0.003661877,-0.0,-0.009993915
-0.01929074,0.016636731,-0.0,-0.011061826
-0.017714117,0.013648653,-0.0,-0.0084722955
-0.01010407,0.010310865,-0.0,-0.004360319
-0.016488226,0.007622385,-0.0,-0.008546595
-0.012128288,0.012164985,-0.0,-0.0064143958
-0.018088443,0.009522594,-0.0,-0.009349259
-0.019771976,0.01475533,-0.0,-0.010394446
-0.016990533,0.013828442,-0.0,-0.008098384
-0.0105558215,0.009834666,-0.0,-0.0046102316
-0.027010553,0.0113621475,-0.0,-0.014447863
-0.025203183,0.021413634,-0.0,-0.0129134925
-0.027394364,0.018258033,-0.0,-0.012527251
-0.023051573,0.01871911,-0.0,-0.010218149
-0.028246187,0.01690376,-0.0,-0.013093735
-0.021692839,0.019327156,-0.0,-0.009647321
-0.01998429,0.01384571,-0.0,-0.008616079
-0.022212991,0.014605246,-0.0,-0.010642128
-0.0147286635,0.014457099,-0.0,-0.0065341196
-0.015292984,0.009159741,-0.0,-0.007111453
-0.01682949,0.011756487,-0.0,-0.008712629
-0.01834107,0.01289462,-0.0,-0.009330923
-0.012052819,0.011825746,-0.0,-0.0056063994
-0.012089099,0.0072684567,-0.0,-0.0059088184
-0.019317111,0.0111156525,-0.0,-0.010604714
-0.015743239,0.014412092,-0.0,-0.008011312
-0.015231661,0.0104265725,-0.0,-0.0072733425
-0.011557425,0.009906136,-0.0,-0.005668795
-0.022827301,0.011013115,-0.0,-0.012212803
-0.007995129,0.014846836,-0.0,-0.003482397
-0.020102946,0.005983739,-0.0,-0.010006696
-0.016064374,0.015948927,-0.0,-0.008593661
-0.011688553,0.009372594,-0.0,-0.0052143238
-0.018267248,0.00962448,-0.0,-0.009619411
-0.013300429,0.013228057,-0.0,-0.0067789
-0.015661856,0.0091587715,-0.0,-0.0077653965
-0.013563473,0.011338,-0.0,-0.006987399
-0.012870311,0.009115034,-0.0,-0.0064795143
0.0018305904,0.004498388,-0.0,0.0014167364
-0.018343551,0.0021987376,-0.0,-0.010906245
-0.015618766,0.016655276,-0.0,-0.0093332715
-0.015896127,0.010626461,-0.0,-0.007666729
-0.015602453,0.01154526,-0.0,-0.0078812055
-0.0144208595,0.010896225,-0.0,-0.0071904953
-0.0034565423,0.0068319333,-0.0,-0.001239472
-0.011656572,0.0024657631,-0.0,-0.0066439044
-0.0037649057,0.008149866,-0.0,-0.0026167822
-0.009055501,0.0019823872,-0.0,-0.005322342
-0.01661122,0.0104913665,-0.0,-0.010174841
-0.008414516,0.011203955,-0.0,-0.0043420373
-0.019219918,0.0075287707,-0.0,-0.010209902
-0.015314373,0.015072553,-0.0,-0.0081651155
-0.020328658,0.011594413,-0.0,-0.01007712
-0.010345269,0.013032675,-0.0,-0.0046726665
-0.008348704,0.004288528,-0.0,-0.0037657528
0.029252589,-0.008568273,-0.0,0.016227866
-0.014780358,-0.012548302,-0.0,-0.011460643
-0.004844668,0.017478965,-0.0,-0.005323362
-0.019899642,0.0047450503,-0.0,-0.010527422
-0.008860535,0.014714385,-0.0,-0.0048114094
-0.012168885,0.0044374526,-0.0,-0.0059028054
-0.014278355,0.010546197,-0.0,-0.008129362
-0.01774987,0.011717588,-0.0,-0.009451389
-0.020689284,0.014305973,-0.0,-0.010679768
-0.0072626886,0.0119152395,-0.0,-0.0027266787
-0.013068105,0.0037496933,-0.0,-0.006513779
-0.019777857,0.013020017,-0.0,-0.011349193
-0.0016549979,0.010659233,-0.0,-4.3735698e-05
-0.015253072,0.000956236,-0.0,-0.008115398
-0.017296959,0.0148481,-0.0,-0.010328206
-0.010159851,0.010789323,-0.0,-0.0047100484
-0.006444931,0.004348133,-0.0,-0.003030445
-0.013614429,0.006387521,-0.0,-0.0080125565
6.4242486e-06,0.0073352642,-0.0,-5.9503815e-05
0.018409742,-0.013039075,-0.0,0.009741239
-0.0007905263,-0.0106057385,-0.0,-0.0036482853
-0.006940273,0.0077628624,-0.0,-0.0071291216
0.006283141,0.00086867425,-0.0,0.002683824
0.0018112574,-0.007899497,-0.0,-0.00041527557
-0.007873838,0.0040533873,-0.0,-0.0069905324
-0.0010069333,0.0051725777,-0.0,-0.00160107
0.0041256463,-0.004082369,-0.0,0.0014930286
0.0053436784,-0.005457177,-0.0,0.0012183823
-0.008002277,0.000701707,-0.0,-0.0069904244
-0.016589573,0.011391266,-0.0,-0.010971705
-0.0036761668,0.010033262,-0.0,-0.0017849504
-0.0055182995,-0.00062390964,-0.0,-0.002961475
0.0007524921,0.0026345944,-0.0,-0.00052616536
-0.012641678,0.0022392992,-0.0,-0.008282046
0.0031768496,0.007470767,-0.0,0.001146545
-0.013143153,-0.0014786508,-0.0,-0.007888545
-0.008233625,0.0121936435,-0.0,-0.0056651835
0.013521326,-0.0038712851,-0.0,0.0075622466
0.008739668,-0.016680492,-0.0,0.0030502214
-0.008406224,0.0032925499,-0.0,-0.0087408535
0.0016902979,0.0058720023,-0.0,-0.00044638262
-0.020307915,0.00361651,-0.0,-0.01230795
-0.012825915,0.01708636,-0.0,-0.00754023
-0.014245522,0.007765678,-0.0,-0.006736797
-0.0047027795,0.007913288,-0.0,-0.0022031784
-0.01880986,0.0057741823,-0.0,-0.010520841
-0.016445693,0.015836813,-0.0,-0.009175544
-0.01891624,0.011991989,-0.0,-0.009257585
-0.014270292,0.012919606,-0.0,-0.0068449057
-0.017128548,0.010145809,-0.0,-0.008471049
-0.017114986,0.013028778,-0.0,-0.008765396
-0.02680685,0.014933275,-0.0,-0.013810117
-0.023055531,0.019822845,-0.0,-0.011081813
-0.019824475,0.015026409,-0.0,-0.008584897
-0.010706707,0.011095736,-0.0,-0.0042153005
-0.018398127,0.008152699,-0.0,-0.009354639
-0.019138277,0.015086417,-0.0,-0.010168164
-0.019846462,0.014094752,-0.0,-0.0096706925
-0.014006415,0.012878604,-0.0,-0.0063730525
-0.018960204,0.010339666,-0.0,-0.009412836
-0.019802308,0.0149124805,-0.0,-0.010162047
-0.01729995,0.013755201,-0.0,-0.0081862975
-0.010707934,0.010089102,-0.0,-0.004672378
-0.019453298,0.0090625165,-0.0,-0.010197425
-0.015341911,0.014727795,-0.0,-0.007934812
-0.018267209,0.010992573,-0.0,-0.008935839
-0.012071221,0.012140602,-0.0,-0.0057768254
-0.015169439,0.00824822,-0.0,-0.0075967475
-0.01671844,0.012206679,-0.0,-0.0089117065
-0.018061591,0.012751906,-0.0,-0.009182395
-0.00795017,0.010499236,-0.0,-0.0033739638
-0.018620264,0.0068185786,-0.0,-0.009805096
-0.012875827,0.014182851,-0.0,-0.0068738814
-0.02081637,0.010295549,-0.0,-0.010552796
-0.015259726,0.015134343,-0.0,-0.00759858
-0.014822355,0.009641084,-0.0,-0.0069298786
-0.02366293,0.013250685,-0.0,-0.012498737
-0.019924605,0.017623032,-0.0,-0.009780786
-0.027171602,0.015456478,-0.0,-0.013084472
-0.024934346,0.019906932,-0.0,-0.011816985
-0.019187309,0.01602968,-0.0,-0.008098127
-0.020525547,0.012988435,-0.0,-0.009412646
-0.013805095,0.013270734,-0.0,-0.006226004
-0.01167373,0.0078112953,-0.0,-0.0053605894
-0.013261863,0.008626347,-0.0,-0.007069576
-0.0149030015,0.010483848,-0.0,-0.008029304
-0.014643566,0.011064314,-0.0,-0.007604025
-0.0123138325,0.009860031,-0.0,-0.0061789406
-0.016662365,0.009756183,-0.0,-0.008790903
-0.018092845,0.013379004,-0.0,-0.009518943
-0.016835324,0.012992104,-0.0,-0.0082667
-0.018300507,0.0123175,-0.0,-0.009037203
-0.011660285,0.011702164,-0.0,-0.0054001417
-0.017554078,0.00875318,-0.0,-0.008945533
-0.014471656,0.013141768,-0.0,-0.0075096576
-0.01668885,0.010393844,-0.0,-0.00832581
-0.02017201,0.013534498,-0.0,-0.010477583
-0.019870335,0.015103943,-0.0,-0.009809523
-0.022623835,0.014939082,-0.0,-0.010994979
-0.013802424,0.014515576,-0.0,-0.006006303
-0.02499205,0.011362169,-0.0,-0.012418658
-0.02488035,0.019656671,-0.0,-0.012583194
0.021200966,0.0054145856,-0.0,0.013487479
-0.0036812786,-0.02246626,-0.0,-0.0026744402
-0.0015134544,0.011152161,-0.0,-0.0041661304
-0.0011306658,-0.0022992592,-0.0,-0.0013620234
-0.010828145,0.0046953675,-0.0,-0.007759835
-0.00044836596,0.006602203,-0.0,-0.00088866416
-0.009217771,8.610385e-05,-0.0,-0.005728737
-0.008166712,0.008789221,-0.0,-0.0056133103
-0.002354775,0.0032143926,-0.0,-0.0015039187
-0.0035550848,0.00039262255,-0.0,-0.0027772333
0.007833777,-0.0015780028,-0.0,0.0033389002
0.018374216,-0.01636531,-0.0,0.008659948
-0.015056045,-0.00029609507,-0.0,-0.013041138
0.006275072,0.011423883,-0.0,0.0021488464
-0.007890527,-0.00743462,-0.0,-0.0047420496
