1.0517473,0.06818185,0.0014193765,5.4965e-05
1.0517473,0.06818204,0.0014193698,5.4964526e-05
1.0517473,0.06818225,0.0014193631,5.4963948e-05
1.0517473,0.06818246,0.0014193576,5.4963428e-05
1.0517473,0.06818264,0.0014193516,5.496285e-05
1.0517473,0.068182856,0.0014193447,5.4962322e-05
1.0517473,0.06818298,0.0014193414,5.4961958e-05
1.0517473,0.06818322,0.0014193353,5.4961485e-05
1.0517473,0.0681834,0.0014193299,5.4961016e-05
1.0517473,0.0681836,0.0014193245,5.4960597e-05
1.0517473,0.06818373,0.0014193216,5.4960226e-05
1.0517473,0.06818395,0.0014193157,5.4959706e-05
1.0517473,0.06818413,0.0014193103,5.4959233e-05
1.0517473,0.06818433,0.0014193049,5.4958815e-05
1.0517474,0.06818453,0.0014193002,5.4958397e-05
1.0517474,0.06818471,0.0014192947,5.4957924e-05
1.0517474,0.06818489,0.0014192901,5.4957454e-05
1.0517474,0.06818508,0.0014192845,5.4957032e-05
1.0517474,0.06818526,0.0014192791,5.4956563e-05
1.0517474,0.068185456,0.0014192745,5.495614e-05
1.0517474,0.06818564,0.0014192698,5.495572e-05
1.0517474,0.06818576,0.0014192663,5.495546e-05
1.0517474,0.06818599,0.0014192603,5.495483e-05
1.0517474,0.0681862,0.0014192555,5.495441e-05
1.0517474,0.06818638,0.0014192514,5.4953995e-05
1.0517474,0.06818657,0.0014192454,5.4953576e-05
1.0517474,0.06818675,0.0014192406,5.49531e-05
1.0517474,0.06818687,0.0014192372,5.495284e-05
1.0517474,0.068186946,0.0014192372,5.4952736e-05
1.0517474,0.0681871,0.001419235,5.4952474e-05
1.0517474,0.06818731,0.0014192312,5.495211e-05
1.0517474,0.0681876,0.0014192229,5.495153e-05
1.0517474,0.06818776,0.0014192183,5.4951157e-05
1.0517474,0.06818787,0.0014192162,5.4950848e-05
1.0517474,0.06818803,0.0014192129,5.4950535e-05
1.0517474,0.06818787,0.0014192202,5.495106e-05
1.0517474,0.06818826,0.0014192129,5.495043e-05
1.0517476,0.06818862,0.0014192034,5.4949593e-05
1.0517476,0.068188794,0.0014191979,5.494912e-05
1.0517476,0.06818903,0.0014191885,5.4948436e-05
1.0517476,0.06818918,0.0014191843,5.494797e-05
1.0517473,0.06818489,0.0014193365,5.4959284e-05
1.0517473,0.06818522,0.0014193804,5.4962427e-05
1.0517474,0.068188146,0.0014193222,5.4957873e-05
1.0517474,0.06818836,0.0014193121,5.4956927e-05
1.0517474,0.06818876,0.0014192899,5.495541e-05
1.0517472,0.06818252,0.0014195042,5.497118e-05
1.0517473,0.06818785,0.0014193873,5.496248e-05
1.0517474,0.06818889,0.0014193471,5.4959335e-05
1.0517474,0.06818928,0.0014193129,5.4956876e-05
1.0517474,0.068189666,0.0014192805,5.495441e-05
1.0517474,0.06818982,0.0014192607,5.4952943e-05
1.0517476,0.06819027,0.001419235,5.4950953e-05
1.0517476,0.06819074,0.00141921,5.4949014e-05
1.0517476,0.068191126,0.0014191858,5.4947235e-05
1.0517476,0.068191275,0.0014191722,5.4946133e-05
1.0517476,0.068191595,0.0014191547,5.4944823e-05
1.0517476,0.06819194,0.0014191378,5.4943463e-05
1.0517476,0.06819224,0.0014191213,5.4942153e-05
1.0517476,0.06819227,0.0014191159,5.494168e-05
1.0517477,0.06819258,0.001419106,5.494089e-05
1.0517477,0.0681928,0.0014190985,5.4940265e-05
1.0517477,0.06819279,0.0014190971,5.4940057e-05
1.0517476,0.06819319,0.0014190834,5.493911e-05
1.0517477,0.068193465,0.0014190755,5.4938435e-05
1.0517477,0.068193786,0.0014190667,5.4937645e-05
1.0517477,0.06819402,0.0014190578,5.4936965e-05
1.0517477,0.068194225,0.0014190498,5.4936285e-05
1.0517477,0.06819442,0.0014190415,5.4935655e-05
1.0517477,0.06819463,0.0014190348,5.493503e-05
1.0517477,0.06819483,0.001419028,5.4934506e-05
1.0517477,0.068195015,0.0014190213,5.4933927e-05
1.0517477,0.06819505,0.0014190213,5.493382e-05
1.0517477,0.06819515,0.0014190207,5.4933662e-05
1.0517477,0.06819526,0.0014190213,5.493361e-05
1.0517476,0.06819203,0.0014191404,5.494236e-05
1.0517477,0.06819491,0.0014190829,5.4938067e-05
1.0517477,0.06819554,0.0014190646,5.4936496e-05
1.0517477,0.06819523,0.0014190695,5.493681e-05
1.0517477,0.068195924,0.001419045,5.493497e-05
1.0517477,0.068196185,0.001419031,5.4933927e-05
1.0517476,0.068192616,0.0014191538,5.494283e-05
1.0517477,0.06819523,0.0014191031,5.4939217e-05
1.0517477,0.0681962,0.0014190768,5.493686e-05
1.0517477,0.068196476,0.0014190567,5.493544e-05
1.0517477,0.06819678,0.0014190383,5.4934084e-05
1.0517478,0.068197,0.0014190241,5.493293e-05
1.0517478,0.06819742,0.0014190031,5.493141e-05
1.0517478,0.06819766,0.0014189896,5.4930257e-05
1.0517478,0.06819796,0.0014189733,5.4929056e-05
1.0517478,0.068198234,0.0014189584,5.492801e-05
1.0517478,0.06819843,0.0014189482,5.4927168e-05
1.0517477,0.06819863,0.0014189387,5.4926328e-05
1.0517478,0.0681989,0.0014189288,5.49256e-05
1.0517478,0.06819909,0.0014189204,5.492492e-05
1.0517478,0.0681993,0.0014189137,5.492429e-05
1.0517479,0.06819958,0.0014189043,5.4923552e-05
1.0517478,0.068199754,0.0014188968,5.4922875e-05
1.0517477,0.06819799,0.0014189596,5.492743e-05
1.0517477,0.06819925,0.0014189414,5.4926073e-05
1.0517478,0.06819979,0.00141893,5.4925076e-05
1.0517478,0.06819979,0.00141893,5.492492e-05
1.0517477,0.06819925,0.0014189503,5.4926437e-05
1.0517478,0.068200365,0.001418921,5.492429e-05
1.0517478,0.06820074,0.0014189057,5.4923083e-05
1.0517478,0.06820096,0.0014188936,5.4922035e-05
1.0517478,0.06820121,0.0014188822,5.4921093e-05
1.0517478,0.06820143,0.0014188698,5.4920205e-05
1.0517478,0.068201624,0.0014188619,5.4919474e-05
1.0517478,0.068201885,0.0014188517,5.491863e-05
1.0517478,0.06820212,0.0014188421,5.4917844e-05
1.0517478,0.06820223,0.0014188373,5.491748e-05
1.0517478,0.06820241,0.0014188314,5.491701e-05
1.0517478,0.06820271,0.0014188226,5.491617e-05
1.0517478,0.06820293,0.0014188137,5.4915487e-05
1.0517479,0.06820315,0.0014188054,5.491481e-05
1.0517479,0.068203345,0.001418799,5.4914184e-05
1.0517479,0.06820356,0.0014187922,5.491371e-05
1.0517479,0.06820374,0.0014187853,5.4913133e-05
1.0517479,0.06820383,0.0014187832,5.4912925e-05
1.0517479,0.06820405,0.0014187786,5.4912456e-05
1.0517479,0.0682043,0.0014187717,5.491193e-05
1.0517479,0.06820448,0.0014187664,5.4911405e-05
1.0517479,0.06820457,0.0014187642,5.491125e-05
1.0517479,0.06820474,0.0014187623,5.4910983e-05
1.0517479,0.06820496,0.0014187569,5.4910462e-05
1.0517479,0.0682051,0.0014187535,5.4910255e-05
1.0517479,0.06820527,0.0014187502,5.4909888e-05
1.0517479,0.06820544,0.0014187461,5.4909575e-05
1.0517479,0.06820563,0.0014187414,5.4909153e-05
1.0517479,0.0682058,0.001418738,5.490879e-05
1.0517479,0.06820602,0.0014187313,5.4908207e-05
1.0517479,0.06820621,0.0014187257,5.4907792e-05
1.0517479,0.06820639,0.0014187203,5.490727e-05
1.0517479,0.068206646,0.0014187136,5.4906694e-05
1.0517479,0.068206236,0.0014187278,5.490769e-05
1.0517479,0.06820666,0.0014187203,5.490706e-05
1.0517479,0.068206996,0.0014187136,5.4906483e-05
1.051748,0.0682073,0.0014187042,5.4905646e-05
1.051748,0.06820751,0.0014186953,5.490502e-05
1.051748,0.06820772,0.0014186873,5.490439e-05
1.051748,0.06820787,0.0014186818,5.490387e-05
1.0517479,0.0682066,0.0014187271,5.490727e-05
1.0517479,0.06820712,0.0014187292,5.490722e-05
1.0517479,0.06820681,0.0014187507,5.4908687e-05
1.0517479,0.068206444,0.0014187791,5.491067e-05
1.0517479,0.068206005,0.0014188122,5.4913133e-05
1.0517479,0.06820581,0.0014188392,5.4915017e-05
1.0517479,0.068205744,0.0014188617,5.491654e-05
1.0517478,0.068205856,0.0014188745,5.491743e-05
1.0517478,0.06820596,0.0014188846,5.4918106e-05
1.0517478,0.06820602,0.0014188926,5.4918582e-05
1.0517479,0.068208106,0.0014188264,5.4913657e-05
1.0517479,0.06820864,0.00141879,5.4910983e-05
1.0517479,0.068208955,0.0014187603,5.4908734e-05
1.051748,0.068209335,0.0014187313,5.4906483e-05
1.051748,0.06820976,0.0014187036,5.4904493e-05
1.051748,0.06820995,0.0014186859,5.4903136e-05
1.051748,0.068210356,0.0014186637,5.4901408e-05
1.051748,0.06821068,0.0014186453,5.4899945e-05
1.051748,0.06821097,0.0014186285,5.4898635e-05
1.0517482,0.06821125,0.0014186135,5.4897482e-05
1.0517482,0.06821157,0.0014185972,5.4896274e-05
1.0517482,0.06821186,0.0014185837,5.489523e-05
1.0517482,0.06821211,0.0014185716,5.4894233e-05
1.0517482,0.06821235,0.0014185613,5.4893346e-05
1.0517482,0.06821246,0.001418556,5.4892873e-05
1.0517482,0.068212755,0.0014185464,5.4892036e-05
1.0517482,0.06821298,0.0014185384,5.489146e-05
1.0517482,0.06821306,0.001418537,5.4891254e-05
1.0517482,0.06821323,0.0014185332,5.4890934e-05
1.0517482,0.06821334,0.0014185316,5.489078e-05
1.0517482,0.0682135,0.001418529,5.4890465e-05
1.0517482,0.0682135,0.0014185316,5.489062e-05
1.051748,0.06821046,0.0014186453,5.489895e-05
1.0517482,0.06821246,0.0014186181,5.48968e-05
1.0517482,0.06821283,0.0014186181,5.489664e-05
1.0517482,0.06821323,0.0014186087,5.4895852e-05
1.0517482,0.068213284,0.0014186046,5.4895696e-05
1.0517482,0.068212785,0.0014186249,5.4897064e-05
1.0517482,0.068213016,0.0014186263,5.4897006e-05
1.0517482,0.068213485,0.0014186181,5.4896274e-05
1.0517482,0.068213426,0.0014186195,5.489643e-05
1.0517482,0.068212755,0.0014186479,5.4898475e-05
1.0517482,0.068214335,0.001418606,5.4895278e-05
1.0517482,0.06821478,0.0014185851,5.4893713e-05
1.0517482,0.06821478,0.0014185756,5.4892924e-05
1.0517482,0.06821449,0.0014185824,5.4893346e-05
1.0517482,0.06821487,0.0014185716,5.489261e-05
1.0517482,0.06821511,0.0014185648,5.4891978e-05
1.0517482,0.06821321,0.0014186321,5.489685e-05
1.0517482,0.06821528,0.001418583,5.489308e-05
1.0517482,0.0682159,0.0014185607,5.4891356e-05
1.0517483,0.068216175,0.001418543,5.488994e-05
1.0517482,0.06821584,0.0014185478,5.4890308e-05
1.0517483,0.06821657,0.0014185235,5.4888475e-05
1.0517483,0.06821728,0.0014184931,5.4886226e-05
1.0517483,0.068217635,0.0014184708,5.48845e-05
1.0517483,0.06821705,0.001418483,5.488534e-05
1.0517483,0.06821802,0.0014184518,5.488303e-05
1.0517483,0.068218276,0.0014184384,5.488188e-05
1.0517484,0.06821862,0.0014184215,5.4880522e-05
1.0517484,0.06821888,0.0014184066,5.4879423e-05
1.0517484,0.06821914,0.0014183939,5.4878426e-05
1.0517484,0.0682194,0.0014183818,5.4877437e-05
1.0517484,0.06821965,0.0014183702,5.4876542e-05
1.0517484,0.06821983,0.0014183621,5.487586e-05
1.0517484,0.0682201,0.0014183518,5.487503e-05
1.0517484,0.06822019,0.0014183478,5.4874658e-05
1.0517484,0.068220496,0.0014183384,5.4873926e-05
1.0517483,0.06821575,0.001418509,5.4886383e-05
1.051748,0.06821249,0.0014186874,5.489957e-05
1.0517482,0.06821736,0.0014186063,5.4893237e-05
1.0517482,0.068218075,0.0014185937,5.4892036e-05
1.0517482,0.06821734,0.0014186134,5.4893502e-05
1.051748,0.06821401,0.0014187368,5.490266e-05
1.0517482,0.06821779,0.0014186491,5.4896118e-05
1.0517482,0.068218715,0.001418612,5.489313e-05
1.0517482,0.068216786,0.0014186599,5.48968e-05
1.0517482,0.06821809,0.0014186248,5.4894233e-05
1.0517483,0.068219155,0.001418585,5.489109e-05
1.0517483,0.06821946,0.0014185592,5.488931e-05
1.0517483,0.06821976,0.0014185362,5.4887587e-05
1.0517483,0.068219796,0.0014185248,5.48867e-05
1.0517483,0.06821861,0.0014185647,5.488947e-05
1.0517483,0.068218455,0.0014185844,5.4890832e-05
1.0517483,0.06821916,0.001418574,5.4889995e-05
1.0517483,0.06821938,0.0014185697,5.4889628e-05
1.0517483,0.06822071,0.0014185251,5.4886226e-05
1.0517483,0.0682201,0.0014185383,5.4887114e-05
1.0517483,0.06821939,0.0014185645,5.4888947e-05
1.0517483,0.06822094,0.00141852,5.4885702e-05
1.0517483,0.06822146,0.0014184967,5.488387e-05
1.0517484,0.06822289,0.0014184368,5.4879318e-05
1.0517484,0.068223454,0.0014183949,5.487623e-05
1.0517485,0.06822394,0.0014183564,5.4873402e-05
1.0517485,0.068224356,0.0014183234,5.4870892e-05
1.0517485,0.06822457,0.001418301,5.486927e-05
1.0517485,0.068224944,0.0014182789,5.486754e-05
1.0517485,0.0682254,0.0014182546,5.4865657e-05
1.0517485,0.068225734,0.0014182342,5.4864093e-05
1.0517486,0.068225995,0.0014182185,5.4862834e-05
1.0517486,0.06822633,0.001418201,5.4861528e-05
1.0517486,0.068226494,0.0014181902,5.4860637e-05
1.0517486,0.06822679,0.0014181794,5.4859695e-05
1.0517486,0.068227075,0.0014181673,5.485876e-05
1.0517486,0.068227306,0.0014181578,5.485797e-05
1.0517486,0.068227485,0.0014181496,5.4857286e-05
1.0517486,0.068227686,0.0014181435,5.485677e-05
1.0517486,0.068227895,0.0014181375,5.4856297e-05
1.0517486,0.06822812,0.0014181314,5.485567e-05
1.0517486,0.06822826,0.0014181272,5.4855358e-05
1.0517486,0.0682285,0.0014181199,5.4854834e-05
1.0517486,0.06822858,0.0014181186,5.485457e-05
1.0517486,0.06822875,0.0014181145,5.485426e-05
1.0517486,0.06822886,0.0014181124,5.4854045e-05
1.0517488,0.068229176,0.0014181057,5.4853368e-05
1.0517488,0.06822934,0.001418101,5.4853e-05
1.0517488,0.06822956,0.0014180943,5.4852422e-05
1.0517488,0.06822978,0.0014180875,5.485185e-05
1.0517488,0.06822992,0.0014180834,5.4851484e-05
1.0517488,0.068230145,0.0014180774,5.4850963e-05
1.0517488,0.06823028,0.0014180726,5.4850545e-05
1.0517488,0.06823019,0.0014180779,5.4850858e-05
1.0517488,0.06823058,0.0014180694,5.4850178e-05
1.0517488,0.06823074,0.0014180652,5.4849814e-05
1.0517488,0.06823097,0.0014180597,5.4849286e-05
1.0517488,0.0682311,0.0014180564,5.484892e-05
1.0517488,0.06823133,0.0014180497,5.4848395e-05
1.0517488,0.068231516,0.0014180443,5.484798e-05
1.0517488,0.06823173,0.0014180387,5.4847507e-05
1.0517488,0.06823191,0.0014180328,5.484699e-05
1.0517488,0.06823209,0.0014180272,5.4846467e-05
1.0517488,0.068232335,0.0014180192,5.4845892e-05
1.0517488,0.06823254,0.0014180139,5.4845365e-05
1.0517489,0.06823273,0.0014180078,5.484484e-05
1.0517489,0.06823292,0.0014180023,5.484437e-05
1.0517489,0.06823312,0.0014179961,5.4843902e-05
1.0517489,0.06823331,0.0014179893,5.4843327e-05
1.0517489,0.06823343,0.0014179861,5.484301e-05
1.0517489,0.06823362,0.0014179813,5.484259e-05
1.0517489,0.068233736,0.0014179787,5.4842334e-05
1.0517489,0.06823403,0.0014179711,5.4841705e-05
1.0517486,0.06822741,0.0014182108,5.485933e-05
1.0517488,0.068232365,0.0014181164,5.485232e-05
1.0517488,0.06823343,0.00141809,5.4850017e-05
1.0517488,0.068233766,0.0014180678,5.4848344e-05
1.0517488,0.06823407,0.0014180442,5.4846725e-05
1.0517489,0.06823441,0.0014180224,5.4845103e-05
1.0517489,0.0682347,0.0014180057,5.484364e-05
1.0517489,0.068234965,0.0014179887,5.484238e-05
1.0517489,0.068235196,0.0014179758,5.484134e-05
1.0517489,0.06823545,0.0014179624,5.48404e-05
1.0517489,0.06823568,0.0014179508,5.4839405e-05
1.0517489,0.06823538,0.0014179604,5.4840028e-05
1.0517489,0.068236075,0.0014179407,5.483851e-05
1.0517489,0.06823638,0.0014179286,5.4837572e-05
1.0517489,0.06823659,0.0014179171,5.483674e-05
1.051749,0.06823683,0.0014179064,5.483585e-05
1.051749,0.06823701,0.0014178983,5.4835116e-05
1.051749,0.068237305,0.0014178851,5.4834178e-05
1.051749,0.068237536,0.001417878,5.4833596e-05
1.051749,0.068237714,0.0014178719,5.483308e-05
1.051749,0.068237916,0.0014178659,5.4832504e-05
1.051749,0.06823812,0.0014178598,5.4832028e-05
1.051749,0.068238206,0.0014178591,5.483182e-05
1.051749,0.06823802,0.0014178678,5.4832395e-05
1.051749,0.06823855,0.0014178535,5.4831406e-05
1.051749,0.068238586,0.0014178562,5.4831347e-05
1.0517489,0.0682349,0.0014179928,5.484134e-05
1.0517489,0.068234906,0.0014180412,5.4844895e-05
1.0517489,0.06823695,0.0014180109,5.484238e-05
1.0517489,0.06823807,0.0014179777,5.483982e-05
1.051749,0.06823862,0.0014179468,5.4837623e-05
1.051749,0.06823898,0.0014179217,5.4835742e-05
1.051749,0.06823929,0.0014178981,5.4834014e-05
1.051749,0.06823959,0.0014178785,5.4832504e-05
1.051749,0.068239905,0.0014178595,5.483114e-05
1.051749,0.06823935,0.0014178738,5.4832028e-05
1.051749,0.06824024,0.0014178468,5.482999e-05
1.051749,0.06824045,0.0014178379,5.48291e-05
1.051749,0.06824045,0.0014178347,5.482889e-05
1.0517491,0.06824087,0.0014178192,5.482769e-05
1.0517491,0.06824102,0.0014178117,5.4827065e-05
1.0517491,0.0682413,0.0014178016,5.4826178e-05
1.0517491,0.06824132,0.0014177996,5.4826018e-05
1.0517491,0.06824164,0.001417788,5.4825025e-05
1.0517491,0.068242006,0.001417775,5.482408e-05
1.0517491,0.06824217,0.0014177698,5.4823562e-05
1.0517491,0.06824236,0.0014177638,5.482304e-05
1.0517491,0.06824249,0.0014177604,5.482267e-05
1.0517491,0.068242766,0.0014177515,5.4822045e-05
1.0517491,0.068242975,0.0014177448,5.482147e-05
1.0517491,0.06824322,0.0014177369,5.4820837e-05
1.0517491,0.06824328,0.0014177354,5.4820684e-05
1.0517491,0.068243556,0.0014177272,5.4820004e-05
1.0517491,0.06824386,0.0014177172,5.4819116e-05
1.0517492,0.068244025,0.0014177111,5.4818647e-05
1.0517492,0.06824423,0.0014177043,5.4818123e-05
1.0517492,0.068244405,0.0014176975,5.48176e-05
1.0517492,0.068244554,0.0014176934,5.481718e-05
1.0517492,0.0682448,0.001417686,5.4816606e-05
1.0517492,0.0682449,0.0014176846,5.4816395e-05
1.0517492,0.06824517,0.0014176772,5.4815773e-05
1.0517492,0.06824532,0.0014176731,5.4815406e-05
1.0517492,0.068245426,0.0014176704,5.481514e-05
1.0517492,0.06824572,0.0014176636,5.4814565e-05
1.0517492,0.06824563,0.001417667,5.4814675e-05
1.0517492,0.068245806,0.0014176645,5.4814514e-05
1.0517492,0.06824615,0.0014176576,5.481389e-05
1.0517492,0.06824648,0.0014176473,5.481305e-05
1.0517492,0.06824607,0.0014176616,5.4814045e-05
1.0517492,0.068245955,0.0014176725,5.481472e-05
1.0517492,0.068246745,0.0014176535,5.4813314e-05
1.0517492,0.06824626,0.0014176712,5.4814565e-05
1.0517492,0.068246886,0.0014176576,5.481347e-05
1.0517492,0.06824736,0.0014176421,5.4812164e-05
1.0517492,0.068247445,0.0014176358,5.48117e-05
1.0517489,0.06823749,0.0014179944,5.4838147e-05
1.051749,0.068241924,0.0014179567,5.483527e-05
1.0517491,0.0682455,0.0014178811,5.4829157e-05
1.0517491,0.06824663,0.0014178257,5.482508e-05
1.0517491,0.06824681,0.0014177897,5.482251e-05
1.0517492,0.06824709,0.0014177588,5.4820215e-05
1.0517492,0.06824759,0.0014177238,5.4817705e-05
1.0517492,0.068248026,0.0014176934,5.4815406e-05
1.0517492,0.0682482,0.0014176744,5.481399e-05
1.0517492,0.06824778,0.0014176825,5.4814514e-05
1.0517492,0.0682489,0.0014176448,5.481164e-05
1.0517493,0.06824922,0.0014176244,5.4810123e-05
1.0517493,0.06824952,0.001417607,5.4808665e-05
1.0517493,0.06824985,0.0014175888,5.4807257e-05
1.0517493,0.06825014,0.0014175731,5.4805994e-05
1.0517493,0.068250254,0.0014175645,5.4805372e-05
1.0517493,0.068248995,0.0014176054,5.4808348e-05
1.0517493,0.068250515,0.0014175645,5.480532e-05
1.0517493,0.06825091,0.0014175513,5.4804117e-05
1.0517493,0.06825125,0.0014175366,5.480302e-05
1.0517493,0.06825086,0.0014175473,5.4803644e-05
1.0517493,0.06825129,0.0014175366,5.4802913e-05
1.0517493,0.06825162,0.0014175271,5.480208e-05
1.0517491,0.0682438,0.0014178087,5.4822725e-05
1.0517492,0.06824821,0.0014177458,5.481807e-05
1.0517492,0.06825016,0.0014177053,5.481472e-05
1.0517492,0.06825026,0.0014176932,5.481389e-05
1.0517493,0.06825071,0.0014176681,5.481206e-05
1.0517492,0.068249576,0.0014176993,5.4814307e-05
1.0517492,0.06824979,0.0014177006,5.4814413e-05
1.0517492,0.06825061,0.0014176803,5.4812794e-05
1.0517493,0.06825068,0.0014176763,5.481237e-05
1.0517492,0.06824952,0.0014177181,5.4815406e-05
1.0517493,0.06825204,0.0014176425,5.4809705e-05
1.0517493,0.0682515,0.001417648,5.4810072e-05
1.0517493,0.06825186,0.0014176298,5.4808716e-05
1.0517493,0.068251826,0.001417629,5.4808606e-05
1.0517493,0.06825249,0.001417604,5.4806675e-05
1.0517493,0.06825304,0.0014175797,5.480485e-05
1.0517493,0.06825326,0.0014175635,5.4803542e-05
1.0517496,0.06825375,0.0014175369,5.4801505e-05
1.0517491,0.06824583,0.0014178165,5.4822096e-05
1.0517491,0.06824738,0.001417856,5.4824915e-05
1.051749,0.06824472,0.0014180166,5.483637e-05
1.0517491,0.068250135,0.0014178951,5.4827327e-05
1.0517492,0.068252616,0.0014177989,5.4820062e-05
1.0517492,0.0682532,0.0014177344,5.4815304e-05
1.0517493,0.068253405,0.0014176863,5.4811957e-05
1.0517493,0.06825408,0.0014176345,5.480814e-05
1.0517493,0.068254665,0.001417588,5.4804746e-05
1.0517496,0.0682553,0.001417544,5.4801396e-05
1.0517496,0.06825585,0.0014175054,5.479847e-05
1.0517496,0.06825622,0.0014174745,5.479612e-05
1.0517497,0.06825675,0.0014174414,5.4793614e-05
1.0517493,0.068251766,0.0014176068,5.4805896e-05
1.0517493,0.06825332,0.0014176061,5.480568e-05
1.0517496,0.06825604,0.0014175399,5.4800512e-05
1.0517493,0.06825174,0.001417683,5.4810855e-05
1.0517496,0.06825555,0.0014175819,5.480359e-05
1.0517496,0.068255655,0.0014175719,5.480255e-05
1.0517496,0.06825698,0.0014175131,5.4798264e-05
1.0517497,0.06825765,0.0014174728,5.4795233e-05
1.0517497,0.06825803,0.0014174371,5.4792778e-05
1.0517497,0.06825831,0.0014174129,5.4790846e-05
1.0517497,0.06825881,0.0014173832,5.4788594e-05
1.0517497,0.06825895,0.0014173676,5.4787342e-05
1.0517497,0.06825929,0.0014173487,5.4785934e-05
1.0517498,0.068259776,0.0014173257,5.4784265e-05
1.0517498,0.0682594,0.001417332,5.4784523e-05
1.0517498,0.068260185,0.0014173043,5.478259e-05
1.0517498,0.06826055,0.0014172873,5.4781176e-05
1.0517498,0.068260804,0.0014172716,5.4779925e-05
1.0517498,0.06826098,0.0014172606,5.4778982e-05
1.0517498,0.06826132,0.0014172475,5.4777942e-05
1.0517498,0.068261586,0.0014172343,5.4776945e-05
1.0517498,0.06826182,0.0014172258,5.4776272e-05
1.0517498,0.068262026,0.0014172177,5.4775537e-05
1.05175,0.06826222,0.0014172109,5.4774962e-05
1.05175,0.06826242,0.0014172049,5.4774442e-05
1.05175,0.06826254,0.0014172015,5.4774075e-05
1.05175,0.068262786,0.0014171941,5.47735e-05
1.05175,0.068263,0.0014171887,5.477303e-05
1.05175,0.06826318,0.0014171818,5.4772507e-05
1.05175,0.06826316,0.0014171839,5.4772616e-05
1.05175,0.0682635,0.001417175,5.4771877e-05
1.05175,0.06826361,0.0014171732,5.4771674e-05
1.05175,0.06826376,0.0014171691,5.477136e-05
1.05175,0.06826407,0.0014171618,5.4770684e-05
1.05175,0.068264276,0.0014171555,5.4770102e-05
1.05175,0.06826446,0.0014171494,5.476958e-05
1.05175,0.06826465,0.0014171441,5.4769112e-05
1.05175,0.06826483,0.001417138,5.4768647e-05
1.05175,0.06826502,0.0014171326,5.4768174e-05
1.05175,0.06826424,0.0014171624,5.4770317e-05
1.05175,0.0682651,0.0014171428,5.4768905e-05
1.05175,0.06826516,0.0014171441,5.47688e-05
1.05175,0.06826541,0.001417138,5.476833e-05
1.05175,0.06826566,0.0014171313,5.4767705e-05
1.05175,0.06826597,0.0014171212,5.476692e-05
1.0517501,0.0682662,0.0014171116,5.4766184e-05
1.0517501,0.06826638,0.0014171043,5.4765565e-05
1.0517501,0.06826653,0.0014170988,5.476509e-05
1.0517501,0.06826667,0.0014170948,5.476467e-05
1.0517501,0.0682669,0.0014170881,5.4764147e-05
1.0517501,0.06826714,0.0014170806,5.4763528e-05
1.0517501,0.06826737,0.0014170739,5.4762953e-05
1.0517501,0.06826757,0.0014170669,5.476238e-05
1.0517501,0.06826777,0.0014170601,5.47618e-05
1.0517501,0.068267785,0.0014170596,5.47617e-05
1.0517501,0.06826812,0.0014170508,5.4761014e-05
1.0517501,0.06826833,0.0014170449,5.4760498e-05
1.0517501,0.06826846,0.0014170406,5.476013e-05
1.0517501,0.068268694,0.0014170338,5.47595e-05
1.0517501,0.06826885,0.0014170306,5.475914e-05
1.0517501,0.06826903,0.0014170252,5.475872e-05
1.0517501,0.06826924,0.0014170189,5.47582e-05
1.0517501,0.068269454,0.0014170123,5.475768e-05
1.0517501,0.068269454,0.0014170137,5.475768e-05
1.0517502,0.06826962,0.0014170117,5.4757416e-05
1.0517502,0.06826979,0.0014170082,5.4757154e-05
1.0517502,0.06827011,0.0014169995,5.4756427e-05
1.0517502,0.06827031,0.0014169926,5.475585e-05
1.0517502,0.06827052,0.001416986,5.4755325e-05
1.0517502,0.0682707,0.0014169806,5.475475e-05
1.0517502,0.06827047,0.0014169901,5.4755485e-05
1.0517502,0.068270974,0.0014169771,5.475444e-05
1.0517502,0.068271175,0.0014169718,5.475392e-05
1.0517502,0.068271406,0.0014169643,5.4753345e-05
1.0517502,0.068271555,0.0014169597,5.4752978e-05
1.0517502,0.068271615,0.0014169583,5.475282e-05
1.0517502,0.06827196,0.0014169496,5.4752087e-05
1.0517502,0.068272166,0.0014169427,5.475157e-05
1.0517502,0.06827236,0.0014169367,5.475094e-05
1.0517502,0.06827244,0.0014169342,5.475068e-05
1.0517502,0.068272226,0.0014169433,5.4751406e-05
1.0517502,0.06827275,0.0014169319,5.475042e-05
1.0517502,0.068272814,0.0014169326,5.475037e-05
1.0517502,0.06827291,0.0014169319,5.475026e-05
1.0517502,0.06827317,0.0014169258,5.474974e-05
1.0517502,0.06827341,0.0014169177,5.4749165e-05
1.0517503,0.06827367,0.0014169102,5.474849e-05
1.0517503,0.06827393,0.0014169015,5.4747754e-05
1.0517503,0.06827403,0.0014168973,5.4747394e-05
1.0517503,0.06827431,0.0014168886,5.474666e-05
1.0517502,0.06827353,0.0014169177,5.474875e-05
1.0517503,0.06827448,0.0014168948,5.474697e-05
1.0517502,0.06827287,0.0014169554,5.475131e-05
1.0517502,0.06827338,0.0014169582,5.4751516e-05
1.0517502,0.0682733,0.0014169763,5.4752665e-05
1.0517502,0.06827375,0.0014169724,5.4752298e-05
1.0517502,0.06827388,0.0014169744,5.4752403e-05
1.0517503,0.06827491,0.0014169413,5.4749893e-05
1.0517503,0.06827505,0.0014169291,5.4748954e-05
1.0517503,0.068275325,0.0014169142,5.4747754e-05
1.0517502,0.06827286,0.0014169988,5.4753968e-05
1.0517502,0.06827234,0.001417046,5.4757464e-05
1.0517497,0.06826018,0.0014175272,5.4792567e-05
1.0517492,0.06825563,0.0014178687,5.4817654e-05
1.0517497,0.06826712,0.001417646,5.480082e-05
1.0517497,0.06826996,0.0014175513,5.47934e-05
1.0517498,0.06827076,0.001417472,5.478766e-05
1.0517497,0.068270564,0.0014174253,5.4784625e-05
1.05175,0.0682721,0.0014173356,5.477815e-05
1.05175,0.06827322,0.0014172565,5.477225e-05
1.05175,0.06827425,0.0014171804,5.476655e-05
1.0517501,0.068275176,0.0014171082,5.476128e-05
1.0517501,0.06827595,0.0014170454,5.4756525e-05
1.0517501,0.06827653,0.0014169941,5.4752665e-05
1.0517502,0.06827716,0.0014169449,5.4749165e-05
1.0517502,0.068277664,0.0014169037,5.4746037e-05
1.0517502,0.068278156,0.0014168672,5.4743323e-05
1.0517503,0.06827857,0.0014168356,5.4740816e-05
1.0517503,0.06827899,0.0014168029,5.4738415e-05
1.0517503,0.068279214,0.0014167784,5.473658e-05
1.0517503,0.06827955,0.0014167603,5.4735072e-05
1.0517503,0.06828001,0.0014167449,5.4733766e-05
1.0517503,0.06828033,0.0014167314,5.4732776e-05
1.0517503,0.068280555,0.0014167213,5.4731943e-05
1.0517504,0.06828077,0.0014167125,5.4731212e-05
1.0517504,0.06828098,0.0014167037,5.473053e-05
1.0517503,0.068279855,0.0014167442,5.4733504e-05
1.0517503,0.06827826,0.0014168188,5.4738935e-05
1.0517503,0.0682795,0.0014168095,5.4738102e-05
1.0517503,0.06828093,0.0014167744,5.4735287e-05
1.0517503,0.068281256,0.0014167571,5.4733926e-05
1.0517503,0.068281434,0.0014167429,5.473288e-05
1.0517504,0.06828178,0.0014167246,5.473147e-05
1.0517504,0.06828197,0.0014167117,5.4730477e-05
1.0517504,0.06828226,0.0014166976,5.472933e-05
1.0517504,0.06828254,0.0014166841,5.472834e-05
1.0517504,0.068282776,0.0014166733,5.4727454e-05
1.0517504,0.068282954,0.0014166639,5.4726723e-05
1.0517504,0.06828318,0.0014166564,5.4726046e-05
1.0517504,0.06828333,0.0014166504,5.4725522e-05
1.0517504,0.0682836,0.0014166415,5.4724846e-05
1.0517504,0.06828381,0.0014166342,5.4724267e-05
1.0517504,0.06828402,0.0014166267,5.472354e-05
1.0517504,0.068284266,0.0014166157,5.4722754e-05
1.0517505,0.06828446,0.0014166089,5.4722233e-05
1.0517505,0.0682847,0.0014166016,5.4721608e-05
1.0517505,0.06828488,0.0014165948,5.4721084e-05
1.0517505,0.068285,0.0014165929,5.472067e-05
1.0517505,0.06828512,0.0014165895,5.4720407e-05
1.0517505,0.06828535,0.0014165841,5.471994e-05
1.0517505,0.0682856,0.001416578,5.4719414e-05
1.0517505,0.06828573,0.0014165733,5.471905e-05
1.0517505,0.06828591,0.0014165692,5.4718636e-05
1.0517505,0.0682861,0.0014165645,5.4718217e-05
1.0517505,0.068286344,0.0014165564,5.4717646e-05
1.0517505,0.06828649,0.0014165523,5.471728e-05
1.0517505,0.06828664,0.0014165471,5.471686e-05
1.0517505,0.068286896,0.0014165415,5.471628e-05
1.0517505,0.06828698,0.0014165397,5.471608e-05
1.0517505,0.068287194,0.0014165342,5.4715605e-05
1.0517505,0.06828744,0.0014165274,5.4714976e-05
1.0517505,0.068287596,0.0014165234,5.4714666e-05
1.0517505,0.06828776,0.0014165193,5.4714248e-05
1.0517505,0.068287894,0.0014165167,5.471399e-05
1.0517507,0.06828816,0.0014165079,5.4713313e-05
1.0517507,0.068288386,0.0014165004,5.471279e-05
1.0517507,0.06828855,0.001416495,5.471227e-05
1.0517507,0.06828874,0.0014164896,5.4711745e-05
1.0517507,0.06828893,0.0014164841,5.471128e-05
1.0517507,0.068289064,0.0014164802,5.4710963e-05
1.0517507,0.06828925,0.0014164754,5.471055e-05
1.0517507,0.06828948,0.0014164693,5.4710024e-05
1.0517505,0.06828649,0.0014165787,5.471806e-05
1.0517505,0.068288594,0.0014165423,5.4715296e-05
1.0517505,0.06828753,0.0014165927,5.4718737e-05
1.0517505,0.06828761,0.0014166082,5.4719883e-05
1.0517505,0.068289325,0.0014165632,5.4716445e-05
1.0517505,0.06828808,0.0014166016,5.4719207e-05
1.0517505,0.06828902,0.0014165759,5.4717377e-05
1.0517505,0.06828884,0.0014165833,5.47178e-05
1.0517505,0.06828927,0.0014165712,5.471686e-05
1.0517505,0.06828981,0.001416551,5.4715343e-05
1.0517507,0.068290055,0.0014165388,5.4714357e-05
1.0517507,0.06829046,0.0014165214,5.4712895e-05
1.0517507,0.068290815,0.0014165031,5.4711483e-05
1.0517507,0.06829089,0.0014164944,5.4710858e-05
1.0517507,0.06829126,0.0014164788,5.470961e-05
1.0517507,0.06829125,0.0014164761,5.4709348e-05
1.0517507,0.06829177,0.0014164577,5.4707936e-05
1.0517507,0.068291724,0.0014164551,5.4707674e-05
1.0517507,0.06829228,0.0014164362,5.470627e-05
1.0517508,0.06829251,0.001416426,5.4705382e-05
1.0517508,0.06829256,0.0014164221,5.4704964e-05
1.0517508,0.06829286,0.0014164125,5.470429e-05
1.0517508,0.06829307,0.0014164038,5.4703552e-05
1.0517508,0.0682935,0.001416389,5.4702356e-05
1.0517508,0.068293706,0.0014163787,5.4701628e-05
1.0517508,0.06829362,0.0014163802,5.4701628e-05
1.0517508,0.068294175,0.0014163634,5.4700322e-05
1.0517508,0.06829437,0.0014163561,5.469965e-05
1.0517508,0.06829425,0.0014163593,5.46998e-05
1.0517508,0.0682946,0.00141635,5.469907e-05
1.0517508,0.06829475,0.0014163452,5.469871e-05
1.0517508,0.068294786,0.0014163457,5.4698652e-05
1.0517508,0.06829521,0.0014163343,5.4697764e-05
1.0517508,0.06829542,0.0014163263,5.4697088e-05
1.0517508,0.068295695,0.0014163172,5.4696306e-05
1.0517508,0.06829568,0.0014163172,5.4696306e-05
1.0517509,0.06829594,0.00141631,5.4695734e-05
1.0517509,0.068296306,0.0014162984,5.4694796e-05
1.0517509,0.06829603,0.0014163085,5.4695316e-05
1.0517509,0.068296455,0.0014162977,5.469458e-05
1.0517509,0.068296716,0.0014162896,5.4693908e-05
1.0517509,0.06829698,0.0014162817,5.469323e-05
1.0517509,0.06829686,0.0014162856,5.469349e-05
1.0517509,0.068297245,0.0014162749,5.4692602e-05
1.0517509,0.06829739,0.0014162707,5.4692235e-05
1.0517509,0.0682977,0.0014162599,5.4691453e-05
1.0517509,0.068297856,0.0014162546,5.4690932e-05
1.0517509,0.06829799,0.0014162513,5.4690514e-05
1.0517509,0.068298236,0.0014162445,5.4689994e-05
1.0517509,0.068298526,0.0014162351,5.4689164e-05
1.0517509,0.068298645,0.001416231,5.4688848e-05
1.0517509,0.06829889,0.001416223,5.4688226e-05
1.0517509,0.068298966,0.0014162201,5.468796e-05
1.0517509,0.06829908,0.0014162175,5.46877e-05
1.051751,0.0682993,0.0014162133,5.4687287e-05
1.051751,0.06829944,0.0014162108,5.4687025e-05
1.051751,0.068299755,0.0014162012,5.468629e-05
1.051751,0.068299964,0.0014161953,5.468572e-05
1.051751,0.068300046,0.0014161925,5.468546e-05
1.051751,0.06830033,0.0014161839,5.4684777e-05
1.051751,0.06830054,0.0014161771,5.468421e-05
1.051751,0.06830078,0.0014161689,5.468358e-05
1.051751,0.068301,0.0014161608,5.4682958e-05
1.051751,0.06830115,0.0014161568,5.4682485e-05
1.051751,0.06830127,0.0014161535,5.4682223e-05
1.051751,0.06830154,0.0014161448,5.468149e-05
1.051751,0.06830169,0.0014161405,5.4681073e-05
1.051751,0.068301834,0.0014161372,5.4680815e-05
1.0517509,0.06829691,0.0014163192,5.4694166e-05
1.051751,0.068301,0.0014162329,5.468775e-05
1.051751,0.06830109,0.001416237,5.468775e-05
1.051751,0.06830185,0.0014162072,5.4685617e-05
1.051751,0.0683022,0.0014161869,5.468405e-05
1.051751,0.06830241,0.0014161709,5.4682798e-05
1.051751,0.068302274,0.0014161696,5.4682696e-05
1.051751,0.068302274,0.0014161696,5.468264e-05
1.051751,0.068303026,0.0014161452,5.4680764e-05
1.0517509,0.06829793,0.0014163272,5.4694166e-05
1.051751,0.06830218,0.0014162334,5.4687178e-05
1.051751,0.068303,0.0014162072,5.4684882e-05
1.051751,0.0683034,0.001416179,5.4682903e-05
1.051751,0.06830358,0.0014161593,5.4681394e-05
1.051751,0.068303965,0.0014161364,5.4679673e-05
1.0517511,0.06830422,0.0014161189,5.4678316e-05
1.0517511,0.06830454,0.0014161001,5.4676853e-05
1.0517511,0.068304844,0.0014160817,5.4675445e-05
1.0517511,0.06830513,0.0014160682,5.4674405e-05
1.0517511,0.06830537,0.0014160562,5.4673466e-05
1.0517511,0.06830556,0.0014160479,5.467279e-05
1.0517511,0.06830556,0.0014160479,5.4672684e-05
1.0517511,0.06830589,0.0014160379,5.4671855e-05
1.0517511,0.06830616,0.0014160279,5.467112e-05
1.0517511,0.06830638,0.0014160192,5.4670443e-05
1.051751,0.06830294,0.0014161456,5.4679567e-05
1.0517511,0.068305396,0.0014160983,5.4676075e-05
1.0517511,0.06830638,0.0014160736,5.4674038e-05
1.0517511,0.06830647,0.001416065,5.4673415e-05
1.0517511,0.06830681,0.0014160479,5.4672164e-05
1.0517511,0.06830705,0.0014160352,5.467112e-05
1.0517513,0.06830734,0.0014160211,5.4670025e-05
1.0517513,0.068307646,0.0014160076,5.466888e-05
1.0517513,0.06830788,0.001415994,5.4667937e-05
1.0517513,0.068308026,0.0014159873,5.466726e-05
1.0517513,0.06830833,0.0014159746,5.4666325e-05
1.0517513,0.06830857,0.0014159642,5.4665543e-05
1.0517513,0.0683088,0.0014159547,5.4664757e-05
1.0517513,0.06830903,0.001415946,5.4664026e-05
1.0517513,0.06830925,0.001415938,5.4663302e-05
1.0517513,0.06830944,0.0014159306,5.4662676e-05
1.0517513,0.06830967,0.0014159223,5.4661996e-05
1.0517513,0.06830987,0.0014159136,5.4661374e-05
1.0517513,0.06831007,0.0014159069,5.4660853e-05
1.0517514,0.06831028,0.0014159022,5.466033e-05
1.0517514,0.06831046,0.0014158967,5.4659915e-05
1.0517514,0.06831064,0.0014158915,5.4659442e-05
1.0517514,0.06831077,0.0014158874,5.4659133e-05
1.0517514,0.068310834,0.0014158882,5.4659078e-05
1.0517514,0.06831104,0.0014158834,5.465871e-05
1.0517514,0.06831115,0.0014158834,5.4658554e-05
1.0517514,0.06831137,0.0014158788,5.4658092e-05
1.0517514,0.068311594,0.0014158727,5.465762e-05
1.0517514,0.06831174,0.0014158692,5.4657252e-05
1.0517514,0.06831195,0.0014158632,5.4656837e-05
1.0517514,0.06831205,0.0014158612,5.4656626e-05
1.0517514,0.0683123,0.0014158544,5.465606e-05
1.0517514,0.06831244,0.0014158505,5.465569e-05
1.0517514,0.068312414,0.0014158544,5.46559e-05
1.0517514,0.06831281,0.0014158443,5.465512e-05
1.0517514,0.06831302,0.0014158383,5.46546e-05
1.0517514,0.068313174,0.0014158343,5.4654178e-05
1.0517514,0.068313405,0.0014158265,5.4653607e-05
1.0517514,0.068313666,0.0014158192,5.465293e-05
1.0517514,0.06831386,0.0014158117,5.4652304e-05
1.0517515,0.06831399,0.0014158064,5.4651886e-05
1.0517515,0.06831424,0.001415799,5.465131e-05
1.0517515,0.068314455,0.001415793,5.4650744e-05
1.0517515,0.068314634,0.0014157862,5.465022e-05
1.0517515,0.06831482,0.0014157809,5.464975e-05
1.0517515,0.06831501,0.0014157753,5.464918e-05
1.0517515,0.0683152,0.0014157699,5.464871e-05
1.0517515,0.068315394,0.0014157647,5.4648186e-05
1.0517515,0.06831546,0.0014157618,5.464803e-05
1.0517515,0.06831573,0.0014157551,5.4647408e-05
1.0517515,0.06831595,0.001415749,5.4646935e-05
1.0517515,0.06831607,0.0014157458,5.464652e-05
1.0517515,0.068316296,0.0014157391,5.4646047e-05
1.0517515,0.0683165,0.0014157335,5.4645585e-05
1.0517515,0.068316676,0.0014157275,5.4645112e-05
1.0517515,0.06831686,0.0014157228,5.4644643e-05
1.0517515,0.068317056,0.0014157173,5.4644224e-05
1.0517515,0.06831726,0.0014157121,5.4643704e-05
1.0517515,0.068317436,0.0014157066,5.464324e-05
1.0517516,0.06831756,0.0014157046,5.4642973e-05
1.0517516,0.06831778,0.0014156979,5.4642453e-05
1.0517516,0.068317994,0.0014156917,5.4641987e-05
1.0517516,0.06831817,0.0014156863,5.4641565e-05
1.0517516,0.06831829,0.0014156849,5.464131e-05
1.0517516,0.06831845,0.001415681,5.464089e-05
1.0517516,0.06831863,0.0014156762,5.4640474e-05
1.0517516,0.06831881,0.0014156715,5.4640106e-05
1.0517516,0.06831893,0.0014156693,5.4639906e-05
1.0517516,0.06831921,0.0014156613,5.4639277e-05
1.0517516,0.06831942,0.0014156558,5.4638807e-05
1.0517516,0.068319544,0.0014156519,5.4638393e-05
1.0517516,0.06831972,0.0014156477,5.4637974e-05
1.0517516,0.068319954,0.0014156416,5.4637454e-05
1.0517516,0.068320096,0.0014156377,5.463709e-05
1.0517516,0.068320334,0.0014156317,5.463657e-05
1.0517516,0.06832052,0.0014156261,5.4636097e-05
1.0517516,0.0683207,0.0014156208,5.4635577e-05
1.0517516,0.06832068,0.0014156228,5.4635682e-05
1.0517516,0.06832076,0.0014156242,5.4635682e-05
1.0517516,0.06832094,0.0014156214,5.4635424e-05
1.0517516,0.06832123,0.0014156146,5.4634897e-05
1.0517516,0.06832124,0.0014156167,5.4634955e-05
1.0517517,0.06832155,0.0014156087,5.4634325e-05
1.0517517,0.06832181,0.0014156005,5.46337e-05
1.0517517,0.06832185,0.0014156005,5.4633543e-05
1.0517517,0.068321995,0.0014155979,5.4633285e-05
1.0517517,0.0683221,0.0014155973,5.4633132e-05
1.0517517,0.06832216,0.0014155979,5.463318e-05
1.0517517,0.06832227,0.0014155979,5.4633074e-05
1.0517517,0.06832237,0.0014155986,5.4633074e-05
1.0517517,0.06832273,0.0014155911,5.463235e-05
1.0517517,0.06832306,0.0014155804,5.463156e-05
1.0517517,0.068323106,0.001415579,5.4631357e-05
1.0517517,0.068323374,0.0014155708,5.4630684e-05
1.0517517,0.06832374,0.0014155566,5.462969e-05
1.0517517,0.06832392,0.0014155479,5.4629014e-05
1.0517517,0.06832419,0.0014155378,5.4628177e-05
1.0517517,0.068324246,0.0014155357,5.462792e-05
1.0517517,0.068324134,0.0014155419,5.4628228e-05
1.0517517,0.06832392,0.0014155554,5.4629112e-05
1.0517514,0.06831481,0.001415897,5.4654338e-05
1.0517515,0.06832067,0.0014158033,5.464735e-05
1.0517515,0.0683203,0.0014158485,5.465022e-05
1.0517515,0.06832065,0.0014158533,5.4650634e-05
1.0517515,0.06832182,0.0014158195,5.464808e-05
1.0517515,0.06832188,0.0014158123,5.464751e-05
1.0517515,0.06832174,0.001415811,5.4647408e-05
1.0517516,0.06832281,0.0014157725,5.4644486e-05
1.0517516,0.068323314,0.0014157448,5.46424e-05
1.0517516,0.06832316,0.0014157388,5.4641987e-05
1.0517516,0.0683227,0.0014157515,5.464287e-05
1.0517516,0.068323866,0.0014157151,5.464006e-05
1.0517516,0.06832443,0.0014156882,5.4638072e-05
1.0517517,0.06832493,0.0014156606,5.4635886e-05
1.0517517,0.06832514,0.0014156423,5.4634536e-05
1.0517517,0.06832574,0.0014156114,5.463219e-05
1.0517517,0.06832617,0.0014155835,5.4630105e-05
1.0517517,0.0683267,0.0014155515,5.4627555e-05
1.051752,0.06832674,0.001415541,5.4626824e-05
1.051752,0.06832735,0.0014155153,5.462474e-05
1.051752,0.06832775,0.0014154932,5.4623124e-05
1.051752,0.0683276,0.001415492,5.4623026e-05
1.051752,0.06832821,0.0014154696,5.46213e-05
1.051752,0.06832824,0.0014154654,5.4620887e-05
1.051752,0.068328544,0.0014154548,5.4620054e-05
1.051752,0.068329096,0.0014154325,5.4618387e-05
1.0517521,0.06832947,0.0014154162,5.4617085e-05
1.0517521,0.06832962,0.0014154047,5.4616252e-05
1.0517521,0.0683294,0.0014154109,5.4616565e-05
1.051752,0.06832919,0.0014154209,5.4617347e-05
1.0517521,0.068329856,0.0014154061,5.461609e-05
1.0517521,0.06833013,0.0014153986,5.461542e-05
1.0517521,0.068330266,0.0014153932,5.461495e-05
1.0517521,0.06833056,0.0014153839,5.4614167e-05
1.0517521,0.068330936,0.0014153704,5.4613072e-05
1.0517521,0.06833117,0.0014153596,5.461219e-05
1.0517521,0.0683314,0.0014153494,5.4611406e-05
1.0517521,0.068330534,0.0014153797,5.4613593e-05
1.0517521,0.06833156,0.0014153541,5.4611617e-05
1.0517521,0.068331845,0.0014153447,5.4610835e-05
1.0517521,0.06833194,0.0014153392,5.461047e-05
1.0517521,0.06833217,0.0014153313,5.4609798e-05
1.0517521,0.06833107,0.0014153724,5.4612658e-05
1.0517521,0.06833208,0.0014153502,5.461099e-05
1.0517521,0.06833267,0.001415334,5.4609638e-05
1.0517521,0.06833239,0.0014153407,5.461016e-05
1.0517521,0.06833286,0.0014153258,5.460901e-05
1.0517522,0.06833315,0.0014153159,5.4608183e-05
1.0517522,0.068333395,0.0014153064,5.4607346e-05
1.0517522,0.06833342,0.0014153038,5.4607088e-05
1.0517522,0.068333864,0.0014152896,5.4605942e-05
1.0517522,0.06833388,0.0014152861,5.4605734e-05
1.0517522,0.068334095,0.0014152793,5.460516e-05
1.0517522,0.06833453,0.0014152646,5.4604014e-05
1.0517522,0.068334736,0.0014152558,5.4603235e-05
1.0517522,0.06833493,0.0014152478,5.460255e-05
1.0517522,0.06833513,0.0014152395,5.460193e-05
1.0517522,0.06833443,0.0014152658,5.4603803e-05
1.0517522,0.06833516,0.0014152491,5.460255e-05
1.0517522,0.0683356,0.0014152367,5.4601463e-05
1.0517522,0.06833583,0.0014152268,5.460068e-05
1.0517522,0.06833603,0.0014152187,5.460006e-05
1.0517522,0.06833613,0.0014152145,5.4599695e-05
1.0517522,0.06833585,0.0014152253,5.460037e-05
1.0517522,0.06833632,0.0014152145,5.4599535e-05
1.0517523,0.0683365,0.0014152118,5.4599273e-05
1.0517523,0.06833671,0.0014152051,5.4598753e-05
1.0517523,0.06833681,0.0014152038,5.459849e-05
1.0517522,0.068335496,0.0014152542,5.4602195e-05
1.0517522,0.06833666,0.0014152327,5.460052e-05
1.0517522,0.06833617,0.0014152563,5.460214e-05
1.0517522,0.06833696,0.0014152381,5.4600783e-05
1.0517522,0.06833711,0.0014152342,5.460032e-05
1.0517523,0.068337664,0.0014152145,5.4598808e-05
1.0517523,0.06833776,0.0014152065,5.4598182e-05
1.0517523,0.068338014,0.0014151958,5.4597298e-05
1.0517523,0.0683379,0.0014151977,5.4597454e-05
1.0517523,0.06833852,0.0014151776,5.459589e-05
1.0517523,0.06833876,0.0014151668,5.4595057e-05
1.0517523,0.06833888,0.0014151606,5.459454e-05
1.0517523,0.068339296,0.0014151438,5.4593234e-05
1.0517523,0.068339616,0.0014151303,5.4592194e-05
1.0517523,0.068339795,0.0014151209,5.4591415e-05
1.0517523,0.06833992,0.0014151142,5.4590895e-05
1.0517524,0.06834022,0.0014151034,5.459001e-05
1.0517524,0.068340346,0.0014150977,5.458949e-05
1.0517524,0.068340376,0.0014150987,5.4589436e-05
1.0517524,0.0683408,0.001415085,5.4588443e-05
1.0517524,0.06834107,0.0014150749,5.458767e-05
1.0517524,0.068341136,0.0014150722,5.458746e-05
1.0517524,0.068341345,0.001415067,5.4586937e-05
1.0517524,0.068341546,0.0014150601,5.4586366e-05
1.0517524,0.06834107,0.0014150789,5.4587617e-05
1.0517524,0.068341106,0.0014150883,5.4588243e-05
1.0517524,0.06834159,0.0014150804,5.458756e-05
1.0517524,0.068341844,0.0014150736,5.4587097e-05
1.0517524,0.06834217,0.0014150627,5.458626e-05
1.0517524,0.06834223,0.0014150614,5.458605e-05
1.0517524,0.06834249,0.0014150534,5.4585376e-05
1.0517524,0.06834275,0.0014150438,5.4584594e-05
1.0517524,0.06834236,0.0014150594,5.458558e-05
1.0517524,0.06834241,0.0014150641,5.4585948e-05
1.0517524,0.06834309,0.0014150479,5.4584645e-05
1.0517524,0.06834324,0.0014150431,5.458423e-05
1.0517524,0.0683437,0.0014150271,5.4583033e-05
1.0517524,0.06834382,0.0014150203,5.4582408e-05
1.0517526,0.06834408,0.0014150087,5.458158e-05
1.0517526,0.0683444,0.0014149952,5.4580534e-05
1.0517526,0.06834459,0.001414986,5.4579807e-05
1.0517526,0.068344854,0.0014149757,5.457892e-05
1.0517526,0.06834509,0.0014149657,5.457814e-05
1.0517526,0.068345256,0.0014149583,5.4577566e-05
1.0517526,0.068345405,0.0014149535,5.45771e-05
1.0517526,0.06834564,0.001414946,5.457653e-05
1.0517526,0.06834584,0.0014149393,5.4575954e-05
1.0517526,0.068346046,0.0014149325,5.4575383e-05
1.0517526,0.068346284,0.0014149246,5.4574706e-05
1.0517526,0.0683465,0.0014149165,5.4574084e-05
1.0517526,0.06834658,0.001414915,5.457382e-05
1.0517526,0.06834671,0.0014149132,5.4573662e-05
1.0517526,0.068346806,0.0014149118,5.4573455e-05
1.0517527,0.06834718,0.001414901,5.457273e-05
1.0517527,0.06834728,0.001414899,5.4572363e-05
1.0517527,0.06834744,0.0014148949,5.457205e-05
1.0517527,0.06834774,0.0014148862,5.4571323e-05
1.0517527,0.068347834,0.0014148833,5.4571115e-05
1.0517527,0.06834804,0.0014148774,5.45706e-05
1.0517527,0.0683483,0.0014148698,5.456992e-05
1.0517527,0.068348505,0.0014148639,5.4569344e-05
1.0517527,0.06834858,0.0014148611,5.456909e-05
1.0517527,0.06834869,0.0014148591,5.4568878e-05
1.0517527,0.06834896,0.0014148529,5.4568307e-05
1.0517527,0.06834911,0.0014148488,5.4567994e-05
1.0517527,0.06834939,0.0014148401,5.4567317e-05
1.0517527,0.06834954,0.0014148356,5.45669e-05
1.0517527,0.06834973,0.0014148302,5.4566433e-05
1.0517527,0.068349905,0.0014148247,5.456602e-05
1.0517527,0.06835009,0.0014148194,5.456555e-05
1.0517527,0.06835034,0.001414812,5.4564924e-05
1.0517527,0.06835049,0.0014148093,5.456456e-05
1.0517527,0.06835065,0.0014148039,5.456409e-05
1.0517528,0.06835088,0.0014147965,5.4563465e-05
1.0517528,0.0683511,0.0014147904,5.4562945e-05
1.0517528,0.06835117,0.0014147891,5.4562737e-05
1.0517528,0.06835144,0.001414781,5.4562166e-05
1.0517528,0.06835154,0.0014147796,5.4561955e-05
1.0517528,0.06835179,0.0014147714,5.4561333e-05
1.0517528,0.068352,0.0014147655,5.4560758e-05
1.0517528,0.068352066,0.0014147641,5.4560554e-05
1.0517528,0.06835234,0.0014147568,5.455998e-05
1.0517528,0.06835254,0.0014147506,5.455951e-05
1.0517528,0.06835268,0.0014147465,5.4559147e-05
1.0517528,0.06835291,0.0014147399,5.455858e-05
1.0517528,0.06835311,0.0014147345,5.455806e-05
1.0517528,0.06835329,0.0014147285,5.4557637e-05
1.0517528,0.06835326,0.0014147301,5.4557695e-05
1.0517528,0.068353504,0.0014147254,5.4557273e-05
1.0517528,0.06835358,0.0014147263,5.4557222e-05
1.0517528,0.06835373,0.0014147233,5.455707e-05
1.0517528,0.06835384,0.0014147233,5.4556913e-05
1.0517528,0.0683541,0.0014147181,5.4556447e-05
1.0517528,0.06835432,0.0014147128,5.455592e-05
1.0517528,0.06835436,0.0014147128,5.4555872e-05
1.0517528,0.068354666,0.0014147046,5.4555196e-05
1.0517529,0.06835498,0.0014146952,5.4554414e-05
1.0517528,0.06835339,0.0014147538,5.455863e-05
1.0517528,0.06835497,0.0014147161,5.455592e-05
1.0517529,0.06835536,0.0014147039,5.4554883e-05
1.0517529,0.06835558,0.0014146925,5.4553944e-05
1.0517529,0.06835579,0.0014146818,5.4553115e-05
1.0517529,0.068355955,0.0014146742,5.4552434e-05
1.0517529,0.0683562,0.0014146649,5.455166e-05
1.0517529,0.06835637,0.0014146568,5.4551034e-05
1.0517529,0.06835643,0.0014146548,5.4550823e-05
1.0517529,0.06835663,0.00141465,5.4550354e-05
1.0517529,0.06835683,0.0014146448,5.454994e-05
1.0517529,0.06835707,0.0014146386,5.454937e-05
1.0517529,0.06835731,0.0014146292,5.454869e-05
1.0517529,0.06835756,0.0014146211,5.4547963e-05
1.0517529,0.068357676,0.001414617,5.45476e-05
1.0517528,0.068354815,0.0014147249,5.4555458e-05
1.0517524,0.06834526,0.0014151182,5.458423e-05
1.0517524,0.06835036,0.0014150757,5.4581003e-05
1.0517527,0.06835513,0.0014149641,5.4572203e-05
1.0517526,0.06835564,0.0014149216,5.456914e-05
1.0517527,0.06835603,0.0014148757,5.456602e-05
1.0517527,0.068356454,0.0014148353,5.4563156e-05
1.0517527,0.06835679,0.0014148037,5.4560707e-05
1.0517528,0.06835761,0.0014147571,5.4557273e-05
1.0517528,0.06835776,0.0014147344,5.4555458e-05
1.0517528,0.068357855,0.0014147167,5.455421e-05
1.0517528,0.068358585,0.0014146845,5.455166e-05
1.0517528,0.06835905,0.0014146568,5.454968e-05
1.0517528,0.068359226,0.00141464,5.4548327e-05
1.0517529,0.06835975,0.0014146144,5.4546403e-05
1.0517529,0.068359956,0.0014145988,5.4545053e-05
1.0517529,0.06836037,0.0014145774,5.4543438e-05
1.0517529,0.06836074,0.0014145548,5.4541775e-05
1.0517529,0.0683611,0.0014145329,5.4540058e-05
1.0517529,0.068361364,0.0014145183,5.4538963e-05
1.0517529,0.06836157,0.0014145104,5.4538286e-05
1.0517529,0.0683618,0.0014145017,5.4537613e-05
1.051753,0.068361945,0.0014144969,5.4537144e-05
1.051753,0.068362184,0.0014144882,5.4536416e-05
1.051753,0.0683624,0.0014144822,5.4535845e-05
1.051753,0.06836259,0.0014144748,5.453532e-05
1.051753,0.068362735,0.0014144707,5.453491e-05
1.051753,0.068362795,0.00141447,5.4534805e-05
1.0517529,0.06836195,0.001414505,5.4537355e-05
1.051753,0.068362825,0.0014144882,5.4536053e-05
1.051753,0.06836326,0.0014144775,5.4535118e-05
1.051753,0.06836353,0.0014144672,5.4534234e-05
1.051753,0.06836356,0.0014144639,5.453397e-05
1.051753,0.06836356,0.0014144646,5.453397e-05
1.051753,0.06836371,0.0014144625,5.453382e-05
1.051753,0.06836414,0.0014144517,5.453283e-05
1.051753,0.068364374,0.001414443,5.4532153e-05
1.051753,0.06836457,0.0014144351,5.4531527e-05
1.051753,0.068364725,0.0014144296,5.4531065e-05
1.051753,0.06836503,0.0014144203,5.453023e-05
1.051753,0.068365246,0.0014144108,5.452961e-05
1.051753,0.068365455,0.001414404,5.4528984e-05
1.0517532,0.068365626,0.0014143963,5.4528307e-05
1.0517532,0.06836585,0.0014143896,5.4527733e-05
1.0517532,0.068366,0.0014143843,5.4527318e-05
1.0517532,0.06836618,0.001414379,5.452685e-05
1.0517532,0.068366155,0.0014143803,5.4526954e-05
1.0517532,0.06836645,0.0014143748,5.452638e-05
1.0517532,0.06836664,0.0014143708,5.4526015e-05
1.0517532,0.06836676,0.0014143675,5.4525706e-05
1.0517532,0.068367034,0.00141436,5.452513e-05
1.0517532,0.06836727,0.0014143521,5.4524404e-05
1.0517532,0.068367414,0.0014143479,5.4523993e-05
1.0517532,0.068367645,0.00141434,5.4523367e-05
1.0517532,0.068367794,0.0014143352,5.452295e-05
1.0517532,0.06836803,0.0014143278,5.4522374e-05
1.0517532,0.068368174,0.0014143231,5.4521963e-05
1.0517532,0.068368405,0.001414317,5.4521446e-05
1.0517532,0.0683685,0.0014143143,5.4521184e-05
1.0517532,0.068367966,0.0014143373,5.4522796e-05
1.0517532,0.06836877,0.0014143185,5.4521286e-05
1.0517532,0.06836898,0.0014143117,5.452072e-05
1.0517532,0.06836919,0.001414305,5.4520093e-05
1.0517533,0.06836937,0.0014142982,5.4519573e-05
1.0517533,0.06836962,0.00141429,5.4518943e-05
1.0517533,0.06836983,0.0014142827,5.451832e-05
1.0517533,0.06836996,0.0014142779,5.4517906e-05
1.0517533,0.068370216,0.0014142705,5.451723e-05
1.0517533,0.06837035,0.0014142651,5.4516815e-05
1.0517533,0.06837053,0.0014142605,5.4516397e-05
1.0517533,0.068370774,0.0014142529,5.4515775e-05
1.0517533,0.06837096,0.0014142476,5.4515305e-05
1.0517533,0.06837117,0.0014142414,5.4514785e-05
1.0517533,0.06837119,0.0014142401,5.4514683e-05
1.0517533,0.06837132,0.001414238,5.451442e-05
1.0517533,0.06837153,0.0014142354,5.4514116e-05
1.0517533,0.06837163,0.0014142327,5.451396e-05
1.0517533,0.0683719,0.0014142273,5.4513435e-05
1.0517533,0.06837209,0.0014142233,5.4513024e-05
1.0517533,0.06837226,0.0014142178,5.4512602e-05
1.0517533,0.06837255,0.0014142091,5.4511933e-05
1.0517533,0.0683727,0.0014142036,5.4511413e-05
1.0517533,0.06837288,0.0014141983,5.4510943e-05
1.0517534,0.06837308,0.001414193,5.4510474e-05
1.0517534,0.06837331,0.0014141855,5.4509852e-05
1.0517534,0.0683734,0.0014141827,5.4509594e-05
1.0517534,0.06837367,0.0014141754,5.4508866e-05
1.0517534,0.06837382,0.00141417,5.4508502e-05
1.0517534,0.06837385,0.0014141706,5.4508502e-05
1.0517534,0.06837399,0.001414168,5.450829e-05
1.0517534,0.068374336,0.0014141606,5.4507564e-05
1.0517534,0.06837458,0.0014141531,5.4506883e-05
1.0517534,0.06837479,0.0014141464,5.4506265e-05
1.0517534,0.068374984,0.0014141392,5.4505792e-05
1.0517534,0.068375126,0.0014141356,5.4505428e-05
1.0517534,0.068375245,0.0014141316,5.4505123e-05
1.0517534,0.06837541,0.0014141282,5.450481e-05
1.0517534,0.0683757,0.0014141195,5.4504137e-05
1.0517534,0.06837589,0.0014141127,5.450361e-05
1.0517534,0.0683761,0.001414106,5.4503045e-05
1.0517534,0.06837628,0.0014141005,5.450247e-05
1.0517534,0.06837648,0.0014140959,5.4502052e-05
1.0517535,0.068376616,0.0014140917,5.450169e-05
1.0517535,0.06837678,0.0014140869,5.4501324e-05
1.0517535,0.068376966,0.001414083,5.450091e-05
1.0517535,0.06837721,0.0014140756,5.4500288e-05
1.0517535,0.068377346,0.0014140714,5.4499924e-05
1.0517535,0.06837746,0.0014140689,5.4499716e-05
1.0517535,0.06837775,0.0014140621,5.449909e-05
1.0517535,0.06837794,0.0014140555,5.4498567e-05
1.0517535,0.06837812,0.0014140487,5.4498105e-05
1.0517535,0.06837831,0.001414044,5.4497585e-05
1.0517535,0.06837849,0.0014140378,5.449711e-05
1.0517535,0.06837867,0.0014140324,5.4496653e-05
1.0517535,0.06837883,0.0014140285,5.4496337e-05
1.0517535,0.06837898,0.0014140243,5.4495973e-05
1.0517535,0.06837923,0.0014140183,5.4495402e-05
1.0517535,0.06837941,0.0014140129,5.449488e-05
1.0517535,0.06837954,0.0014140096,5.449457e-05
1.0517535,0.06837966,0.0014140069,5.449431e-05
1.0517535,0.068379834,0.0014140029,5.4493998e-05
1.0517535,0.068380006,0.0014140002,5.4493685e-05
1.0517536,0.06838028,0.001413992,5.4493063e-05
1.0517536,0.068380475,0.0014139867,5.4492546e-05
1.0517536,0.06838057,0.0014139846,5.4492284e-05
1.0517536,0.06838072,0.0014139805,5.449197e-05
1.0517536,0.068381004,0.0014139725,5.4491295e-05
1.0517536,0.068381205,0.0014139664,5.449083e-05
1.0517536,0.068381116,0.0014139704,5.4491036e-05
1.0517536,0.068381526,0.0014139605,5.4490203e-05
1.0517536,0.068381734,0.0014139537,5.4489585e-05
1.0517536,0.06838193,0.0014139463,5.448911e-05
1.0517536,0.06838212,0.0014139402,5.4488595e-05
1.0517536,0.068382196,0.001413939,5.4488333e-05
1.0517536,0.0683823,0.0014139373,5.4488177e-05
1.0517536,0.06838246,0.0014139346,5.448792e-05
1.0517536,0.068382785,0.0014139252,5.448724e-05
1.0517536,0.06838301,0.0014139184,5.448662e-05
1.0517536,0.06838319,0.0014139117,5.4486052e-05
1.0517536,0.06838339,0.001413905,5.448553e-05
1.0517536,0.06838352,0.0014139009,5.4485165e-05
1.0517536,0.06838371,0.0014138956,5.448475e-05
1.0517538,0.06838393,0.0014138889,5.4484175e-05
1.0517538,0.06838407,0.0014138854,5.4483768e-05
1.0517538,0.06838425,0.0014138814,5.4483397e-05
1.0517538,0.0683845,0.0014138748,5.448283e-05
1.0517538,0.06838468,0.0014138696,5.448236e-05
1.0517538,0.06838483,0.0014138652,5.4481996e-05
1.0517538,0.068385005,0.00141386,5.448158e-05
1.0517538,0.06838519,0.0014138559,5.4481166e-05
1.0517538,0.068385206,0.0014138572,5.4481166e-05
1.0517538,0.068385564,0.0014138478,5.4480388e-05
1.0517538,0.06838575,0.0014138405,5.4479813e-05
1.0517538,0.0683859,0.0014138377,5.44795e-05
1.0517538,0.06838607,0.0014138324,5.447909e-05
1.0517538,0.068386294,0.0014138257,5.4478565e-05
1.0517538,0.068386495,0.0014138195,5.4477998e-05
1.0517538,0.0683867,0.0014138136,5.4477474e-05
1.0517538,0.068386726,0.0014138143,5.4477474e-05
1.0517538,0.068386964,0.0014138074,5.4476957e-05
1.0517538,0.06838721,0.0014138006,5.447634e-05
1.0517538,0.06838601,0.0014138458,5.4479657e-05
1.0517538,0.06838709,0.0014138242,5.4477943e-05
1.0517538,0.068386905,0.0014138345,5.447862e-05
1.0517538,0.0683872,0.0014138309,5.4478307e-05
1.0517538,0.068387255,0.0014138328,5.4478307e-05
1.0517538,0.06838782,0.0014138166,5.447701e-05
1.0517538,0.06838792,0.0014138125,5.44767e-05
1.0517539,0.068388194,0.0014138024,5.4475917e-05
1.0517539,0.06838834,0.0014137956,5.4475448e-05
1.0517539,0.06838865,0.0014137864,5.4474516e-05
1.0517539,0.06838898,0.0014137729,5.4473527e-05
1.0517539,0.06838923,0.0014137628,5.4472697e-05
1.0517539,0.06838938,0.0014137547,5.4472075e-05
1.0517539,0.068389624,0.001413746,5.4471293e-05
1.0517539,0.06838981,0.0014137393,5.447067e-05
1.0517539,0.068390004,0.0014137325,5.4470103e-05
1.0517539,0.068390265,0.0014137232,5.4469372e-05
1.0517539,0.06839048,0.0014137144,5.44687e-05
1.0517539,0.06839057,0.001413711,5.4468386e-05
1.0517539,0.06839086,0.0014137023,5.4467713e-05
1.0517539,0.06839102,0.0014136975,5.4467244e-05
1.0517539,0.06839124,0.0014136902,5.4466618e-05
1.051754,0.06839146,0.0014136846,5.44661e-05
1.051754,0.06839163,0.0014136778,5.4465632e-05
1.051754,0.06839181,0.0014136726,5.4465116e-05
1.051754,0.06839199,0.0014136672,5.446465e-05
1.051754,0.06839217,0.0014136612,5.4464126e-05
1.0517539,0.068390116,0.0014137399,5.4469838e-05
1.0517539,0.068389915,0.0014137756,5.447244e-05
1.0517539,0.068391085,0.0014137622,5.4471195e-05
1.0517539,0.068391904,0.0014137399,5.446958e-05
1.0517539,0.06839242,0.0014137177,5.446781e-05
1.051754,0.068392694,0.0014137002,5.4466567e-05
1.051754,0.06839295,0.0014136854,5.4465374e-05
1.051754,0.068393186,0.0014136705,5.4464286e-05
1.051754,0.06839343,0.0014136578,5.4463246e-05
1.051754,0.06839367,0.0014136464,5.446231e-05
1.051754,0.068393745,0.0014136409,5.446184e-05
1.051754,0.068394005,0.0014136322,5.4461165e-05
1.051754,0.06839429,0.0014136228,5.4460386e-05
1.051754,0.06839454,0.001413612,5.4459557e-05
1.051754,0.06839477,0.0014136032,5.445883e-05
1.051754,0.06839498,0.0014135935,5.4458105e-05
1.0517541,0.0683952,0.0014135842,5.4457378e-05
1.0517541,0.0683954,0.0014135754,5.445665e-05
1.0517541,0.06839557,0.0014135701,5.445613e-05
1.0517541,0.068395756,0.0014135647,5.445566e-05
1.0517541,0.0683959,0.0014135627,5.4455402e-05
1.0517541,0.06839605,0.0014135592,5.445504e-05
1.0517541,0.06839624,0.0014135559,5.445473e-05
1.0517541,0.06839645,0.0014135493,5.4454256e-05
1.0517541,0.06839663,0.0014135445,5.445374e-05
1.0517541,0.068396814,0.001413539,5.445333e-05
1.0517541,0.06839693,0.0014135365,5.4453016e-05
1.0517541,0.06839718,0.0014135303,5.445255e-05
1.0517541,0.068397366,0.0014135236,5.445208e-05
1.0517541,0.068397544,0.0014135189,5.445161e-05
1.0517541,0.06839702,0.0014135404,5.4453118e-05
1.0517541,0.068397745,0.0014135236,5.4451823e-05
1.0517541,0.068398006,0.0014135162,5.4451142e-05
1.0517541,0.068398245,0.0014135075,5.445042e-05
1.0517541,0.0683984,0.001413502,5.4449953e-05
1.0517541,0.06839863,0.0014134927,5.4449276e-05
1.0517544,0.06839878,0.0014134872,5.4448807e-05
1.0517544,0.06839897,0.0014134824,5.444829e-05
1.0517544,0.06839923,0.0014134751,5.4447668e-05
1.0517544,0.06839936,0.0014134698,5.44472e-05
1.0517544,0.0683996,0.001413463,5.4446627e-05
1.0517544,0.06839981,0.0014134562,5.444611e-05
1.0517544,0.06839989,0.0014134535,5.444585e-05
1.0517544,0.068400115,0.0014134473,5.444538e-05
1.0517544,0.068400346,0.0014134407,5.444471e-05
1.0517544,0.06840054,0.0014134346,5.444424e-05
1.0517544,0.068400726,0.0014134285,5.4443717e-05
1.0517544,0.068400875,0.0014134238,5.4443353e-05
1.0517544,0.068401,0.0014134217,5.444315e-05
1.0517544,0.06840121,0.0014134165,5.444268e-05
1.0517544,0.06840133,0.0014134137,5.444237e-05
1.0517544,0.068401605,0.0014134063,5.444175e-05
1.0517544,0.06840182,0.0014134002,5.444123e-05
1.0517544,0.068402,0.001413395,5.4440763e-05
1.0517544,0.068402186,0.001413389,5.4440246e-05
1.0517545,0.06840231,0.0014133842,5.443993e-05
1.0517545,0.068402395,0.0014133835,5.443972e-05
1.0517545,0.0684027,0.0014133768,5.443905e-05
1.0517545,0.0684029,0.00141337,5.443853e-05
1.0517545,0.06840305,0.0014133668,5.443822e-05
1.0517545,0.06840322,0.001413362,5.44378e-05
1.0517545,0.068403445,0.0014133547,5.443723e-05
1.0517545,0.06840365,0.0014133485,5.4436714e-05
1.0517545,0.068403766,0.0014133452,5.443635e-05
1.0517545,0.068404004,0.0014133392,5.443583e-05
1.0517545,0.0684042,0.0014133331,5.4435313e-05
1.0517545,0.06840438,0.001413327,5.4434844e-05
1.0517545,0.06840457,0.0014133223,5.4434327e-05
1.0517545,0.06840475,0.0014133168,5.4433804e-05
1.0517545,0.06840493,0.0014133109,5.4433393e-05
1.0517545,0.068405084,0.0014133088,5.443302e-05
1.0517545,0.06840525,0.0014133041,5.4432716e-05
1.0517545,0.06840541,0.0014132999,5.4432297e-05
1.0517545,0.068405606,0.0014132945,5.443199e-05
1.0517545,0.06840583,0.0014132884,5.4431468e-05
1.0517546,0.06840602,0.0014132832,5.44309e-05
1.0517546,0.06840621,0.001413277,5.4430482e-05
1.0517546,0.068406396,0.0014132722,5.4429966e-05
1.0517546,0.06840658,0.0014132669,5.442955e-05
1.0517546,0.06840676,0.0014132608,5.442908e-05
1.0517546,0.06840695,0.001413256,5.4428616e-05
1.0517546,0.068407126,0.0014132508,5.4428147e-05
1.0517546,0.068407215,0.0014132493,5.4427994e-05
1.0517546,0.068407364,0.0014132467,5.442768e-05
1.0517546,0.06840764,0.0014132393,5.442711e-05
1.0517546,0.06840785,0.0014132332,5.4426644e-05
1.0517546,0.06840801,0.0014132279,5.4426175e-05
1.0517546,0.0684082,0.0014132231,5.4425658e-05
1.0517546,0.06840835,0.0014132191,5.4425345e-05
1.0517546,0.06840856,0.0014132125,5.442483e-05
1.0517546,0.06840874,0.001413207,5.442436e-05
1.0517546,0.06840894,0.0014132017,5.442394e-05
1.0517546,0.06840907,0.001413199,5.4423577e-05
1.0517546,0.068409234,0.0014131942,5.442322e-05
1.0517546,0.06840941,0.0014131895,5.4422802e-05
1.0517546,0.06840954,0.0014131869,5.442254e-05
1.0517547,0.068409815,0.0014131801,5.4421922e-05
1.0517547,0.06841001,0.0014131734,5.4421453e-05
1.0517547,0.0684102,0.0014131686,5.4420932e-05
1.0517547,0.06841039,0.0014131626,5.442047e-05
1.0517547,0.068410575,0.0014131572,5.441995e-05
1.0517547,0.06841077,0.001413151,5.441948e-05
1.0517547,0.06841094,0.0014131457,5.4419063e-05
1.0517547,0.06841114,0.0014131401,5.4418546e-05
1.0517547,0.06841132,0.0014131354,5.441813e-05
1.0517547,0.06841151,0.0014131301,5.4417666e-05
1.0517547,0.068411626,0.0014131268,5.4417298e-05
1.0517547,0.06841179,0.0014131226,5.4416934e-05
1.0517547,0.06841204,0.0014131174,5.441642e-05
1.0517547,0.06841222,0.0014131118,5.4415956e-05
1.0517547,0.06841235,0.0014131085,5.4415694e-05
1.0517547,0.06841253,0.0014131038,5.4415326e-05
1.0517547,0.068412736,0.001413097,5.441481e-05
1.0517547,0.06841295,0.0014130918,5.4414293e-05
1.0517547,0.06841314,0.0014130871,5.4413824e-05
1.0517547,0.06841322,0.0014130857,5.4413667e-05
1.0517548,0.06841347,0.0014130783,5.441305e-05
1.0517548,0.068413675,0.001413073,5.441258e-05
1.0517548,0.06841387,0.0014130675,5.4412114e-05
1.0517548,0.06841404,0.0014130621,5.4411645e-05
1.0517548,0.06841422,0.0014130567,5.441118e-05
1.0517548,0.0684144,0.0014130507,5.4410713e-05
1.0517548,0.0684146,0.0014130453,5.4410244e-05
1.0517548,0.06841472,0.0014130418,5.440993e-05
1.0517548,0.06841495,0.0014130351,5.440942e-05
1.0517548,0.068415016,0.0014130338,5.4409258e-05
1.0517548,0.06841513,0.001413033,5.4409105e-05
1.0517548,0.06841544,0.0014130244,5.4408378e-05
1.0517548,0.06841563,0.0014130189,5.4407912e-05
1.0517548,0.068415776,0.0014130156,5.440755e-05
1.0517548,0.06841593,0.0014130116,5.4407185e-05
1.0517548,0.068416126,0.0014130062,5.4406766e-05
1.0517548,0.06841636,0.0014129996,5.4406148e-05
1.0517548,0.06841655,0.0014129936,5.4405627e-05
1.0517548,0.06841582,0.001413021,5.4407654e-05
1.0517548,0.06841492,0.0014130673,5.4410968e-05
1.0517548,0.068416566,0.0014130297,5.4408065e-05
1.0517548,0.06841647,0.0014130344,5.4408323e-05
1.0517547,0.06841399,0.0014131294,5.4415174e-05
1.0517548,0.068416595,0.0014130668,5.4410506e-05
1.0517548,0.06841715,0.0014130458,5.4408843e-05
1.0517548,0.06841733,0.0014130276,5.44076e-05
1.0517548,0.06841758,0.0014130129,5.4406406e-05
1.051755,0.06841788,0.0014129967,5.4405158e-05
1.051755,0.06841813,0.0014129826,5.440407e-05
1.051755,0.068418324,0.0014129711,5.440324e-05
1.051755,0.068418615,0.0014129591,5.4402204e-05
1.051755,0.06841885,0.0014129475,5.4401375e-05
1.051755,0.0684191,0.0014129367,5.440054e-05
1.051755,0.068419315,0.0014129273,5.4399767e-05
1.051755,0.06841953,0.0014129186,5.4398985e-05
1.051755,0.06841978,0.0014129101,5.4398264e-05
1.051755,0.068419985,0.0014129005,5.4397588e-05
1.051755,0.06842013,0.0014128952,5.4397122e-05
1.051755,0.06842032,0.0014128898,5.4396598e-05
1.051755,0.06842051,0.0014128828,5.4396085e-05
1.0517551,0.068420745,0.0014128763,5.4395514e-05
1.0517551,0.06842093,0.0014128708,5.4394997e-05
1.0517551,0.06842105,0.0014128676,5.439468e-05
1.0517551,0.0684213,0.0014128616,5.439411e-05
1.0517551,0.068421386,0.0014128601,5.4393957e-05
1.0517551,0.068421535,0.0014128567,5.4393644e-05
1.0517551,0.0684216,0.0014128567,5.439359e-05
1.0517551,0.06842197,0.001412848,5.4392865e-05
1.0517551,0.06842218,0.001412842,5.439235e-05
1.0517551,0.06842231,0.0014128372,5.4391934e-05
1.0517551,0.06842255,0.0014128298,5.4391363e-05
1.0517551,0.06842273,0.001412823,5.4390846e-05
1.0517551,0.06842287,0.0014128203,5.439053e-05
1.0517551,0.0684231,0.0014128136,5.438996e-05
1.0517551,0.068423234,0.0014128103,5.438955e-05
1.0517551,0.068423405,0.0014128048,5.4389133e-05
1.0517551,0.06842365,0.0014127981,5.438856e-05
1.0517551,0.06842383,0.001412792,5.4388096e-05
1.0517551,0.06842396,0.0014127895,5.438778e-05
1.0517551,0.068424195,0.0014127812,5.4387212e-05
1.0517551,0.06842439,0.001412776,5.438664e-05
1.0517552,0.06842453,0.0014127732,5.4386335e-05
1.0517552,0.0684246,0.0014127726,5.438628e-05
1.0517552,0.0684249,0.0014127638,5.4385604e-05
1.0517552,0.06842505,0.0014127598,5.4385244e-05
1.0517552,0.068425216,0.0014127551,5.438488e-05
1.0517552,0.06842545,0.0014127489,5.438431e-05
1.0517552,0.0684256,0.0014127442,5.4383898e-05
1.0517552,0.06842581,0.0014127375,5.4383327e-05
1.0517552,0.06842596,0.0014127342,5.4383014e-05
1.0517552,0.06842615,0.0014127294,5.4382595e-05
1.0517552,0.06842638,0.0014127226,5.4382024e-05
1.0517552,0.068426564,0.0014127159,5.4381457e-05
1.0517552,0.06842664,0.0014127147,5.4381253e-05
1.0517552,0.06842679,0.0014127126,5.4380987e-05
1.0517552,0.06842702,0.0014127059,5.438052e-05
1.0517552,0.068427265,0.0014126991,5.437995e-05
1.0517552,0.06842746,0.0014126924,5.4379485e-05
1.0517552,0.068427645,0.001412687,5.437897e-05
1.0517552,0.068427764,0.001412683,5.4378554e-05
1.0517552,0.06842801,0.0014126763,5.4377982e-05
1.0517553,0.068428196,0.0014126708,5.4377513e-05
1.0517553,0.068428375,0.0014126654,5.4377047e-05
1.0517553,0.068428576,0.0014126586,5.4376585e-05
1.0517553,0.06842872,0.0014126566,5.437627e-05
1.0517553,0.06842882,0.0014126553,5.4376014e-05
1.0517553,0.06842904,0.0014126486,5.4375494e-05
1.0517553,0.06842923,0.0014126445,5.437513e-05
1.0517553,0.06842941,0.001412639,5.437472e-05
1.0517553,0.06842958,0.0014126351,5.43743e-05
1.0517553,0.06842983,0.0014126283,5.437373e-05
1.0517553,0.06843002,0.0014126229,5.4373264e-05
1.0517553,0.068430215,0.0014126161,5.4372693e-05
1.0517553,0.06843038,0.0014126102,5.4372227e-05
1.0517553,0.06843057,0.0014126049,5.4371758e-05
1.0517553,0.068430744,0.0014126002,5.4371296e-05
1.0517553,0.068430945,0.0014125934,5.4370827e-05
1.0517553,0.068431124,0.0014125886,5.437036e-05
1.0517553,0.0684313,0.001412584,5.4369943e-05
1.0517553,0.06843149,0.0014125785,5.4369535e-05
1.0517553,0.06843167,0.0014125732,5.4369015e-05
1.0517554,0.06843186,0.0014125678,5.4368596e-05
1.0517554,0.06843204,0.0014125624,5.436808e-05
1.0517554,0.06843222,0.001412557,5.4367665e-05
1.0517554,0.068432346,0.0014125537,5.4367352e-05
1.0517554,0.068432525,0.0014125496,5.436694e-05
1.0517554,0.06843271,0.0014125456,5.4366577e-05
1.0517554,0.06843288,0.0014125416,5.436621e-05
1.0517554,0.068433106,0.0014125354,5.4365744e-05
1.0517554,0.06843329,0.00141253,5.436528e-05
1.0517554,0.06843348,0.0014125247,5.4364707e-05
1.0517554,0.06843366,0.0014125188,5.436424e-05
1.0517554,0.06843384,0.0014125141,5.4363776e-05
1.0517554,0.06843396,0.0014125106,5.4363518e-05
1.0517554,0.06843415,0.0014125057,5.43631e-05
1.0517554,0.06843438,0.0014124996,5.4362583e-05
1.0517554,0.06843457,0.0014124936,5.436212e-05
1.0517554,0.06843476,0.0014124896,5.43616e-05
1.0517554,0.06843494,0.0014124849,5.4361237e-05
1.0517554,0.068435125,0.0014124796,5.436077e-05
1.0517554,0.068435304,0.001412474,5.4360306e-05
1.0517555,0.06843549,0.001412468,5.4359836e-05
1.0517555,0.06843567,0.0014124628,5.435937e-05
1.0517555,0.06843586,0.0014124572,5.435891e-05
1.0517555,0.06843604,0.0014124518,5.4358436e-05
1.0517555,0.06843621,0.0014124479,5.435797e-05
1.0517555,0.0684364,0.0014124431,5.435756e-05
1.0517555,0.06843658,0.0014124378,5.4357093e-05
1.0517555,0.068436764,0.0014124325,5.4356675e-05
1.0517555,0.06843688,0.0014124291,5.4356315e-05
1.0517555,0.068437114,0.0014124244,5.4355896e-05
1.0517555,0.06843725,0.0014124204,5.4355583e-05
1.0517555,0.06843742,0.0014124163,5.4355172e-05
1.0517555,0.06843765,0.0014124096,5.4354652e-05
1.0517555,0.06843776,0.0014124069,5.4354347e-05
1.0517555,0.068437986,0.0014124003,5.4353826e-05
1.0517555,0.068438195,0.0014123955,5.4353306e-05
1.0517555,0.06843836,0.00141239,5.4352837e-05
1.0517555,0.06843855,0.0014123848,5.435243e-05
1.0517555,0.068438746,0.00141238,5.4351956e-05
1.0517555,0.06843893,0.0014123739,5.4351593e-05
1.0517554,0.06843911,0.0014123686,5.435108e-05
1.0517555,0.0684393,0.0014123633,5.4350614e-05
1.0517555,0.06843942,0.0014123598,5.4350297e-05
1.0517555,0.06843965,0.0014123538,5.4349777e-05
1.0517555,0.068439834,0.0014123484,5.434937e-05
1.0517555,0.06844001,0.0014123436,5.434895e-05
1.0517555,0.0684402,0.0014123381,5.4348486e-05
1.0517555,0.06844038,0.0014123342,5.434802e-05
1.0517555,0.068440564,0.0014123274,5.4347554e-05
1.0517555,0.06844074,0.0014123233,5.434709e-05
1.0517555,0.06844092,0.001412318,5.434667e-05
1.0517555,0.0684411,0.0014123126,5.4346205e-05
1.0517555,0.068441294,0.0014123073,5.4345786e-05
1.0517555,0.06844142,0.0014123046,5.434553e-05
1.0517555,0.068441585,0.0014122991,5.4345066e-05
1.0517555,0.06844177,0.0014122971,5.4344702e-05
1.0517555,0.06844189,0.0014122952,5.4344546e-05
1.0517555,0.068442166,0.0014122876,5.4343927e-05
1.0517555,0.06844229,0.0014122837,5.434361e-05
1.0517555,0.06844241,0.0014122817,5.43433e-05
1.0517555,0.068442576,0.0014122777,5.4342996e-05
1.0517555,0.06844287,0.0014122697,5.4342323e-05
1.0517557,0.06844301,0.001412266,5.4342006e-05
1.0517557,0.06844323,0.0014122587,5.434144e-05
1.0517557,0.06844343,0.0014122527,5.4340915e-05
1.0517557,0.06844355,0.0014122493,5.4340555e-05
1.0517557,0.06844372,0.0014122452,5.4340242e-05
1.0517557,0.06844396,0.0014122379,5.433957e-05
1.0517557,0.06844415,0.0014122325,5.4339103e-05
1.0517557,0.06844435,0.0014122265,5.4338587e-05
1.0517557,0.06844455,0.0014122204,5.4338125e-05
1.0517557,0.06844473,0.0014122151,5.4337605e-05
1.0517557,0.06844491,0.0014122096,5.4337135e-05
1.0517557,0.06844508,0.0014122035,5.4336615e-05
1.0517557,0.06844525,0.0014121983,5.4336153e-05
1.0517557,0.068445444,0.0014121935,5.4335684e-05
1.0517557,0.06844563,0.001412188,5.433527e-05
1.0517557,0.06844581,0.0014121826,5.4334803e-05
1.0517557,0.06844589,0.001412182,5.433465e-05
1.0517557,0.06844615,0.0014121752,5.433413e-05
1.0517557,0.068446346,0.0014121692,5.4333614e-05
1.0517558,0.06844653,0.0014121637,5.433315e-05
1.0517558,0.06844671,0.0014121584,5.433268e-05
1.0517558,0.0684469,0.0014121537,5.433227e-05
1.0517558,0.068447016,0.0014121503,5.4331955e-05
1.0517558,0.06844726,0.0014121435,5.4331384e-05
1.0517558,0.06844745,0.0014121396,5.433092e-05
1.0517558,0.068447635,0.0014121342,5.4330503e-05
1.0517558,0.06844781,0.0014121288,5.4330038e-05
1.0517558,0.06844799,0.0014121234,5.4329572e-05
1.0517558,0.06844818,0.001412118,5.4329157e-05
1.0517558,0.0684483,0.0014121152,5.4328844e-05
1.0517558,0.068448484,0.0014121113,5.4328433e-05
1.0517558,0.0684487,0.0014121053,5.4327917e-05
1.0517558,0.06844884,0.0014121011,5.4327655e-05
1.0517558,0.068449005,0.0014120972,5.432724e-05
1.0517558,0.06844923,0.0014120912,5.4326774e-05
1.0517558,0.068449415,0.0014120858,5.4326312e-05
1.0517558,0.06844962,0.0014120803,5.432579e-05
1.0517558,0.068449795,0.0014120743,5.432527e-05
1.0517558,0.068449974,0.0014120697,5.432486e-05
1.0517558,0.06845017,0.0014120635,5.432439e-05
1.0517559,0.06845031,0.0014120602,5.4324082e-05
1.0517559,0.06845053,0.0014120542,5.4323566e-05
1.0517559,0.06845071,0.0014120487,5.4323147e-05
1.0517559,0.06845089,0.0014120433,5.432263e-05
1.0517559,0.068451084,0.0014120387,5.4322165e-05
1.0517559,0.0684512,0.0014120354,5.4321907e-05
1.0517559,0.06845139,0.0014120304,5.432149e-05
1.0517559,0.06845161,0.0014120244,5.4320968e-05
1.0517559,0.0684518,0.001412019,5.4320506e-05
1.0517559,0.06845198,0.0014120137,5.431999e-05
1.0517559,0.06845201,0.0014120137,5.431999e-05
1.0517559,0.0684523,0.0014120062,5.431932e-05
1.0517559,0.068452515,0.0014120007,5.431885e-05
1.0517559,0.0684527,0.0014119948,5.431839e-05
1.0517559,0.06845282,0.0014119914,5.4318072e-05
1.0517559,0.06845294,0.0014119894,5.431787e-05
1.0517559,0.06845316,0.001411984,5.43174e-05
1.0517559,0.068453394,0.0014119773,5.4316777e-05
1.0517559,0.06845352,0.001411974,5.4316464e-05
1.0517559,0.0684537,0.0014119686,5.4316057e-05
1.051756,0.068453945,0.0014119626,5.4315537e-05
1.051756,0.06845413,0.0014119559,5.4315013e-05
1.051756,0.06845431,0.0014119506,5.43145e-05
1.051756,0.068454504,0.0014119451,5.431398e-05
1.051756,0.06845468,0.0014119383,5.4313514e-05
1.051756,0.06845486,0.0014119337,5.4313048e-05
1.051756,0.06845506,0.0014119282,5.4312583e-05
1.051756,0.068455264,0.001411923,5.431212e-05
1.051756,0.06845543,0.0014119175,5.4311648e-05
1.051756,0.06845563,0.0014119121,5.4311186e-05
1.051756,0.06845581,0.0014119074,5.4310767e-05
1.051756,0.068455994,0.0014119021,5.4310356e-05
1.051756,0.06845618,0.0014118974,5.430989e-05
1.051756,0.068456344,0.0014118919,5.4309417e-05
1.051756,0.06845653,0.0014118865,5.4308955e-05
1.051756,0.068456694,0.001411882,5.430849e-05
1.051756,0.068456896,0.0014118771,5.4308075e-05
1.051756,0.06845706,0.0014118718,5.4307664e-05
1.051756,0.068457246,0.0014118671,5.430725e-05
1.051756,0.068457425,0.0014118615,5.4306784e-05
1.0517561,0.06845755,0.0014118575,5.430647e-05
1.0517561,0.06845773,0.0014118542,5.430611e-05
1.0517561,0.06845795,0.0014118488,5.430559e-05
1.0517561,0.0684581,0.0014118447,5.4305285e-05
1.0517561,0.06845826,0.0014118407,5.4304917e-05
1.0517561,0.068458475,0.0014118346,5.4304404e-05
1.0517561,0.068458684,0.0014118301,5.430393e-05
1.0517561,0.06845879,0.001411826,5.430357e-05
1.0517561,0.06845898,0.0014118218,5.4303207e-05
1.0517561,0.06845831,0.0014118494,5.4305172e-05
1.0517561,0.068459176,0.001411828,5.430357e-05
1.0517561,0.068459466,0.0014118212,5.4302847e-05
1.0517561,0.068459645,0.0014118132,5.4302272e-05
1.0517561,0.06845983,0.0014118056,5.4301658e-05
1.0517561,0.06846005,0.001411799,5.4301032e-05
1.0517561,0.06846023,0.0014117908,5.4300413e-05
1.0517561,0.06846043,0.0014117856,5.4299897e-05
1.0517561,0.06846063,0.0014117796,5.4299373e-05
1.0517561,0.06846081,0.0014117728,5.429886e-05
1.0517561,0.06846099,0.001411766,5.429834e-05
1.0517561,0.068461195,0.0014117607,5.4297827e-05
1.0517563,0.068461396,0.0014117545,5.4297358e-05
1.0517563,0.068461575,0.0014117493,5.4296845e-05
1.0517563,0.06846175,0.0014117439,5.4296426e-05
1.0517563,0.06846194,0.0014117385,5.4295906e-05
1.0517563,0.068462126,0.001411733,5.429544e-05
1.0517563,0.06846231,0.0014117276,5.429492e-05
1.0517563,0.06846248,0.0014117225,5.4294513e-05
1.0517563,0.06846268,0.0014117169,5.4294098e-05
1.0517563,0.068462856,0.0014117121,5.429363e-05
1.0517563,0.068463,0.0014117095,5.4293374e-05
1.0517563,0.06846322,0.0014117027,5.4292854e-05
1.0517563,0.0684634,0.001411698,5.429244e-05
1.0517563,0.06846326,0.0014117033,5.42928e-05
1.0517563,0.06846368,0.001411694,5.4291973e-05
1.0517563,0.0684639,0.0014116872,5.4291406e-05
1.0517563,0.06846408,0.0014116818,5.4290937e-05
1.0517563,0.06846426,0.0014116758,5.429042e-05
1.0517563,0.06846441,0.001411673,5.4290165e-05
1.0517563,0.068464465,0.0014116719,5.4290005e-05
1.0517563,0.06846469,0.0014116677,5.4289594e-05
1.0517563,0.068464965,0.0014116598,5.4288917e-05
1.0517564,0.068465106,0.0014116557,5.4288557e-05
1.0517564,0.06846533,0.0014116489,5.4287986e-05
1.0517564,0.068465464,0.0014116449,5.4287626e-05
1.0517564,0.068465695,0.0014116368,5.428706e-05
1.0517564,0.068465844,0.0014116341,5.428664e-05
1.0517564,0.068465896,0.0014116334,5.428654e-05
1.0517564,0.06846612,0.0014116295,5.428612e-05
1.0517564,0.0684663,0.0014116239,5.428576e-05
1.0517564,0.068466574,0.001411616,5.4285087e-05
1.0517564,0.068466775,0.0014116091,5.428457e-05
1.0517564,0.06846697,0.0014116039,5.4284e-05
1.0517564,0.06846709,0.0014115998,5.428364e-05
1.0517564,0.068467215,0.0014115957,5.4283384e-05
1.0517564,0.068467446,0.0014115904,5.428286e-05
1.0517564,0.068467624,0.0014115851,5.428245e-05
1.0517564,0.06846781,0.0014115801,5.428203e-05
1.0517564,0.06846799,0.0014115763,5.428157e-05
1.0517564,0.06846789,0.0014115797,5.4281878e-05
1.0517564,0.06846824,0.0014115736,5.4281256e-05
1.0517564,0.06846843,0.0014115681,5.428085e-05
1.0517564,0.068468615,0.001411563,5.428043e-05
1.0517565,0.06846883,0.0014115566,5.4279863e-05
1.0517565,0.06846907,0.0014115487,5.427924e-05
1.0517565,0.06846929,0.0014115418,5.4278615e-05
1.0517565,0.06846944,0.0014115365,5.4278204e-05
1.0517565,0.06846966,0.0014115297,5.427758e-05
1.0517565,0.06846985,0.0014115237,5.4277065e-05
1.0517565,0.06847005,0.0014115169,5.4276552e-05
1.0517565,0.06847023,0.0014115102,5.427603e-05
1.0517565,0.06847033,0.0014115089,5.4275773e-05
1.0517565,0.06847054,0.0014115036,5.4275304e-05
1.0517565,0.06847073,0.0014114996,5.4274893e-05
1.0517565,0.06847081,0.0014114981,5.4274737e-05
1.0517565,0.06847112,0.0014114901,5.4274064e-05
1.0517565,0.06847132,0.0014114814,5.4273543e-05
1.0517565,0.06847152,0.0014114748,5.4272925e-05
1.0517565,0.0684717,0.00141147,5.4272463e-05
1.0517565,0.068471886,0.001411464,5.427199e-05
1.0517565,0.06847207,0.0014114586,5.4271528e-05
1.0517565,0.06847225,0.0014114532,5.4271008e-05
1.0517567,0.06847239,0.0014114504,5.427075e-05
1.0517567,0.06847262,0.0014114438,5.4270233e-05
1.0517567,0.06847281,0.0014114385,5.426972e-05
1.0517567,0.06847299,0.001411433,5.42693e-05
1.0517567,0.068473116,0.001411429,5.426894e-05
1.0517567,0.068473354,0.001411423,5.4268472e-05
1.0517567,0.06847353,0.0014114182,5.4268006e-05
1.0517567,0.06847372,0.0014114128,5.4267544e-05
1.0517567,0.0684739,0.0014114074,5.4267024e-05
1.0517567,0.068474025,0.0014114041,5.4266766e-05
1.0517567,0.06847425,0.0014113979,5.42662e-05
1.0517567,0.06847446,0.0014113927,5.4265733e-05
1.0517567,0.068474635,0.0014113873,5.4265318e-05
1.0517567,0.06847482,0.0014113826,5.4264856e-05
1.0517567,0.06847497,0.001411377,5.4264387e-05
1.0517567,0.06847515,0.001411371,5.426392e-05
1.0517567,0.06847534,0.001411367,5.4263503e-05
1.0517567,0.06847554,0.0014113616,5.426304e-05
1.0517567,0.0684757,0.0014113561,5.4262626e-05
1.0517567,0.06847589,0.0014113516,5.426222e-05
1.0517569,0.068476066,0.0014113461,5.4261698e-05
1.0517569,0.06847626,0.0014113415,5.4261283e-05
1.0517569,0.06847643,0.0014113368,5.4260865e-05
1.0517569,0.06847662,0.0014113315,5.4260403e-05
1.0517569,0.0684768,0.0014113259,5.4259985e-05
1.0517569,0.06847692,0.0014113232,5.4259675e-05
1.0517569,0.06847711,0.0014113191,5.4259315e-05
1.0517569,0.068477325,0.0014113139,5.4258802e-05
1.0517569,0.06847741,0.0014113118,5.4258595e-05
1.0517569,0.06847756,0.0014113091,5.425833e-05
1.0517569,0.06847784,0.0014113018,5.425771e-05
1.0517569,0.06847804,0.0014112964,5.425724e-05
1.0517569,0.06847823,0.0014112904,5.425678e-05
1.0517569,0.068478346,0.0014112863,5.4256365e-05
1.0517569,0.06847852,0.0014112823,5.4256005e-05
1.0517569,0.068478696,0.0014112783,5.425559e-05
1.0517569,0.06847894,0.0014112715,5.4255077e-05
1.0517569,0.06847913,0.0014112662,5.4254557e-05
1.0517569,0.06847931,0.0014112607,5.4254142e-05
1.0517569,0.068479486,0.0014112548,5.4253625e-05
1.0517569,0.06847968,0.0014112487,5.425316e-05
1.051757,0.06847986,0.0014112433,5.4252694e-05
1.051757,0.06848004,0.0014112378,5.4252225e-05
1.051757,0.068480216,0.0014112325,5.425176e-05
1.051757,0.06848041,0.0014112276,5.4251344e-05
1.051757,0.06848059,0.0014112223,5.4250882e-05
1.051757,0.06848074,0.0014112189,5.4250522e-05
1.051757,0.068480946,0.0014112123,5.4250002e-05
1.051757,0.06848113,0.0014112082,5.4249536e-05
1.051757,0.06848132,0.0014112035,5.4249074e-05
1.051757,0.06848116,0.0014112088,5.4249536e-05
1.051757,0.06848156,0.0014112006,5.424881e-05
1.051757,0.0684817,0.0014111975,5.4248554e-05
1.051757,0.06848196,0.0014111901,5.424783e-05
1.051757,0.06848217,0.0014111834,5.424731e-05
1.051757,0.068482354,0.001411178,5.4246844e-05
1.051757,0.06848253,0.0014111719,5.4246328e-05
1.051757,0.06848272,0.0014111651,5.4245815e-05
1.051757,0.0684829,0.0014111605,5.4245345e-05
1.051757,0.068483055,0.0014111571,5.4244985e-05
1.051757,0.06848327,0.0014111496,5.4244465e-05
1.0517571,0.06848341,0.0014111464,5.4244152e-05
1.0517571,0.068483576,0.0014111422,5.4243745e-05
1.0517571,0.0684838,0.0014111354,5.4243228e-05
1.0517571,0.06848394,0.0014111316,5.4242813e-05
1.0517571,0.06848412,0.0014111268,5.424245e-05
1.0517571,0.068484314,0.0014111229,5.4242035e-05
1.0517571,0.06848454,0.0014111161,5.4241416e-05
1.0517571,0.068484716,0.0014111107,5.4240947e-05
1.0517571,0.06848485,0.0014111073,5.4240587e-05
1.0517633,0.06865376,0.001405502,5.3810985e-05
1.0517663,0.06869406,0.0014021919,5.3566368e-05
1.0517687,0.06871616,0.0013993527,5.3364936e-05
1.0517706,0.06873603,0.001396935,5.3192096e-05
1.0517722,0.0687544,0.0013948819,5.3043885e-05
1.0517738,0.06877076,0.0013931418,5.2917836e-05
1.051775,0.06878517,0.001391663,5.2810465e-05
1.0517759,0.06879773,0.0013904076,5.271914e-05
1.0517768,0.06880833,0.0013893468,5.2641975e-05
1.0517776,0.06881753,0.0013884469,5.2576514e-05
1.0517782,0.06882529,0.0013876888,5.252134e-05
1.0517787,0.06883181,0.0013870521,5.2475087e-05
1.0517792,0.0688373,0.0013865227,5.2436615e-05
1.0517796,0.06884167,0.0013860904,5.2405274e-05
1.0517799,0.06884541,0.0013857418,5.237989e-05
