0.00038122083,-0.049759105,-0.09994479,0.016668785
0.0007431466,-0.05199758,-0.102330595,0.009815638
0.0007037554,-0.05126771,-0.10804687,0.006018999
0.000108568514,-0.047640245,-0.11317778,0.009419201
-0.00030014836,-0.046070933,-0.11028213,0.014373504
-0.00037999547,-0.045565303,-0.10695686,0.018173387
-0.00024326095,-0.04605707,-0.10392635,0.019830002
0.00023072983,-0.04879425,-0.10085245,0.016314333
0.00036250654,-0.048956655,-0.10446678,0.013809427
0.00040865602,-0.049482547,-0.1053178,0.011512022
0.0005735471,-0.050443724,-0.106011495,0.007891422
0.0002094631,-0.047569945,-0.111434005,0.0098746
0.00019726153,-0.047893863,-0.10763498,0.010360221
0.00029109663,-0.047673136,-0.10787192,0.010085758
0.0003998132,-0.04780353,-0.10747296,0.00921478
0.0002967196,-0.04668119,-0.10910657,0.0102968365
0.00011487934,-0.045705203,-0.10861068,0.012869639
-0.00022721231,-0.043896645,-0.10836676,0.01822672
-1.0990091e-05,-0.04560914,-0.10234586,0.019046377
0.00031587298,-0.04716736,-0.101832494,0.016983997
0.0003837181,-0.047402687,-0.1037391,0.015708383
0.00057433196,-0.0489691,-0.1031495,0.01241996
0.0005852824,-0.049005266,-0.10619331,0.010078014
0.0004034524,-0.048010077,-0.10837785,0.010157145
-8.36377e-05,-0.045401145,-0.11034449,0.014896679
-0.00046009064,-0.04413109,-0.10722931,0.020902377
-0.0003352933,-0.045219053,-0.102048315,0.023249079
0.00042355855,-0.04995647,-0.09743997,0.016724782
0.0009678247,-0.052703355,-0.10167671,0.0076613408
0.00089456677,-0.051889922,-0.10903194,0.0028874537
4.8059792e-05,-0.04665066,-0.11622357,0.00841476
-0.00028699785,-0.04569239,-0.11005373,0.013583093
-0.00024909838,-0.045353826,-0.10699001,0.016759995
-0.000103942446,-0.045828626,-0.10444672,0.018117268
0.0002205177,-0.04749812,-0.102393866,0.016278747
0.00054972037,-0.04913691,-0.10296125,0.012274187
0.0006747472,-0.049759377,-0.105692305,0.008590051
0.0009929065,-0.052010875,-0.10592044,0.0020033133
0.00080707227,-0.04970084,-0.1132763,0.00027745237
0.0003231864,-0.046440814,-0.11537646,0.004047972
-0.000101214224,-0.043709155,-0.11350577,0.010590662
-0.00042871767,-0.041723758,-0.10981424,0.018441781
-0.00022368357,-0.043137815,-0.10265169,0.021583743
0.00014516349,-0.04505776,-0.100330725,0.020986047
0.00043507176,-0.04690468,-0.1003284,0.018394642
0.00039606533,-0.046803903,-0.10312024,0.017745562
0.00015406904,-0.04630618,-0.104141556,0.019224042
0.00021289842,-0.04760135,-0.10201938,0.018411826
0.00026567775,-0.048154786,-0.10309122,0.017096361
0.00021899582,-0.048319478,-0.10417122,0.016310565
-2.96939e-05,-0.04732352,-0.10585503,0.017950322
3.7187277e-05,-0.04854531,-0.10325883,0.017207934
-2.7472071e-05,-0.0484102,-0.104990035,0.017193213
3.1797063e-05,-0.049255364,-0.10407974,0.016021008
4.2249096e-05,-0.04932881,-0.105327055,0.01506882
0.00014090056,-0.04999335,-0.10517526,0.013158358
0.0003581358,-0.05095553,-0.10563046,0.009628865
0.00013302811,-0.048813157,-0.110162206,0.010319839
6.463023e-05,-0.04849449,-0.10828817,0.010995238
8.800571e-05,-0.048097223,-0.10807821,0.011356896
-2.1413298e-05,-0.046841934,-0.108580396,0.013376981
-0.00024192875,-0.045314144,-0.10790585,0.01743642
-3.976075e-05,-0.046681643,-0.1032471,0.01780418
0.0005324673,-0.049755953,-0.1011914,0.012430046
0.00046397344,-0.048320573,-0.107470736,0.011213024
0.00048953807,-0.048916057,-0.106280476,0.0095070135
0.00065526617,-0.049709134,-0.107039906,0.006286986
0.00083717285,-0.05026971,-0.10856813,0.0023075216
0.0006118743,-0.04793086,-0.11330394,0.0026683137
0.00016257554,-0.045010228,-0.11407679,0.0075147664
-0.0009572693,-0.039226804,-0.11559446,0.022020206
-0.0012289068,-0.039416034,-0.10277085,0.03270911
-0.00026980756,-0.044676356,-0.09258606,0.03057472
0.0010095983,-0.05200853,-0.09115692,0.017170882
0.00095092226,-0.050501425,-0.10422278,0.011797999
0.0002996502,-0.04800703,-0.10855314,0.013804423
-4.0433555e-05,-0.047239035,-0.10679021,0.016492939
0.00017408906,-0.049070556,-0.10337583,0.014671885
0.00034178983,-0.049803477,-0.105138406,0.011828919
5.8568367e-05,-0.047734648,-0.10899279,0.013438995
-0.00021351271,-0.046752047,-0.10761096,0.016542383
-0.00014812517,-0.047505964,-0.104638144,0.017308258
-0.00012502712,-0.047616772,-0.104783975,0.017851328
-2.183098e-05,-0.048419077,-0.1037663,0.017163754
7.338996e-05,-0.04894423,-0.104229555,0.015903546
0.00044806342,-0.050891653,-0.10312595,0.011251619
0.00062753935,-0.05106945,-0.10668635,0.0069862264
0.00022506482,-0.048025716,-0.111972265,0.008876754
-0.00014437211,-0.046430673,-0.11033798,0.012899221
0.00015455407,-0.048075087,-0.10522776,0.011913727
0.00014627152,-0.046816517,-0.10810988,0.012812837
0.00014644103,-0.046792276,-0.106442876,0.01363019
-0.00021923879,-0.044557583,-0.108376205,0.018501932
-0.0002316942,-0.0452632,-0.10334238,0.021166192
5.5885055e-05,-0.046887677,-0.10102337,0.020267073
0.00043280865,-0.049092256,-0.10063345,0.016141804
0.00064129685,-0.050299235,-0.10332694,0.011490922
0.00024714266,-0.047749218,-0.10909747,0.012916136
-0.00010107125,-0.046582945,-0.10765839,0.016223274
-3.6778718e-05,-0.047321416,-0.104511686,0.016898671
0.0003344114,-0.049583692,-0.10271152,0.013245897
0.00083495496,-0.052476067,-0.10356073,0.0055726883
0.0014882121,-0.05649603,-0.10570548,-0.006925761
0.0017819749,-0.057008818,-0.11421727,-0.018058341
0.0009778674,-0.04916916,-0.12828568,-0.015504515
-0.0006673486,-0.03924789,-0.13157417,0.0025131188
-1.6528169e-05,-0.04336796,-0.10737291,0.0054617864
0.0010858269,-0.046121255,-0.106696114,-0.00035355138
0.0018261236,-0.04852949,-0.10836469,-0.008773699
0.0012652442,-0.042448223,-0.12099198,-0.004638213
-0.00010738015,-0.03608108,-0.12086507,0.011369528
-0.00055588566,-0.03552688,-0.10740267,0.02404602
0.000404294,-0.04064576,-0.09523095,0.02292315
0.0010950293,-0.04346082,-0.09710905,0.018423786
0.0012391622,-0.044824254,-0.1002855,0.015045693
0.0011287036,-0.045520008,-0.10286392,0.013108648
0.0011611492,-0.047402266,-0.10315331,0.009415749
0.0008711727,-0.04665877,-0.10791277,0.0089173615
0.000121003424,-0.04385039,-0.110948905,0.014822137
-0.0002900525,-0.043218147,-0.106440134,0.020876406
2.6621245e-05,-0.04554884,-0.10056324,0.02090112
0.00041074795,-0.0482359,-0.1002108,0.017036758
0.0008542365,-0.051523518,-0.101243615,0.009481499
0.0008747082,-0.051860616,-0.10750629,0.004064995
0.00039594423,-0.048822347,-0.11337378,0.0053043915
-0.0007139658,-0.04267098,-0.116720006,0.01702932
-0.00071069587,-0.04374933,-0.104262136,0.022856876
9.205152e-05,-0.04783667,-0.098510064,0.018988915
0.0005181199,-0.04918984,-0.101912424,0.014234174
0.00048355694,-0.048832815,-0.10557132,0.012245077
0.00023983531,-0.047730636,-0.10753249,0.01308844
-2.0435775e-05,-0.046784244,-0.10741796,0.015509905
0.0006458977,-0.051518146,-0.10102722,0.0086131515
0.0026857164,-0.06850368,-0.09388827,-0.022288935
0.0028347129,-0.06234915,-0.12535071,-0.040005848
0.0017956224,-0.052951146,-0.13832942,-0.038757462
0.0007679984,-0.043353014,-0.14061843,-0.027385006
0.0007312943,-0.04072722,-0.12761112,-0.019329462
0.0013616876,-0.040414814,-0.12071851,-0.017540555
0.001764115,-0.038820013,-0.120312415,-0.015708895
0.001287411,-0.03345744,-0.123756,-0.00496086
0.0011121951,-0.032961585,-0.11269733,0.0039327173
0.0014572439,-0.034328282,-0.10633532,0.0077491556
0.0017746494,-0.035832047,-0.10388777,0.00910192
0.0016594924,-0.03572906,-0.10488145,0.012772769
0.0014394581,-0.036317065,-0.102613546,0.016748717
0.001532078,-0.038612776,-0.099187426,0.017056523
0.0020486803,-0.043621458,-0.096735716,0.009793968
0.0021911475,-0.046478186,-0.10278434,0.0021323948
0.0017410889,-0.04533429,-0.1104776,0.0005227284
0.0012498164,-0.044802614,-0.11157471,0.0014486416
0.001729214,-0.04980271,-0.10591169,-0.0066219685
0.0020813588,-0.05125593,-0.112867355,-0.015768735
0.0014140159,-0.045784675,-0.12447415,-0.0136407195
0.0002901108,-0.03978353,-0.12537491,-0.0017200084
-0.0002344408,-0.037393596,-0.11604668,0.010220695
0.0001699614,-0.039325837,-0.10542527,0.014411561
0.00057215674,-0.04055651,-0.10347883,0.015808245
0.00089896086,-0.04246752,-0.10161695,0.014795444
0.000858162,-0.042352613,-0.10382691,0.015832754
0.0007767811,-0.04299047,-0.102721624,0.016825253
0.00076720555,-0.04393357,-0.10219984,0.016875993
0.00076000625,-0.045098428,-0.10227875,0.016013728
0.0006586346,-0.045594305,-0.103531905,0.015646333
0.00066357537,-0.046753086,-0.10325976,0.014132125
0.0011875301,-0.051151555,-0.10114117,0.0057570627
0.001446408,-0.052932303,-0.107476294,-0.0030782432
0.0013285016,-0.052382614,-0.113909654,-0.008503708
0.0004665364,-0.04619772,-0.12276534,-0.0030074618
-0.00081879843,-0.039610937,-0.1218927,0.012491304
-0.00082400534,-0.040323336,-0.10683441,0.021272127
-3.0315137e-05,-0.043781344,-0.09948482,0.020598909
0.00067259575,-0.046733525,-0.09927778,0.015567889
0.0009179272,-0.04783423,-0.102918684,0.011255408
0.00062262017,-0.046200465,-0.10759397,0.011981662
0.00042658843,-0.046041712,-0.106309935,0.013215465
0.0004357093,-0.04645204,-0.10540296,0.013232376
0.00026904856,-0.04553896,-0.106721856,0.015060667
0.00040491577,-0.046899065,-0.10376131,0.014107064
0.00061865465,-0.048099414,-0.104285575,0.011272481
0.0004945076,-0.04752209,-0.107412644,0.010750959
8.674309e-05,-0.04578222,-0.109151654,0.014074672
-0.00025759733,-0.04485751,-0.10724254,0.018688615
-0.00020118558,-0.045721155,-0.10328043,0.020624116
6.601839e-05,-0.047092553,-0.10150229,0.019674534
0.00013554748,-0.047486715,-0.102695934,0.018948412
0.0002008688,-0.0483624,-0.102642365,0.017531065
0.00018056539,-0.048577555,-0.10400014,0.016550899
0.0002673396,-0.049582835,-0.103843905,0.014322742
0.00029543848,-0.049666137,-0.10570514,0.012427598
-0.0001039749,-0.047260344,-0.10915245,0.015374704
-0.0005989336,-0.04512194,-0.10794656,0.021647956
-0.0011300979,-0.042929057,-0.10527062,0.030762905
-0.001298649,-0.043163825,-0.09877641,0.037979588
-0.0006579706,-0.04749779,-0.09161023,0.0361192
0.00030902354,-0.053551182,-0.090645,0.025265051
0.00079612574,-0.056636464,-0.097610265,0.0134123145
0.00056940044,-0.055304006,-0.10709603,0.0076106233
-1.6863716e-05,-0.052092616,-0.11243604,0.008469308
-0.0005025418,-0.04942412,-0.11232007,0.012546602
0.00013274093,-0.053319864,-0.1043522,0.0073055173
0.00054188503,-0.05365892,-0.109418176,0.0010297683
0.0003463978,-0.050784692,-0.1150975,0.0003943137
-0.00041867423,-0.045405865,-0.11854494,0.008358624
-0.00063431944,-0.04429424,-0.11073862,0.015170331
-0.0004905609,-0.04415136,-0.10625118,0.019337887
-4.954228e-05,-0.045854744,-0.10189077,0.01910371
0.0006182409,-0.048867058,-0.10013943,0.01349701
0.0006929785,-0.047993165,-0.10579043,0.011139927
0.0006140138,-0.047769535,-0.106533065,0.010182919
0.0005851306,-0.047763687,-0.107145615,0.009251166
0.0026033137,-0.06603371,-0.09214222,-0.019550048
0.0034984604,-0.06789736,-0.116612665,-0.04672111
0.0026984436,-0.057153847,-0.14096865,-0.05244522
0.001166676,-0.04291081,-0.15138456,-0.038642142
-0.0013984033,-0.028474081,-0.15223685,-0.0057864552
-0.0017156804,-0.027660502,-0.117079094,0.016893866
-0.00010586306,-0.032783713,-0.098656215,0.020502878
0.001173569,-0.03652204,-0.09662089,0.017953487
0.001806319,-0.039564673,-0.097557776,0.013844076
0.0017302791,-0.03976306,-0.10215855,0.013732565
0.0013253503,-0.039618745,-0.103135504,0.01659366
0.0012356252,-0.041530445,-0.1004397,0.016781172
0.0013085597,-0.043330565,-0.100650966,0.014893677
0.0011679725,-0.04380934,-0.10304277,0.0141993025
0.0010596651,-0.044838548,-0.103220835,0.013078438
0.0006552653,-0.044880044,-0.10587575,0.014258739
0.00047148234,-0.04622383,-0.10452024,0.014277673
0.0003266418,-0.046898533,-0.10545692,0.014253462
0.0003348883,-0.048223987,-0.104916535,0.012824188
0.0016211271,-0.057915483,-0.097739436,-0.0043760533
0.0020205346,-0.057799645,-0.11336548,-0.018234875
0.0011502574,-0.050248645,-0.1276331,-0.016820762
-0.00020685296,-0.041722324,-0.13006629,-0.002798401
0.00038185998,-0.04527406,-0.1102514,-0.0016779127
0.0015083273,-0.048577145,-0.109259784,-0.00996526
0.002801217,-0.055792432,-0.10767468,-0.028031832
0.0030578095,-0.052247196,-0.12529136,-0.038509544
0.0016182937,-0.03941392,-0.142642,-0.026568085
0.00079774397,-0.035271134,-0.12764145,-0.012493279
-3.5718e-05,-0.029482046,-0.12522748,0.006538417
-0.00045261814,-0.02840772,-0.109693505,0.023659049
0.0004649563,-0.03302643,-0.09456714,0.027186548
0.0022260349,-0.042426992,-0.08759552,0.013264674
0.003324645,-0.048649266,-0.095945634,-0.0047424366
0.003104867,-0.048048254,-0.11105714,-0.0137153715
0.0016610371,-0.04071144,-0.124109276,-0.0057654474
0.00048425418,-0.037273757,-0.11773127,0.0067215315
0.00021821546,-0.036938597,-0.108970515,0.015580771
0.0004468415,-0.03903438,-0.10229613,0.018878333
0.00083956675,-0.04190823,-0.09964013,0.017661422
0.0009330509,-0.043899402,-0.10119179,0.015896967
0.0008800731,-0.045431755,-0.10258371,0.0141911805
0.0008146712,-0.046392754,-0.10397241,0.012615122
0.0006523254,-0.04684867,-0.10565371,0.011849257
0.00013948898,-0.04431677,-0.108872704,0.016446024
-0.0006303421,-0.041267976,-0.10770415,0.026409367
-0.0005371665,-0.043266755,-0.09842946,0.030349912
-4.6549187e-05,-0.046724822,-0.09523542,0.027932793
0.001150595,-0.055651408,-0.091738805,0.012133224
0.0016488268,-0.058559697,-0.10342121,-0.003212492
0.0023101598,-0.06562512,-0.10689909,-0.023872504
0.0031101948,-0.07316911,-0.11503092,-0.050175153
0.0045123785,-0.10015153,-0.107883684,-0.0942865
0.0050476603,-0.09963526,-0.1381875,-0.13564077
0.004306782,-0.06567392,-0.18460982,-0.1408105
0.0028947478,-0.031695865,-0.20526797,-0.11035897
0.0012442538,-0.011952718,-0.19379388,-0.06710732
-0.0002723208,-0.0042615957,-0.16158241,-0.023564026
0.00066843233,-0.005737322,-0.11651842,-5.075334e-05
0.0033428506,-0.012286633,-0.09612507,0.0005527864
0.0051755332,-0.017537406,-0.09673062,-0.0033416399
0.0056265374,-0.020891594,-0.1000428,-0.0049999123
0.005509008,-0.023754517,-0.10158225,-0.0060642897
0.005141799,-0.025852563,-0.10412516,-0.0058820834
0.004753983,-0.028037148,-0.10464347,-0.0061035682
0.00404097,-0.028094918,-0.10886651,-0.0016806953
0.002944001,-0.027890433,-0.10879435,0.007312838
0.0017061641,-0.028488051,-0.10586697,0.019196622
0.0010924286,-0.031751856,-0.098179705,0.026881656
0.001809016,-0.04065204,-0.089515336,0.019203624
0.0022921453,-0.046264555,-0.096156105,0.008243994
0.0019277768,-0.046918936,-0.10600198,0.0032033464
0.0011749174,-0.044988185,-0.11151877,0.004990862
0.00048823902,-0.043333948,-0.111395165,0.010118144
0.00015989649,-0.04312573,-0.10804706,0.014645752
0.00053597963,-0.046182822,-0.10260849,0.0125325415
0.0015078956,-0.05258608,-0.10015292,0.00015498376
0.0040410184,-0.083343334,-0.087316416,-0.04735704
0.004776395,-0.08347224,-0.12662573,-0.0877364
0.0035438528,-0.063405305,-0.1636465,-0.09361111
0.0012229866,-0.036845412,-0.18593244,-0.06738829
-0.0023013672,-0.018542422,-0.17786525,-0.018869987
-0.004015265,-0.014082032,-0.1319377,0.024551857
-0.0019043892,-0.019485835,-0.0935208,0.039636318
0.00076766376,-0.027685266,-0.08224763,0.036112916
0.0024417557,-0.03475473,-0.083492875,0.02624934
0.002984376,-0.03913472,-0.09019259,0.017462542
0.002717169,-0.040725157,-0.09754348,0.01327957
0.0024224094,-0.042988412,-0.09991244,0.009069126
0.0019409579,-0.04256215,-0.10535752,0.008610904
0.0012778657,-0.041462906,-0.10728761,0.01193388
0.0006509632,-0.04068113,-0.106482,0.017350702
0.0004906204,-0.043712575,-0.10157571,0.018114148
0.00030515477,-0.044887215,-0.10320399,0.018917384
0.0004106022,-0.048290696,-0.101091966,0.015785046
0.0005011482,-0.050138593,-0.10389316,0.011691986
0.00016301023,-0.04829344,-0.10885762,0.012582999
-0.00037273148,-0.045636576,-0.10944388,0.018190892
-0.000732679,-0.044337038,-0.10588895,0.02473584
-0.00072402455,-0.04480139,-0.101069026,0.028849902
-0.0007883433,-0.044738933,-0.09937832,0.032970417
-0.00066435494,-0.046272658,-0.09592596,0.034466658
-0.00057246827,-0.047551297,-0.09533383,0.034731444
-0.00027973638,-0.050542735,-0.09393624,0.031054461
0.00015164612,-0.054104473,-0.09520071,0.023243234
0.00052000256,-0.057123665,-0.099314556,0.013114842
0.00023063402,-0.05499643,-0.108561546,0.009123508
-0.0003895704,-0.051594045,-0.11250926,0.01158114
-0.0007774994,-0.04937608,-0.11080055,0.015986903
-0.0006403359,-0.049941737,-0.106259026,0.016991213
-0.00037252787,-0.050594967,-0.10533284,0.01570846
0.00014561738,-0.052947007,-0.103909336,0.010187324
0.00036426247,-0.052777633,-0.10825987,0.0056041223
-0.00030482662,-0.047440127,-0.11542025,0.010884811
-0.0005737254,-0.046167724,-0.10941643,0.016341018
-1.5906286e-06,-0.0486855,-0.10302732,0.01427095
0.00039431095,-0.049291257,-0.10507544,0.010854658
0.0008955213,-0.05161784,-0.10464143,0.004039787
0.000576991,-0.04789228,-0.113466226,0.0047184466
-0.00059016846,-0.041659206,-0.11673184,0.016929941
0.0003733453,-0.04893278,-0.09804156,0.011710551
0.002822257,-0.067373596,-0.0912027,-0.0213956
0.0035712086,-0.06772372,-0.118184894,-0.04822814
0.0025057676,-0.05473939,-0.14421007,-0.050380573
0.00057833665,-0.03940007,-0.15313001,-0.031094763
-0.0013678162,-0.028933298,-0.1423168,-0.0012784622
-0.0012776514,-0.028984321,-0.11374745,0.017089635
0.0006501931,-0.03604964,-0.09596661,0.014370957
0.002325871,-0.0421486,-0.09648408,0.0023624653
0.0025557983,-0.04155507,-0.10766775,-0.0022579834
0.0017862966,-0.03841772,-0.11334614,0.0028929352
0.00086939376,-0.035718247,-0.11165949,0.013345181
0.00045614343,-0.03597753,-0.10432428,0.02175191
0.0012139007,-0.041491367,-0.09494068,0.01783766
0.0017588652,-0.044006694,-0.09890863,0.011715261
0.0015815825,-0.04440451,-0.10418305,0.00922735
0.00061824685,-0.041697145,-0.10989809,0.015366841
-5.6920268e-05,-0.04147917,-0.105438545,0.022323055
-2.7443184e-05,-0.043871894,-0.09999487,0.024204701
0.00039223945,-0.047400378,-0.09781665,0.02044182
0.0011291571,-0.05257678,-0.09769195,0.009616828
0.0012731423,-0.053127136,-0.106523395,0.001380569
0.0006687136,-0.049680464,-0.1147885,0.0016670275
-0.00060615287,-0.043233808,-0.11910343,0.013399556
-0.0006376117,-0.044443153,-0.106154986,0.01895048
7.86531e-05,-0.04769517,-0.10122658,0.015999295
9.793554e-05,-0.046332445,-0.10604162,0.016643262
-0.00043003884,-0.043677792,-0.10710476,0.023157248
-0.0003285488,-0.04557731,-0.10016983,0.02502222
0.00034850946,-0.049804095,-0.09699509,0.019070286
0.001071377,-0.054271556,-0.09913161,0.0076574585
0.001182233,-0.054031774,-0.10814901,-0.00026212685
0.00065957377,-0.050235633,-0.115709215,-0.00010733563
-0.00027559148,-0.044666883,-0.1185247,0.008792847
-0.0005624796,-0.04357397,-0.11029969,0.016129423
-0.0005541791,-0.04334604,-0.10603817,0.021318521
-1.9210034e-05,-0.04633507,-0.100047514,0.01988839
0.0006195229,-0.049582127,-0.09991239,0.013549985
0.0006342074,-0.048714284,-0.10602538,0.010992699
0.00026179664,-0.04705262,-0.10849946,0.012795046
0.00026107393,-0.04788322,-0.105719425,0.012567919
0.00042903732,-0.048496183,-0.10584756,0.010704077
0.0003534598,-0.047330245,-0.10817806,0.011019327
-2.2318482e-05,-0.045123104,-0.10932579,0.015250184
4.3859447e-05,-0.046148684,-0.104463965,0.016416237
9.833806e-05,-0.046416853,-0.104630694,0.016933933
0.00010661098,-0.046822008,-0.10416766,0.01724086
-3.527472e-05,-0.046323806,-0.10489804,0.018989647
0.00026383207,-0.048651546,-0.10139239,0.016340747
0.00047035527,-0.04960179,-0.10372152,0.012823965
3.406408e-05,-0.046746768,-0.10889383,0.015722917
-0.0007331216,-0.043519583,-0.108637124,0.02452183
-0.00081974076,-0.044399634,-0.10096159,0.029630154
0.00018337145,-0.050618485,-0.09359776,0.022093054
0.0007111613,-0.05280859,-0.099750735,0.013385846
0.0006373077,-0.052522246,-0.10607546,0.008507909
0.0010813545,-0.056648538,-0.10485474,-0.0017979422
0.001285602,-0.056596495,-0.11312637,-0.010923894
0.0009058231,-0.05224554,-0.12157009,-0.012296762
0.00020169564,-0.04651553,-0.124610774,-0.0058286483
0.000983723,-0.05097192,-0.11075608,-0.010995558
0.001846042,-0.052503526,-0.11512323,-0.0210435
0.0016296403,-0.046807084,-0.12645017,-0.021152742
0.0008242922,-0.040374428,-0.12838706,-0.011530873
-0.00051725615,-0.032940548,-0.12682481,0.008493925
-0.0008655018,-0.03212369,-0.10919059,0.024300471
0.0006022624,-0.03882557,-0.0929964,0.021413725
0.0021243342,-0.045738053,-0.09310708,0.0077920724
0.0026145917,-0.04797113,-0.10297905,-0.0034692986
0.0019045833,-0.043722484,-0.11510796,-0.0024405106
0.0006943983,-0.038890142,-0.11693337,0.0082278205
-6.0263057e-05,-0.03739228,-0.10967225,0.019384768
-0.00014473431,-0.038494136,-0.10193181,0.02623424
0.0004422406,-0.04270377,-0.095409326,0.024555136
0.00088089716,-0.04559957,-0.096932635,0.020041894
0.0008573813,-0.047172174,-0.100578114,0.016674964
0.0004970626,-0.04704001,-0.10426219,0.016577756
0.00045744196,-0.048846785,-0.10298034,0.014391913
0.0004538685,-0.04956121,-0.10514145,0.011893982
0.0007037668,-0.051350497,-0.105078444,0.0067992406
0.00067457184,-0.05036916,-0.109943554,0.0040463293
0.00015156665,-0.04709556,-0.113975525,0.0074946904
-0.0004181335,-0.044422496,-0.112418726,0.014605943
-0.00061646436,-0.043842405,-0.10718933,0.020645546
-0.00013740607,-0.046520658,-0.10083909,0.019963078
0.0009698979,-0.05287692,-0.09727712,0.008358586
0.0013732126,-0.05360612,-0.10675544,-0.0014057069
0.0012115815,-0.05191856,-0.11358224,-0.005757101
0.00066278916,-0.047753215,-0.11883951,-0.0031326558
9.80699e-05,-0.04401937,-0.11785473,0.0038685948
0.00057740626,-0.046527755,-0.10808007,0.0027296187
0.0012347561,-0.048300594,-0.10867736,-0.0029908773
0.0009647208,-0.04461073,-0.11648724,-0.0011233388
0.0018942947,-0.051969234,-0.104328856,-0.012360392
0.0027366767,-0.0547092,-0.11324054,-0.0274286
0.0021428473,-0.046841756,-0.13083823,-0.027337452
0.0009289659,-0.038773533,-0.13288411,-0.014576366
0.00037471793,-0.035297383,-0.12238873,-0.0015886562
0.0003749072,-0.03408473,-0.11359069,0.008432243
0.0009658685,-0.036474813,-0.104088135,0.010972904
0.0009224446,-0.03566677,-0.10609808,0.016715065
0.0009962436,-0.03775391,-0.10014958,0.019309912
0.001330212,-0.040851835,-0.098006904,0.017378163
0.0011934916,-0.041129626,-0.101562075,0.018129913
0.0014927519,-0.045292024,-0.09782487,0.012774295
0.001723297,-0.047787026,-0.102170855,0.005777351
0.0015138446,-0.04763904,-0.10816656,0.0022273867
0.0012686758,-0.047214422,-0.11047861,0.00065727584
0.00077001314,-0.04532809,-0.11376528,0.0030712408
0.0008315756,-0.047186043,-0.10918414,0.0016243445
0.0010983251,-0.04829357,-0.11031776,-0.0021699546
0.0010450418,-0.047099322,-0.11407272,-0.0032980472
0.0003723337,-0.042604133,-0.118415624,0.0036196227
0.0003701352,-0.043180898,-0.10986977,0.0070471377
0.0010275362,-0.04632495,-0.105448626,0.0028527097
0.0015340712,-0.047629893,-0.108235836,-0.0030842074
0.0010567161,-0.04329999,-0.11674144,0.00028389963
0.0006194538,-0.041607104,-0.11293503,0.005934423
0.0013567343,-0.046126083,-0.10381183,0.0006201544
0.0020780675,-0.049034785,-0.10737256,-0.009081476
0.0040113684,-0.07033731,-0.095232606,-0.044672772
0.005197666,-0.07945322,-0.11743841,-0.08443124
0.0048168176,-0.06772685,-0.15001959,-0.102266364
0.003280427,-0.04182479,-0.18083763,-0.08842249
-0.0006374663,-0.017162373,-0.19758627,-0.03947301
-0.0038972476,-0.01002823,-0.14750138,0.0129720215
-0.0021575324,-0.014490625,-0.098862275,0.033951513
0.0012052301,-0.024001759,-0.082160905,0.028406532
0.0035444696,-0.0330912,-0.08371689,0.012881622
0.0044877967,-0.039288085,-0.09302155,-0.002771852
0.004055213,-0.038692523,-0.10765224,-0.0075243535
0.002700269,-0.034640376,-0.115355894,0.00027784405
0.0014527746,-0.03235663,-0.11156273,0.012505852
0.0010703465,-0.033846352,-0.10262535,0.01988403
0.0011599308,-0.036445964,-0.09823372,0.022472735
0.0009583323,-0.038762778,-0.09810056,0.024589479
0.0009883571,-0.04313752,-0.095850065,0.0221441
0.0010336393,-0.04696542,-0.09809108,0.017204443
0.00048526697,-0.046487533,-0.104676604,0.017758101
0.00014271209,-0.046774823,-0.10377905,0.019173168
0.00010698054,-0.047563434,-0.10277232,0.019116107
0.0003164488,-0.04952721,-0.10180537,0.015929746
-0.00035494004,-0.04566989,-0.10881069,0.021342844
-0.00058298605,-0.046244305,-0.10269489,0.025123492
0.0016155727,-0.06374317,-0.087502874,-0.00079889817
0.0027568135,-0.06952434,-0.1066528,-0.029395975
0.0019469617,-0.0593584,-0.13382304,-0.036525838
0.00036530496,-0.04692763,-0.14279617,-0.024427935
-0.001835073,-0.034190554,-0.14196424,0.0035480866
-0.002299736,-0.032271635,-0.11517728,0.025228307
-0.0002051485,-0.04053187,-0.09292609,0.021856228
0.0015269518,-0.046799798,-0.09473744,0.008801207
0.0020024634,-0.04790147,-0.1043474,-0.00015615583
0.0016878456,-0.045907963,-0.11170841,-0.0018421047
0.0010043833,-0.042475235,-0.11497339,0.0032306046
0.0007390872,-0.041929405,-0.110233665,0.007416333
0.0012823215,-0.045378305,-0.10429496,0.0033979763
0.0016785458,-0.046085395,-0.108115755,-0.0015340995
0.0016579163,-0.0453517,-0.11168871,-0.0037606023
0.0009914265,-0.042102445,-0.116623014,0.0011405388
0.001490558,-0.047417156,-0.105654314,-0.0045231082
0.0036705725,-0.06778063,-0.09493135,-0.038642067
0.003997613,-0.060802706,-0.13173433,-0.059070166
0.0021716466,-0.043133948,-0.15594764,-0.047455966
0.00013742181,-0.030819204,-0.14945917,-0.020974549
-0.0015445115,-0.023698805,-0.13371438,0.010175936
-0.0007865775,-0.026890764,-0.1032378,0.023986863
0.0027049645,-0.04458739,-0.08152248,-0.001429373
0.004696024,-0.052405737,-0.09974857,-0.030203179
0.0045393077,-0.04892951,-0.12260391,-0.042581078
0.002513194,-0.034712076,-0.14491934,-0.027284445
-0.00046147595,-0.024467196,-0.13845485,0.005878308
-0.00084445253,-0.025652064,-0.10728397,0.02563591
0.0005288045,-0.031427156,-0.09253383,0.027910175
0.0018330876,-0.037319772,-0.09016128,0.021258352
0.0025963152,-0.043050017,-0.09318392,0.010304948
0.0024031678,-0.044750787,-0.103005484,0.004146781
0.0018846731,-0.045126185,-0.107874766,0.0019479207
0.0014599828,-0.045061257,-0.11012435,0.0015717031
0.0013202144,-0.04569842,-0.109951384,0.00033203562
0.0012451693,-0.044973522,-0.11167847,-3.018668e-06
0.00095419283,-0.04321794,-0.1131568,0.002676851
0.0002592354,-0.040581036,-0.1139364,0.010503035
-2.7254951e-05,-0.040767,-0.10757638,0.01683069
0.00014060721,-0.042724382,-0.10280112,0.018795712
0.00066102186,-0.045954317,-0.1000019,0.0152276885
0.0006550393,-0.04525543,-0.104728274,0.014864088
0.0005740248,-0.04579508,-0.103998035,0.014769302
0.00048877456,-0.045828637,-0.104728326,0.015116935
0.0005296739,-0.046763204,-0.10384839,0.014130951
0.0008440808,-0.049300645,-0.10295924,0.009206972
0.0010995368,-0.050767243,-0.10607373,0.0030744441
0.0012468457,-0.051701978,-0.10943082,-0.0031114637
0.0013752471,-0.052204363,-0.112748854,-0.009236841
0.0009541031,-0.04812603,-0.12046442,-0.008332088
0.000316255,-0.04389704,-0.12085818,-0.0014242354
-0.00020218802,-0.04059001,-0.117097534,0.008281498
-6.0506813e-05,-0.040919814,-0.10829054,0.013707922
0.0011214736,-0.047090493,-0.099331915,0.0057409857
0.0023299104,-0.05330093,-0.102009155,-0.010611436
0.0027775392,-0.054661993,-0.113111585,-0.02461992
0.0026072597,-0.051696643,-0.1235795,-0.031261016
0.0020297207,-0.04555721,-0.1309433,-0.028908111
0.0015595142,-0.04068267,-0.1292505,-0.022179425
0.0018514314,-0.040437527,-0.12059034,-0.020391282
0.0025697288,-0.04184387,-0.11721321,-0.024549697
0.0029331255,-0.04070019,-0.12117487,-0.027434845
0.002632452,-0.036637116,-0.12605652,-0.023269959
0.0017822534,-0.031512916,-0.12668745,-0.010806597
0.0013876157,-0.030346673,-0.116070576,0.00032936662
0.0016345393,-0.031607084,-0.10781259,0.0059959935
0.0020349731,-0.033599522,-0.103750624,0.0076488764
0.0022233916,-0.035133548,-0.103188306,0.008311159
0.0018861454,-0.034993026,-0.105093814,0.012499455
0.0017880136,-0.037601516,-0.10077179,0.0132601
0.0022995875,-0.04310145,-0.097924985,0.0055552316
0.002477689,-0.045360986,-0.10468107,-0.0019171594
0.0015455665,-0.041097227,-0.11549866,0.0026477012
-3.6829548e-05,-0.035963617,-0.11607381,0.01826668
-0.00016496358,-0.03870229,-0.10099374,0.02503343
0.000170196,-0.041502025,-0.09777518,0.026233444
0.00037248686,-0.04402527,-0.097131535,0.025223734
0.00028048138,-0.04512961,-0.098933734,0.02521577
0.00021270954,-0.046619244,-0.09876841,0.024550335
0.00019840486,-0.048129566,-0.09932926,0.022885373
0.0003354766,-0.050314527,-0.099718235,0.018887091
0.00025972666,-0.050566368,-0.10344531,0.01625074
-0.00022004021,-0.048437245,-0.1072121,0.01867725
-0.00039469716,-0.048358545,-0.10452932,0.020630702
-7.904288e-05,-0.050625816,-0.10161585,0.017771201
6.61559e-05,-0.051375326,-0.10421862,0.014508299
-0.00015727448,-0.050114952,-0.10763758,0.014660673
-6.217822e-05,-0.050921857,-0.10569451,0.01307958
-2.7509383e-05,-0.050133236,-0.10760783,0.0122977365
-0.00031011345,-0.04803064,-0.10937222,0.015097276
-0.00024881464,-0.048307024,-0.10583097,0.016094575
-0.000169568,-0.04803775,-0.10568451,0.016670424
0.00017784683,-0.049698345,-0.10333574,0.013813506
0.0005208285,-0.0509697,-0.10473807,0.0090624215
0.00041372198,-0.049407873,-0.109450325,0.00796267
-0.00024804092,-0.04541462,-0.11284315,0.014190282
-0.00049039215,-0.04472237,-0.10706055,0.019678859
-0.00033022458,-0.045365024,-0.10303241,0.02199242
-0.00010475903,-0.046399258,-0.101245694,0.02211714
2.0050053e-05,-0.04725493,-0.10120879,0.021492364
0.00023253019,-0.048958026,-0.100682855,0.018715367
0.000590147,-0.05141017,-0.10122754,0.012744173
0.0008055308,-0.052794732,-0.10497429,0.0061721504
0.00037569818,-0.049621742,-0.11244823,0.0065560443
-5.349987e-05,-0.04743141,-0.11188059,0.010200602
-5.3309708e-05,-0.04740876,-0.10835776,0.011823869
8.5511114e-05,-0.04745868,-0.107263796,0.01204894
-5.1339313e-05,-0.046115514,-0.10838647,0.014529958
-4.2076088e-05,-0.046390973,-0.10569461,0.01601299
0.0002247524,-0.047830746,-0.10371321,0.014432726
0.00050500926,-0.048942156,-0.10434076,0.011213697
0.00038193003,-0.04768419,-0.107995324,0.011178899
0.00041973128,-0.0481719,-0.106495515,0.010209114
0.000290008,-0.046873525,-0.10869445,0.011304865
-0.00017379202,-0.0441988,-0.10970997,0.017024936
-8.259724e-05,-0.045404613,-0.10345792,0.018916791
0.00052374636,-0.04896265,-0.100257784,0.013799888
0.00068141567,-0.04925603,-0.10522946,0.009997455
0.00084566226,-0.050598867,-0.10598263,0.0052806265
0.0011133392,-0.052096814,-0.10806804,-0.001236571
0.0010823256,-0.050959416,-0.11356985,-0.005024025
0.0006885825,-0.04760067,-0.11784452,-0.00319486
0.00022642009,-0.044173468,-0.11747433,0.0027616746
-0.00052440923,-0.039645553,-0.116407834,0.014664791
-0.00024334576,-0.041637126,-0.10378929,0.019048948
0.00025995067,-0.0435019,-0.10137496,0.018842215
0.00042995036,-0.044132948,-0.102026656,0.018871045
0.00044457774,-0.04491158,-0.10193017,0.018956378
0.0008907225,-0.04852489,-0.09929325,0.013308897
0.0009830681,-0.04865323,-0.104831755,0.009335744
0.0011655688,-0.050697245,-0.10516864,0.0033802306
0.0010060213,-0.049322296,-0.11144127,0.00091915095
0.00078606704,-0.048122723,-0.11268351,0.00072647654
0.0007663164,-0.047858663,-0.112172686,-6.0278416e-07
0.00070632354,-0.04685223,-0.1133411,0.00024629012
0.00024685953,-0.043556765,-0.11576145,0.0057941675
-0.00036011855,-0.040548723,-0.11318641,0.015508127
-0.00020890842,-0.041904647,-0.10400743,0.019917507
0.0003927267,-0.04461933,-0.09997604,0.018088635
0.0008609653,-0.047029175,-0.10066464,0.013413777
0.00086583174,-0.04691909,-0.10496944,0.011254025
0.0007586205,-0.046895552,-0.10610816,0.010344427
0.00050247274,-0.045677494,-0.1079927,0.011966555
-0.00011634331,-0.042955525,-0.109304406,0.01876948
-0.00067478744,-0.041276503,-0.10548185,0.027761789
-0.0003957077,-0.044208255,-0.09706638,0.029524446
0.00054704526,-0.05018792,-0.09324348,0.020811832
0.0012178862,-0.054470953,-0.0982556,0.008429075
0.0012991216,-0.055346187,-0.10698648,-0.0010598074
0.0004885709,-0.050050873,-0.11793786,0.0007371781
0.0016151471,-0.06075726,-0.10256878,-0.015157852
0.0028639478,-0.06743254,-0.112180784,-0.040110905
0.0028566609,-0.062048048,-0.13296913,-0.053710423
0.001781601,-0.04847267,-0.1497728,-0.04771811
-0.00029331518,-0.033034958,-0.15515105,-0.02161113
-0.001842573,-0.025998997,-0.1336726,0.008776757
-0.0005622776,-0.030428013,-0.10286003,0.017887698
0.0015285797,-0.037637535,-0.09448305,0.009911267
0.002512856,-0.040149037,-0.10107243,0.0023048825
0.0020625142,-0.037164904,-0.11012076,0.0058442755
0.001195763,-0.03503387,-0.1086653,0.01513228
0.0010008507,-0.036576807,-0.10121109,0.02016907
0.0016852241,-0.042094167,-0.09511936,0.014448817
0.0022137023,-0.045808475,-0.09924191,0.0054415483
0.0020234114,-0.04528128,-0.107416034,0.0016546876
0.0012171267,-0.04311583,-0.11243945,0.0048934915
0.0005716061,-0.0423315,-0.1106545,0.009982899
0.00044280404,-0.043619405,-0.10664733,0.012113115
0.00073403894,-0.046360653,-0.1041069,0.00945435
0.0013505735,-0.05030676,-0.10360102,0.0009752498
0.0013160618,-0.048672326,-0.11230465,-0.0026213774
0.0006082714,-0.044636425,-0.117163636,0.0021868087
-0.00022706852,-0.04089147,-0.115586236,0.012515332
-0.0004873251,-0.040367503,-0.107547194,0.02087261
7.442817e-05,-0.043373767,-0.09963036,0.021136254
0.0005514847,-0.045312285,-0.09980501,0.018522197
0.00055869465,-0.045424774,-0.10246742,0.017929656
0.0006947263,-0.04752201,-0.10125846,0.014956158
0.0007727762,-0.048602656,-0.10372718,0.011561511
0.00041703295,-0.046929747,-0.108101375,0.012713922
-0.00010510714,-0.04487538,-0.10844136,0.017768325
0.00024237345,-0.047978476,-0.101417676,0.015673736
0.0007890505,-0.050866634,-0.10229683,0.008812891
0.00058485585,-0.048919044,-0.10975815,0.007530876
-6.0248058e-06,-0.04626269,-0.11178491,0.011904385
-0.00032516106,-0.045216125,-0.10856702,0.016813237
-0.00024909762,-0.045803707,-0.10459379,0.01903628
-5.7049507e-05,-0.046565376,-0.102995716,0.019319724
2.6635396e-05,-0.046869732,-0.10303181,0.019442622
4.245862e-05,-0.047266394,-0.102906525,0.019478967
0.00013800542,-0.048185114,-0.10239252,0.018310625
0.0001388299,-0.048281297,-0.103640996,0.01759853
0.00021893189,-0.049278382,-0.103347495,0.015662393
2.3678318e-05,-0.04818515,-0.10628239,0.016391706
-6.756471e-05,-0.04812528,-0.10511386,0.01715442
-0.00071465224,-0.044455245,-0.108342886,0.024663972
-0.0012812938,-0.0429463,-0.103293896,0.0340658
-0.001271266,-0.044271637,-0.09638189,0.039434247
-0.00031078875,-0.050381355,-0.089503504,0.032961216
0.00050182344,-0.055215888,-0.09292314,0.021114945
0.0005785295,-0.05576562,-0.10175904,0.012765894
0.00047005492,-0.05593694,-0.10661405,0.006777268
0.0011943531,-0.062141456,-0.1045954,-0.008006368
0.0011356992,-0.058583137,-0.119585365,-0.01634622
0.00059088384,-0.053173494,-0.12583801,-0.01565013
8.824613e-05,-0.04786713,-0.1262752,-0.009808212
0.0007540169,-0.050225392,-0.11503122,-0.012684501
0.0011755335,-0.048280537,-0.12005672,-0.015515484
0.00085407926,-0.043174814,-0.12434116,-0.010510358
-1.5314003e-05,-0.037081707,-0.12397037,0.003179128
-0.0005108004,-0.03446523,-0.11351115,0.017533563
-8.583941e-06,-0.03655054,-0.10101766,0.023306625
0.0010925531,-0.041500323,-0.09464928,0.018467413
0.0015560401,-0.043303724,-0.09923741,0.013782412
0.0016070888,-0.04469708,-0.1018995,0.010047611
0.0014202305,-0.044675793,-0.10540291,0.008629109
0.0013696671,-0.045948856,-0.10535854,0.006055993
0.0012176534,-0.046221297,-0.108242325,0.004346951
0.0009629661,-0.045578256,-0.110183895,0.004671025
0.0002951291,-0.042457487,-0.1131266,0.011081855
-7.433424e-05,-0.041878514,-0.107888676,0.01739151
-9.055244e-05,-0.04294502,-0.10360411,0.020839749
0.00039646716,-0.046542645,-0.09928727,0.017741596
0.0014775245,-0.054045342,-0.09693545,0.0033976801
0.0016349774,-0.053217083,-0.11011864,-0.005691498
0.00041307768,-0.045122184,-0.12245631,0.0018963019
-0.000492596,-0.041631576,-0.11551293,0.013341746
-0.00066593377,-0.04106282,-0.10757791,0.021627603
-5.061562e-05,-0.04419795,-0.0994848,0.021529997
0.0005663973,-0.047064103,-0.09916767,0.01696856
0.00080836593,-0.048345562,-0.10234141,0.012588244
0.0004495526,-0.046641205,-0.10744577,0.013613832
0.0005183316,-0.04848573,-0.10405757,0.011576302
0.002980432,-0.07254105,-0.087554894,-0.025145454
0.0041562626,-0.078431726,-0.11486542,-0.06293523
0.0033224353,-0.06417932,-0.14918062,-0.07394932
0.0016398331,-0.045155462,-0.16480312,-0.05937031
-0.0005755243,-0.028659834,-0.16387591,-0.02737863
-0.0014020384,-0.024135891,-0.13268876,0.00059142895
-0.000105474785,-0.027272616,-0.10779803,0.010567227
0.0021643385,-0.035326596,-0.09555178,0.0013340506
0.0034799546,-0.039279252,-0.102450356,-0.0100625185
0.0035398526,-0.038651478,-0.11182894,-0.014228598
0.0029722902,-0.036290478,-0.11652221,-0.011337627
0.0034146425,-0.04172291,-0.10659994,-0.019324563
0.0039627613,-0.042937107,-0.114633396,-0.02895024
0.003512677,-0.038121626,-0.12581274,-0.027928714
0.0021769376,-0.030838562,-0.13069984,-0.013544923
0.0007424722,-0.02732549,-0.121849224,0.005755816
0.00079934375,-0.030234495,-0.10473375,0.014598578
0.0015537955,-0.034867197,-0.098481424,0.014081166
0.0020341366,-0.038535204,-0.0991988,0.01051113
0.0021658617,-0.04070295,-0.10199508,0.0070789843
0.0019844896,-0.041433845,-0.10529066,0.0057122945
0.0016472259,-0.041417275,-0.107213356,0.006514449
0.0012668368,-0.041327465,-0.10768522,0.008779255
0.00093950424,-0.041224267,-0.10707216,0.01188616
0.0006575435,-0.041173052,-0.105848886,0.015549543
0.0006150045,-0.042409465,-0.102985285,0.01716549
0.00083702436,-0.045487493,-0.100871064,0.01437545
0.00086281454,-0.046747766,-0.103898846,0.011748595
0.0007008535,-0.04709612,-0.10614496,0.010632682
0.00023324325,-0.04513493,-0.10911097,0.014105455
9.871837e-06,-0.04490134,-0.10602392,0.017415533
0.0003293402,-0.04738488,-0.101999134,0.015379225
0.00021796426,-0.046368632,-0.10597916,0.01619291
0.00028572785,-0.047646265,-0.1035429,0.015198846
0.00053133286,-0.04932332,-0.103661895,0.011601315
0.0006520876,-0.049981255,-0.10615141,0.007954018
0.0005067726,-0.048953902,-0.1095297,0.007016131
8.789317e-05,-0.046453383,-0.11173099,0.010501555
2.5478017e-05,-0.046409428,-0.107893,0.012630062
0.00013210611,-0.046513014,-0.106593974,0.013343942
0.00012496805,-0.046061236,-0.10658554,0.01465297
7.678358e-05,-0.045878783,-0.10573592,0.016244842
0.00023455468,-0.047003195,-0.103682645,0.015578173
0.0005073362,-0.04859361,-0.10340508,0.012427086
0.00043903908,-0.04772418,-0.10696191,0.011813398
0.00057750853,-0.04899375,-0.1053826,0.009199956
0.0005476931,-0.048422724,-0.10843738,0.007921994
0.0009980295,-0.051411316,-0.10549817,0.0014222094
0.0014113196,-0.052916802,-0.10965698,-0.0069642207
0.0017134683,-0.054047145,-0.113570996,-0.015799643
0.0022751044,-0.057238746,-0.11519913,-0.028629197
0.0021830103,-0.05226355,-0.12878463,-0.033982843
0.0011731529,-0.04244239,-0.1379204,-0.024600096
0.00013645003,-0.03547734,-0.1319266,-0.007972221
-0.0009377698,-0.02981436,-0.123806275,0.0139631005
-0.00060512737,-0.031630486,-0.10337749,0.025723875
0.00090622366,-0.03819066,-0.0920732,0.021502884
0.0019100852,-0.042454533,-0.09510981,0.013177956
0.0021169372,-0.044194948,-0.101053044,0.007128822
0.0017717736,-0.043443963,-0.1067389,0.006156785
0.0015440997,-0.044225913,-0.10649354,0.005063416
0.0013787814,-0.04408415,-0.10834003,0.004691849
0.0011188642,-0.043650165,-0.109340824,0.005772227
0.000797459,-0.042801198,-0.109684266,0.008673748
0.0005317813,-0.042565078,-0.108114645,0.012049292
0.00046189714,-0.043669738,-0.10557985,0.013638115
0.00051845744,-0.044992883,-0.1045837,0.013505849
0.00069658644,-0.046786077,-0.10402173,0.011136276
0.0010021115,-0.04908215,-0.10446969,0.005935756
0.0011501738,-0.0493646,-0.10831772,0.0014366854
0.00072364806,-0.046216853,-0.1140389,0.0034126097
0.00039804273,-0.04491699,-0.11184488,0.006897641
0.00038289189,-0.044707507,-0.10924952,0.00899031
0.00063214137,-0.045865566,-0.106698886,0.0080186995
0.00059617363,-0.04490349,-0.10898526,0.008988136
0.00050706335,-0.044710957,-0.1078611,0.010484827
0.0002984006,-0.043654088,-0.10811908,0.013808807
0.00032180393,-0.044396725,-0.104810975,0.015300375
0.00052100274,-0.045679677,-0.10346099,0.014357179
0.00054070103,-0.045811627,-0.10483812,0.01403666
0.0019844216,-0.057470154,-0.094787754,-0.0053166794
0.0025725032,-0.05830244,-0.11193845,-0.022306427
0.0016200424,-0.0497675,-0.12960811,-0.021505876
0.00026933456,-0.04172865,-0.13117442,-0.00859919
-0.0015347134,-0.03310536,-0.12835585,0.01589185
-0.0015544255,-0.03408999,-0.10495997,0.030763183
-0.00034136217,-0.039213464,-0.09308932,0.03142667
0.00089244865,-0.045067284,-0.090959124,0.023069492
0.0014647987,-0.04843009,-0.096430436,0.013847682
0.0014224558,-0.04907465,-0.10325646,0.008137015
0.0012670889,-0.049589038,-0.10668407,0.0039923876
0.0009649051,-0.04814618,-0.1109623,0.0031666853
0.0015002327,-0.05283591,-0.105774075,-0.0059305653
0.0017013251,-0.051957402,-0.1149198,-0.013169208
0.001319563,-0.048127275,-0.121300615,-0.013165449
9.663107e-05,-0.04070185,-0.12719841,-0.0009896753
-0.00069345755,-0.037703283,-0.11714943,0.013079562
-0.00038996284,-0.039321896,-0.105235726,0.01936918
0.00022976946,-0.04187396,-0.100522965,0.019677887
0.00093749847,-0.04507164,-0.09869357,0.014934252
0.0010701376,-0.045356076,-0.10330222,0.012400114
0.0010011364,-0.045762695,-0.10455296,0.011016516
0.0009192124,-0.046017006,-0.10572411,0.010055074
0.0012330685,-0.048815105,-0.103941776,0.004524013
0.001245083,-0.048320346,-0.10961103,0.0010326925
0.00076748425,-0.045583066,-0.113884054,0.0034256675
6.242571e-05,-0.04212644,-0.11420176,0.011366399
0.00023945789,-0.04453192,-0.10498288,0.012647528
0.0005996054,-0.046166945,-0.10482533,0.010525873
0.0017210093,-0.054322515,-0.09942482,-0.004219607
0.002954218,-0.06286628,-0.10486961,-0.02831584
0.003073813,-0.060088053,-0.124774516,-0.043673757
0.002054055,-0.048958007,-0.14181447,-0.040612116
9.05469e-05,-0.035045803,-0.14837451,-0.018153345
-0.0005646764,-0.031764757,-0.124984846,0.0011127533
0.00037093207,-0.034119196,-0.108649895,0.006905598
0.0013111794,-0.03638523,-0.10472411,0.0069088447
0.0014477138,-0.035992455,-0.10675919,0.010138269
0.0014298084,-0.03723752,-0.10353059,0.012615262
0.0018095155,-0.040671803,-0.100142084,0.009481014
0.0019314291,-0.0417984,-0.10376794,0.0068286634
0.001738188,-0.04178876,-0.10628235,0.006522181
0.0015353089,-0.042202048,-0.10660403,0.0066611213
0.001320232,-0.042016752,-0.1074637,0.007837307
0.00092179637,-0.04140097,-0.108093075,0.011236696
0.00063898676,-0.042055354,-0.1059052,0.014163215
0.00077344914,-0.044667855,-0.10283005,0.012842634
0.00096414785,-0.04673581,-0.10384922,0.00938985
0.000759554,-0.045778524,-0.1081175,0.009522599
0.0005241223,-0.04558539,-0.10773324,0.01080469
0.00062542805,-0.046989676,-0.105780035,0.009393548
0.0006526809,-0.047042318,-0.10759666,0.008290138
0.0019165827,-0.05685988,-0.09892749,-0.008798412
0.0035793153,-0.07125616,-0.10212983,-0.042005826
0.0035436167,-0.064023055,-0.13400589,-0.06033405
0.0022194546,-0.049531315,-0.15231839,-0.054611836
0.00053077063,-0.03528913,-0.15487692,-0.032797158
-0.0005912749,-0.027997103,-0.13801788,-0.0077724317
0.00019061948,-0.029695466,-0.11306362,0.0029455842
0.0018588905,-0.034851953,-0.10267159,-0.0009274448
0.0032220585,-0.04000842,-0.10280647,-0.012019187
0.0036463274,-0.040683072,-0.11175361,-0.01950624
0.003160659,-0.03743204,-0.11995941,-0.017848792
0.001966264,-0.031635176,-0.123924404,-0.0048027537
0.0010801888,-0.029586622,-0.114264525,0.009532537
0.0011264451,-0.03127626,-0.10338734,0.01714006
0.001889415,-0.036022652,-0.09613219,0.014673625
0.0024436126,-0.04032822,-0.09778562,0.00808026
0.0023226007,-0.042128745,-0.10389886,0.004081919
0.001830167,-0.04218155,-0.108152844,0.0040264325
0.0014714575,-0.043002382,-0.108163126,0.0042664553
0.0011497344,-0.042605463,-0.10960049,0.0060700863
0.0008579791,-0.042118054,-0.109013855,0.009043715
0.0006356808,-0.042012952,-0.10754334,0.012249077
0.000912133,-0.044868108,-0.10316198,0.010099312
0.0011889065,-0.046934087,-0.1048575,0.0056842687
0.0010049534,-0.04622628,-0.10960955,0.004776577
0.00040996802,-0.04362241,-0.112398505,0.009656516
0.00015828706,-0.043200072,-0.1081086,0.014113972
0.00029131392,-0.044144582,-0.10459798,0.015493642
0.0010290284,-0.04871768,-0.10018636,0.008394111
0.0015836497,-0.051488206,-0.10471001,-0.0013510146
0.0013719394,-0.049354594,-0.11380053,-0.004664505
0.0002472031,-0.042680528,-0.121094935,0.004690706
-0.00025024317,-0.041332986,-0.11182802,0.013486907
-9.238232e-06,-0.04258829,-0.105112605,0.016653813
0.00033473375,-0.04399574,-0.102885716,0.016698418
0.000569152,-0.045224667,-0.10263631,0.015438478
0.00052720506,-0.045158844,-0.10433103,0.015686635
0.00053689996,-0.046193253,-0.1034155,0.0149709
0.0003922929,-0.04591897,-0.10515662,0.015696995
0.00031148095,-0.046317972,-0.104340546,0.016172903
0.00018940688,-0.045999788,-0.10485939,0.01748009
0.00019717023,-0.046697482,-0.10340016,0.017626652
0.0003705192,-0.048090335,-0.10268198,0.015524597
0.00059080974,-0.049905006,-0.10338371,0.011279894
0.00055829284,-0.049906038,-0.10711539,0.008548717
0.00026551267,-0.048401017,-0.110041276,0.009315261
9.4929055e-06,-0.04695649,-0.109755956,0.011986755
-2.1449094e-05,-0.046824254,-0.10739933,0.013672191
0.0008292403,-0.05215542,-0.10130221,0.005067833
0.0012264809,-0.052649044,-0.10899186,-0.0029944323
0.0008303195,-0.04898459,-0.11677224,-0.0030044082
0.0006104003,-0.047477677,-0.11505783,-0.0014831622
0.0005336475,-0.04587451,-0.114650756,0.00055193144
0.00043258307,-0.044107832,-0.11370458,0.003925948
0.0003987359,-0.043126293,-0.11120778,0.0073779295
0.000577944,-0.04347967,-0.10792533,0.008705641
0.00056143565,-0.04266693,-0.108237885,0.011218446
0.0005049618,-0.04253789,-0.10631055,0.013888119
0.00057514955,-0.043355044,-0.104165256,0.014945919
0.0004037438,-0.04271689,-0.10507823,0.017926726
0.0005364961,-0.04454527,-0.10135326,0.017644549
0.0006272723,-0.045382064,-0.10236528,0.016706757
0.0006797034,-0.046462204,-0.102618866,0.015047944
0.0008191507,-0.048442867,-0.10294367,0.01123299
0.00072760123,-0.048331477,-0.10675098,0.009200414
0.0005512026,-0.047924142,-0.10821632,0.00875256
0.0006721201,-0.04933067,-0.10699118,0.0058392123
0.0007116029,-0.04916705,-0.109774165,0.0034652434
0.0008291131,-0.049706463,-0.11011092,0.00034386924
0.0010465818,-0.05032902,-0.11133513,-0.0040072915
0.0009999652,-0.048705213,-0.11544692,-0.0056374217
0.0005584371,-0.04482873,-0.11869223,-0.0012673028
-0.0003347868,-0.03949636,-0.118932925,0.011046278
-0.00077675487,-0.037914407,-0.109310925,0.022927178
-8.1916514e-05,-0.041530896,-0.09796461,0.024265923
0.00069772196,-0.045108795,-0.09667325,0.019593654
0.0008760969,-0.045891166,-0.10087349,0.01664836
0.00075820944,-0.046222,-0.10293917,0.0155171575
0.00068968156,-0.047061883,-0.10345099,0.014082612
0.0013632615,-0.05265833,-0.09997329,0.0035753476
0.0016620221,-0.053629354,-0.10867697,-0.0062361127
0.0010182508,-0.048835866,-0.11927267,-0.0056061386
0.00012298243,-0.043974653,-0.12023799,0.002662497
0.00016015249,-0.044660978,-0.11097678,0.005968822
0.00042531776,-0.04505308,-0.10951033,0.006450702
0.00080212846,-0.0466626,-0.10751577,0.0038765117
0.00070548337,-0.04493745,-0.1117118,0.0049827453
0.00066623406,-0.04460811,-0.10956175,0.00634963
0.0005126961,-0.043070614,-0.11013674,0.009706029
0.00077053264,-0.044861525,-0.10520891,0.008829722
0.0005875301,-0.042992115,-0.109159395,0.011718761
0.00050778175,-0.04324236,-0.10569356,0.013988148
0.00023069356,-0.04185889,-0.106400914,0.018805804
0.00011200432,-0.0422993,-0.10246219,0.022536661
4.7839094e-05,-0.04316506,-0.10062197,0.025157977
0.00040486577,-0.04664041,-0.09701925,0.022110434
0.0009324181,-0.050536513,-0.09787958,0.014108049
0.00079734414,-0.049747393,-0.10564706,0.010672538
-8.563625e-05,-0.045742974,-0.1112071,0.016481088
-0.00054460304,-0.044974875,-0.10612844,0.022469612
-0.0005268717,-0.045905896,-0.10193952,0.02522692
-3.4049946e-05,-0.04907323,-0.09828647,0.02187741
0.00035526167,-0.051344614,-0.10033301,0.016125567
0.00023725565,-0.050517045,-0.10563225,0.014006373
-0.00056410185,-0.046520498,-0.11026383,0.020333208
-0.00032788797,-0.04916371,-0.10142965,0.019967139
0.00024810064,-0.052098174,-0.101150274,0.013906616
0.0009780001,-0.056273777,-0.1023055,0.0023142274
0.0011726532,-0.05597814,-0.11123805,-0.0065485653
0.0007517684,-0.05174362,-0.119320326,-0.0073689255
-0.00017793402,-0.045173664,-0.12327674,0.0015802188
-0.0012406794,-0.039596412,-0.11915812,0.01728397
-0.0017015259,-0.037778266,-0.10775961,0.03187787
-0.0006927226,-0.042663388,-0.09353509,0.03261936
0.00049068383,-0.048131697,-0.09172037,0.024128556
0.0010301094,-0.05074561,-0.09731585,0.015229969
0.0011462843,-0.052175965,-0.102719426,0.0077608065
0.000795034,-0.050406028,-0.10965321,0.0056808763
0.00036560255,-0.048412632,-0.11151447,0.0072675906
3.160624e-07,-0.046108708,-0.11143493,0.011393959
0.00073615054,-0.051170036,-0.10263296,0.0046665445
0.001166608,-0.051815376,-0.109260984,-0.0026836002
0.00094504596,-0.049635846,-0.11540487,-0.0044241725
0.0004501745,-0.046280652,-0.11798759,-0.0006733418
-0.0005368097,-0.040604405,-0.11952839,0.011734277
-0.0003250193,-0.04238157,-0.10565569,0.016622856
0.0004348776,-0.0451741,-0.10170966,0.0140636405
0.0007965739,-0.045771573,-0.10403593,0.011502463
0.0013279798,-0.049240872,-0.10240394,0.0041470006
0.0018833627,-0.052400775,-0.10585421,-0.0067031137
0.0017424523,-0.05003757,-0.11600297,-0.011349968
0.0010082003,-0.04505575,-0.12178475,-0.006931018
6.46165e-05,-0.039733335,-0.12127547,0.004761661
-0.00069801306,-0.036400244,-0.11421025,0.019234303
-0.00072577666,-0.03684496,-0.10306153,0.0291317
7.775022e-05,-0.04158644,-0.09387364,0.028364893
0.0013758703,-0.049508672,-0.09087316,0.015139858
0.0020150512,-0.05339703,-0.099803306,0.00092592096
0.0016751587,-0.05138825,-0.11193418,-0.004752983
0.00095798715,-0.0474578,-0.11735983,-0.0024239658
0.000579259,-0.045828503,-0.11495463,0.00084744446
0.0005490321,-0.045128144,-0.11266441,0.0028453309
0.00026738318,-0.042544488,-0.113592215,0.008161381
0.00017348882,-0.042373262,-0.10870321,0.012481879
0.00014572797,-0.042397134,-0.106489986,0.01607179
0.00030278892,-0.043775033,-0.10321001,0.017066834
0.0008050546,-0.047115218,-0.10062896,0.012507723
0.001218669,-0.04936315,-0.10332363,0.0057830787
0.0014696873,-0.05070084,-0.106988706,-0.0012391047
0.0013517315,-0.049130052,-0.11305413,-0.0043376656
0.0007079498,-0.044692136,-0.1180948,0.00034603695
8.5565975e-05,-0.041769188,-0.11525847,0.0085100625
-0.0003458758,-0.039868753,-0.11074708,0.01773711
-0.00032397604,-0.040510003,-0.10358816,0.023669505
2.905716e-05,-0.042706158,-0.09890901,0.024872169
0.0005030662,-0.045889247,-0.09710701,0.021466792
0.0013262823,-0.051955212,-0.096013255,0.009729153
0.0014375551,-0.051978637,-0.10634179,0.001835642
0.00080862344,-0.048496317,-0.11399683,0.0026427994
0.0012471112,-0.05291025,-0.10654279,-0.004860093
0.0018388588,-0.055041663,-0.11179848,-0.016171452
0.0016755663,-0.051516186,-0.12223996,-0.020420024
0.0008323701,-0.044517953,-0.12892121,-0.013629547
0.0003040255,-0.041025765,-0.12266699,-0.0045073563
0.00034454433,-0.040010642,-0.11564292,0.0017644056
0.00044088394,-0.03903866,-0.11208456,0.0073272223
0.00059307535,-0.03921125,-0.1076972,0.0113627985
0.0008868102,-0.040424556,-0.104209274,0.012576245
0.0012338969,-0.042237155,-0.10263345,0.010951357
0.0013857735,-0.04310872,-0.104099296,0.009217369
0.0012374049,-0.04278134,-0.10626182,0.009692244
0.0010364813,-0.042990793,-0.106072634,0.010775347
0.0010282197,-0.043973587,-0.104989596,0.010388899
0.0010194567,-0.044440515,-0.10571597,0.009786048
0.0005552422,-0.042873554,-0.10862968,0.013585169
0.0005458295,-0.044826217,-0.103795916,0.013844682
0.0010122914,-0.048436284,-0.10210205,0.008050058
0.001288322,-0.050026976,-0.106291644,0.0015224128
0.0012932055,-0.050218645,-0.11069087,-0.0032651513
0.0008960624,-0.047399774,-0.11622308,-0.0024385483
0.00033278787,-0.043993462,-0.11692539,0.0034273427
-0.00015902861,-0.04124543,-0.11389302,0.011966596
0.00010057253,-0.042807978,-0.10527379,0.014677845
0.00081304763,-0.046255592,-0.10169216,0.010179727
0.0010564363,-0.04665599,-0.106070295,0.0067727407
0.00079505437,-0.04510345,-0.109589964,0.0078865625
0.00032268534,-0.043020636,-0.1100956,0.012956492
0.00028054608,-0.043720484,-0.105237745,0.0154977515
0.0004921341,-0.04506722,-0.10332648,0.015032288
0.00062115304,-0.045712646,-0.103892654,0.014017426
0.0003507595,-0.044521306,-0.10629026,0.01641979
0.00032297624,-0.04565779,-0.10328054,0.016941128
0.0003112881,-0.046153054,-0.10374809,0.017048081
0.00010964824,-0.04582004,-0.10463224,0.018778484
-8.744811e-05,-0.045693107,-0.103822954,0.021185257
0.00028345964,-0.04882199,-0.099750884,0.017748185
0.0007480136,-0.051503837,-0.101421215,0.010715103
0.00077775575,-0.051463604,-0.107063144,0.005979393
0.00027636613,-0.048534766,-0.11250605,0.0076963296
-0.00029446176,-0.04576332,-0.11217148,0.013585259
-0.00040858038,-0.04544476,-0.107202925,0.0178099
6.6989924e-05,-0.047871217,-0.10229632,0.015909255
0.00024764834,-0.048008475,-0.10485779,0.014333689
0.00032282583,-0.048482496,-0.10516743,0.012806677
5.087564e-05,-0.046709873,-0.10809335,0.015022591
-2.6208023e-05,-0.046691313,-0.10549239,0.016722739
-0.00037526008,-0.044733375,-0.1067221,0.021740656
-0.0004880618,-0.044868287,-0.10245269,0.025694236
1.9238083e-05,-0.048137628,-0.0976114,0.022804525
0.00028866218,-0.049285028,-0.100390576,0.019217303
0.00028338574,-0.049754333,-0.1027936,0.016745232
-0.00010386605,-0.04806567,-0.10632243,0.018610463
-7.29979e-05,-0.049396846,-0.10307362,0.017854601
-7.9325575e-05,-0.049239233,-0.104732096,0.017365646
-0.00019941418,-0.04862626,-0.10536284,0.01821606
0.00037009697,-0.05258324,-0.10091408,0.011728422
0.0014544926,-0.059853356,-0.100825965,-0.005224519
0.0016896538,-0.058959275,-0.11487316,-0.017590873
0.0011371477,-0.053454366,-0.12553063,-0.01923956
0.0013777369,-0.05436327,-0.119921915,-0.024192184
0.0016596392,-0.051859424,-0.12539637,-0.028887438
0.0017114735,-0.048020422,-0.12821804,-0.029642245
0.0015686231,-0.042930625,-0.13003673,-0.02573564
0.0005348887,-0.034055647,-0.13442425,-0.009550599
-0.00049848226,-0.029293172,-0.12232893,0.01132442
-0.0002972823,-0.030426983,-0.104864076,0.023672586
0.000650474,-0.034330256,-0.09515039,0.02579001
0.0013505919,-0.037809256,-0.09382725,0.023745479
0.0016423719,-0.040441394,-0.095261924,0.020757936
0.0020478133,-0.044894263,-0.09516813,0.012840866
0.0030579942,-0.05490522,-0.09450308,-0.008044696
0.003215879,-0.055725984,-0.11203628,-0.023936298
0.0026391852,-0.05260918,-0.12380452,-0.030162953
0.0012070837,-0.042195052,-0.13704245,-0.019863019
-0.00053860404,-0.03432862,-0.13214047,0.0013580958
-0.00090934284,-0.033667795,-0.11369555,0.016733788
0.00029736297,-0.03947584,-0.09872362,0.01600815
0.0017421319,-0.04658811,-0.09676634,0.003849697
0.0022613027,-0.048066854,-0.10640517,-0.005858092
0.0020140777,-0.046278667,-0.11408048,-0.0087602865
0.0012011685,-0.04140411,-0.119674906,-0.002431219
0.00094079453,-0.04089499,-0.1125579,0.00228521
0.001252136,-0.042008035,-0.108630225,0.0022645057
0.0015798948,-0.042961475,-0.108330876,0.00012662292
0.0015075721,-0.042020477,-0.11124158,0.000656728
0.001706495,-0.044585653,-0.10774774,-0.0028065029
0.0015085232,-0.042867016,-0.11390246,-0.0021616924
0.0013617314,-0.0433548,-0.11156229,-0.0017503949
0.0011510598,-0.041809782,-0.11355767,0.0009950019
0.0012908682,-0.04291622,-0.10920024,0.0007946102
0.0014406979,-0.042987596,-0.11020132,2.8524655e-05
0.0013774887,-0.04253143,-0.11110566,0.00061844726
0.00097463763,-0.040521745,-0.11286666,0.0053261886
0.0006620647,-0.039822984,-0.109533444,0.010751
0.00085432123,-0.041743793,-0.10431984,0.011549483
0.0009727887,-0.04232626,-0.10496521,0.011834617
0.0006780595,-0.041449834,-0.10641769,0.015346763
0.0003791652,-0.04135986,-0.10432971,0.019655425
0.00052381214,-0.043661613,-0.10016769,0.019658975
0.001144147,-0.048270687,-0.097910285,0.012263487
0.0011311418,-0.048283413,-0.10548778,0.008152665
0.0005916963,-0.04608647,-0.10992771,0.0102315955
0.0010642442,-0.051085215,-0.102699906,0.0031783192
0.0016117131,-0.05364082,-0.107827015,-0.007331343
0.0015879048,-0.052527137,-0.11596599,-0.013641313
0.0018055335,-0.053909503,-0.11640277,-0.021426795
0.0019376529,-0.0522416,-0.12277868,-0.027448967
0.001845005,-0.04866021,-0.12721425,-0.028948387
0.001821629,-0.045470953,-0.12736921,-0.028222552
0.0017630835,-0.041651253,-0.12784618,-0.024874005
0.0015629671,-0.037503373,-0.12670751,-0.017922899
0.00074477337,-0.03125885,-0.12692395,-0.0022093644
0.0005311974,-0.030619232,-0.11220081,0.010204105
0.0011057056,-0.033017438,-0.10254609,0.014495547
0.002253394,-0.039350472,-0.09575468,0.006774085
0.0030568354,-0.04339028,-0.10083021,-0.004173933
0.0029570502,-0.0426723,-0.110456005,-0.00887154
0.0021629953,-0.039584834,-0.116498716,-0.005139622
0.001526756,-0.038157936,-0.11398775,0.0007358932
0.0012830294,-0.03806693,-0.11033468,0.005319448
0.0010325895,-0.03791192,-0.10866105,0.010253404
0.00092164846,-0.03894939,-0.105192825,0.013665176
0.0012489714,-0.04242358,-0.101159416,0.011281103
0.0015225264,-0.045029785,-0.10305784,0.0066167843
0.0011669892,-0.043883443,-0.10905814,0.007238658
0.0007509794,-0.04339114,-0.108628005,0.010003277
0.00016636903,-0.04097485,-0.10954683,0.017196244
0.00027349478,-0.043097664,-0.101800755,0.019015986
0.0006522064,-0.045406796,-0.10058251,0.016599353
0.0009045136,-0.04754307,-0.10179017,0.012327183
0.0007215447,-0.04708323,-0.106361516,0.011272306
0.00041417824,-0.046462685,-0.10741017,0.012502819
0.0006582574,-0.04895792,-0.104086675,0.00903351
0.000899913,-0.050148603,-0.10678898,0.004132782
0.00072957354,-0.048673414,-0.11156527,0.0029882737
0.00014057975,-0.045023598,-0.11465104,0.0083038295
0.00043737152,-0.047393575,-0.10630849,0.0071948837
0.0005918433,-0.046938673,-0.10937527,0.0061615077
0.0006155241,-0.046827726,-0.109303966,0.0057151546
0.00039796697,-0.044953033,-0.11126159,0.00840016
-3.958648e-05,-0.042612407,-0.11070348,0.014800423
0.00024202497,-0.044543277,-0.10328893,0.015571132
0.00049380737,-0.045372102,-0.103754915,0.014708559
0.0005923536,-0.046026744,-0.104097754,0.013674622
0.0010547707,-0.049445838,-0.10202296,0.0072928863
0.0016056049,-0.052683078,-0.10483612,-0.0030030783
0.0016863567,-0.052186668,-0.112832785,-0.010215927
0.0010576375,-0.04734742,-0.121226735,-0.008186481
2.3604719e-06,-0.04126997,-0.1229118,0.0031514904
-0.00033082368,-0.039986122,-0.11275518,0.012601588
-0.0002619076,-0.03968511,-0.10698903,0.019336099
-9.445729e-06,-0.04112449,-0.10166483,0.022518806
0.00040909354,-0.043584507,-0.09870297,0.021550873
0.0005933373,-0.045040198,-0.09983922,0.01996267
0.0005054079,-0.04540674,-0.10158541,0.019837718
0.0007515436,-0.04811846,-0.099674396,0.015772969
0.00097253645,-0.050001543,-0.102463864,0.010071859
0.0008602299,-0.04954329,-0.107333794,0.0070769195
0.00028942042,-0.046466395,-0.111780114,0.01042137
0.00032584288,-0.04797468,-0.10636045,0.009992606
0.0005478894,-0.049116906,-0.106974676,0.007070109
0.00040240874,-0.047914878,-0.11046642,0.0070896954
-0.00012674385,-0.044921413,-0.11247383,0.01259931
0.00044476747,-0.048995778,-0.102945395,0.008830197
0.0009898989,-0.05077609,-0.10634073,0.0020008676
0.0008491737,-0.04850859,-0.11292095,0.0006831757
0.0005149993,-0.04618248,-0.11395851,0.003287858
0.00072499283,-0.047238294,-0.10947313,0.002124927
0.000745957,-0.04572742,-0.112320065,0.0025929732
0.0009382039,-0.046330344,-0.10969924,0.0012543424
0.0011358322,-0.04648782,-0.11070241,-0.0009198065
0.00081076816,-0.04358343,-0.11486697,0.0022944298
6.3549865e-05,-0.039679285,-0.11494895,0.012142352
0.00012041181,-0.04079001,-0.10508549,0.016938396
0.00041590477,-0.04222808,-0.102398224,0.018083312
0.0010272438,-0.04619132,-0.09904948,0.012698997
0.0014071204,-0.04820681,-0.1029755,0.0061028334
0.0010609064,-0.045928687,-0.11013084,0.0061572595
0.00091343885,-0.046703067,-0.10792835,0.0053991866
0.0009542388,-0.047122665,-0.108849116,0.0036114997
0.00075127115,-0.045653492,-0.1115481,0.0046791257
9.298514e-05,-0.042078584,-0.113643885,0.012159127
0.00026619676,-0.044333152,-0.1044849,0.013468042
0.002033675,-0.056685276,-0.09451223,-0.0068638385
0.002773791,-0.05844741,-0.111680634,-0.025443735
0.002147331,-0.052130133,-0.12825778,-0.029193662
0.00057690695,-0.04095849,-0.13798654,-0.015244249
-0.0008383338,-0.033881657,-0.12856428,0.006123943
0.00022980905,-0.039142963,-0.10361442,0.0083755795
0.0016163853,-0.04346287,-0.10264033,0.0005569969
0.0023358054,-0.046110604,-0.106663205,-0.008518652
0.002446919,-0.045844775,-0.11346385,-0.014042595
0.002051508,-0.0426702,-0.11934423,-0.012875863
0.0015026184,-0.039577182,-0.11961089,-0.0071299975
0.00030427313,-0.03347145,-0.121832795,0.008927889
-0.00039112286,-0.03218428,-0.10891767,0.024253793
0.00032885707,-0.036430806,-0.09535674,0.027008561
0.0011772987,-0.040864654,-0.09332207,0.022696672
0.0016233696,-0.045028247,-0.09564032,0.015532612
0.0016423577,-0.04706172,-0.10114869,0.009614246
0.0012429112,-0.046714637,-0.10676212,0.007957142
0.00069961266,-0.04517784,-0.10927444,0.010400459
0.00026666198,-0.043879274,-0.108380236,0.01474303
0.00024416187,-0.045174032,-0.10436646,0.015970157
0.00067212293,-0.048317842,-0.10192213,0.011546559
0.00096322125,-0.050183922,-0.104949005,0.0056489357
0.0008675214,-0.049767543,-0.109887384,0.0025920619
0.0005562257,-0.048177574,-0.11279789,0.0031043293
0.00031487082,-0.046911877,-0.11254783,0.0051514325
0.00070669845,-0.048773598,-0.108101234,0.0021312423
0.00096600805,-0.048447825,-0.111142516,-0.0009872329
0.0009150749,-0.047002062,-0.11356138,-0.001439326
0.0007136016,-0.04491091,-0.114531554,0.00096575846
0.0007640773,-0.0447712,-0.111442946,0.0020292136
0.00076303876,-0.043759193,-0.11174575,0.003769819
0.00052009465,-0.041887052,-0.11177534,0.008378328
0.0005475593,-0.042205658,-0.10730196,0.011124069
0.0007957671,-0.043332793,-0.104962416,0.011028793
0.0008273791,-0.043313578,-0.105945446,0.011651594
0.0008214748,-0.04393425,-0.1051314,0.01189199
0.00068306236,-0.043702587,-0.10602153,0.013334459
0.00066185155,-0.04453921,-0.1044462,0.013659108
0.0009567222,-0.046978775,-0.10278716,0.009951069
0.0012046965,-0.04857407,-0.10517507,0.0047873734
0.00069124514,-0.045496635,-0.11244194,0.00710621
9.388409e-05,-0.043413565,-0.11102808,0.013188034
2.6157613e-05,-0.04395409,-0.10587988,0.0165192
0.00037544977,-0.046135742,-0.102525145,0.015039481
0.00040310033,-0.046127245,-0.105043106,0.014739715
0.00042418155,-0.046889618,-0.1044433,0.013994129
0.00064851297,-0.04854988,-0.10391125,0.010709018
0.00059921463,-0.048071142,-0.10741589,0.009313822
0.00045908694,-0.04757414,-0.10828103,0.009345848
0.00025174368,-0.046368852,-0.10913473,0.01126132
0.00030973568,-0.04696377,-0.10658754,0.011343087
0.00028959537,-0.04637055,-0.1075542,0.012139506
0.0003123392,-0.04655979,-0.10639386,0.012453251
0.0003678143,-0.046927292,-0.10613249,0.01209419
0.00034879177,-0.04690534,-0.10667326,0.012108751
0.00031389706,-0.04666865,-0.10675333,0.012591718
0.00012356933,-0.045529634,-0.10744872,0.015098837
1.406497e-05,-0.045303922,-0.10552284,0.017582348
0.00029477378,-0.04732744,-0.10223728,0.015871309
0.00032787528,-0.047094587,-0.104847014,0.015294241
0.00038706424,-0.047928583,-0.104191944,0.013913285
0.00040145262,-0.048213802,-0.10548477,0.0125973215
0.00040694268,-0.048446856,-0.106169656,0.011327026
0.00042167451,-0.048610687,-0.10691596,0.010005706
0.00044794122,-0.048630923,-0.10766329,0.00870227
0.00031278614,-0.047586087,-0.10939958,0.009303116
2.1488825e-08,-0.04564217,-0.11011954,0.013001056
0.0017418931,-0.059220675,-0.09441901,-0.007065839
0.002757224,-0.06267442,-0.11078387,-0.02933086
0.0022513047,-0.055502553,-0.13061145,-0.035727818
0.00056075834,-0.04215209,-0.14355347,-0.021284018
-0.0012550136,-0.032798555,-0.13507247,0.004233015
-0.0011317981,-0.03318599,-0.11080318,0.01903907
0.00011910092,-0.037497215,-0.098716594,0.02021158
0.0011557013,-0.041203164,-0.097349554,0.015631163
0.0015241536,-0.042880468,-0.10079324,0.011811176
0.0013710803,-0.042833235,-0.104358606,0.01134867
0.00084461627,-0.041324608,-0.10663836,0.01557932
0.00030313962,-0.0403352,-0.104835294,0.022046808
0.00021534244,-0.041706383,-0.09987509,0.025355328
0.00082596537,-0.04645438,-0.09518542,0.019912444
0.0013207063,-0.0496554,-0.09871457,0.01140987
0.0010907489,-0.049715698,-0.106236845,0.007178398
0.00023361848,-0.04633249,-0.11242521,0.011455557
-0.000548368,-0.044091832,-0.11026043,0.019456971
-0.0009099752,-0.043317243,-0.10523305,0.0269976
-0.0007328975,-0.04476988,-0.099234655,0.0301709
-0.00057264406,-0.045955274,-0.09765996,0.031535313
-0.00069698895,-0.046054374,-0.09780971,0.03423107
-0.000424669,-0.048979424,-0.094252825,0.032300845
0.0002722433,-0.05413357,-0.093308546,0.022843152
0.00058404315,-0.05625076,-0.09994311,0.013154649
0.00013085338,-0.053349663,-0.109068416,0.011240094
-0.00021350595,-0.05188245,-0.109447,0.011854122
-0.00011426056,-0.052272435,-0.10776401,0.010154113
4.4362955e-06,-0.052104708,-0.10902926,0.007902859
-0.0001245481,-0.050351363,-0.11151111,0.008323081
-0.00028472336,-0.048756734,-0.11120833,0.010540805
-0.0004231819,-0.04711356,-0.11008394,0.014071835
0.00022156224,-0.050448146,-0.103376426,0.009843416
0.0011588077,-0.05481628,-0.10369149,-0.001742615
0.0014653679,-0.054420613,-0.112614326,-0.0106450375
0.0010502716,-0.049673084,-0.12111564,-0.010699518
0.001079711,-0.04887921,-0.11726417,-0.011503157
0.0011351808,-0.04639532,-0.11947788,-0.0112254135
0.0007309643,-0.04196217,-0.12169897,-0.0050201686
0.00031239708,-0.0388987,-0.11758053,0.004030563
0.00040651092,-0.03882046,-0.10979985,0.00978119
0.00066312513,-0.039476585,-0.10593351,0.012791946
0.0008089931,-0.040209047,-0.104097284,0.01482044
0.00100048,-0.041872673,-0.102063574,0.014588724
0.0014652299,-0.045343515,-0.10029086,0.009146112
0.0016970657,-0.04682093,-0.1045267,0.0034616252
0.0015040588,-0.045944743,-0.1095724,0.0015605522
0.00096782425,-0.04365434,-0.112711005,0.0047334
0.0006254453,-0.04305082,-0.11019682,0.008361602
0.0012118587,-0.047560543,-0.10346498,0.0026656701
0.0013913433,-0.047269396,-0.11031832,-0.0013558001
0.00097257376,-0.04507165,-0.114439584,0.00038269453
0.00055570586,-0.043304194,-0.113676876,0.0048100254
0.0006380405,-0.044068776,-0.108977005,0.006106449
0.0006520377,-0.04343161,-0.10955361,0.007873744
0.0006034303,-0.043183465,-0.1081977,0.00999932
0.0008814936,-0.044948306,-0.10504024,0.008429116
0.0011936045,-0.046351094,-0.10579766,0.004793017
0.0010831107,-0.045243394,-0.10985579,0.0044183615
0.0005843664,-0.042851776,-0.11185185,0.009043707
0.00019614327,-0.04169441,-0.108890235,0.014938224
5.924532e-05,-0.041680418,-0.1050948,0.019717084
0.00040039944,-0.044181153,-0.100195214,0.01913744
0.0005559121,-0.04513153,-0.10166323,0.018089658
0.00072452566,-0.04738624,-0.101150304,0.014782648
0.0008061883,-0.048497293,-0.103748865,0.01126791
0.0006348605,-0.048034936,-0.10702231,0.010153535
0.00051104184,-0.0480141,-0.10744618,0.009556972
0.00021535381,-0.046525955,-0.10946531,0.011712373
0.00020292857,-0.046939474,-0.106701046,0.012412688
0.00019541307,-0.046648227,-0.10699887,0.013169025
0.0002021142,-0.046857182,-0.10616353,0.013554191
0.000113567155,-0.046444334,-0.10660818,0.014840468
0.00031890144,-0.048017245,-0.10405741,0.013132637
0.00035165943,-0.04773537,-0.10638015,0.012333159
0.000151462,-0.046563786,-0.10761989,0.0140899895
0.00013786308,-0.046739552,-0.10561845,0.01498356
0.00015446427,-0.046796415,-0.1053429,0.015481311
0.00015817059,-0.046797108,-0.105047874,0.015969237
0.00020708346,-0.047307838,-0.10440791,0.015659291
0.0006982523,-0.050661724,-0.10188373,0.009595992
0.0007625655,-0.050139587,-0.10797666,0.0058454764
0.00041189312,-0.04803037,-0.11152387,0.00690921
-1.5359603e-05,-0.045645397,-0.111733854,0.011454573
-7.711231e-05,-0.045561213,-0.10756544,0.014384745
-9.876702e-05,-0.045043014,-0.106443994,0.01716355
0.000210917,-0.046917073,-0.10263846,0.015942598
0.00041311272,-0.047587708,-0.10401116,0.014022094
0.00062328484,-0.049072977,-0.104098186,0.010476844
0.0006391226,-0.04889122,-0.10723906,0.008212643
0.00044570453,-0.047648396,-0.109437175,0.008641741
-6.700292e-05,-0.044734836,-0.11129641,0.01405703
-0.00015020234,-0.044881996,-0.105953,0.017535903
-0.00012612158,-0.04482285,-0.104403846,0.020080417
0.00026104396,-0.047307312,-0.100593746,0.017785614
0.0004131393,-0.048092347,-0.10310497,0.01539591
0.0006222629,-0.049887177,-0.10323559,0.011153186
0.0010820857,-0.05305932,-0.10393218,0.0026303234
0.000987918,-0.05129162,-0.11226095,-0.0012972233
0.00037579905,-0.047235962,-0.11693178,0.002314789
-0.0002965505,-0.043369435,-0.11575245,0.010873508
-0.00047928412,-0.042566497,-0.10884159,0.017768634
-3.795459e-05,-0.044654835,-0.10237472,0.018434891
0.00048498597,-0.047065064,-0.101238586,0.014937343
0.00050350337,-0.046730723,-0.10506944,0.01393446
0.002605404,-0.066097975,-0.08926408,-0.016186437
0.004118246,-0.077814855,-0.10681044,-0.05521757
0.004083371,-0.073973715,-0.13444087,-0.07971467
0.0026984538,-0.052309822,-0.16659617,-0.07518629
-0.0009618283,-0.026459485,-0.18679762,-0.03394796
-0.0033768888,-0.018584214,-0.1429849,0.0098811835
-0.0019539094,-0.022239596,-0.10369732,0.027809996
0.0003872678,-0.029028522,-0.09025855,0.027510218
0.0020011521,-0.035039343,-0.08946712,0.020337323
0.0024768817,-0.03782867,-0.09524631,0.0154837975
0.0025013068,-0.040472873,-0.09793022,0.011030355
0.0023874652,-0.042194955,-0.10150426,0.007178224
0.0020357203,-0.042261064,-0.10564938,0.006115605
0.0015646542,-0.04159672,-0.10766266,0.007840513
0.001079737,-0.040500462,-0.10790508,0.0119895525
0.0005373506,-0.040450137,-0.106245875,0.017254898
0.00049716193,-0.043170255,-0.10161832,0.018095883
0.0007189619,-0.046709385,-0.10076515,0.014498263
0.00083553744,-0.04895911,-0.10352591,0.009865701
0.00038394696,-0.0465012,-0.10979293,0.011775821
0.00029325575,-0.047289513,-0.10614713,0.012172014
0.00048300374,-0.048461407,-0.105660155,0.00995393
0.00040442476,-0.04751136,-0.10849415,0.009880536
-4.9120757e-05,-0.044921365,-0.1103543,0.014670802
-0.0001949176,-0.044667367,-0.1060098,0.01859507
-0.00012326443,-0.045229234,-0.10338671,0.020522028
0.00012061083,-0.0468905,-0.10126721,0.019477792
0.00017974446,-0.047321975,-0.10271617,0.018722506
0.00038494874,-0.04918243,-0.10178886,0.015536908
0.00050299516,-0.049900133,-0.104236975,0.012158849
0.0005174228,-0.05002967,-0.10636236,0.009493931
0.00034120548,-0.048897866,-0.109046936,0.0092613865
-5.2079125e-05,-0.046669178,-0.11058444,0.012786474
-0.0006558564,-0.04370166,-0.11008512,0.020829568
-0.0004002302,-0.04571596,-0.10142021,0.022691892
3.3105138e-05,-0.047810204,-0.10018316,0.020390447
0.000748062,-0.0523923,-0.09871292,0.011379881
0.0012137522,-0.054820936,-0.104375504,0.00091636623
0.0014801595,-0.05624873,-0.109905824,-0.009281192
0.0014360626,-0.054640323,-0.117533624,-0.015691362
0.0019026558,-0.057421193,-0.116017595,-0.026347714
0.0019510296,-0.053262696,-0.12742516,-0.03213309
0.00083824305,-0.04222266,-0.13902342,-0.02137897
-0.00039744028,-0.034822162,-0.1315717,-0.002186089
-0.0011482012,-0.030979626,-0.11892262,0.017832566
-0.0004121661,-0.034215108,-0.10025621,0.025225593
0.0009817822,-0.040162493,-0.093114026,0.019944767
0.0018401585,-0.04398722,-0.09646721,0.01160554
0.00197847,-0.04494128,-0.10267405,0.0062295855
0.0016811847,-0.04441942,-0.10722029,0.0048438604
0.0011602711,-0.04259207,-0.10991376,0.007857432
0.00087228214,-0.042603165,-0.10741721,0.010472867
0.00045145958,-0.04114211,-0.10814583,0.0158002
0.00039513916,-0.042581268,-0.10304704,0.018114068
0.00058148155,-0.044636626,-0.10142986,0.017118974
0.0005742936,-0.045985457,-0.1027994,0.015880711
0.0004992147,-0.04707204,-0.103804424,0.014677596
0.00045759598,-0.04781777,-0.10470678,0.013361602
0.00042722686,-0.048220333,-0.10568094,0.01211653
0.00037794485,-0.047925908,-0.106798224,0.01163913
0.0001420441,-0.046628855,-0.1081996,0.01361328
4.1450094e-05,-0.04652786,-0.1063577,0.015290846
0.00041542997,-0.04900662,-0.10310555,0.011916642
0.00059772184,-0.049460933,-0.10626159,0.0085185645
0.00043235795,-0.04827261,-0.109415844,0.008276466
0.00028170322,-0.04746439,-0.10936364,0.009260783
0.00024461377,-0.047133908,-0.1085638,0.010052818
0.00034339976,-0.0472247,-0.10756555,0.0098601235
-0.00014536959,-0.043845225,-0.11115842,0.015833786
0.000107463384,-0.046149228,-0.102887794,0.016001612
0.00037205507,-0.04688574,-0.10400353,0.0145094395
0.00049079733,-0.04752754,-0.10453356,0.012813177
0.0003935001,-0.04696327,-0.10654142,0.012930409
0.0005034735,-0.04812384,-0.10499255,0.011106839
0.0005061996,-0.04789242,-0.10714557,0.010013651
0.0003997363,-0.047225885,-0.108085044,0.010348688
0.00039686688,-0.047264136,-0.10737676,0.010258394
0.00032068384,-0.04672853,-0.108095475,0.010986216
7.2711046e-05,-0.04531775,-0.1086682,0.014145055
-0.00016870102,-0.0443124,-0.10691742,0.018525
-0.00021192941,-0.044542063,-0.10371219,0.021668931
-0.00012755174,-0.04539388,-0.10153457,0.023063567
0.00053853204,-0.050004475,-0.097359635,0.016432293
0.0010512465,-0.05252166,-0.101708084,0.007475969
0.00092362857,-0.05150818,-0.10918562,0.003122248
0.00039662985,-0.048374735,-0.1138082,0.005107293
-5.7298254e-05,-0.04603094,-0.11276787,0.009920171
-9.264414e-05,-0.045735285,-0.1086126,0.012933617
-8.480206e-05,-0.04530277,-0.10721785,0.01548102
6.4215106e-05,-0.046004202,-0.10465553,0.016169582
6.920641e-05,-0.04578726,-0.10500497,0.017434288
9.5485215e-05,-0.046297207,-0.10368695,0.018068826
9.608486e-05,-0.04654498,-0.103601016,0.01861447
6.631039e-05,-0.046700604,-0.10339805,0.019275991
0.00027466874,-0.04833659,-0.10171527,0.017131597
0.0003075469,-0.04838524,-0.10405926,0.01570575
0.00041435583,-0.049345914,-0.103931524,0.013167402
0.00043893923,-0.049642712,-0.10595915,0.010820274
0.00028038147,-0.048831765,-0.10827098,0.010540428
8.7440085e-06,-0.047406293,-0.10923892,0.01271676
-0.00018898249,-0.04643993,-0.10793753,0.015788488
-5.3882944e-05,-0.047300924,-0.10471106,0.01620197
0.000117226635,-0.047963575,-0.104483426,0.015246104
0.00020635924,-0.048232403,-0.10506573,0.014214321
0.00026464218,-0.048531156,-0.10550141,0.013031047
0.00021460591,-0.04802037,-0.10677126,0.012974973
0.00030041373,-0.048585698,-0.105835475,0.011758412
0.0003971276,-0.048758432,-0.10668921,0.010140532
0.00020968347,-0.04716101,-0.10911667,0.011517429
0.0001136906,-0.046796598,-0.10749549,0.01302222
1.6463688e-05,-0.045999043,-0.10720923,0.015241731
0.00015361038,-0.04697635,-0.10446342,0.015115221
0.00018599938,-0.046905182,-0.105382405,0.015259381
2.029103e-05,-0.046086904,-0.106010124,0.01731567
0.00016273017,-0.04740027,-0.10308835,0.01665993
0.00039553753,-0.04863546,-0.103310026,0.013998188
0.00070570456,-0.050580725,-0.10378884,0.008816635
0.00057082326,-0.049159937,-0.10928156,0.0073625823
0.0003920011,-0.048329864,-0.10968922,0.0076039806
-1.5943877e-05,-0.045678936,-0.111695126,0.011915907
-0.00017573303,-0.04507185,-0.10780808,0.015854979
0.00012773417,-0.046782997,-0.1036636,0.015256423
0.00045025724,-0.048176304,-0.10386735,0.012368844
0.0005348634,-0.048264924,-0.10614887,0.01036639
0.00019598464,-0.046188325,-0.10932326,0.012910219
0.00016770702,-0.046608757,-0.10593016,0.013978235
6.5078726e-05,-0.045833774,-0.10664568,0.016008269
6.898129e-05,-0.04611255,-0.104617946,0.017219
0.00061956816,-0.049567413,-0.1009605,0.011840875
0.0010040567,-0.051234838,-0.10475317,0.004944078
0.00064061116,-0.048328836,-0.11229855,0.0050365524
-0.00028228553,-0.04362896,-0.115016855,0.01381862
-0.00023206175,-0.044996966,-0.10516542,0.01712918
0.00019147526,-0.046857353,-0.10292506,0.0155866025
0.00038019364,-0.047286507,-0.10439554,0.014033381
0.0003028287,-0.046791986,-0.10595725,0.014342763
0.0007604695,-0.05028417,-0.102212854,0.008583131
0.0015384099,-0.055130634,-0.1033935,-0.004094142
0.001817549,-0.055566322,-0.112715766,-0.014818489
0.0013431102,-0.05055092,-0.12321253,-0.015957342
0.000433032,-0.043958403,-0.12673661,-0.00743762
0.00027200356,-0.042409785,-0.11752304,-0.00093094143
0.0006090078,-0.042389702,-0.112573266,0.0013997698
0.0007104978,-0.041377652,-0.112083845,0.0044087903
0.0006432919,-0.040559363,-0.11021961,0.00851552
0.00063759205,-0.04046677,-0.107303016,0.012128186
0.00083602115,-0.04155101,-0.10406484,0.013179227
0.001103103,-0.043322828,-0.102820344,0.01154115
0.0010702562,-0.043331247,-0.10522707,0.011465678
0.0005939477,-0.04147948,-0.107400104,0.016245838
0.00038923507,-0.04190021,-0.10326962,0.019896964
0.0006365269,-0.04453504,-0.09971946,0.018531272
0.00042322392,-0.044140022,-0.10332801,0.020063374
-3.0955518e-05,-0.04359386,-0.10321162,0.024343954
-0.00033341313,-0.043875188,-0.10081951,0.028610403
-0.0003096731,-0.04555606,-0.09762282,0.03002154
-0.0002918941,-0.04698087,-0.097264625,0.030194722
-9.3195704e-05,-0.049613625,-0.096254274,0.027160266
3.7213395e-05,-0.05133681,-0.09845575,0.023113769
-1.0158613e-05,-0.05192144,-0.10148227,0.020040676
-2.2037048e-05,-0.05265514,-0.10309226,0.016868455
-9.194145e-05,-0.052527573,-0.105579026,0.014608569
-0.00021127377,-0.051924996,-0.10730293,0.013628802
-0.00028915046,-0.051252436,-0.10792449,0.013391886
-0.00027372403,-0.0507402,-0.10778367,0.01317214
0.00018946681,-0.053076316,-0.1051318,0.008087906
0.0001471016,-0.051152255,-0.111117326,0.006534973
-0.00013922265,-0.048649542,-0.1123965,0.009057855
-0.00027943557,-0.047130946,-0.11038345,0.012398516
3.900316e-06,-0.04794613,-0.10632513,0.012200358
1.907703e-05,-0.046638586,-0.108071044,0.013644259
0.00024168915,-0.04753159,-0.10505405,0.012816031
0.00032817404,-0.047210738,-0.10644811,0.012401071
0.00026699167,-0.046587843,-0.1068634,0.0132477805
0.00023912937,-0.046394907,-0.10612607,0.014142723
0.0002461705,-0.04645842,-0.105519764,0.014686744
0.0002983463,-0.046831775,-0.104953595,0.014521274
0.00034227935,-0.047142345,-0.10506322,0.014010724
0.00033953215,-0.047230665,-0.105519764,0.013681548
0.0004255484,-0.04796494,-0.10510757,0.012245165
0.0011559615,-0.053298403,-0.101645485,0.0020769362
0.001448845,-0.053602476,-0.110344134,-0.006714741
0.0010925845,-0.050304092,-0.11802616,-0.008242776
0.00035365534,-0.0450836,-0.121600874,-0.0017732286
-0.0004346822,-0.040597484,-0.11867436,0.009872891
-0.0004743833,-0.040330663,-0.10858422,0.017775126
0.00042627758,-0.044764284,-0.09969418,0.014711027
0.0013115758,-0.048680887,-0.100704245,0.0058353473
0.0015528601,-0.049148567,-0.10745293,-0.00066867593
0.0012023046,-0.046729386,-0.1135687,-0.00090047804
0.00063717464,-0.043654557,-0.11505871,0.0040463256
0.000504759,-0.04328762,-0.11032298,0.0075109946
0.0002924448,-0.04161129,-0.11011471,0.012687338
0.00014810324,-0.041185156,-0.10632689,0.017752333
0.00032316498,-0.042617884,-0.10201917,0.019375078
0.0007649018,-0.045911755,-0.09948003,0.015683116
0.0012209798,-0.049174514,-0.10100084,0.008381677
0.0024163683,-0.059648864,-0.09809865,-0.0128063485
0.0025364428,-0.05731285,-0.11822711,-0.0262658
0.0017110937,-0.050400384,-0.12978448,-0.025838487
0.00027202233,-0.04020983,-0.13585363,-0.011097084
-0.0009189143,-0.034417808,-0.12541088,0.008709164
-0.00056651805,-0.036030006,-0.10714694,0.018109158
0.00041016002,-0.03968168,-0.099710844,0.017860435
0.001079302,-0.042375613,-0.09970844,0.014493077
0.0010782909,-0.0423874,-0.10350876,0.014398325
0.0012145452,-0.044792563,-0.10150726,0.011593566
0.0013269237,-0.045889463,-0.10406163,0.0083047
0.0009504028,-0.044092763,-0.1086361,0.010014278
0.0009576669,-0.045554236,-0.10507232,0.008959021
0.0011679145,-0.046989862,-0.10572214,0.0054080994
0.0010163867,-0.046030227,-0.10975069,0.004777498
0.0005905429,-0.044795237,-0.111169145,0.007428966
0.00049596594,-0.04530655,-0.10841031,0.00865274
0.00057445595,-0.046114847,-0.10757092,0.00819047
0.0008866602,-0.04792546,-0.10639909,0.004613249
0.0019770234,-0.055464525,-0.102286674,-0.010779053
0.002512188,-0.05666548,-0.11426241,-0.025341667
0.0020450924,-0.050867364,-0.12789042,-0.028210275
0.0013517683,-0.0448303,-0.13057083,-0.022755753
0.0007860304,-0.0393199,-0.1284385,-0.012792757
0.00035440215,-0.035566043,-0.12226682,-0.00080301013
0.00072891545,-0.03666808,-0.11040905,0.0044243475
0.0018439969,-0.041401953,-0.10311591,-0.0014357629
0.0026862482,-0.044716887,-0.106360115,-0.011097777
0.0025968668,-0.042709645,-0.11598884,-0.013796547
0.0015763189,-0.036907632,-0.1225573,-0.004417948
0.0010214759,-0.035658833,-0.11367716,0.004660724
0.0013574201,-0.037801977,-0.10583803,0.006448653
0.0018849565,-0.040385094,-0.10407565,0.003420623
0.0022766897,-0.04285776,-0.10525947,-0.002056166
0.0023544072,-0.044189576,-0.10924075,-0.0069690035
0.002036987,-0.043025464,-0.11447561,-0.0075689172
0.0015953861,-0.04146267,-0.11572089,-0.0048147226
0.0017488125,-0.043506727,-0.11077802,-0.006768689
0.0023047586,-0.046493392,-0.11032341,-0.014229854
0.0023699664,-0.04496158,-0.117908105,-0.017911378
0.0021830732,-0.043353207,-0.1197516,-0.018318707
0.0013199613,-0.037228085,-0.1263443,-0.008619436
5.8372196e-05,-0.032169003,-0.1218387,0.009112189
-0.00015781679,-0.032709703,-0.106875286,0.02119559
0.0010203171,-0.038865022,-0.09461136,0.01793813
0.0019587683,-0.043237112,-0.09702678,0.009514784
0.0020203262,-0.043924022,-0.10414711,0.0050114626
0.0014558991,-0.042201605,-0.10932599,0.0070324065
0.0009345785,-0.041493583,-0.10826892,0.011054327
0.00085767725,-0.04275238,-0.10489157,0.012280332
0.00080667133,-0.04323261,-0.10516057,0.013125895
8.038531e-05,-0.04025283,-0.10853094,0.021190178
-0.00042940798,-0.040148757,-0.10248956,0.029296469
-0.00013206643,-0.04374928,-0.09543785,0.02991016
0.0008101624,-0.05058908,-0.0921592,0.019603463
0.0010848237,-0.052649856,-0.100682124,0.010481539
0.00057934824,-0.05029321,-0.10916603,0.009243485
-0.00025046727,-0.046436533,-0.11204941,0.015394901
-0.00030062592,-0.047251794,-0.105221294,0.017791474
-0.00016381677,-0.047880754,-0.104315385,0.017932491
-9.63151e-05,-0.04823436,-0.10426373,0.017709596
-1.4571924e-05,-0.04881814,-0.10406786,0.016805805
0.00031400795,-0.05088066,-0.10299578,0.012557045
0.00053842564,-0.05177657,-0.10582782,0.0076894965
0.00046495386,-0.050895784,-0.10978794,0.005375654
-5.6852477e-05,-0.047307704,-0.11381825,0.009384845
-0.00021077026,-0.046334915,-0.10946921,0.013100442
-4.9273272e-05,-0.046438325,-0.10653435,0.014444518
6.4009386e-05,-0.04629927,-0.10583309,0.015316079
5.9627222e-05,-0.046182837,-0.1054083,0.016499544
0.0004144057,-0.04851032,-0.10244424,0.013366127
0.00068821607,-0.04959016,-0.10473708,0.009111913
0.00068983174,-0.04912099,-0.1079923,0.0067745466
0.0004725768,-0.047731753,-0.11030535,0.0072926017
0.00031618273,-0.04676187,-0.10985732,0.008832389
0.00024879654,-0.04606144,-0.10892763,0.010550441
0.00018340177,-0.045365863,-0.10808213,0.01270773
0.0002923669,-0.0460516,-0.105725124,0.013016743
-0.00010557964,-0.043579277,-0.10867237,0.018266087
-0.00071150146,-0.041452315,-0.106176704,0.02737796
-0.0003769259,-0.04439789,-0.09706556,0.02891607
0.00022005751,-0.04788701,-0.095529065,0.024533633
0.00065879326,-0.050824825,-0.09770643,0.017488271
0.0008053467,-0.052155875,-0.102386944,0.011008804
0.00060858246,-0.051270265,-0.10770043,0.00807113
0.00036445915,-0.05036351,-0.10970354,0.0072508547
0.00012534212,-0.048928175,-0.11096438,0.008338536
-0.00013551832,-0.047207315,-0.11095016,0.011421043
0.0003011277,-0.049840074,-0.10524498,0.0082611665
0.00059694157,-0.050209396,-0.10839193,0.0043429076
0.00046577005,-0.04847256,-0.11201998,0.0041706623
-5.288197e-05,-0.04495954,-0.11419401,0.009831657
-0.00010545177,-0.04496173,-0.10822792,0.013419168
0.00025524062,-0.04620304,-0.10492522,0.012883877
0.0004856943,-0.046383552,-0.1055979,0.011868244
0.00063329027,-0.04693676,-0.10560911,0.0103064375
0.00058021635,-0.046298474,-0.10747087,0.010351383
0.0004549478,-0.045765314,-0.10751863,0.011496227
6.0982285e-07,-0.04339656,-0.10909423,0.017008143
5.0905153e-05,-0.04468407,-0.10311453,0.018955752
0.00010061904,-0.04502641,-0.103032,0.020192089
-7.615612e-05,-0.044593137,-0.10309625,0.023071362
0.0025668652,-0.06826492,-0.08284382,-0.011685718
0.00391592,-0.07625243,-0.108083405,-0.049639408
0.003429456,-0.068790704,-0.1371997,-0.067291625
0.002161558,-0.053113554,-0.15637349,-0.06272211
0.0010320558,-0.03995294,-0.15539634,-0.045960695
0.0011655935,-0.03584464,-0.13676919,-0.03436017
0.0017858753,-0.033040263,-0.12984608,-0.02751166
0.002396099,-0.032115586,-0.12267257,-0.023361424
0.0031934252,-0.033602927,-0.11635686,-0.024724387
0.0038971542,-0.034780294,-0.11623309,-0.028829262
0.004806045,-0.040121038,-0.11167571,-0.04138001
0.0056290287,-0.042462137,-0.11915692,-0.056213204
0.0051193605,-0.03256175,-0.14179955,-0.05291151
0.0043502185,-0.028865498,-0.1318645,-0.0450723
0.0042711915,-0.02455778,-0.13159928,-0.036538213
