1.0499576,0.006186322,0.11453411,0.52691734
1.0499508,0.0061975303,0.11446504,0.5269033
1.0499517,0.006195614,0.11450949,0.52690774
1.0499572,0.0061863367,0.11456655,0.5269216
1.0499574,0.00618652,0.114539325,0.5269199
1.0499597,0.0061825826,0.114565186,0.52692455
1.0499598,0.0061827824,0.114552766,0.52692384
1.0499562,0.0061888155,0.114513546,0.52691424
1.049958,0.0061853216,0.114553064,0.52692026
1.0499543,0.0061919517,0.11449995,0.52691114
1.0499511,0.00619691,0.114485495,0.5269045
1.0499599,0.006181717,0.114601,0.52692646
1.0499537,0.0061931172,0.114483066,0.52690876
1.0499508,0.0061970144,0.11448657,0.5269055
1.0499506,0.00619726,0.114497684,0.52690613
1.0499564,0.0061873994,0.11456445,0.52691936
1.0499579,0.0061854874,0.11454921,0.5269208
1.0499609,0.0061803004,0.11457677,0.5269282
1.0499592,0.00618399,0.11453885,0.5269208
1.0499591,0.006183885,0.11454895,0.526921
1.0499582,0.0061851214,0.114540376,0.5269203
1.0499521,0.0061954395,0.1144754,0.52690643
1.0499548,0.0061905184,0.11453747,0.5269141
1.0499556,0.0061891456,0.11453353,0.5269161
1.0499598,0.00618236,0.114573754,0.5269261
1.0499619,0.006178727,0.11457916,0.5269302
1.0499605,0.0061815428,0.11454964,0.5269253
1.0499532,0.006193929,0.11447565,0.52690697
1.0499524,0.006194775,0.11450511,0.5269067
1.0499547,0.006191029,0.11453364,0.52691215
1.0499588,0.006183838,0.1145694,0.526924
1.049956,0.0061890674,0.11451545,0.5269149
1.0499586,0.006184196,0.11456136,0.526922
1.0499578,0.006185948,0.11453627,0.52691984
1.0499556,0.0061894488,0.11451787,0.5269148
1.0499554,0.0061899456,0.11452486,0.5269137
1.0499524,0.0061946805,0.11449455,0.5269079
1.0499442,0.0062085357,0.11441644,0.52688897
1.0499527,0.0061930204,0.11455888,0.5269117
1.0499558,0.006188859,0.114544004,0.526916
1.0499576,0.006185898,0.11455,0.52691966
1.0499597,0.0061824834,0.1145634,0.52692515
1.049959,0.0061839353,0.114544705,0.5269221
1.04996,0.0061822836,0.114559315,0.5269242
1.0499576,0.00618628,0.11452804,0.5269189
1.0499622,0.006178272,0.11459297,0.5269298
1.0499635,0.0061766137,0.11458185,0.5269313
1.0499594,0.006183727,0.11452927,0.5269205
1.0499612,0.0061800047,0.11457419,0.5269259
1.0499599,0.0061827605,0.114545666,0.52692246
1.0499603,0.0061819684,0.11455775,0.5269249
1.0499573,0.0061870767,0.11452267,0.5269173
1.0499591,0.0061838483,0.11455777,0.526923
1.0499576,0.0061864736,0.1145324,0.52691853
1.0499574,0.0061865966,0.114538215,0.5269188
1.0499533,0.006193204,0.11449491,0.5269102
1.0499514,0.006196119,0.11449442,0.52690643
1.0499592,0.006183024,0.11459048,0.5269247
1.049954,0.0061926767,0.11448926,0.52691025
1.049954,0.0061918437,0.11452058,0.52691215
1.0499568,0.006187339,0.114548996,0.52691907
1.0499628,0.006177421,0.114602804,0.5269316
1.0499568,0.006188089,0.11450306,0.5269156
1.0499531,0.00619381,0.114494845,0.5269074
1.0499581,0.0061848313,0.114570595,0.5269219
1.0499532,0.0061938753,0.114486545,0.52690816
1.0499496,0.0061991666,0.11447554,0.52690166
1.0499504,0.006197865,0.11450089,0.52690303
1.0499537,0.0061920173,0.11453555,0.5269118
1.0499568,0.0061872522,0.11455057,0.526918
1.0499673,0.006169292,0.114654556,0.52694494
1.0499663,0.006172097,0.11458641,0.5269382
1.0499598,0.0061832843,0.11451832,0.52692133
1.0499557,0.0061896862,0.1145091,0.526911
1.0499635,0.0061758375,0.11461869,0.52693266
1.0499638,0.0061763325,0.11457773,0.52693063
1.0499574,0.0061871335,0.11450494,0.5269165
1.0499566,0.0061881756,0.11453001,0.5269147
1.0499569,0.0061873044,0.11453899,0.5269166
1.0499597,0.0061825532,0.114567675,0.5269244
1.0499593,0.0061837174,0.114546716,0.5269224
1.0499566,0.006188262,0.114519216,0.5269162
1.0499592,0.006183473,0.11456397,0.52692354
1.0499574,0.0061867977,0.114528865,0.52691865
1.0499572,0.0061869086,0.11453709,0.5269186
1.0499538,0.006192618,0.114500664,0.5269095
1.0499523,0.0061948914,0.11450081,0.5269074
1.0499568,0.0061870217,0.11455969,0.5269197
1.0499556,0.0061894204,0.11452175,0.526916
1.0499538,0.0061924066,0.114509024,0.52690995
1.0499595,0.006182656,0.11458147,0.52692443
1.0499549,0.0061909943,0.114498645,0.52691275
1.0499622,0.006177753,0.11460911,0.5269322
1.04996,0.0061825435,0.114541315,0.5269239
1.0499595,0.0061830897,0.1145499,0.52692276
1.0499552,0.00619036,0.11450346,0.526913
1.0499526,0.0061942716,0.11449781,0.5269089
1.0499605,0.0061805984,0.114600584,0.52692854
1.0499618,0.006179287,0.11457183,0.52692807
1.0499574,0.006186957,0.114515156,0.5269168
1.0499524,0.006195095,0.11448276,0.5269065
1.0499413,0.0062132184,0.11438511,0.52688444
1.0499386,0.0062170583,0.114414,0.52687854
1.0499309,0.006229548,0.11434206,0.52686363
1.0499437,0.0062070163,0.11452617,0.5268973
1.0499544,0.006189933,0.11457562,0.52692145
1.049934,0.0062257987,0.11429017,0.5268665
1.049948,0.0061998465,0.114562154,0.5269023
1.0499464,0.0062046335,0.1144611,0.52689207
1.049957,0.0061859787,0.11459341,0.52691966
1.04996,0.006181588,0.11456959,0.5269272
1.0499595,0.0061825924,0.11454968,0.5269248
1.0499535,0.006192804,0.114485055,0.5269095
1.0499587,0.006183569,0.114574976,0.52692336
1.0499588,0.0061840806,0.11454681,0.5269219
1.0499566,0.0061878255,0.11452226,0.5269166
1.0499501,0.006198316,0.11446328,0.5269027
1.0499556,0.0061883423,0.11455945,0.5269177
1.0499623,0.006177984,0.11460108,0.52693194
1.0499609,0.0061808974,0.11455164,0.5269266
1.0499573,0.006186748,0.11452057,0.52691776
1.0499573,0.006186803,0.11453732,0.5269178
1.0499535,0.0061933664,0.11449506,0.5269077
1.0499527,0.006194051,0.114508376,0.5269078
1.0499543,0.006191562,0.11452689,0.5269129
1.0499637,0.0061751483,0.11462847,0.52693737
1.0499582,0.0061856573,0.114513665,0.5269195
1.0499521,0.0061954176,0.11447609,0.5269065
1.0499562,0.0061878324,0.11455535,0.5269183
1.0499556,0.006189333,0.11452447,0.5269163
1.0499576,0.006186019,0.1145503,0.5269205
1.0499597,0.0061827647,0.11456294,0.52692425
1.0499417,0.0062133637,0.11435,0.5268819
1.0499188,0.00625081,0.11419419,0.52682567
1.0499389,0.0062143104,0.11453909,0.5268829
1.0499351,0.0062232795,0.11438133,0.5268676
1.0499281,0.0062338947,0.11432931,0.5268571
1.0499257,0.006237338,0.114339255,0.5268534
1.049929,0.0062314454,0.11438794,0.5268627
1.0499359,0.0062199538,0.11444698,0.5268784
1.0499454,0.0062041255,0.11451643,0.5269021
1.0499415,0.0062114466,0.11442324,0.5268901
1.049947,0.0062016747,0.11450742,0.52690285
1.0499518,0.006194299,0.11452979,0.5269114
1.049957,0.00618556,0.114565715,0.5269227
1.0499592,0.0061826366,0.11456056,0.5269249
1.0499548,0.0061901547,0.11450134,0.526914
1.0499493,0.0061994498,0.114461884,0.5269
1.0499486,0.0062001334,0.11448373,0.5269005
1.0499507,0.006196388,0.114511095,0.5269069
1.049942,0.006211326,0.114400506,0.52688825
1.0499392,0.0062159174,0.1144161,0.52687824
1.0499393,0.0062153395,0.11443245,0.5268797
1.0499476,0.006201196,0.11452417,0.5269008
1.0499496,0.006198321,0.11450234,0.52690554
1.0499532,0.006192273,0.11453391,0.526913
1.0499508,0.0061968104,0.11448654,0.52690595
1.0499579,0.006184523,0.114580736,0.52692276
1.0499566,0.0061876834,0.114525735,0.5269169
1.0499586,0.006184068,0.11455687,0.52692276
1.0499572,0.0061866054,0.11453058,0.5269191
1.049957,0.006186606,0.11453746,0.5269193
1.0499576,0.006185685,0.11454426,0.52692026
1.0499592,0.006183401,0.1145569,0.526923
1.0499544,0.0061915964,0.11449553,0.5269119
1.0499471,0.006203376,0.11444172,0.5268944
1.0499511,0.006196227,0.11452372,0.52690375
1.0499465,0.0062045464,0.11444857,0.5268922
1.0499542,0.0061909454,0.11456054,0.5269135
1.0499593,0.006182922,0.1145752,0.5269266
1.0499563,0.006188561,0.1145156,0.5269163
1.0499569,0.006187078,0.11454068,0.52691764
1.0499542,0.006191871,0.11450461,0.5269116
1.0499548,0.006190472,0.114527605,0.526914
1.0499576,0.006185686,0.11455546,0.52692133
1.0499552,0.0061899186,0.11451414,0.5269147
1.0499573,0.0061864774,0.114548974,0.5269187
1.0499587,0.006184235,0.114553764,0.52692246
1.0499578,0.0061858916,0.11453752,0.5269181
1.0499567,0.006187832,0.11452859,0.52691513
1.0499554,0.006189612,0.11452146,0.5269143
1.0499591,0.0061834906,0.11456761,0.52692366
1.0499599,0.006182316,0.114558235,0.5269252
1.0499601,0.006182056,0.11455666,0.52692455
1.0499599,0.0061824126,0.11455359,0.5269236
1.0499604,0.0061814687,0.11456053,0.5269254
1.0499586,0.0061845854,0.114537545,0.52692086
1.0499586,0.0061844015,0.11454726,0.52692145
1.0499557,0.0061893,0.11451474,0.5269146
1.0499574,0.0061864713,0.11454747,0.5269185
1.0499628,0.0061773625,0.114600286,0.52693135
1.0499656,0.006173101,0.11460281,0.5269364
1.0499699,0.0061659473,0.11463709,0.52694666
1.0499724,0.0061621126,0.11464294,0.5269507
1.0499682,0.0061695767,0.114582516,0.5269382
1.0499588,0.006185107,0.11449945,0.52691716
1.0499575,0.006186723,0.1145336,0.52691627
1.0499569,0.006187793,0.114531785,0.5269164
1.0499554,0.006189871,0.114520706,0.52691483
1.0499581,0.006185195,0.11455829,0.5269212
1.0499473,0.0062042885,0.1144195,0.5268924
1.0499519,0.00619505,0.11453363,0.5269063
1.0499544,0.0061915307,0.11453233,0.5269113
1.0499572,0.006186697,0.11455203,0.52691984
1.0499564,0.0061882837,0.11452881,0.5269164
1.0499598,0.006182365,0.114571646,0.5269247
1.0499558,0.0061893454,0.11450852,0.5269151
1.0499527,0.006194339,0.1144951,0.5269078
1.0499594,0.006182667,0.1145873,0.5269245
1.0499542,0.006192411,0.11448959,0.5269105
1.0499517,0.0061956993,0.11449385,0.5269069
1.0499194,0.006251385,0.11414226,0.52682185
1.0499325,0.0062258104,0.11446545,0.52686137
1.0499368,0.0062202164,0.11443505,0.5268685
1.0499399,0.006214923,0.11444974,0.52687657
1.0499542,0.0061899647,0.114595175,0.52691823
1.0499488,0.006200813,0.11445526,0.52690023
1.049952,0.0061944933,0.11452535,0.5269082
1.0499581,0.0061845207,0.11457456,0.52692205
1.0499542,0.0061916793,0.114497855,0.5269117
1.0499575,0.006185431,0.11455853,0.5269215
1.0499603,0.0061812573,0.11456992,0.52692676
1.0499572,0.0061868997,0.11452027,0.5269177
1.0499567,0.006187373,0.11453275,0.52691734
1.0499576,0.006185569,0.11454649,0.5269204
1.0499556,0.0061894595,0.114515886,0.52691466
1.049958,0.0061851097,0.1145552,0.5269215
1.0499575,0.0061864005,0.11453576,0.52691835
1.0499564,0.0061879926,0.11452762,0.52691686
1.0499545,0.0061914157,0.11451029,0.52691215
1.0499395,0.006217076,0.11435353,0.52687156
1.0499464,0.0062038875,0.114511624,0.5268924
1.049952,0.006195186,0.11453412,0.5269052
1.0499544,0.0061913365,0.11453214,0.5269118
1.0499253,0.0062405197,0.11419493,0.5268452
1.0499362,0.006219293,0.11447532,0.5268773
1.0499032,0.006276104,0.11404345,0.5268023
1.0499225,0.006239798,0.11444153,0.52685595
1.0499467,0.0062014996,0.114596315,0.5269074
1.0499423,0.0062111053,0.114422694,0.52688545
1.0499547,0.0061887456,0.11459004,0.52692044
1.049959,0.006182904,0.1145685,0.5269275
1.0499547,0.006190396,0.114500694,0.5269148
1.0499406,0.006214045,0.114365146,0.52688146
1.0499357,0.006220782,0.11438762,0.526875
1.0499411,0.006211498,0.11447044,0.5268893
1.049956,0.0061869454,0.11460748,0.5269228
1.0499564,0.006187602,0.114533775,0.5269178
1.0499538,0.006191909,0.114503406,0.52691233
1.0499573,0.0061856355,0.11455883,0.5269206
1.0499567,0.0061873165,0.114530124,0.52691776
1.0499563,0.006187741,0.11453123,0.52691764
1.0499562,0.0061881593,0.11453048,0.526917
1.0499554,0.006189535,0.11452272,0.52691495
1.0499568,0.0061871163,0.11454326,0.52691805
1.0499628,0.006176967,0.11460371,0.52693266
1.0499682,0.006168273,0.11463268,0.5269446
1.0499654,0.006173881,0.11457127,0.526934
1.049964,0.0061757467,0.11457367,0.52693105
1.0499502,0.0061996123,0.1144225,0.52689576
1.0499465,0.006204473,0.11445604,0.5268926
1.0499231,0.0062440992,0.114211924,0.526838
1.0498958,0.0062874975,0.1140389,0.52678347
1.0498376,0.0063821482,0.113559544,0.5266527
1.0498695,0.0063238298,0.11420932,0.52673495
1.0498904,0.0062929555,0.114249505,0.5267745
1.049899,0.0062799565,0.11423916,0.5267875
1.0499113,0.006259163,0.11433012,0.52682036
1.0499173,0.0062483572,0.114333704,0.52684635
1.0499295,0.0062284525,0.11443732,0.5268708
1.0499314,0.006226352,0.11439309,0.5268704
1.0499365,0.006217458,0.11444278,0.52688307
1.0499406,0.0062109805,0.11446121,0.52689075
1.0499383,0.0062150555,0.11441512,0.5268841
1.0499408,0.006210813,0.114454366,0.5268898
1.0499463,0.0062021725,0.11450187,0.5268987
1.0499543,0.0061893347,0.11456148,0.5269152
1.04996,0.0061803744,0.11458433,0.52692604
1.0499634,0.0061752317,0.11459151,0.5269336
1.0499643,0.006174333,0.1145836,0.5269337
1.0499482,0.0062017916,0.114398874,0.526895
1.0499504,0.006196754,0.11451028,0.5269048
1.0499532,0.0061925724,0.114526965,0.52691174
1.0499568,0.006186861,0.11455339,0.5269186
1.049956,0.006188595,0.11452517,0.5269161
1.0499566,0.0061875167,0.11453712,0.52691776
1.0499482,0.0062016523,0.11444039,0.52689856
1.0499307,0.0062304446,0.1142892,0.52686155
1.0498651,0.006339108,0.11366737,0.52671057
1.0499086,0.0062604235,0.114490405,0.52682453
1.0499189,0.0062490376,0.11435215,0.5268334
1.0499326,0.0062255207,0.114463694,0.5268639
1.0499488,0.0061983475,0.11457086,0.5269074
1.0499558,0.006187543,0.11456394,0.5269231
1.0499548,0.0061897766,0.114517964,0.52691704
1.0499587,0.0061829677,0.114568606,0.52692556
1.0499591,0.006182719,0.11455175,0.5269245
1.0499591,0.006183059,0.11454849,0.5269231
1.0499597,0.006182123,0.11455598,0.52692413
1.0499542,0.0061916662,0.114490554,0.52690995
1.0499575,0.0061855083,0.11455811,0.52691966
1.0499601,0.0061813323,0.11456972,0.52692515
1.0499613,0.0061795874,0.11456855,0.5269276
1.0499573,0.0061867577,0.114516385,0.5269166
1.0499617,0.0061787623,0.11458929,0.52692884
1.0499561,0.006188921,0.114500724,0.5269136
1.0499555,0.0061896285,0.114524014,0.5269135
1.0499591,0.0061835796,0.11456707,0.5269234
1.0499613,0.0061798305,0.11457505,0.5269289
1.0499659,0.00617257,0.11461316,0.52693784
1.0499674,0.006170428,0.11460669,0.5269393
1.0499704,0.006165291,0.11463391,0.52694666
1.0499707,0.0061651743,0.11462092,0.5269454
1.0499719,0.00616308,0.11463398,0.5269479
1.049968,0.0061702095,0.11458108,0.5269371
1.0499618,0.0061801895,0.11453443,0.5269236
1.0499556,0.006190187,0.11449687,0.52691096
1.0499575,0.006186458,0.11454996,0.5269188
1.0499587,0.0061845714,0.11455297,0.52692205
1.049959,0.0061841137,0.11455032,0.5269224
1.0499568,0.0061882087,0.114521764,0.52691615
1.0499575,0.0061863973,0.11454534,0.52691877
1.0499505,0.006198521,0.11445999,0.5269019
1.0499532,0.006193249,0.11452913,0.5269099
1.0499628,0.006177198,0.11462139,0.5269331
1.0499576,0.0061870134,0.114510514,0.5269176
1.0499504,0.006198456,0.11446065,0.52690196
1.0499582,0.0061845556,0.11458718,0.5269212
1.0499504,0.0061990437,0.114452586,0.52689934
1.049957,0.006186498,0.11457398,0.5269193
1.0499647,0.0061738873,0.11462322,0.52693826
1.0499339,0.006227074,0.1142344,0.52686274
1.0499185,0.006250267,0.114235684,0.52682734
1.0499315,0.006227149,0.11445603,0.5268624
1.0499372,0.0062190094,0.11444561,0.52687275
1.049939,0.0062157516,0.11443893,0.5268797
1.0499493,0.0061979643,0.114545204,0.5269082
1.0499504,0.006197374,0.11450041,0.52690643
1.0499394,0.0062157423,0.114374585,0.5268806
1.049941,0.006212285,0.11444996,0.5268864
1.0499508,0.0061954875,0.11455287,0.5269102
1.0499556,0.006188448,0.11455162,0.5269184
1.049958,0.006184554,0.114555486,0.52692354
1.0499611,0.0061796797,0.114577286,0.52692896
1.0499513,0.006196855,0.114449754,0.5269033
1.0499563,0.006187244,0.11456158,0.5269175
1.049957,0.0061867745,0.114539154,0.5269182
1.0499642,0.006174304,0.11461938,0.526936
1.0499623,0.0061784685,0.11455678,0.5269291
1.049962,0.006178617,0.11456736,0.5269279
1.0499564,0.00618854,0.11450171,0.5269149
1.0499535,0.0061931806,0.114501186,0.5269067
1.0499539,0.0061921612,0.11452096,0.52690905
1.0499555,0.006189637,0.114534736,0.52691376
1.0499614,0.0061791195,0.11459611,0.526931
1.0499561,0.0061893053,0.11450073,0.5269139
1.049952,0.0061954204,0.114486754,0.52690643
1.0499607,0.006180107,0.11460654,0.5269296
1.0499647,0.006174175,0.11460321,0.5269376
1.0499595,0.0061834194,0.11452431,0.52692264
1.0499525,0.0061948914,0.11447337,0.5269073
1.049952,0.006195315,0.114505515,0.5269056
1.0499519,0.006195527,0.114505254,0.5269059
1.0499526,0.0061940365,0.11451524,0.526909
1.0499564,0.0061876466,0.114552565,0.52691966
1.0499558,0.0061888634,0.11452726,0.5269167
1.0499609,0.0061803795,0.11458614,0.5269284
1.0499549,0.006191002,0.11449185,0.5269127
1.0499545,0.0061909757,0.11452199,0.52691215
1.0499582,0.0061848285,0.11456311,0.5269216
1.0499579,0.006185807,0.11453904,0.5269202
1.0499543,0.00619167,0.11450299,0.5269112
1.0499547,0.006190802,0.114525214,0.52691275
1.0499572,0.0061866166,0.11455085,0.526919
1.0499592,0.006183549,0.114558786,0.526924
1.049955,0.0061906436,0.114503205,0.5269132
1.0499588,0.006183809,0.11456817,0.52692324
1.0499582,0.0061851586,0.11454056,0.5269212
1.0499605,0.0061811833,0.11457003,0.5269268
1.0499536,0.006193219,0.11447931,0.5269094
1.0499557,0.006188824,0.11454228,0.52691615
1.0499631,0.0061765183,0.114612535,0.52693367
1.049968,0.006168895,0.11462815,0.5269433
1.0499657,0.0061732763,0.114576995,0.5269351
1.0499547,0.0061922646,0.11446283,0.5269078
1.049957,0.0061869617,0.11455162,0.52691746
1.0499535,0.006193006,0.114497796,0.5269104
1.0499382,0.0062187393,0.11434455,0.5268744
1.0499457,0.0062048314,0.114510804,0.5268941
1.0499486,0.006200758,0.114500046,0.52689916
1.0499482,0.0062012016,0.11448291,0.52689934
1.0499195,0.006249946,0.11416182,0.5268333
1.0499274,0.0062336177,0.11440756,0.52686
1.0499398,0.0062134503,0.11449832,0.5268885
1.0499463,0.006203594,0.114504844,0.5268993
1.0499568,0.006186003,0.11458942,0.52692527
1.0499585,0.006184113,0.11455318,0.526925
1.0499486,0.0062010163,0.114434846,0.52689874
1.0499493,0.0061991457,0.11449582,0.5269004
1.0499481,0.006201231,0.11447736,0.52689815
1.0499549,0.006189424,0.11456078,0.52691585
1.0499551,0.00618945,0.11452634,0.5269171
1.0499595,0.006182105,0.114575274,0.5269268
1.049963,0.0061767986,0.11459008,0.5269329
1.0499586,0.0061846855,0.11452241,0.5269204
1.0499586,0.006184254,0.1145469,0.5269217
1.0499595,0.0061827865,0.11455669,0.52692366
1.0499604,0.0061812797,0.114562385,0.5269259
1.0499544,0.0061917943,0.11448854,0.5269109
1.0499545,0.0061908113,0.11452459,0.5269134
1.0499481,0.0062019466,0.11444916,0.52689815
1.0499532,0.006192607,0.1145428,0.52691156
1.0499583,0.006184523,0.11457094,0.52692235
1.0499594,0.0061833337,0.11455455,0.5269236
1.0499592,0.006183696,0.11454806,0.52692324
1.0499537,0.0061928513,0.11448837,0.5269106
1.0499495,0.006199728,0.11447081,0.52689856
1.0499502,0.0061978637,0.11450175,0.52690274
1.0499457,0.006205874,0.11444382,0.5268925
1.0499494,0.0061989236,0.11451208,0.5269035
1.0499494,0.006199061,0.114491306,0.5269046
1.0499402,0.0062148264,0.11438772,0.52688146
1.0499421,0.0062106075,0.1144599,0.5268883
1.049953,0.00619239,0.11456962,0.52691424
1.0499281,0.006236112,0.11423107,0.5268481
1.0499272,0.0062346454,0.11436072,0.52685374
1.0499412,0.0062112412,0.11451446,0.52688915
1.0499394,0.0062152627,0.11441965,0.5268843
1.0499398,0.00621384,0.11443842,0.52688694
1.0499523,0.0061929584,0.11457415,0.52691466
1.0499505,0.006197247,0.1144867,0.5269057
1.0499603,0.0061800294,0.11460992,0.5269306
1.0499556,0.0061891777,0.11450188,0.5269161
1.0499557,0.0061882865,0.114532486,0.5269167
1.0499614,0.0061786165,0.114595,0.5269307
1.0499513,0.0061970227,0.11444628,0.52690303
1.0499489,0.00619975,0.11447866,0.5269011
1.0499481,0.006200912,0.11448015,0.52690125
1.0499444,0.0062073474,0.11444092,0.52689326
1.0499494,0.00619833,0.11451903,0.5269067
1.0499425,0.0062107868,0.11441229,0.5268879
1.0499436,0.006208192,0.11446377,0.5268916
1.0499455,0.00620511,0.11447778,0.52689636
1.049953,0.0061924774,0.11455193,0.5269149
1.0499464,0.0062045665,0.114436746,0.5268959
1.0499457,0.006205345,0.11446547,0.5268936
1.0499452,0.0062059727,0.114464164,0.5268931
1.0499547,0.0061897887,0.114572406,0.52691686
1.0499494,0.0061995215,0.11446221,0.52690256
1.0499381,0.0062183565,0.114364594,0.5268752
1.0499353,0.0062212762,0.11439838,0.5268739
1.0498823,0.006311292,0.1138227,0.5267462
1.049892,0.0062898523,0.1142186,0.5267789
1.0498955,0.00628571,0.11419171,0.5267849
1.0499063,0.006267135,0.11429487,0.52681375
1.049937,0.006214968,0.11457862,0.5268949
1.0499499,0.0061960826,0.114556715,0.52691734
1.0499525,0.006192986,0.11452172,0.5269139
1.04995,0.006197064,0.11448393,0.52690566
1.0499456,0.0062045734,0.11444545,0.5268952
1.0499434,0.006207922,0.11444596,0.5268901
1.04995,0.00619671,0.11453,0.5269065
1.0499573,0.006185157,0.11457534,0.52692205
1.0499587,0.0061834,0.1145532,0.52692384
1.0499572,0.0061858827,0.1145312,0.5269197
1.0499601,0.00618088,0.11457173,0.52692664
1.0499648,0.0061733904,0.11460802,0.52693653
1.0499606,0.0061812294,0.114535056,0.52692384
1.0499578,0.006185655,0.11452701,0.5269182
1.0499636,0.0061755856,0.11460753,0.52693367
1.049961,0.0061809877,0.114544384,0.5269252
1.0499626,0.006177931,0.11458009,0.5269285
1.0499592,0.006184319,0.11452968,0.52691895
1.049968,0.006168424,0.114651844,0.52694374
1.0499628,0.0061785076,0.11454172,0.52692795
1.0499356,0.0062248725,0.11426599,0.52685624
1.0499406,0.006213726,0.114469476,0.526875
1.0499473,0.0062030517,0.11451166,0.52689224
1.0499483,0.0062015746,0.11448957,0.52689433
1.0499564,0.0061872723,0.11457491,0.52692086
1.0499555,0.0061895526,0.114521354,0.52691704
1.0499438,0.0062094736,0.11439523,0.52688766
1.0499438,0.0062080813,0.114459634,0.5268923
1.049948,0.006201135,0.11450409,0.5269024
1.049949,0.0061999015,0.11449221,0.5269033
1.0499539,0.0061914944,0.11454383,0.5269143
1.0499493,0.0061996784,0.114465445,0.5269023
1.049943,0.0062101567,0.11441915,0.5268871
1.0499499,0.00619769,0.11453253,0.5269043
1.0499495,0.0061991876,0.11448807,0.52690095
1.0499513,0.0061958535,0.11451155,0.5269077
1.0499259,0.006238959,0.11421786,0.52684855
1.0498893,0.0062981774,0.11395545,0.5267658
1.0499214,0.0062406007,0.114499874,0.5268548
1.0499381,0.0062162625,0.1145038,0.526885
1.0499444,0.0062067113,0.114491776,0.5268936
1.0499529,0.006191728,0.11455849,0.52691793
1.0499468,0.0062031313,0.11444222,0.5268996
1.0499303,0.006231484,0.11429191,0.5268504
1.0499339,0.0062235887,0.11442151,0.5268643
1.0499337,0.00622451,0.114395544,0.5268641
1.049949,0.0061978335,0.11457077,0.52690583
1.0499576,0.0061845044,0.11458259,0.5269268
1.049955,0.006189833,0.1145098,0.52691555
1.0499564,0.006187134,0.11454127,0.52691853
1.0499556,0.006188579,0.11452492,0.5269162
1.0499526,0.0061939033,0.11449439,0.5269073
1.0499545,0.0061902683,0.1145332,0.5269132
1.0499523,0.0061945887,0.11449528,0.5269067
1.0499499,0.0061985007,0.11448101,0.52690184
1.0499501,0.006198056,0.114496715,0.5269018
1.049952,0.006195133,0.11451493,0.52690583
1.0499524,0.006194396,0.11451084,0.5269076
1.0499588,0.006183377,0.114581585,0.5269239
1.0499568,0.0061873915,0.11452376,0.5269177
1.0499582,0.0061847954,0.11455198,0.5269208
1.0499578,0.006185961,0.11453826,0.52691746
1.0499623,0.0061780754,0.11459293,0.52692926
1.0499575,0.006186972,0.11451192,0.5269165
1.0499591,0.006183817,0.11455743,0.52692163
1.049956,0.0061890795,0.11451428,0.5269146
1.0499526,0.006194628,0.11449268,0.5269063
1.0499506,0.006197527,0.11448943,0.5269026
1.0499449,0.0062072226,0.11443351,0.52689
1.0499421,0.006211379,0.11443416,0.5268845
1.0499505,0.006196856,0.11454257,0.52690536
1.0499539,0.0061919554,0.11453442,0.5269109
1.0499542,0.006191641,0.11451986,0.5269124
1.0499514,0.0061961766,0.1144888,0.5269065
1.0499392,0.00621689,0.11436517,0.52687746
1.0499289,0.006232785,0.11431852,0.52685803
1.0499219,0.00624362,0.114292815,0.5268474
1.0499212,0.006244235,0.11432107,0.5268485
1.049926,0.0062355734,0.11438023,0.52686113
1.0499247,0.006238199,0.11433754,0.5268577
1.0499247,0.006238292,0.1143452,0.526855
1.0499289,0.006231313,0.114392616,0.5268612
1.049932,0.006226559,0.11440323,0.5268664
1.0499357,0.0062203486,0.11442897,0.5268755
1.0499412,0.006210866,0.11447227,0.52689075
1.0499432,0.0062081013,0.114464104,0.5268936
1.0499456,0.006204269,0.114480585,0.52689856
1.0499508,0.006195673,0.11452755,0.52690876
1.0499538,0.006191153,0.1145329,0.5269135
1.0499582,0.0061838645,0.11456728,0.5269237
1.0499537,0.0061921007,0.1144926,0.52691066
1.049948,0.0062013525,0.11445497,0.5268961
1.0499464,0.0062035723,0.11446596,0.5268953
1.049958,0.0061839,0.11460348,0.5269246
1.0499655,0.006172113,0.1146262,0.52694094
1.0499591,0.006183978,0.1145142,0.52692056
1.0499632,0.0061760643,0.11459873,0.5269323
1.0499631,0.0061771036,0.11457093,0.5269308
1.0499656,0.006172743,0.114602484,0.5269367
1.0499654,0.006173636,0.114585236,0.52693427
1.0499635,0.006176864,0.11456579,0.5269297
1.0499595,0.0061835106,0.11453115,0.5269206
1.0499604,0.0061817216,0.11456197,0.52692413
1.0499644,0.0061746775,0.114604406,0.5269345
1.0499628,0.0061785164,0.11455937,0.52692777
1.0499556,0.006190139,0.11449183,0.52691215
1.0499583,0.006184788,0.11456095,0.5269206
1.0499605,0.0061815986,0.114567794,0.5269254
1.0499547,0.0061916704,0.114491485,0.52691066
1.049956,0.0061886706,0.11453914,0.52691627
1.0499597,0.0061826645,0.11457151,0.52692515
1.0499558,0.0061895316,0.114508726,0.52691483
1.0499605,0.006181129,0.114583775,0.52692604
1.0499537,0.006193158,0.11448041,0.52690893
1.0499508,0.006197103,0.11448716,0.5269045
1.0499549,0.006190148,0.11454557,0.52691543
1.0499616,0.0061790384,0.114599675,0.526931
1.0499593,0.0061837933,0.114536345,0.5269227
1.049962,0.0061785826,0.11458391,0.526929
1.0499622,0.00617856,0.11456962,0.5269286
1.0499618,0.006179435,0.11456307,0.5269275
1.0499591,0.0061841193,0.11453482,0.5269207
1.0499549,0.00619093,0.11450316,0.5269111
1.049954,0.006192125,0.11451511,0.52690935
1.049958,0.0061851167,0.11456469,0.5269206
1.0499547,0.00619127,0.11450391,0.5269124
1.0499543,0.006191588,0.11451906,0.5269118
1.0499544,0.0061913985,0.11452121,0.52691275
1.0499578,0.006185612,0.1145588,0.5269216
1.049956,0.0061889086,0.11452089,0.5269164
1.0499575,0.00618622,0.1145484,0.5269186
1.049954,0.0061924793,0.114498645,0.5269102
1.049958,0.006185113,0.11456521,0.52692103
1.0499532,0.0061936923,0.114488125,0.52690846
1.0499572,0.006186571,0.114558645,0.52691925
1.0499617,0.0061790124,0.114589326,0.52693015
1.0499597,0.0061832787,0.11454012,0.5269217
1.0499521,0.006195702,0.114468224,0.5269046
1.0499568,0.0061870804,0.11456114,0.52691793
1.0499499,0.006199217,0.114457466,0.52690065
1.0499454,0.0062062293,0.1144445,0.52689135
1.0499487,0.006200332,0.11450478,0.5269
1.0499517,0.006195743,0.1145187,0.5269062
1.0499535,0.0061927876,0.1145244,0.52691025
1.0499594,0.0061825668,0.11458208,0.5269266
1.0499555,0.0061899703,0.1145058,0.52691346
1.0499597,0.0061824247,0.114575274,0.5269241
1.0499616,0.00617944,0.11457451,0.52692795
1.04996,0.0061823116,0.11454615,0.5269237
1.0499573,0.006187141,0.1145238,0.5269145
1.0499595,0.0061830105,0.11456402,0.526921
1.0499495,0.0062002228,0.11443877,0.52689683
1.0499526,0.006193848,0.11452878,0.5269078
1.0499492,0.006200293,0.11446951,0.5268996
1.0499501,0.00619836,0.11450061,0.5269016
1.0499507,0.006197416,0.11450129,0.5269034
1.0499566,0.0061874,0.114564314,0.52691823
1.0499574,0.0061862073,0.11454282,0.5269212
1.049956,0.006188782,0.114522785,0.5269164
1.0499569,0.0061870953,0.11454146,0.5269179
1.0499529,0.0061940625,0.11448994,0.52690893
1.0499545,0.0061907033,0.11453166,0.52691483
1.049953,0.006193517,0.11450443,0.5269107
1.049957,0.0061864993,0.11455878,0.5269204
1.0499635,0.0061757267,0.11461058,0.52693516
1.0499678,0.006169255,0.11462295,0.52694285
1.0499634,0.006177162,0.11455178,0.5269296
1.0499545,0.0061919075,0.11447549,0.526909
1.049951,0.006197134,0.11448331,0.52690315
1.0499476,0.00620234,0.11446463,0.5268974
1.0499551,0.0061892695,0.114566,0.5269173
1.0499127,0.0062622963,0.11404904,0.52681375
1.0499288,0.006231345,0.11446164,0.52685535
1.0499322,0.0062277396,0.11440267,0.52685875
1.0499372,0.006218883,0.11444635,0.5268704
1.0499457,0.0062045017,0.11451193,0.5268959
1.0499477,0.006201093,0.11449205,0.52690405
1.0499479,0.0062015518,0.114481956,0.52689874
1.0499437,0.00620859,0.11443444,0.52688915
1.0499507,0.006196034,0.11453792,0.52690715
1.0499568,0.006186411,0.114565656,0.5269217
1.0499592,0.0061828108,0.11456166,0.5269258
1.0499593,0.006183081,0.11454991,0.5269234
1.0499492,0.0062002963,0.11443589,0.52689886
1.0499501,0.0061975685,0.11450303,0.5269035
1.0499543,0.006190787,0.11454197,0.52691317
1.0499572,0.006186289,0.11455226,0.5269189
1.0499557,0.006189069,0.1145204,0.5269147
1.0499551,0.0061899177,0.11452272,0.5269131
1.0499514,0.0061963983,0.11448254,0.5269042
1.0499443,0.006208302,0.11442252,0.52688795
1.0499499,0.0061978055,0.11452571,0.5269047
1.0499555,0.0061889696,0.11455604,0.52691674
1.049958,0.0061848913,0.11455626,0.5269226
1.0499599,0.0061822333,0.11456246,0.5269253
1.0499561,0.0061888266,0.114510976,0.52691525
1.0499594,0.0061828136,0.11456948,0.52692384
1.0499614,0.0061794287,0.1145756,0.52692837
1.049956,0.0061891605,0.1145012,0.52691364
1.0499558,0.0061887875,0.114530705,0.5269149
1.04996,0.0061820108,0.11457532,0.52692515
1.0499614,0.006179584,0.11457217,0.5269286
1.049953,0.006194501,0.11446646,0.52690625
1.0499518,0.0061956923,0.11450035,0.52690536
1.0499579,0.0061852406,0.11457408,0.52692115
1.0499579,0.0061857053,0.11454119,0.5269206
1.0499585,0.006184593,0.1145493,0.52692175
1.0499592,0.006183577,0.11455316,0.52692264
1.0499594,0.006183253,0.11455224,0.5269231
1.0499603,0.006181639,0.11456198,0.52692544
1.0499619,0.006178967,0.114575714,0.5269283
1.0499609,0.006181138,0.114553675,0.5269245
1.0499603,0.0061819716,0.11455359,0.52692384
1.0499576,0.006186574,0.11452586,0.52691746
1.0499619,0.006178738,0.114590965,0.52692896
1.0499612,0.00618064,0.114557035,0.52692515
1.0499693,0.006166434,0.114655174,0.52694637
1.0499718,0.0061630076,0.114638895,0.5269499
1.0499724,0.006162273,0.1146331,0.52694964
1.0499649,0.00617528,0.11454519,0.52692944
1.0499592,0.0061843162,0.11452085,0.5269185
1.0499579,0.006186096,0.114535496,0.52691823
1.0499471,0.006204062,0.11442109,0.526896
1.0499326,0.0062279725,0.1143161,0.5268621
1.0499452,0.0062050256,0.11453608,0.5268963
1.049943,0.006210253,0.11443847,0.5268878
1.0499345,0.0062237023,0.114359275,0.5268727
1.0499272,0.0062354906,0.11432303,0.5268552
1.0499401,0.0062129735,0.11450513,0.52688724
1.0499483,0.006200378,0.114525706,0.52690274
1.0499542,0.0061907764,0.11455005,0.526916
1.0499573,0.0061860424,0.114553496,0.5269221
1.0499566,0.0061874324,0.11453072,0.52691865
1.0499521,0.0061948965,0.1144849,0.5269075
1.0499573,0.0061857346,0.11456679,0.52692086
1.0499545,0.006191029,0.11450672,0.5269125
1.0499554,0.0061891903,0.11453295,0.526915
1.0499487,0.006200605,0.114452206,0.5268996
1.0499514,0.006195435,0.114519015,0.5269074
1.0499526,0.0061937356,0.11451669,0.52690965
1.049959,0.00618318,0.11458078,0.526925
1.0499573,0.0061864564,0.11452951,0.52691966
1.0499612,0.006179632,0.11458397,0.52692807
1.0499542,0.006192356,0.11448016,0.52690995
1.0499452,0.0062070405,0.1144201,0.52688754
1.0499499,0.0061982526,0.1145193,0.52690274
1.0499609,0.0061797597,0.1146182,0.5269299
1.0499569,0.006187739,0.11451229,0.5269173
1.0499599,0.006181933,0.114571705,0.5269256
1.0499552,0.0061901375,0.114501774,0.52691376
1.0499575,0.0061858944,0.11455313,0.52691936
1.0499561,0.0061885715,0.11452371,0.5269157
1.0499609,0.0061804387,0.11458483,0.5269274
1.0499487,0.0062012696,0.11442345,0.52689856
1.0498995,0.0062839864,0.11394215,0.5267796
1.0499203,0.006244453,0.11443711,0.5268382
1.0499277,0.006234775,0.11439522,0.5268504
1.0499284,0.0062336167,0.11436973,0.52685106
1.0499333,0.0062242835,0.114421494,0.52687234
1.049933,0.0062249945,0.114390954,0.5268742
1.0499396,0.006213585,0.11446872,0.5268888
1.049933,0.0062257727,0.11435669,0.5268688
1.0499369,0.00621809,0.11444009,0.5268799
1.0499371,0.0062180255,0.114419326,0.52688074
1.0499374,0.0062174606,0.114421636,0.52688235
1.0499247,0.006239435,0.11427866,0.526847
1.0499277,0.0062329886,0.11438113,0.526858
1.0499358,0.006219706,0.1144521,0.52687734
1.0499468,0.0062016486,0.1145323,0.52690274
1.0499485,0.0061995597,0.114492625,0.5269063
1.0499474,0.006201377,0.11447496,0.5269016
1.0499489,0.006198968,0.11449564,0.52690476
1.0499486,0.006199874,0.114483066,0.5269039
1.0499495,0.0061981245,0.114497855,0.5269059
1.0499499,0.0061976253,0.11449643,0.5269064
1.0499512,0.006195663,0.11450829,0.5269088
1.0499542,0.0061906963,0.114536144,0.52691483
1.0499561,0.006187918,0.114540406,0.52691793
1.0499572,0.006186175,0.11454359,0.5269204
1.0499574,0.006185874,0.11454121,0.5269201
1.0499532,0.006193081,0.11449244,0.5269096
1.0499549,0.006189913,0.11453376,0.52691495
1.0499531,0.0061931983,0.11450354,0.52691096
1.0499599,0.00618142,0.114591315,0.5269275
1.0499598,0.006182727,0.11455021,0.5269239
1.0499545,0.0061914325,0.11449515,0.5269109
1.0499623,0.0061777066,0.114610985,0.52693105
1.049956,0.006189184,0.114497006,0.526914
1.049951,0.006196984,0.1144757,0.5269046
1.0499535,0.006192402,0.11453018,0.5269113
1.0499536,0.0061924863,0.114516616,0.52691144
1.0499561,0.006188121,0.114545144,0.5269181
1.0499537,0.0061924933,0.11450431,0.5269113
1.049955,0.00619012,0.11453174,0.5269149
1.0499568,0.006187096,0.11454546,0.52691936
1.0499568,0.006187393,0.11453462,0.5269189
1.049954,0.006191865,0.114505544,0.5269126
1.0499542,0.0061915573,0.11452084,0.5269125
1.0499575,0.0061858837,0.11455771,0.5269206
1.0499494,0.0061999597,0.11444815,0.5269008
1.0499544,0.006190657,0.11454939,0.5269143
1.0499387,0.006217832,0.114343666,0.52687716
1.0499458,0.0062045455,0.11450962,0.5268946
1.0499296,0.006232478,0.11428725,0.52685815
1.0499024,0.00627607,0.11407694,0.52680457
1.0499184,0.0062462543,0.11439915,0.5268511
1.0499403,0.00621175,0.11454727,0.52689534
1.0499469,0.0062022884,0.11450878,0.52690274
1.0499549,0.006188659,0.114566654,0.52692294
1.0499552,0.00618886,0.11452894,0.5269188
1.0499494,0.006199197,0.114459544,0.52690285
1.0499544,0.0061901216,0.114549614,0.5269151
1.0499544,0.0061906744,0.11452145,0.5269132
1.0499527,0.0061933575,0.114503436,0.5269103
1.0499479,0.006201652,0.114456736,0.526899
1.049951,0.006195828,0.114519216,0.5269076
1.0499543,0.006190684,0.11453817,0.5269137
1.0499552,0.006189221,0.1145322,0.5269154
1.0499525,0.0061941454,0.11449419,0.52690977
1.0499554,0.006189031,0.11454322,0.52691627
1.049955,0.0061899126,0.11452306,0.52691483
1.0499506,0.006197528,0.11447436,0.5269047
1.0499538,0.0061918963,0.11453565,0.52691036
1.0499531,0.006193479,0.11450929,0.5269074
1.0499557,0.006188942,0.11454247,0.52691495
1.0499483,0.0062013585,0.1144467,0.52689934
1.0499549,0.0061897347,0.114560165,0.5269149
1.0499543,0.0061915396,0.11451637,0.5269108
1.0499566,0.0061876173,0.11454556,0.52691686
1.049953,0.006193896,0.11449273,0.52690893
1.0499582,0.0061844946,0.114572756,0.5269225
1.0499552,0.006190113,0.114509396,0.5269143
1.0499542,0.006191624,0.11451433,0.5269126
1.0499566,0.0061876015,0.11454591,0.5269187
1.0499291,0.0062346915,0.114225574,0.5268493
1.0499413,0.0062111598,0.11451263,0.52688515
1.0499494,0.0061989874,0.11453027,0.5269025
1.0499527,0.0061937505,0.114528224,0.526908
1.0499632,0.006175698,0.1146292,0.52693707
1.049961,0.0061805705,0.11454827,0.52692693
1.0499616,0.0061793653,0.1145683,0.5269274
1.0499572,0.0061872606,0.114512816,0.5269163
1.049957,0.0061869146,0.11453768,0.52691716
1.0499555,0.0061896844,0.11451887,0.5269137
1.0499525,0.0061946716,0.11449415,0.5269062
1.0499512,0.0061963797,0.11449619,0.5269055
1.0499355,0.0062232423,0.11432498,0.5268673
1.0499438,0.0062076156,0.114503875,0.526891
1.0499454,0.0062059416,0.114473015,0.526893
1.049953,0.0061924057,0.11455431,0.5269141
1.0499533,0.0061926614,0.11451478,0.52691334
1.0499547,0.0061905244,0.11452916,0.526915
1.049957,0.006186539,0.11454971,0.52691996
1.0499526,0.0061943145,0.11448675,0.5269085
1.0499563,0.006187542,0.11455326,0.52691877
1.0499524,0.006194551,0.11448822,0.52690923
1.0499556,0.0061887167,0.11454704,0.5269163
1.049946,0.0062058344,0.114417255,0.52689207
1.049951,0.0061959694,0.1145306,0.5269068
1.0499545,0.0061906376,0.11453939,0.52691424
1.049957,0.0061866147,0.11454928,0.5269204
1.0499508,0.0061973915,0.1144674,0.5269034
1.0499525,0.006193788,0.11452058,0.52690965
1.0499253,0.0062402585,0.11420378,0.5268465
1.0499212,0.006244688,0.11430867,0.5268406
1.0499219,0.0062434,0.11433157,0.52684563
1.04993,0.0062296526,0.11441832,0.5268655
1.0499444,0.0062054815,0.114536785,0.52690077
1.0499387,0.006216727,0.114393644,0.52688247
1.049945,0.006205416,0.11449904,0.52689624
1.0499493,0.006198447,0.11451364,0.52690524
1.0499548,0.0061892755,0.11455304,0.52691805
1.049952,0.0061946213,0.11449145,0.52690965
1.0499512,0.006195997,0.11449804,0.5269057
1.049955,0.0061893747,0.114546,0.5269148
1.049951,0.006196502,0.114479214,0.52690583
1.049949,0.006199543,0.11447888,0.5269027
1.0499525,0.0061933747,0.114529446,0.52691156
1.0499579,0.0061846585,0.11457054,0.52692246
1.049959,0.0061836387,0.11455247,0.526922
1.0499563,0.0061881873,0.11451912,0.5269141
1.0499551,0.006190123,0.114519045,0.5269117
1.0499586,0.0061841076,0.1145648,0.526921
1.0499564,0.0061884057,0.11451965,0.52691483
1.0499548,0.0061908416,0.11451584,0.5269107
1.0499561,0.006188465,0.114538476,0.52691466
1.0499253,0.006240971,0.114185594,0.52684104
1.0499051,0.0062722536,0.11413043,0.5267994
1.049925,0.0062370203,0.11445329,0.52685314
1.0499309,0.0062291976,0.11440823,0.52686095
1.04994,0.006213645,0.11448305,0.5268823
1.0499429,0.0062094475,0.11446458,0.5268896
1.0499396,0.006215051,0.11441541,0.52688056
1.0499399,0.0062143323,0.114435814,0.52688104
1.0499346,0.006223123,0.11437614,0.52686876
1.0499375,0.0062176436,0.114436746,0.5268772
1.0499443,0.006206572,0.11449531,0.5268923
1.0499537,0.0061911787,0.11456412,0.5269144
1.0499539,0.006191372,0.114518404,0.52691334
1.0499552,0.0061891107,0.11453306,0.52691585
1.0499537,0.0061921095,0.11450794,0.5269098
1.049949,0.006199708,0.114464626,0.5269005
1.0499502,0.0061971573,0.11450346,0.5269055
1.0499514,0.0061954567,0.11450847,0.5269081
1.0499469,0.006203152,0.114452265,0.52689785
1.0499532,0.0061920867,0.11454825,0.5269131
1.0499552,0.006189535,0.11453472,0.52691567
1.0499554,0.0061893747,0.11452737,0.5269156
1.0499486,0.006200834,0.11445114,0.5268994
1.0499506,0.0061970023,0.1145094,0.526905
1.0499532,0.0061927377,0.11452749,0.5269115
1.0499578,0.0061852327,0.114564955,0.52692187
1.0499578,0.0061857593,0.11454069,0.5269195
1.0499564,0.006188132,0.11452537,0.526916
1.0499496,0.0061997916,0.114456125,0.5268983
1.0499475,0.0062024994,0.11447091,0.52689534
1.049949,0.006199681,0.11449742,0.52690125
1.0499569,0.0061862646,0.1145776,0.5269222
1.0499554,0.0061896937,0.11451819,0.526915
1.0499558,0.0061885742,0.114533655,0.52691615
1.0499572,0.006186675,0.11454348,0.5269189
1.0499554,0.006189678,0.114517786,0.52691513
1.0499593,0.0061829165,0.11457152,0.5269244
1.0499575,0.006186417,0.114529744,0.52691835
1.0499607,0.006180628,0.11457739,0.52692634
1.0499599,0.006182703,0.114547886,0.52692264
1.0499607,0.0061809327,0.114564635,0.52692544
1.0499599,0.006182654,0.11454894,0.52692264
1.0499591,0.006184086,0.114544414,0.52692014
1.0499552,0.006190379,0.11450661,0.5269115
1.0499555,0.0061896536,0.11452912,0.5269135
1.0499573,0.0061866567,0.11454754,0.5269181
1.0499568,0.0061876136,0.114532396,0.5269171
1.0499566,0.006188038,0.11453231,0.5269164
1.0499437,0.0062102284,0.114387095,0.52688444
1.0499474,0.0062022153,0.11450208,0.526898
1.0499506,0.0061971266,0.11451483,0.5269061
1.0499467,0.0062044524,0.114451505,0.5268947
1.0499483,0.006200654,0.11449636,0.52690065
1.0499511,0.006196307,0.11451496,0.52690697
1.0499535,0.006192551,0.11452743,0.5269114
1.0499516,0.0061960863,0.11449261,0.5269062
1.0499576,0.0061852518,0.11457451,0.52692115
1.0499586,0.006184387,0.11455006,0.5269212
1.0499563,0.006188436,0.114519306,0.5269156
1.0499626,0.0061773094,0.114605054,0.52693135
1.0499588,0.006184717,0.114525154,0.5269194
1.0499603,0.006181507,0.1145661,0.52692425
1.0499579,0.00618581,0.1145293,0.5269183
1.0499555,0.006189616,0.11451641,0.52691257
1.0499574,0.0061865007,0.1145479,0.52691746
1.0499566,0.0061881393,0.114528775,0.526915
1.0499525,0.0061949724,0.11448818,0.5269047
1.0499544,0.006191407,0.114531234,0.5269101
1.0499498,0.0061993883,0.11446882,0.5268988
1.0499493,0.0062000686,0.11448719,0.5268972
1.0499476,0.006202505,0.11447235,0.5268955
1.0499529,0.006193469,0.1145392,0.5269092
1.0499597,0.0061821984,0.11458742,0.5269265
1.0499642,0.006175067,0.11460345,0.52693444
1.0499591,0.006184576,0.1145192,0.5269191
1.049958,0.006185527,0.11453877,0.52691853
1.0499609,0.006180662,0.11457476,0.5269262
1.0499595,0.0061831754,0.114544466,0.52692235
1.0499572,0.0061872182,0.1145243,0.52691674
1.0499467,0.006204969,0.114419855,0.52689
1.0499483,0.0062010144,0.11449559,0.5268972
1.0499537,0.0061920625,0.1145448,0.52691096
1.0499545,0.006191216,0.11452419,0.5269124
1.0499495,0.0061998935,0.11446441,0.52689886
1.0499536,0.0061922255,0.114539295,0.52691025
1.0499475,0.006203155,0.114445455,0.52689546
1.0499548,0.0061900667,0.11456235,0.52691495
1.0499525,0.0061947834,0.11449554,0.52690727
1.0499551,0.0061897333,0.11454026,0.52691525
1.0499507,0.006197681,0.11447478,0.52690303
1.0499605,0.00618052,0.114609994,0.5269279
1.0499593,0.0061838557,0.11454101,0.5269208
1.0499625,0.0061776848,0.11458854,0.5269306
1.0499635,0.006176678,0.11457927,0.5269309
1.0499655,0.006173117,0.11459933,0.5269356
1.049959,0.006184743,0.11451207,0.5269189
1.0499578,0.0061862045,0.11453592,0.5269161
1.0499606,0.0061811046,0.11457409,0.5269245
1.0499666,0.0061712894,0.11462515,0.52693874
1.0499645,0.006175239,0.114571236,0.52693164
1.0499645,0.0061749443,0.11458337,0.5269321
1.0499601,0.0061827926,0.114531025,0.5269209
1.0499601,0.0061822897,0.11455679,0.52692187
1.0499619,0.006179383,0.114575066,0.52692664
1.0499672,0.006170261,0.114626855,0.5269406
1.0499574,0.0061879656,0.114484444,0.5269135
1.0499561,0.0061891126,0.11452559,0.5269129
1.0499423,0.0062124887,0.11437479,0.52688235
1.0499434,0.0062088706,0.11446483,0.52689004
1.0499458,0.006205109,0.114481114,0.52689654
1.0499555,0.0061886245,0.11457939,0.5269191
1.049963,0.0061768,0.114610344,0.52693474
1.049968,0.006168846,0.114628844,0.5269441
1.049963,0.0061779846,0.11454595,0.52692777
1.0499582,0.006185375,0.11452103,0.5269181
1.0499569,0.0061874213,0.11452916,0.5269167
1.049952,0.00619571,0.11448063,0.5269059
1.0499552,0.0061896415,0.11454448,0.52691513
1.0499527,0.0061939564,0.11449886,0.52690965
1.0499581,0.006184886,0.11457131,0.5269219
1.0499434,0.006210636,0.11437615,0.5268836
1.0499529,0.006193054,0.114564896,0.5269084
1.0499556,0.0061896285,0.11454036,0.5269115
1.0499556,0.0061896937,0.11452769,0.5269111
1.0499598,0.006182167,0.11457548,0.52692527
1.0499521,0.0061956607,0.11446654,0.52690506
1.049951,0.006196733,0.11449591,0.52690554
1.0499532,0.0061928574,0.11452581,0.52691233
1.0499424,0.006211405,0.114392266,0.5268861
1.0499318,0.006227975,0.11433373,0.52686614
1.0499433,0.0062078387,0.11451658,0.52689487
1.0499499,0.0061979764,0.11452608,0.5269066
1.0499569,0.006186422,0.11457263,0.52692103
1.0499607,0.006180449,0.11457799,0.52692926
1.0499641,0.0061749527,0.11459772,0.5269354
1.049961,0.0061805807,0.11454502,0.52692527
1.049951,0.0061975163,0.11444845,0.5269005
1.0499493,0.006199483,0.11448354,0.52689934
1.0499526,0.0061936798,0.11452923,0.5269083
1.0499526,0.00619407,0.11451013,0.5269076
1.0499504,0.0061979075,0.11448558,0.52690184
1.0499494,0.006199431,0.11448567,0.52690077
1.0499564,0.0061872127,0.11457104,0.52691907
1.0499542,0.0061917994,0.11450623,0.52691203
1.0499593,0.0061828736,0.114577666,0.52692413
1.0499576,0.0061861635,0.11453104,0.5269188
1.0499533,0.006193426,0.114491865,0.5269078
1.0499475,0.0062028547,0.11444924,0.52689666
1.0499504,0.0061976817,0.11451284,0.5269026
1.049953,0.0061937408,0.11452479,0.5269071
1.0499572,0.0061867256,0.11455894,0.52691704
1.0499544,0.0061915624,0.114505656,0.5269115
1.0499594,0.0061826846,0.11457759,0.5269252
1.0499631,0.006176754,0.11459348,0.526932
1.0499629,0.0061776494,0.114569806,0.52692956
1.0499575,0.006186762,0.11451083,0.5269174
1.049948,0.0062023797,0.1144342,0.5268952
1.0499518,0.006195074,0.1145267,0.52690786
1.0499545,0.006190839,0.1145355,0.5269143
1.0499313,0.0062306025,0.11425993,0.5268584
1.0499384,0.0062164096,0.11446719,0.5268788
1.0499419,0.006211322,0.11446315,0.52688605
1.0499473,0.0062024235,0.11450539,0.52689844
1.0499417,0.0062122974,0.114413634,0.5268854
1.0499476,0.006201307,0.11451435,0.52690053
1.0499555,0.006188647,0.114568084,0.5269171
1.0499544,0.006191316,0.11451297,0.5269125
1.0499542,0.006191374,0.11451937,0.52691215
1.0499523,0.0061944737,0.11449921,0.52690816
1.0499511,0.0061962544,0.1144956,0.52690697
1.049955,0.006189505,0.114546224,0.5269163
1.0499537,0.006192207,0.1145091,0.5269122
1.0499543,0.006191154,0.11452378,0.5269127
1.049954,0.006191804,0.11451628,0.52691203
1.0499597,0.006181914,0.11458366,0.52692634
1.0499519,0.0061958577,0.11446349,0.52690613
1.0499483,0.0062010163,0.114468224,0.526899
1.0499457,0.0062054857,0.11445384,0.5268945
1.0499463,0.006204319,0.11447565,0.5268959
1.0499516,0.0061955564,0.114530616,0.5269078
1.049952,0.006195083,0.11450805,0.52690864
1.0499555,0.0061888746,0.114546984,0.52691776
1.0499516,0.006196027,0.11448256,0.52690685
1.0499477,0.0062020645,0.11446206,0.5268987
1.0499525,0.0061935787,0.11453611,0.52691126
1.049956,0.0061883214,0.11454769,0.5269178
1.0499566,0.006187585,0.11453615,0.52691907
1.049956,0.006188482,0.11452881,0.52691644
1.0499556,0.006188959,0.11452776,0.5269158
1.0499554,0.006189404,0.11452608,0.5269157
1.0499609,0.0061800755,0.114589565,0.5269287
1.0499585,0.0061848913,0.114531934,0.5269202
1.0499601,0.0061817085,0.11456554,0.52692455
1.0499623,0.006178342,0.11457947,0.52692926
1.0499628,0.0061778505,0.11457307,0.5269298
1.049956,0.0061894204,0.114494994,0.5269127
1.0499519,0.0061956383,0.11448597,0.5269055
1.0499519,0.0061954395,0.114505686,0.52690756
1.0499574,0.006186096,0.114567906,0.5269208
1.0499601,0.006181919,0.11456924,0.5269255
1.049957,0.00618741,0.114519715,0.52691764
1.0499543,0.006191737,0.11450691,0.52691114
1.0499586,0.006184005,0.11457064,0.5269226
1.0499555,0.0061899764,0.11450951,0.5269139
1.0499612,0.006179626,0.114594474,0.5269286
1.0499593,0.0061838357,0.11453813,0.52692145
1.0499645,0.0061741523,0.11461271,0.52693594
1.049965,0.0061742775,0.11458581,0.52693444
1.0499592,0.0061844327,0.11451782,0.52691936
1.0499616,0.0061795856,0.11457865,0.5269271
1.0499599,0.006182869,0.11454401,0.52692264
1.0499629,0.0061774156,0.11458879,0.52693117
1.0499595,0.0061836974,0.114533015,0.5269207
1.0499604,0.00618174,0.11456229,0.5269244
1.0499619,0.006179017,0.11457598,0.526928
1.049947,0.0062048812,0.11439587,0.52689236
1.0499299,0.0062319576,0.11428968,0.5268577
1.0499353,0.006221033,0.1144403,0.52687687
1.0499344,0.006223396,0.11439522,0.526875
1.0499101,0.0062641012,0.11413241,0.5268201
1.0499339,0.006221889,0.11452906,0.52687675
1.0499375,0.0062187165,0.114433795,0.5268756
1.0499399,0.006214484,0.11444786,0.5268788
1.049949,0.0061986195,0.114537306,0.52690506
1.0499555,0.006188421,0.11456033,0.52691954
1.0499582,0.006184404,0.11455754,0.52692306
1.0499581,0.00618471,0.1145431,0.5269218
1.049961,0.006179752,0.11457699,0.5269282
1.0499622,0.006178243,0.11457358,0.52692914
1.0499506,0.0061980356,0.114437096,0.52690136
1.0499392,0.0062167775,0.114372335,0.5268719
1.0499432,0.0062088617,0.11447772,0.52688503
1.0499375,0.006219261,0.11438831,0.5268705
1.0499462,0.006203524,0.114518255,0.52689695
1.0499498,0.006197862,0.114511475,0.52690756
1.0499539,0.0061915666,0.11453738,0.52691436
1.0499458,0.006205782,0.1144248,0.5268933
1.0499471,0.006202847,0.11448589,0.5268954
1.0499496,0.0061987787,0.11450501,0.52690095
1.0499448,0.0062072407,0.11443625,0.5268903
1.0499517,0.006194808,0.11454206,0.5269093
1.0499446,0.006207574,0.1144232,0.5268913
1.0499482,0.0062006386,0.114504896,0.52690023
1.0499463,0.006204257,0.114461765,0.52689546
1.049945,0.0062058475,0.11445948,0.5268955
1.0499349,0.006223109,0.1143507,0.52687234
1.0499494,0.006197535,0.11456926,0.52690864
1.0499449,0.0062068766,0.11443696,0.5268929
1.0499463,0.0062035616,0.11448151,0.52689904
1.0499452,0.00620601,0.11445877,0.52689385
1.0499488,0.006199574,0.11450763,0.5269024
1.0499483,0.006200722,0.11448178,0.52690065
1.049951,0.006195875,0.11451566,0.5269089
1.0499545,0.0061902613,0.11454045,0.52691567
1.0499494,0.0061992225,0.11446417,0.52690285
1.0499554,0.0061887065,0.114559315,0.5269176
1.0499603,0.006180856,0.11458263,0.526928
1.0499614,0.006179347,0.11456973,0.5269287
1.0499564,0.0061881114,0.114506595,0.5269161
1.0499514,0.0061963224,0.11447775,0.526904
1.0499581,0.006184349,0.114581004,0.52692163
1.0499614,0.0061796485,0.114579424,0.5269271
1.0499413,0.0062142117,0.11433604,0.5268777
1.0499426,0.0062099113,0.11446196,0.52688605
1.0499376,0.006218553,0.114394404,0.52687716
1.049919,0.0062495084,0.11421371,0.5268371
1.0499204,0.006244954,0.11433178,0.5268474
1.0499188,0.0062481523,0.11429989,0.52684504
1.0499212,0.0062440704,0.114335895,0.5268498
1.0499285,0.0062314803,0.114407465,0.5268657
1.0499347,0.006221651,0.11443567,0.5268777
1.0499481,0.0061991084,0.11455425,0.5269098
1.0499475,0.006201388,0.11447582,0.52690345
1.0499516,0.0061945664,0.11452592,0.5269109
1.0499418,0.0062116287,0.11439437,0.5268853
1.0499392,0.0062149987,0.114419095,0.52688223
1.0499432,0.006208054,0.11447626,0.526893
1.049946,0.006203793,0.11448445,0.5268994
1.0499462,0.0062036216,0.114473425,0.52689886
1.0499494,0.0061980216,0.11450994,0.52690583
1.0499547,0.006189572,0.114550106,0.526917
1.0499567,0.006186843,0.11454459,0.526919
1.0499513,0.006196084,0.11447508,0.5269048
1.0499513,0.006195839,0.11450288,0.52690566
1.0499586,0.0061837262,0.114583604,0.5269228
1.049959,0.0061838096,0.114549555,0.52692074
1.0499637,0.006175323,0.11460428,0.5269333
1.0499591,0.0061844788,0.11452093,0.52691865
1.04996,0.006182168,0.114561304,0.5269219
1.0499566,0.0061881403,0.1145158,0.52691406
1.0499563,0.0061881808,0.11453125,0.5269162
1.0499587,0.006184127,0.11455997,0.5269216
1.0499499,0.006199372,0.114447095,0.5268998
1.0499501,0.0061980044,0.114498906,0.5269029
1.0499512,0.0061962944,0.11450717,0.52690667
1.0499573,0.0061860825,0.11457005,0.5269212
1.0499494,0.0062003834,0.1144476,0.52689815
1.0499557,0.006188553,0.1145646,0.5269155
1.0499535,0.0061932122,0.114501804,0.5269084
1.0499555,0.006189319,0.114538826,0.5269151
1.0499624,0.006177831,0.11460535,0.5269306
1.0499564,0.006188901,0.11449935,0.5269131
1.0499574,0.0061863484,0.11454558,0.5269181
1.0499573,0.0061867707,0.11453709,0.5269178
1.0499501,0.0061990023,0.11445749,0.5268997
1.0499414,0.0062130247,0.114398345,0.5268819
1.0499427,0.006209763,0.11446091,0.5268882
1.0499504,0.006197059,0.114536874,0.5269061
1.049955,0.006189715,0.11454818,0.5269167
1.0499564,0.0061878823,0.114539824,0.5269168
1.049962,0.0061783353,0.11459699,0.52692956
1.0499632,0.006176835,0.114580326,0.5269302
1.0499607,0.006181191,0.11454605,0.5269238
1.0499631,0.0061769835,0.11458663,0.5269297
1.049964,0.0061758165,0.11458288,0.5269313
1.0499549,0.006191418,0.11447539,0.52690965
1.0499561,0.0061884806,0.11453959,0.52691424
1.0499555,0.006189721,0.1145239,0.52691346
1.0499593,0.0061831167,0.11457049,0.5269236
1.049952,0.0061962022,0.11446602,0.52690387
1.0499517,0.006195805,0.11450439,0.52690566
1.0499554,0.0061895116,0.11454614,0.5269152
1.0499588,0.0061840545,0.114563875,0.5269235
1.049944,0.0062093628,0.114381135,0.5268866
1.0499482,0.006200726,0.11450919,0.5269003
1.0499525,0.0061941072,0.11453067,0.5269101
1.0499506,0.006197538,0.114487916,0.5269049
1.0499432,0.006210043,0.11441437,0.5268876
1.0499524,0.0061935047,0.11455985,0.52691126
1.0499468,0.0062042843,0.11444273,0.52689487
1.0499469,0.006203081,0.11447947,0.52689666
1.0499531,0.006192504,0.11454663,0.5269125
1.0499588,0.0061835647,0.11457535,0.5269253
1.049956,0.0061888825,0.11451519,0.5269152
1.0499592,0.0061831204,0.11456724,0.52692324
1.0499529,0.0061942437,0.11447832,0.52690643
1.0499504,0.006197739,0.11448516,0.5269031
1.0499558,0.0061880215,0.11456059,0.5269181
1.0499502,0.006198482,0.11446482,0.5269019
1.0499506,0.006197178,0.11450185,0.526904
1.0499539,0.006191622,0.11453576,0.52691233
1.0499598,0.006182113,0.114582375,0.5269264
1.0499492,0.006200592,0.11443299,0.52689934
1.0499322,0.006228734,0.11430157,0.5268563
1.049941,0.0062122545,0.11449001,0.5268817
1.0499436,0.006209128,0.11446636,0.5268859
1.0499514,0.006195544,0.11454394,0.5269067
1.049954,0.0061915005,0.11453135,0.52691376
1.0499347,0.0062243985,0.11430216,0.52686673
1.0499468,0.006202051,0.11454341,0.5268986
1.0499429,0.0062105632,0.11442627,0.52688575
1.0499434,0.0062089055,0.114459366,0.5268872
1.0499471,0.006202652,0.114496715,0.52689594
1.0499485,0.006200573,0.114492185,0.52689874
1.0499597,0.00618116,0.1146124,0.52692914
1.0499622,0.0061782487,0.11457819,0.5269315
1.0499593,0.0061833854,0.11453498,0.5269218
1.0499588,0.0061840005,0.11454467,0.52692133
1.0499569,0.006187115,0.114526905,0.5269167
1.0499554,0.006189482,0.11451987,0.52691364
1.049953,0.006193446,0.114499696,0.52691
1.0499555,0.0061891787,0.11454,0.52691674
1.0499594,0.006182703,0.11457193,0.5269249
1.0499563,0.0061884695,0.11451502,0.5269158
1.0499524,0.006194841,0.114488885,0.5269064
1.0499526,0.006194126,0.11451241,0.5269075
1.0499512,0.006196536,0.11449436,0.52690494
1.049948,0.0062016943,0.11446612,0.5268998
1.0499486,0.0062004807,0.11448926,0.52690256
1.0499417,0.006212301,0.114408396,0.52688575
1.0499476,0.006201565,0.11451306,0.5269008
1.0499446,0.0062069325,0.114447124,0.52689403
1.0499507,0.006196234,0.11453326,0.5269077
1.0499487,0.0062004714,0.11447539,0.5269002
1.0499511,0.006195948,0.11451574,0.5269068
1.0499542,0.0061911605,0.1145347,0.5269142
1.0499526,0.0061938367,0.11450348,0.5269096
1.0499513,0.0061959187,0.11449634,0.52690715
1.0499581,0.00618445,0.114579625,0.52692235
1.049958,0.0061854846,0.11454063,0.52691907
1.0499588,0.006184006,0.114551835,0.5269212
1.0499564,0.0061880783,0.114520974,0.5269155
1.0499519,0.0061955196,0.114483185,0.5269052
1.0499502,0.0061978917,0.114488766,0.52690274
1.0499595,0.006182123,0.11460059,0.5269256
1.049961,0.006180518,0.1145675,0.5269261
1.0499579,0.0061859675,0.11452497,0.5269178
1.0499566,0.0061879447,0.11452761,0.526915
1.0499586,0.006184389,0.11455653,0.5269216
1.0499582,0.006185311,0.11454161,0.52691925
1.0499518,0.006196188,0.11447084,0.5269048
1.0499566,0.006187603,0.11455919,0.5269175
1.0499555,0.006189739,0.1145217,0.5269142
1.0499566,0.0061878436,0.114539064,0.52691716
1.0499532,0.0061936416,0.114495695,0.52690893
1.0499576,0.006185773,0.1145642,0.5269202
1.0499557,0.0061894674,0.114517875,0.5269146
1.0499543,0.0061915414,0.11451347,0.52691215
1.049957,0.00618677,0.114552,0.5269186
1.0499573,0.0061868853,0.11453771,0.526918
1.0499598,0.0061824173,0.11456714,0.5269244
1.0499603,0.006181868,0.114558555,0.5269245
1.0499557,0.006189722,0.11450442,0.5269131
1.0499597,0.0061824974,0.114574276,0.52692425
1.049958,0.0061858925,0.11453273,0.52691835
1.0499582,0.0061852396,0.11454583,0.52691907
1.0499548,0.006191159,0.11450443,0.5269116
1.0499554,0.006189703,0.1145313,0.5269138
1.0499556,0.006189603,0.1145285,0.5269136
1.0499555,0.0061896835,0.11452684,0.52691424
1.0499561,0.006188352,0.11453528,0.5269175
1.0499262,0.006239885,0.114194795,0.52684057
1.0499295,0.006230818,0.114397086,0.5268588
1.0499338,0.006224316,0.11441881,0.52687025
1.0499438,0.0062073166,0.11450956,0.52689594
1.0499489,0.006199011,0.11451461,0.52690923
1.0499507,0.006196628,0.11450781,0.526909
1.049952,0.0061943703,0.1145149,0.5269106
1.0499544,0.0061907433,0.11453267,0.52691466
1.0499554,0.006189222,0.11453231,0.526916
1.0499576,0.0061855507,0.11455229,0.52692044
1.0499612,0.0061795525,0.11458143,0.52692884
1.049965,0.0061734216,0.11460553,0.5269364
1.0499642,0.006175335,0.114575304,0.52693236
1.0499545,0.0061918693,0.11447019,0.52690923
1.0499533,0.006192781,0.1145112,0.52690935
1.0499555,0.0061891666,0.11453917,0.5269155
1.0499612,0.0061795176,0.114592895,0.52692926
1.0499625,0.006178052,0.1145752,0.5269305
1.049967,0.0061702644,0.114622734,0.5269403
1.0499679,0.0061697736,0.11460441,0.52693933
1.0499696,0.00616651,0.11462405,0.5269436
1.0499723,0.0061622965,0.11464287,0.5269498
1.0499675,0.0061709094,0.114574075,0.5269365
1.0499613,0.006180889,0.114532255,0.5269218
1.0499564,0.0061886553,0.11450837,0.5269136
1.0499612,0.0061801104,0.11458829,0.5269272
1.0499561,0.0061894227,0.1145028,0.52691406
1.049954,0.006192324,0.114509515,0.5269097
1.0499524,0.006194933,0.11450041,0.5269073
1.0499548,0.006190708,0.11453601,0.52691406
1.0499543,0.0061918604,0.11451628,0.5269127
1.0499547,0.006190749,0.114525944,0.52691525
1.0499414,0.0062134615,0.1143723,0.5268843
1.0499424,0.0062105213,0.11445778,0.5268875
1.0499425,0.0062104412,0.11445078,0.5268882
1.0499429,0.0062098037,0.114453346,0.52689034
1.0499358,0.0062218406,0.114373244,0.5268723
1.0499405,0.0062130047,0.11446454,0.5268859
1.0499493,0.0061985366,0.11453635,0.5269056
1.0499495,0.006198683,0.11449253,0.52690506
1.04995,0.0061977534,0.11449838,0.5269056
1.0499543,0.006190619,0.114543185,0.5269152
1.0499557,0.006188506,0.11453668,0.5269177
1.0499542,0.0061915056,0.11451039,0.52691305
1.0499473,0.0062030666,0.114442155,0.52689695
1.0499481,0.006200726,0.114490665,0.5269012
1.0499479,0.0062014447,0.11447982,0.52690136
1.0499526,0.0061932793,0.11453608,0.5269125
1.0499513,0.006196026,0.11449481,0.52690786
1.0499394,0.0062159863,0.114370234,0.52687925
1.0499485,0.0061992994,0.11453705,0.52690417
1.0499518,0.006195206,0.114519015,0.5269089
1.0499483,0.0062009427,0.11446684,0.5269015
1.049947,0.0062030256,0.114469945,0.5268983
1.0499533,0.0061918893,0.11455011,0.526914
1.0499521,0.0061947615,0.1144994,0.5269096
1.0499523,0.006194408,0.11451034,0.526908
1.049949,0.006199919,0.11447218,0.5269007
1.0499505,0.0061970423,0.11450614,0.5269063
1.0499556,0.006188286,0.11455701,0.5269187
1.0499582,0.0061847134,0.114555985,0.5269225
1.0499592,0.006183299,0.114554204,0.52692413
1.0499569,0.006187105,0.11452543,0.52691764
1.04996,0.006181726,0.114571586,0.5269255
1.049955,0.0061906762,0.11449753,0.5269125
1.049956,0.006188387,0.11453781,0.5269157
1.0499569,0.0061870567,0.114540964,0.5269177
1.049953,0.0061937463,0.11449225,0.5269088
1.0499582,0.0061845332,0.1145725,0.52692205
1.0499564,0.0061883545,0.114522226,0.5269154
1.0499572,0.006186699,0.1145425,0.52691823
1.0499557,0.0061892676,0.11452128,0.52691495
1.0499575,0.0061860634,0.11454941,0.52692
1.0499561,0.0061888904,0.11452296,0.5269146
1.0499588,0.0061841654,0.11456144,0.5269213
1.049958,0.0061855763,0.11453853,0.52691996
1.0499562,0.006188539,0.11452278,0.5269159
1.0499573,0.006186509,0.11454456,0.52691925
1.0499582,0.006184991,0.114549346,0.52692115
1.0499562,0.006188454,0.114521615,0.5269165
1.0499494,0.0062001534,0.1144543,0.5268995
1.0499539,0.0061916327,0.11454364,0.52691275
1.0499542,0.006191651,0.114520214,0.52691305
1.0499578,0.0061855256,0.1145604,0.5269211
1.0499563,0.0061883125,0.114524774,0.5269162
1.0499613,0.0061796345,0.11458992,0.5269279
1.0499561,0.0061891438,0.11450252,0.5269137
1.0499574,0.006186374,0.114546746,0.5269184
1.0499538,0.006192692,0.11449822,0.5269094
1.0499557,0.00618907,0.1145398,0.5269147
1.0499567,0.0061878734,0.11453793,0.5269164
1.0499599,0.0061820573,0.11457208,0.52692556
1.0499574,0.0061867926,0.114524744,0.52691805
1.0499605,0.0061810827,0.114575274,0.5269267
1.049957,0.0061874795,0.11451781,0.52691644
1.0499595,0.0061828797,0.114565544,0.52692306
1.0499523,0.006195553,0.114468805,0.52690566
1.0499486,0.0062009655,0.11446959,0.52689725
1.0499521,0.006194751,0.11452611,0.52690744
1.049955,0.0061901314,0.114539586,0.5269142
1.0499557,0.006188901,0.11453311,0.52691704
1.0499576,0.00618569,0.11455138,0.5269209
1.049955,0.0061904085,0.11451073,0.52691376
1.0499551,0.0061900243,0.11452657,0.5269142
1.0499593,0.006182977,0.114572555,0.5269242
1.0499169,0.0062563573,0.11407247,0.5268149
1.0499241,0.006239988,0.11438875,0.526837
1.0499196,0.0062490706,0.11428846,0.52682346
1.049927,0.006235494,0.11439808,0.52684623
1.0499419,0.006209519,0.114524335,0.5268945
1.0499516,0.0061949315,0.11455058,0.526912
1.0499551,0.0061895815,0.11454281,0.5269152
1.0499578,0.006185211,0.114554755,0.5269201
1.0499551,0.0061898916,0.11451047,0.5269139
1.0499593,0.0061823414,0.11457411,0.52692443
1.0499543,0.0061915717,0.114492066,0.52691096
1.0499549,0.0061901566,0.11452755,0.5269125
1.0499545,0.00619084,0.11451935,0.5269123
1.0499554,0.006189228,0.11453194,0.5269149
1.0499588,0.00618382,0.11456345,0.5269224
1.0499603,0.006181427,0.11456383,0.5269257
1.0499563,0.006188559,0.11450951,0.52691525
1.0499557,0.0061890623,0.11452668,0.5269143
1.0499533,0.006193075,0.11450197,0.5269094
1.0499598,0.0061818054,0.11458809,0.5269264
1.0499535,0.0061935913,0.11447925,0.5269086
1.0499531,0.00619332,0.11451339,0.5269093
1.0499556,0.006189137,0.1145411,0.52691615
1.0499601,0.0061816336,0.11457894,0.5269269
1.0499588,0.006184474,0.11453886,0.5269217
1.0499614,0.006179657,0.11457856,0.52692777
1.0499594,0.006183483,0.11453984,0.5269218
1.0499606,0.006180985,0.114566565,0.52692586
1.0499567,0.006188084,0.114513226,0.52691525
1.049957,0.006187016,0.11454011,0.52691716
1.0499542,0.006192014,0.11450428,0.52691066
1.049955,0.0061903675,0.114528984,0.52691394
1.0499597,0.006182613,0.11457655,0.5269247
1.0499659,0.0061722416,0.1146233,0.5269387
1.0499605,0.0061821425,0.11452836,0.5269223
1.049963,0.0061774743,0.114586525,0.52692837
1.0499506,0.0061987597,0.114432506,0.52689904
1.0499454,0.00620628,0.114441805,0.52689135
1.0499316,0.0062290616,0.11431315,0.526864
1.0499359,0.006220524,0.114435844,0.52687734
1.0499173,0.0062524164,0.11420353,0.5268327
1.0499288,0.006231035,0.114433296,0.5268641
1.049947,0.0062014805,0.114570424,0.52690434
1.049952,0.0061944425,0.11453105,0.52691066
1.0499588,0.006183037,0.11458296,0.52692664
1.0499554,0.0061894427,0.11450914,0.52691525
1.0499516,0.0061956905,0.11448445,0.5269065
1.0499524,0.0061937063,0.11451613,0.5269098
1.0499542,0.0061911694,0.11452829,0.5269128
1.0499535,0.006192439,0.114512384,0.5269107
1.0499582,0.0061842925,0.114570245,0.5269215
1.0499558,0.0061888667,0.11451691,0.5269143
1.0499604,0.0061809137,0.11458108,0.52692676
1.0499576,0.0061860145,0.11452602,0.52691877
1.0499576,0.0061857337,0.114541575,0.5269191
1.0499588,0.0061840443,0.11455258,0.5269217
1.0499567,0.0061877286,0.114523135,0.52691686
1.0499572,0.0061866897,0.11454094,0.5269181
1.0499556,0.00618952,0.114519395,0.5269144
1.0499562,0.0061883735,0.11453516,0.5269162
1.0499601,0.0061818133,0.114576004,0.5269251
1.049958,0.0061857547,0.114531025,0.52691907
1.0499547,0.006191497,0.1145043,0.5269098
1.0499551,0.0061902404,0.114528395,0.5269126
1.0499552,0.00619013,0.114525884,0.5269137
1.0499531,0.006193577,0.1145025,0.52690953
1.0499549,0.0061905747,0.11453256,0.5269136
1.049954,0.0061919363,0.11451524,0.5269114
1.0499629,0.0061768075,0.11461862,0.5269336
1.0499532,0.0061943177,0.1144606,0.526907
1.0499595,0.006182507,0.11458713,0.5269237
1.0499574,0.0061870185,0.11452533,0.52691704
1.0499574,0.0061864518,0.11454023,0.52691853
1.0499531,0.0061939717,0.1144895,0.52690804
1.0499554,0.0061894944,0.11454025,0.5269151
1.0499535,0.006192788,0.1145059,0.5269112
1.049952,0.006195186,0.114498995,0.5269083
1.0499555,0.006188996,0.11454739,0.5269168
1.0499593,0.0061829877,0.11457,0.5269246
1.0499606,0.0061812303,0.11456396,0.5269264
1.0499617,0.0061793574,0.1145713,0.5269283
1.0499626,0.0061778845,0.11457579,0.52692986
1.0499517,0.006196926,0.11444502,0.5269029
1.0499533,0.0061929035,0.114526115,0.5269092
1.0499558,0.006188937,0.11454266,0.5269146
1.0499555,0.0061896965,0.11452519,0.5269141
1.049954,0.006191823,0.11451248,0.52691215
1.0499536,0.0061925137,0.11451428,0.52691156
1.0499585,0.0061840145,0.11457303,0.5269232
1.0499563,0.0061883978,0.11451974,0.5269166
1.0499597,0.0061824885,0.11457062,0.52692485
1.0499595,0.0061831907,0.114549994,0.5269231
1.049961,0.0061805695,0.114568934,0.52692646
1.0499605,0.006181402,0.1145559,0.5269252
1.0499576,0.0061864774,0.11452475,0.52691764
1.0499593,0.006183181,0.11456079,0.52692294
1.0499542,0.006192317,0.11449109,0.52691054
1.049955,0.006190151,0.11453124,0.52691406
1.0499552,0.0061899247,0.11452709,0.52691495
1.0499582,0.006184916,0.11455971,0.5269215
1.0499593,0.0061834427,0.11455532,0.52692306
1.0499566,0.006188319,0.11451838,0.5269158
1.0499574,0.006186459,0.1145444,0.5269187
1.0499557,0.0061892187,0.11452091,0.5269155
1.049957,0.006186991,0.114544,0.52691805
1.0499579,0.0061857956,0.114545554,0.52691954
1.0499548,0.006191103,0.11450691,0.52691185
1.0499567,0.0061876057,0.1145454,0.5269163
1.0499599,0.006182342,0.11457064,0.5269237
1.0499554,0.0061902422,0.11450237,0.526913
1.0499595,0.006182716,0.11457469,0.52692384
1.0499564,0.0061885496,0.11451529,0.5269152
1.0499591,0.0061836047,0.11456386,0.5269225
1.0499604,0.0061814594,0.114564516,0.52692574
1.0499573,0.0061870203,0.11452153,0.5269171
1.049956,0.0061889095,0.114524275,0.5269149
1.0499523,0.0061952844,0.11448817,0.52690595
1.0499569,0.0061869067,0.11456163,0.52691835
1.0499535,0.0061933184,0.11449586,0.5269091
1.049958,0.006185066,0.11456745,0.52692187
1.049959,0.0061841025,0.11455192,0.526922
1.0499545,0.0061916965,0.11449757,0.52691114
1.0499556,0.006189329,0.114535056,0.5269146
1.0499545,0.006191328,0.114515185,0.52691257
1.0499586,0.006184098,0.11456851,0.52692336
1.0499536,0.0061930167,0.11448915,0.5269105
1.0499597,0.0061821956,0.11458579,0.52692574
1.049957,0.006187466,0.11452066,0.52691823
1.0499543,0.0061919806,0.11450633,0.52690935
1.0499523,0.006195041,0.114498295,0.5269057
1.0499561,0.006187988,0.114553496,0.52691716
1.0499604,0.0061813244,0.11457747,0.5269278
1.049955,0.006190819,0.114496425,0.52691215
1.0499557,0.0061887726,0.11453555,0.5269155
1.0499558,0.006188917,0.11452937,0.5269164
1.0499578,0.006185691,0.11455129,0.5269207
1.0499469,0.006204477,0.11441784,0.52689385
1.0499479,0.0062019946,0.114489645,0.52689445
1.0499452,0.0062066633,0.11445192,0.5268881
1.0499445,0.006207499,0.11445791,0.52688915
1.0499501,0.0061977077,0.11452555,0.5269041
1.0499436,0.006209623,0.11441869,0.5268875
1.0499485,0.006200118,0.11451491,0.5269007
1.0499549,0.006190169,0.11455482,0.526914
1.0499556,0.006189218,0.11453173,0.52691466
1.0499526,0.0061940774,0.1144949,0.52690923
1.0499543,0.006191179,0.11452881,0.52691317
1.0499531,0.006193283,0.114506975,0.5269101
1.0499563,0.0061878203,0.114548706,0.52691805
1.0499609,0.006180078,0.11458465,0.5269292
1.0499598,0.0061825644,0.11454646,0.52692425
1.0499548,0.0061909324,0.11449682,0.52691275
1.0499643,0.006174031,0.11463358,0.52693677
1.0499681,0.0061689704,0.11462084,0.52694184
1.0499693,0.0061672404,0.114616655,0.5269427
1.0499676,0.0061702137,0.11459178,0.5269381
1.0499696,0.0061666756,0.114624076,0.526943
1.0499665,0.0061724666,0.11457617,0.5269341
1.0499634,0.0061772633,0.11455984,0.52692854
1.0499636,0.0061766678,0.11457851,0.52692986
1.0499593,0.006184209,0.114526734,0.5269198
1.0499572,0.006187281,0.11452722,0.5269171
1.0499578,0.0061861575,0.11454439,0.52691907
1.0499585,0.006185046,0.11454901,0.5269202
1.0499552,0.0061903126,0.11451009,0.5269135
1.0499508,0.006197858,0.11447591,0.526902
1.0499562,0.006188146,0.11456114,0.526917
1.0499567,0.006188087,0.114534855,0.5269168
1.0499558,0.0061893524,0.11452505,0.5269151
1.0499526,0.0061944495,0.114494935,0.526908
1.0499595,0.006182399,0.11458942,0.5269252
1.0499535,0.006193436,0.11448232,0.52690905
1.0499567,0.0061875,0.1145517,0.52691793
1.0499578,0.0061859,0.114546634,0.52691984
1.0499548,0.0061910274,0.114506766,0.5269134
1.0499573,0.0061865365,0.114551656,0.5269195
1.049956,0.006188767,0.11452423,0.52691627
1.0499558,0.0061887824,0.11453004,0.5269163
1.0499554,0.0061895307,0.11452517,0.5269156
1.0499537,0.0061923102,0.11450907,0.5269116
1.0499411,0.0062141237,0.11437312,0.5268804
1.0499479,0.0062010833,0.114521615,0.5268993
1.0499508,0.006196873,0.11451453,0.5269041
1.0499523,0.00619453,0.11451565,0.526908
1.0499554,0.006189204,0.11454341,0.526917
1.0499554,0.006189515,0.11452667,0.52691597
1.0499473,0.0062033413,0.114435285,0.5268965
1.0499471,0.006202722,0.114479005,0.52689785
1.0499446,0.0062068263,0.11445015,0.5268939
1.0499463,0.006203681,0.11448235,0.52689946
1.0499531,0.0061923782,0.11454966,0.52691406
1.04995,0.006198319,0.1144777,0.5269043
1.0499562,0.006187274,0.114566214,0.5269205
1.049958,0.0061851176,0.11455035,0.5269226
1.0499594,0.006182868,0.114558876,0.52692384
1.0499542,0.006191966,0.11449171,0.5269106
1.0499487,0.0062006237,0.11445964,0.5268995
1.0499194,0.006249812,0.114160724,0.5268325
1.0499378,0.0062155696,0.11452654,0.52688384
1.0499395,0.0062153903,0.11443522,0.5268823
1.0499495,0.00619795,0.114545226,0.52690697
1.0499517,0.00619506,0.1145144,0.52691156
1.0499504,0.0061972714,0.11449131,0.5269065
1.049953,0.0061927876,0.114526935,0.5269122
1.0499558,0.006188285,0.114544824,0.5269174
1.0499599,0.0061816787,0.11457543,0.5269261
1.049952,0.006195599,0.11446431,0.52690554
1.049951,0.006196211,0.11449858,0.5269063
1.049958,0.006184437,0.11458013,0.5269233
1.0499485,0.006201516,0.11443337,0.52689874
1.0499495,0.0061985566,0.114500664,0.5269032
1.0499548,0.006190046,0.11455043,0.52691483
1.0499524,0.0061944574,0.11449571,0.5269092
1.0499479,0.006201715,0.114459366,0.5268999
1.0499507,0.006196623,0.11451479,0.52690715
1.0499439,0.0062085977,0.11442101,0.5268911
1.049923,0.006243278,0.11422631,0.5268435
1.0499266,0.00623481,0.11438091,0.52685875
1.0499357,0.0062204967,0.11445493,0.5268782
1.0499305,0.0062299697,0.11434942,0.5268648
1.0499314,0.006227205,0.11439156,0.52687174
1.0499419,0.0062094526,0.114502616,0.52689666
1.0499402,0.0062134634,0.11442604,0.52688843
1.0499328,0.0062257512,0.11435474,0.5268701
1.0499289,0.006231439,0.11435165,0.5268641
1.0499384,0.0062150112,0.1144777,0.5268874
1.049951,0.0061950036,0.114563935,0.5269138
1.0499462,0.0062040454,0.11444618,0.5268983
1.0499429,0.006209085,0.11443654,0.52689123
1.0499394,0.0062144543,0.11441554,0.5268858
1.0499442,0.0062064324,0.11448639,0.526895
1.0499381,0.006217276,0.11439072,0.5268804
1.0499434,0.00620746,0.11448657,0.526894
1.0499451,0.006205313,0.114473924,0.52689606
1.0499306,0.006230022,0.11430275,0.5268628
1.049923,0.0062411227,0.11429926,0.52685076
1.0499363,0.006218266,0.114485025,0.52688277
1.0499334,0.006224644,0.1143788,0.52687156
1.0499487,0.0061981673,0.114569135,0.5269086
1.0499547,0.0061893,0.11455283,0.52692056
1.0499548,0.0061897617,0.114523456,0.52691746
1.0499473,0.006202487,0.11444045,0.52689797
1.0499524,0.0061933915,0.11453747,0.52691025
1.0499549,0.0061895913,0.114537984,0.52691483
1.049957,0.0061864275,0.11454719,0.52691907
1.0499555,0.0061889845,0.114521034,0.5269153
1.0499552,0.0061895456,0.11452503,0.5269139
1.0499568,0.006186776,0.11454477,0.52691835
1.0499662,0.006170772,0.114643045,0.52694196
1.0499676,0.0061697145,0.11460577,0.52694124
1.0499637,0.006176278,0.114558,0.52693045
1.0499547,0.006191603,0.11447524,0.5269085
1.0499564,0.006187878,0.11454329,0.52691597
1.0499597,0.0061826566,0.11456904,0.5269241
1.0499617,0.0061791465,0.11457689,0.5269293
1.0499573,0.0061873784,0.114512876,0.52691627
1.0499587,0.006184147,0.11455659,0.52692175
1.0499606,0.0061812703,0.11456795,0.52692544
1.0499593,0.006183879,0.11454194,0.52692133
1.0499533,0.0061936704,0.114484124,0.5269077
1.0499552,0.0061898543,0.11453807,0.526913
1.049955,0.006190638,0.11452239,0.52691203
1.0499575,0.0061860434,0.11455373,0.52691996
1.0499548,0.0061911624,0.11450743,0.5269125
1.0499549,0.006190486,0.11452565,0.5269141
1.0499573,0.0061865738,0.11455026,0.5269198
1.049959,0.0061840825,0.114555694,0.5269227
1.0499521,0.0061956276,0.114471704,0.526906
1.0499545,0.0061908364,0.11453628,0.52691275
1.0499537,0.006192339,0.11451344,0.5269109
1.0499567,0.006187371,0.11455064,0.52691704
1.0499557,0.0061893295,0.11452346,0.52691394
1.0499545,0.0061911577,0.11451589,0.5269122
1.0499599,0.00618208,0.11458248,0.526924
1.0499594,0.0061835963,0.114547074,0.52692026
1.0499654,0.00617306,0.11461947,0.5269362
1.0499687,0.0061680158,0.11462361,0.52694327
1.0499636,0.006177072,0.114549115,0.5269286
1.0499619,0.0061792103,0.11455979,0.52692616
1.0499578,0.0061865086,0.11451806,0.5269169
1.0499537,0.0061927447,0.11449709,0.52690977
1.0499537,0.0061923647,0.11451787,0.5269117
1.0499542,0.006191852,0.11452126,0.52691185
1.0499545,0.0061912225,0.114523396,0.52691287
1.0499542,0.0061917366,0.1145175,0.5269132
1.0499526,0.006194655,0.114501946,0.526906
1.0499544,0.0061914413,0.11453043,0.52691054
1.0499549,0.0061908676,0.114525035,0.52691174
1.0499576,0.0061859014,0.114555255,0.52692
1.049954,0.0061923787,0.114498824,0.52691054
1.049955,0.006190393,0.114530064,0.5269132
1.0499552,0.0061897873,0.114528485,0.5269147
1.0499551,0.0061901836,0.114524536,0.52691334
1.049958,0.0061852345,0.11455838,0.52691984
1.0499588,0.006184274,0.114551015,0.5269203
1.0499628,0.0061774957,0.11459192,0.52693087
1.049958,0.006186117,0.11451613,0.5269178
1.0499628,0.006177371,0.11459787,0.5269306
1.0499665,0.0061713723,0.114614226,0.5269382
1.0499247,0.0062439116,0.1141231,0.52682585
1.049919,0.0062487293,0.11428994,0.5268285
1.0499206,0.006246282,0.11432829,0.52683485
1.0499202,0.006246888,0.11431537,0.52683586
1.0499276,0.0062342593,0.11440009,0.52685326
1.0499231,0.0062423865,0.11431064,0.5268403
1.0499291,0.006231324,0.11440286,0.52685857
1.0499325,0.0062261773,0.11440689,0.52686507
1.0499284,0.0062332884,0.11434413,0.5268541
1.0499271,0.00623498,0.114352204,0.5268524
1.0499141,0.006257099,0.11421439,0.52681905
1.0499008,0.0062778355,0.11413856,0.52679473
1.0499284,0.0062297373,0.11451437,0.5268655
1.0499189,0.0062490595,0.11425497,0.5268321
1.0499247,0.006237174,0.114379495,0.5268518
