0.056925476,0.07090552,0.00022760496,0.2854421
0.08918445,0.13375904,0.0008898001,0.18195024
0.051304165,0.088513546,0.0004418848,0.16092558
0.053269178,0.057837978,0.0002762766,0.253874
0.06748402,0.053643275,0.00019519289,0.31388047
0.05739165,0.041389987,8.9080066e-05,0.36449793
0.0655608,0.052238163,0.00010889366,0.3643828
0.070515096,0.077824526,0.00021178425,0.2946991
0.05399121,0.07199786,0.00023770207,0.26475388
0.07560959,0.102319464,0.0005929973,0.2158413
0.065745816,0.09342589,0.0004999513,0.18491386
0.040115062,0.03981725,0.00012613313,0.30723965
0.09457367,0.07846543,0.00032394603,0.30225578
0.07406409,0.08505414,0.0002583654,0.2274848
0.07020404,0.09566454,0.0003442504,0.19279103
0.050097704,0.065058656,0.00022256467,0.23004924
0.06234985,0.058552764,0.00023065553,0.29165724
0.055254154,0.042332128,0.00010525162,0.35406467
0.0673516,0.052163545,0.00011661423,0.36370817
0.058575395,0.057078477,0.00013059416,0.33863795
0.06549829,0.07555192,0.00024618636,0.29342222
0.08227874,0.121142305,0.0006527579,0.19136201
0.046797562,0.07276311,0.0003072502,0.20050852
0.06458299,0.068841524,0.0003659499,0.25535983
0.053563703,0.04405661,0.00013733098,0.32872537
0.05888907,0.039999474,8.860631e-05,0.38743213
0.06479242,0.052227773,0.00011124525,0.37089905
0.084940985,0.10413395,0.00034601366,0.25321352
0.05661028,0.098648876,0.00040384787,0.18274683
0.054298546,0.07861543,0.00044878677,0.21056986
0.053890046,0.05168277,0.00024200091,0.292474
0.07384451,0.056720726,0.00019188975,0.32707167
0.056128003,0.045691025,9.746374e-05,0.3514881
0.0712348,0.06709747,0.0001782908,0.32437998
0.06704292,0.08376469,0.00027349728,0.25668615
0.059545238,0.08152126,0.00033962517,0.23256908
0.07348075,0.09796606,0.00055707013,0.20187071
0.09259994,0.14164682,0.00095678447,0.12747537
0.040985078,0.05713498,0.00015870953,0.19617784
0.06542012,0.054331798,0.00021431517,0.29934028
0.06160422,0.04376481,9.877121e-05,0.34923542
0.06475969,0.047721397,8.587691e-05,0.36810124
0.06378971,0.06238661,0.00013115109,0.33135378
0.056902062,0.06763395,0.00018778119,0.29984573
0.0682249,0.088049985,0.00039257918,0.25246194
0.040235423,0.045139156,0.00015649464,0.31599933
0.056314807,0.042915843,0.0001523705,0.38408238
0.06653525,0.052853566,0.00015830934,0.36988658
0.048920844,0.04356982,0.00010232099,0.37694722
0.06551683,0.06497116,0.00021776659,0.3438662
0.05511011,0.063274965,0.00023434495,0.3107065
0.06665465,0.07741301,0.00037290424,0.2798255
0.052313812,0.059387293,0.00025148367,0.2909753
0.06519387,0.06454274,0.00028764995,0.30334434
0.061476987,0.061116338,0.00022694879,0.30272862
0.08029386,0.088907756,0.00037778783,0.2520125
0.067165464,0.09249557,0.0003879294,0.1995373
0.042018026,0.047873955,0.00015859131,0.28331497
0.0911181,0.08687705,0.00042726324,0.26922747
0.058864474,0.06480938,0.00019288143,0.25373027
0.0619547,0.06282101,0.00019647132,0.28485844
0.045755163,0.0407455,0.000101089885,0.3527384
0.08637416,0.07755039,0.0002707093,0.31651968
0.06508486,0.081674635,0.00025665318,0.24368648
0.049901225,0.06177741,0.00020938354,0.2715872
0.08365149,0.10010165,0.00056040776,0.22809276
0.0691087,0.094520554,0.0004422284,0.18299162
0.06223852,0.07792095,0.00032176875,0.20465693
0.06127224,0.063303985,0.0002367788,0.25338498
0.059442855,0.04959585,0.00014235258,0.31649807
0.04182845,0.026850797,4.481983e-05,0.41710687
0.059649747,0.038118545,6.780598e-05,0.42987907
0.0688225,0.06785319,0.00015999607,0.34755895
0.06336737,0.09140883,0.0003117008,0.2533091
0.03595149,0.047692146,0.0001887061,0.31106016
0.054607634,0.044598166,0.00022340106,0.37865564
0.07765937,0.06292325,0.0002519919,0.34717652
0.05716621,0.057832427,0.00016378402,0.32203102
0.0615188,0.068720475,0.0002582577,0.30171713
0.052057695,0.057569794,0.00022709738,0.30892816
0.062249843,0.060323276,0.00025207872,0.32104874
0.06936626,0.071383156,0.00028689022,0.2917692
0.051763926,0.054575633,0.00017833021,0.30898726
0.07087738,0.07297372,0.00030061437,0.29387924
0.059050925,0.06568967,0.00024013247,0.2799366
0.07202522,0.08142337,0.00035407196,0.2558779
0.06836192,0.08630868,0.00037924421,0.21991798
0.052295044,0.05908171,0.00021415582,0.2635552
0.07452636,0.07305327,0.00029929215,0.2731449
0.06472585,0.067593426,0.0002184826,0.26569417
0.04955535,0.046152912,0.000120365694,0.32797718
0.08872919,0.08807865,0.00032900853,0.27966493
0.036984306,0.040007822,8.694353e-05,0.32622325
0.074925706,0.06776815,0.00024921546,0.3335277
0.05354184,0.055553347,0.00016391093,0.31764773
0.07966006,0.08810844,0.00036113037,0.26967925
0.067602225,0.097460024,0.00043037708,0.19884583
0.039577387,0.046771977,0.00015961462,0.28557673
0.059322394,0.04541865,0.00016937045,0.364802
0.073659204,0.058001462,0.00017287108,0.34801456
0.081832245,0.09139875,0.0002840862,0.2589503
0.115584485,0.22766785,0.0016747838,0.08819849
0.05429807,0.17083219,0.00074070395,0.05110198
0.106683604,0.25233504,0.0026829282,0.038219906
0.04669873,0.09145834,0.00018233858,0.08074313
0.056927722,0.045124926,0.00012201835,0.25025296
0.16770439,0.18382432,0.00081817666,0.12460884
0.027622007,0.045824025,4.1686177e-05,0.16766511
0.08986898,0.09830496,0.00051130704,0.20967104
0.038891524,0.03671007,6.391746e-05,0.29943857
0.07401642,0.04972617,0.00010520139,0.36829534
0.061542485,0.053455092,8.9914975e-05,0.3451702
0.08537908,0.10495956,0.00030195358,0.24693318
0.04172253,0.06563354,0.00017831656,0.23982295
0.06421395,0.07566566,0.00040326375,0.2670294
0.06290243,0.06525883,0.00027781707,0.27596402
0.09012627,0.09900743,0.00042441717,0.22606115
0.046117198,0.056645032,0.00014861362,0.25333762
0.051584646,0.044806845,0.00013738088,0.34597287
0.06677056,0.052981704,0.000148128,0.3573838
0.06957422,0.06640066,0.00017436688,0.3188597
0.059732653,0.07093602,0.00020805089,0.2838349
0.072213784,0.097366564,0.0004628853,0.22760306
0.059597977,0.08286922,0.00040211,0.21125458
0.063091904,0.07209515,0.0003386582,0.24009787
0.042462483,0.03420959,9.071726e-05,0.3579458
0.08455333,0.062289964,0.00017886957,0.35628077
0.0813905,0.09482037,0.00027832112,0.2447636
0.048429873,0.06920436,0.00019618217,0.23835632
0.073257364,0.096730836,0.00054195174,0.21675193
0.050624248,0.058535915,0.00023292936,0.25518313
0.058356456,0.04738639,0.00015621085,0.33614716
0.16215332,0.20746617,0.0012886798,0.14639094
0.089939475,0.30436224,0.0021581016,0.026140912
0.038681734,0.12444397,0.00017902821,0.058053512
0.09300063,0.14708848,0.0013274369,0.08565553
0.0956444,0.1486212,0.00081370265,0.06598016
0.09523894,0.163901,0.00060797535,0.057547852
0.08495915,0.16394448,0.0006462652,0.053582434
0.070780195,0.1162263,0.0003657348,0.07960344
0.06613085,0.07484654,0.00020349024,0.14935067
0.09806182,0.10654311,0.0003583714,0.14486703
0.06042043,0.07206473,0.00013988596,0.16983306
0.06779701,0.06909078,0.0001747194,0.22491759
0.058362093,0.052619524,0.00010361027,0.2850134
0.06296596,0.051252212,9.652101e-05,0.33174527
0.08245682,0.08383422,0.00019913302,0.27619168
0.07665777,0.11663446,0.00037957175,0.17833434
0.06483518,0.11844855,0.00054052885,0.1380491
0.061328255,0.093512155,0.00047020783,0.15869892
0.10832314,0.15606044,0.0011458537,0.109621756
0.064496815,0.109389655,0.00035496827,0.099635065
0.080926426,0.113471635,0.00052183546,0.11931376
0.05556153,0.062091134,0.00016535098,0.19067927
0.07885312,0.067974456,0.0001926002,0.24566554
0.06366859,0.055915553,0.00010155049,0.27825454
0.08678756,0.09002351,0.00022993369,0.24040999
0.043750152,0.051541083,9.4560586e-05,0.27729854
0.07724024,0.080397666,0.00028555645,0.27841288
0.052939203,0.057344187,0.00015136362,0.28856036
0.0713188,0.07129484,0.00022874227,0.29204583
0.061409473,0.0687492,0.0002049992,0.27483225
0.060137853,0.065665826,0.00021496,0.28472617
0.057000834,0.057619277,0.00018369949,0.30905816
0.08276227,0.0895429,0.00036113005,0.25954336
0.080014095,0.11839894,0.00053853163,0.16772147
0.04643721,0.06879613,0.0002472181,0.20194355
0.09029965,0.1090182,0.0007293171,0.18807358
0.044153776,0.04655143,0.00012907792,0.26120946
0.06617932,0.047377177,0.0001276553,0.34938556
0.0757421,0.064043894,0.00014552702,0.3210437
0.05858208,0.061864562,0.00013621945,0.3020625
0.07894496,0.10093612,0.0003872798,0.23346275
0.055216126,0.081561506,0.00031907507,0.20835166
0.05685118,0.06482032,0.00028297657,0.2585246
0.07268079,0.071376234,0.00029611262,0.26868558
0.05482676,0.050142545,0.00013469612,0.31172737
0.06549108,0.056409933,0.00015285896,0.3333977
0.060114734,0.057713155,0.00014990685,0.32575816
0.06458093,0.06851947,0.00021718512,0.3024765
0.06768851,0.082035206,0.00032157399,0.25776497
0.0495496,0.057809737,0.00020676134,0.284646
0.06189483,0.058734465,0.00023214197,0.31774548
0.0568682,0.050192963,0.00015573848,0.3415067
0.060577143,0.05237953,0.00014895362,0.35303232
0.058049668,0.055032652,0.00015603153,0.3448192
0.064666525,0.06840755,0.00023659246,0.31209794
0.05756549,0.066110566,0.00024691937,0.29330295
0.069334544,0.081423834,0.00038741497,0.26152155
0.052074045,0.05893879,0.00023134853,0.28187755
0.04701977,0.039192293,0.00012772028,0.36729494
0.05045745,0.033474464,8.461647e-05,0.4208925
0.04100735,0.02553116,4.7987738e-05,0.45399788
0.038006805,0.024350906,4.472633e-05,0.4670217
0.04815027,0.037146732,9.3089664e-05,0.4409997
0.07876322,0.08882465,0.0003821447,0.32110256
0.05082705,0.07690703,0.00036709846,0.25515327
0.058244597,0.07574375,0.0005410508,0.25733167
0.06360368,0.07085174,0.00044953413,0.25995648
0.052958995,0.048029557,0.00018809363,0.31971174
0.11131504,0.11845107,0.00062169816,0.22786935
0.041519176,0.059060596,0.00016435563,0.2242677
0.0657317,0.068241395,0.00032073027,0.27549648
0.06101682,0.05854217,0.00020384362,0.2927348
0.067580834,0.061242044,0.000187586,0.30760315
0.053272825,0.04978248,0.0001238829,0.33304343
0.08231095,0.086578034,0.00031276076,0.2797297
0.06582468,0.09238093,0.00034979804,0.20996141
0.0421565,0.050916035,0.00017175755,0.28147256
0.09019463,0.09281557,0.0005058722,0.25676352
0.06566453,0.080366895,0.00029629664,0.21552482
0.19198914,0.39147568,0.0068844613,0.04301026
0.021730946,0.10874046,9.069722e-05,0.041391395
0.07704994,0.11165657,0.00095751445,0.122636646
0.06025654,0.056360465,0.00022010392,0.19828643
0.056896374,0.03190495,4.891286e-05,0.35476717
0.112953454,0.089247145,0.00016572498,0.2897935
0.05010861,0.06644027,0.000101632235,0.24020582
0.0558686,0.069332175,0.00021117633,0.26977572
0.08092224,0.10306619,0.0004942574,0.21581541
0.04737276,0.056056596,0.00017003588,0.25887686
0.05918979,0.0505031,0.00015544517,0.33372515
0.07288858,0.06415246,0.00018161934,0.32036358
0.061497,0.06364891,0.00016226085,0.30019957
0.06137893,0.06956942,0.00021530314,0.28658086
0.06915384,0.085729584,0.00035631153,0.2465395
0.05226567,0.061853517,0.00022812132,0.26842543
0.06371527,0.062189072,0.00024299063,0.30046105
0.06742035,0.0654937,0.00022282613,0.2962819
0.07048835,0.07630725,0.00025936062,0.26694444
0.11192386,0.1759658,0.0011466664,0.12918998
0.037322376,0.073474996,0.00021532243,0.14585915
0.059534803,0.060505833,0.00033326712,0.2585226
0.06609847,0.048021663,0.00015066925,0.3251791
0.24586435,0.39102006,0.0041217897,0.06563005
0.018240906,0.106943086,7.071311e-05,0.036642715
0.20345469,0.56256616,0.04145778,0.01283959
0.026658127,0.23546182,9.2413175e-05,0.01368349
0.042817734,0.055981714,7.1825816e-05,0.16572511
0.08676356,0.0612553,0.00021018065,0.2450272
0.05474871,0.033180173,3.2470485e-05,0.33924258
0.07446227,0.051627304,6.231266e-05,0.35908264
0.07898156,0.09296726,0.0001732669,0.25679225
0.11916325,0.26113182,0.0017070167,0.07667856
0.059047155,0.23105496,0.0010666241,0.033514943
0.066636525,0.16256462,0.0007131129,0.056390245
0.039285794,0.03938411,9.381552e-05,0.23005895
0.068913884,0.033660986,6.38605e-05,0.3799959
0.0896277,0.057543878,7.152317e-05,0.35059005
0.05258709,0.053033914,6.3086096e-05,0.32581568
0.075184636,0.10050775,0.00029535432,0.25081083
0.057943538,0.09623371,0.000388048,0.19656877
0.05823651,0.07880808,0.00039472777,0.22187093
0.064499885,0.06741491,0.00029184957,0.26026025
0.05941637,0.051444426,0.00014811945,0.31535
0.049510118,0.035939883,7.0849084e-05,0.38931447
0.046126753,0.030034676,4.955144e-05,0.43605536
0.055046443,0.04223262,8.427231e-05,0.42006645
0.051985625,0.05087017,0.00012011357,0.383138
0.10690398,0.15643503,0.00095412164,0.2064379
0.05293434,0.1254421,0.0007540655,0.115240306
0.14634968,0.36266267,0.009152129,0.033554476
0.08584431,0.45487747,0.003911962,0.007718907
0.1152539,0.65907466,0.012264312,0.003920126
0.065543845,0.52047247,0.0003931874,0.0069690417
0.04659151,0.19146268,0.00014365869,0.0228246
0.097466186,0.17367467,0.0011903886,0.047811404
0.07882664,0.1193264,0.00035392187,0.07048844
0.117573254,0.19109598,0.0010076371,0.054616444
0.0637423,0.12477077,0.0002893496,0.06270455
0.09216239,0.14308949,0.0006575608,0.078188084
0.0723893,0.10715941,0.0003127848,0.09498203
0.07511466,0.09060611,0.0002629073,0.136417
0.09221252,0.11611633,0.00039656466,0.12402873
0.071995765,0.10096031,0.00027220632,0.12433753
0.06109526,0.071960054,0.00018415482,0.1840038
0.05389682,0.0445121,9.194057e-05,0.29872155
0.055227768,0.03390569,4.887582e-05,0.39471945
0.055762336,0.035468567,4.3407006e-05,0.42219013
0.050858703,0.041982718,5.874867e-05,0.40962112
0.13322169,0.20604867,0.0010200689,0.17683524
0.032699678,0.10164747,0.0003067659,0.11274154
0.061512798,0.09725877,0.0008516537,0.17475927
0.04857244,0.044024292,0.00020031392,0.29373464
0.07598301,0.044957682,0.000112449656,0.37277657
0.06751822,0.050510045,8.269248e-05,0.36137655
0.10703706,0.1362902,0.00044391214,0.20788203
0.1253131,0.34814227,0.0035166463,0.037031908
0.11862845,0.66457206,0.028087817,0.0048662573
0.036577873,0.37681246,8.201025e-05,0.01300859
0.03956578,0.096613236,0.00011326149,0.07621245
0.05661727,0.04105172,0.00018514514,0.24710448
0.07142313,0.03159682,3.1434654e-05,0.37420443
0.07929442,0.050265536,4.648639e-05,0.3678308
0.06901801,0.078396656,0.00011304284,0.2836016
0.05415166,0.0839008,0.00019061692,0.2389006
0.060899317,0.09040218,0.00041020798,0.2259338
0.05160282,0.058560282,0.00024426877,0.27823597
0.05838726,0.045858297,0.00013610728,0.35406524
0.082326785,0.07124424,0.00019523321,0.3214326
0.04921535,0.052964885,0.00011273636,0.31802267
0.056831937,0.05741424,0.00017040192,0.3373506
0.055289544,0.054174125,0.00017006576,0.34421366
0.070331335,0.071193,0.00025835604,0.31441447
0.043353144,0.04446744,0.00012235803,0.34861016
0.082219645,0.08315238,0.00036252008,0.3074149
0.055193584,0.068768635,0.00025024897,0.26880035
0.053861875,0.057243057,0.00022094332,0.30760652
0.05677098,0.051495083,0.0001823381,0.34122962
0.043878958,0.03282508,8.211498e-05,0.4074969
0.04840472,0.031800374,6.868728e-05,0.44023004
0.039091337,0.026879346,5.296169e-05,0.4535241
0.04200832,0.03027199,6.777266e-05,0.45350993
0.038115576,0.028768174,7.239883e-05,0.4536006
0.05131599,0.04078687,0.00013625233,0.43061242
0.061995808,0.060462255,0.00025455057,0.36889586
0.071282975,0.0890507,0.00049258146,0.27605504
0.048029695,0.06471018,0.00034782046,0.26724374
0.0566366,0.05913494,0.0003449383,0.3035146
0.05862618,0.052252084,0.00022889828,0.3316504
0.06938801,0.06250431,0.0002328395,0.3219124
0.05702473,0.05808185,0.00018407333,0.31392032
0.09383829,0.11873844,0.0006218999,0.21452728
0.046145156,0.07228075,0.00027151083,0.20062673
0.042431083,0.03985392,0.00015419278,0.33363396
0.08433804,0.065672405,0.00025718214,0.33416376
0.086507805,0.095915236,0.00032365014,0.2360088
0.036517154,0.04524069,0.00010172917,0.29203382
0.105377875,0.12628485,0.0008064499,0.2200652
0.035461787,0.046899416,0.00013315029,0.25555527
0.05102872,0.03723691,0.00011714493,0.3836287
0.24485329,0.37950546,0.0044560907,0.08606759
0.035338726,0.23532078,0.0005215491,0.016632052
0.070541576,0.19392954,0.0008157362,0.04536226
0.061628513,0.09735381,0.00045066315,0.095856965
0.07304852,0.06363055,0.00021504272,0.18715173
0.06741406,0.048620783,7.867614e-05,0.2726512
0.08332341,0.07023628,0.00012588131,0.27080506
0.12234378,0.18563853,0.00071863114,0.1169309
0.055139765,0.14410286,0.00041343304,0.070659496
0.05615809,0.09430299,0.00038949156,0.13013493
0.05471694,0.04931055,0.00017761522,0.25458458
0.065811776,0.03897232,7.366408e-05,0.3578462
0.060478617,0.03784831,4.4597728e-05,0.3952343
0.10213252,0.109930545,0.0002556436,0.26746342
0.039310716,0.06888351,0.0001356692,0.22536384
0.06878471,0.098376885,0.0006090895,0.2226595
0.034592282,0.03449674,0.00012024241,0.33729684
0.07014452,0.043365162,0.0001286578,0.40293086
0.05075511,0.03704893,6.874322e-05,0.40716347
0.084295414,0.08564115,0.00024471592,0.31886682
0.056539584,0.09001362,0.00031455027,0.22562565
0.057458393,0.08705855,0.00052079035,0.21821585
0.055854358,0.06439888,0.00036894105,0.25883752
0.050972987,0.038901657,0.00013094777,0.35900876
0.082890816,0.06389515,0.00018951348,0.34474334
0.07653256,0.089511774,0.00026922973,0.2503934
0.039023347,0.049430232,0.00012752916,0.2932602
0.057175927,0.05319877,0.00020740792,0.34496906
0.06997125,0.06367226,0.0002370947,0.32477775
0.08686014,0.10141789,0.00039706499,0.23607232
0.05390717,0.082066305,0.00029915542,0.20287919
0.067561306,0.090193,0.0005199668,0.20473245
0.06234605,0.07165922,0.00033304357,0.22564898
0.061393294,0.05565382,0.00018580016,0.28597027
0.07174868,0.062754,0.00017901894,0.29957655
0.05021725,0.044107683,9.1855014e-05,0.34312573
0.0916135,0.09436056,0.0003209218,0.27565977
0.053134836,0.07514186,0.00022080178,0.2290495
0.0549491,0.0653915,0.00026751828,0.26903337
0.06542598,0.06640523,0.00028306467,0.28399464
0.07160617,0.07157285,0.00026490868,0.27356887
0.06231415,0.06608711,0.00020591213,0.27364215
0.059006978,0.06091363,0.00019385983,0.29333416
0.060833592,0.059250977,0.00018996619,0.3094421
0.077357024,0.08249202,0.00030474056,0.2670549
0.047966037,0.05438654,0.00015434364,0.28938252
0.069335215,0.06941365,0.00026986687,0.29824904
0.05189354,0.05110446,0.00015270773,0.32048506
0.0919413,0.09837714,0.00042168857,0.2568168
0.048440322,0.06465726,0.00019651743,0.24254431
0.045565832,0.04258794,0.00014231062,0.34320968
0.04679913,0.030816143,7.8436744e-05,0.4207748
0.05567477,0.035013415,7.468317e-05,0.43445373
0.09042007,0.093420416,0.00029242787,0.31067196
0.045597427,0.0738141,0.00022408653,0.2437788
0.07810795,0.120860524,0.0009941417,0.18801127
0.10706054,0.21242076,0.0025703688,0.07419612
0.03951354,0.078814134,0.00019884747,0.11547244
0.06982486,0.07056472,0.00038757222,0.21654077
0.07597968,0.0637274,0.00020739304,0.24613072
0.22447115,0.39089558,0.0045098187,0.046604246
0.02945529,0.17035224,0.00016187126,0.02205588
0.08221176,0.16413012,0.00096987106,0.06311602
0.05349728,0.06415782,0.00019593844,0.14370193
0.05471816,0.03172536,5.4475262e-05,0.32965663
0.08009878,0.046392318,5.4214484e-05,0.36585796
0.10193335,0.109728046,0.0002113742,0.23664542
0.052603547,0.09844874,0.0002172436,0.16485353
0.078740396,0.1482916,0.0010258964,0.12336897
0.041541994,0.060557712,0.00022914399,0.19396424
0.07317925,0.05900018,0.00024251128,0.28781968
0.055647433,0.03912482,6.9526905e-05,0.3547536
0.057279807,0.038889866,5.911795e-05,0.39944848
0.0729852,0.06918626,0.00014560949,0.3385055
0.05773053,0.0773489,0.00020198069,0.27268872
0.05610595,0.07765569,0.00032822514,0.25835395
0.05307245,0.060334694,0.0002829448,0.29115885
0.081352435,0.08264884,0.00040564488,0.2696814
0.059228823,0.06668709,0.00022001787,0.26100376
0.09610323,0.1240591,0.00065381284,0.18542053
0.043932825,0.0642531,0.00019591767,0.20425223
0.056278735,0.05199996,0.00020434984,0.30517152
0.06447563,0.048475172,0.00013384837,0.3491256
0.066293284,0.05299766,0.00011452935,0.35155103
0.086181484,0.100629374,0.0003076179,0.25145167
0.06326197,0.10946648,0.00043714076,0.16810054
0.06116368,0.100283384,0.0005848304,0.16290216
0.08320561,0.11864595,0.00085761794,0.14128801
0.056859773,0.068154775,0.00024099855,0.18931557
0.08260924,0.08100566,0.00031351126,0.21752845
0.10936775,0.14602852,0.0006469938,0.12554607
0.06159061,0.10958093,0.00032430646,0.1050746
0.052468058,0.06425683,0.00020046427,0.19572832
0.1725714,0.26846877,0.002953854,0.0704888
0.051450245,0.16016744,0.00035270234,0.03773975
0.06611581,0.10830598,0.00037503667,0.09868218
0.09105089,0.11774618,0.00059400697,0.10754187
0.07681548,0.09580057,0.00027488434,0.12035495
0.050305516,0.04775871,8.4192136e-05,0.23462884
0.08982876,0.077076145,0.0001993313,0.25295195
0.042362425,0.036206584,4.574054e-05,0.33058956
0.09640616,0.088107064,0.00022054173,0.2935703
0.05282541,0.0712552,0.00014417588,0.24281198
0.05017559,0.058357272,0.00017261792,0.29611912
0.10245912,0.12970862,0.000736835,0.20166928
0.05801814,0.09486477,0.00035432226,0.15684536
0.07660653,0.109442286,0.0005789182,0.1560591
0.08589242,0.13139953,0.0007217946,0.11600889
0.05636154,0.07612042,0.00023493197,0.1589362
0.10344896,0.12712848,0.00066790124,0.13840757
0.06512918,0.09336737,0.00026660046,0.13022305
0.07625918,0.094549276,0.0003452614,0.15636033
0.057366543,0.060272533,0.00014840922,0.21985246
0.102790855,0.109076,0.00040191357,0.18756154
0.06506688,0.09044139,0.00022774133,0.15836072
0.07906715,0.10875975,0.0004376434,0.15234295
0.04738716,0.054831926,0.0001355228,0.22826625
0.098810785,0.098062396,0.00039765294,0.21948166
0.10445478,0.16173239,0.00068652537,0.10517229
0.07666159,0.17042752,0.00071101205,0.06358692
0.18947034,0.6198671,0.038197268,0.008182578
0.037648212,0.42291537,0.00025345664,0.006349688
0.08137527,0.30463624,0.00072555995,0.014939858
0.0831907,0.20707083,0.0008167774,0.028058413
0.05169835,0.061795104,7.800066e-05,0.13062853
0.071248196,0.050175827,9.469408e-05,0.25792122
0.07121751,0.051084895,6.566886e-05,0.2976728
0.08460381,0.08045841,0.00013643476,0.25876394
0.08717021,0.13586223,0.0003927201,0.15012798
0.06976743,0.15039405,0.00064515654,0.09532357
0.051922075,0.08801706,0.00033712096,0.14206746
0.049243685,0.04130706,0.00013252052,0.29871503
0.06911285,0.039132454,7.298676e-05,0.38330576
0.071853064,0.05092965,7.145115e-05,0.36958095
0.052847363,0.052591324,7.856161e-05,0.34928283
0.049003594,0.05367552,0.00012027227,0.35307348
0.06786805,0.07763799,0.0003082272,0.30929643
0.05834761,0.07034473,0.00028457644,0.28398356
0.041947007,0.040189873,0.0001257686,0.3616524
0.06882689,0.05671671,0.00020593226,0.36770985
0.04413111,0.03742075,9.408108e-05,0.39077017
0.06945201,0.061028313,0.00019213688,0.36910307
0.03254566,0.02964077,6.644459e-05,0.4118821
0.0736031,0.062612884,0.0002370801,0.38290992
0.14904954,0.2560589,0.002532981,0.114798106
0.025037937,0.08223301,0.00021570588,0.100366645
0.060166635,0.077325135,0.0007501138,0.20592548
0.062044367,0.050159402,0.0002633813,0.284245
0.06606309,0.039666723,8.6592394e-05,0.3677534
0.08246412,0.06633884,0.00013013255,0.32980302
0.114295594,0.18009624,0.00074988476,0.14021261
0.054758873,0.15153623,0.0005989034,0.074339494
0.0651423,0.12862769,0.0007819071,0.09613183
0.06504198,0.083044276,0.0004246515,0.14897567
0.056076713,0.04287772,0.00011122711,0.2796854
0.10284243,0.08077351,0.00019442805,0.26625276
0.09142677,0.12343271,0.00033238222,0.15393326
0.04652685,0.075468995,0.0001810616,0.17323886
0.079359,0.10337059,0.0005663838,0.18011631
0.061577063,0.07178683,0.00025455313,0.20260964
0.19313897,0.34040627,0.0043120272,0.052270263
0.08395487,0.4757204,0.00458634,0.006716969
0.046953224,0.24307413,0.00017783708,0.020475762
0.05972964,0.09901155,0.00024690563,0.08964866
0.057733364,0.0427946,0.000108484535,0.23699833
0.07609822,0.042809796,5.25765e-05,0.3285389
0.110952124,0.10545788,0.00018410601,0.23014122
0.09890525,0.20973814,0.0008426959,0.07739149
0.055881202,0.16790685,0.0006355245,0.05728713
0.079810224,0.16488545,0.0012257486,0.067194335
0.040568803,0.044353556,0.00010581982,0.20685643
0.06550103,0.03442723,6.573809e-05,0.370256
0.08415502,0.05387758,6.803075e-05,0.3572449
0.060073674,0.058841176,7.7355115e-05,0.32030395
0.072153114,0.098402366,0.00026661926,0.24328654
0.06540632,0.113738686,0.0005135442,0.17308803
0.051207904,0.07478782,0.00035588123,0.20831577
0.071330495,0.073677704,0.00036797137,0.24884063
0.07605664,0.075624645,0.00026437096,0.245895
0.066145286,0.069579825,0.00019634137,0.25199735
0.06503371,0.069227085,0.00020800551,0.26238963
0.070049964,0.07698133,0.0002549933,0.25246125
0.04765206,0.04778722,0.00012129421,0.31280532
0.07822438,0.071531825,0.00023378893,0.3094031
0.0527333,0.05473352,0.00013526027,0.30917022
0.06250561,0.06223731,0.00019274068,0.31961012
0.04601647,0.04341432,0.00011712579,0.35898894
0.079749525,0.075452425,0.00028398974,0.3224606
0.048586402,0.054262552,0.00015684128,0.31297377
0.07558677,0.08323455,0.00036856625,0.28157276
0.06505563,0.08617756,0.00039086488,0.2267157
0.06720181,0.08782422,0.00044778286,0.2115496
0.08879647,0.1269788,0.0008218358,0.1495378
0.0716039,0.11633974,0.0005883669,0.119381495
0.049873043,0.05954447,0.00019826942,0.20618436
0.06419487,0.049732566,0.00016182338,0.3055441
0.07628597,0.05677848,0.00012773393,0.32087532
0.083554626,0.08542675,0.0001994024,0.2568402
0.11815304,0.21966746,0.0012729141,0.09216859
0.08065972,0.27662832,0.0018484603,0.029105544
0.093529314,0.33061287,0.0022147382,0.018043663
0.0816014,0.2721499,0.00094890106,0.01899221
0.08045297,0.18371074,0.00050933345,0.03565438
0.09848682,0.17901854,0.00074469275,0.044328615
0.087935485,0.1632517,0.0005713326,0.047602173
0.07827794,0.13050199,0.00041056864,0.067366965
0.08053286,0.115145214,0.0004028827,0.09062094
0.07764095,0.10033968,0.00031342253,0.114121005
0.07559448,0.08987034,0.00025252326,0.14179407
0.07911978,0.09367089,0.00026902749,0.15227494
0.07405363,0.09065911,0.00024918045,0.15946132
0.0600615,0.066079706,0.00015490616,0.21242367
0.06597436,0.060754646,0.0001458151,0.2685049
0.058082156,0.048315667,8.863414e-05,0.32424268
0.0852712,0.08220387,0.00019774938,0.28339574
0.07532916,0.10928733,0.00032850134,0.18940887
0.07173784,0.12902817,0.00061296474,0.13417076
0.038087953,0.051942054,0.00016118455,0.23291296
0.050171517,0.032530185,9.817642e-05,0.38962767
0.07759942,0.047086883,9.551634e-05,0.39647233
0.044193383,0.034248542,4.4408782e-05,0.40841958
0.062382113,0.05934928,0.000133026,0.37417874
0.044276185,0.049756292,0.00013032413,0.3596632
0.053285494,0.05176725,0.00019128286,0.3724768
0.053621795,0.048798304,0.00018358996,0.37519917
0.06495901,0.060936235,0.00023303025,0.34973967
0.051756453,0.053262345,0.00018307187,0.34241462
0.045439392,0.04083468,0.00013661076,0.38443708
0.058676805,0.048578937,0.00017595624,0.38698983
0.079425566,0.08311838,0.0003548559,0.302515
0.04532506,0.056953322,0.00019654709,0.29408067
0.0563935,0.058372732,0.000274604,0.32409772
0.07775845,0.08305158,0.0004391954,0.27338898
0.054191638,0.061717317,0.0002312563,0.27378547
0.055150345,0.053625513,0.00019768818,0.3194356
0.077807665,0.078026466,0.00032627373,0.2848263
0.04261328,0.042611897,0.00011399397,0.33202305
0.09619787,0.098719366,0.00045326573,0.27279678
0.06384892,0.09486868,0.0003724169,0.18940374
0.053509254,0.07163067,0.00030114336,0.22261763
0.049046792,0.04588708,0.0001693633,0.3158775
0.07209513,0.054230437,0.00017441275,0.34699455
0.048348192,0.037327055,7.2153525e-05,0.38368076
0.06057557,0.049427427,0.000112796966,0.3851013
0.056235958,0.057077393,0.00015266403,0.3497416
0.06523315,0.07613312,0.00029123147,0.29865193
0.06639499,0.0894646,0.000456815,0.23929319
0.05634109,0.073102325,0.00037672592,0.24058583
0.05206459,0.051021148,0.000220385,0.30764744
0.08156699,0.07307122,0.00030772248,0.2965006
0.061758164,0.065041855,0.00019763375,0.27674183
0.068878986,0.07708966,0.0002805386,0.26048884
0.05512724,0.06302534,0.00021482536,0.2708297
0.072216764,0.07677907,0.0003196006,0.26498616
0.05234123,0.053788804,0.00016490636,0.296288
0.08228872,0.08332871,0.00033251595,0.27082008
0.047207568,0.051612563,0.00013916519,0.29384643
0.08773079,0.093707636,0.0004154131,0.2570837
0.04641905,0.055785146,0.00016179164,0.26823014
0.05471771,0.047901265,0.00015571737,0.34397298
0.06435867,0.05393577,0.0001604002,0.35049626
0.08938382,0.09786823,0.00035990463,0.25874218
0.042901613,0.058857862,0.000163776,0.25937778
0.09710146,0.12886696,0.0009075874,0.19285764
0.06643347,0.113547936,0.00060657924,0.1297095
0.057991635,0.07704062,0.0003323249,0.18126178
0.06549758,0.06372263,0.0002580715,0.24516915
0.065754615,0.052936327,0.00014629871,0.29976737
0.05882435,0.044049885,8.25917e-05,0.35166734
0.08015504,0.07452746,0.00017717958,0.3077761
0.04601867,0.05322674,0.00011336079,0.30776194
0.058861084,0.06039615,0.00020296795,0.32774764
0.061079565,0.062343586,0.00022439784,0.31643087
0.059216328,0.059400037,0.00020286538,0.3195598
0.051492676,0.048627503,0.00015340155,0.34916976
0.102574036,0.117083706,0.0006126864,0.24245718
0.043798942,0.06642612,0.00022083419,0.22047547
0.08615352,0.111402474,0.00077281456,0.1960959
0.05463452,0.07302665,0.00031240916,0.19848874
0.06965067,0.070112705,0.0003096528,0.24672797
0.053875033,0.046233237,0.00012367219,0.31371817
0.07514599,0.06064069,0.0001604552,0.3273391
0.06743567,0.06950574,0.00017121068,0.28722253
0.059030354,0.06921784,0.00020046993,0.2745559
0.08234143,0.11002692,0.0005376304,0.20525034
0.053471435,0.0759889,0.00029510696,0.20323232
0.07408246,0.08627457,0.00043082834,0.21602628
0.052196875,0.0525412,0.00016090123,0.27363384
0.05019074,0.035252452,8.0847705e-05,0.3805054
0.048843794,0.029550465,4.913499e-05,0.4342634
0.062088173,0.046403993,8.999579e-05,0.4092075
0.085946575,0.10976967,0.00035997597,0.2618044
0.062077347,0.12609121,0.0006284799,0.15062815
0.06794859,0.1351544,0.0011764172,0.1171903
0.044143733,0.057665862,0.00027001437,0.20681028
0.26243636,0.5031161,0.018277297,0.030558545
0.013512718,0.10206282,2.9184188e-05,0.02744933
0.08540358,0.12962063,0.0011819332,0.104544975
0.05456266,0.05442332,0.00018696049,0.181423
0.07396061,0.04648145,8.698188e-05,0.2993939
0.09929366,0.08769016,0.00016001082,0.24495165
0.06274072,0.08469407,0.00016823068,0.19723406
0.09438833,0.15907085,0.00082835474,0.12069252
0.04386406,0.07773896,0.00022005313,0.14781214
0.059111428,0.056183442,0.0002255997,0.2646349
0.06200611,0.04271161,9.528956e-05,0.3445946
0.06569498,0.045190915,7.137201e-05,0.37391633
0.107152306,0.12535034,0.0003548371,0.23118815
0.04942827,0.09896556,0.00027063917,0.15625918
0.056706596,0.08938454,0.0005031624,0.1883095
0.05232242,0.05366173,0.00025334882,0.27196562
0.07125799,0.051407646,0.00016203508,0.33555242
0.06843303,0.05486542,0.00011372256,0.3374669
0.08204104,0.09225539,0.0002614746,0.25892797
0.08859516,0.15732592,0.00079100335,0.12929879
0.045804273,0.090454295,0.0003426361,0.13738637
0.055704385,0.061836053,0.0003207161,0.23841038
0.061899964,0.043121025,0.00013020226,0.3373686
0.06390953,0.040697973,7.0586764e-05,0.38260755
0.078293815,0.06987672,0.0001406912,0.32813415
0.048625104,0.059842423,0.0001256224,0.30075103
0.057613946,0.067824624,0.00025180544,0.3024164
0.072731964,0.08703152,0.00044201274,0.25525218
0.054797,0.06373802,0.0002481722,0.26681027
0.05296009,0.048993703,0.00016739471,0.3309427
0.058657974,0.04728867,0.00014129745,0.36450616
0.0916924,0.09320112,0.00034214748,0.27911928
0.05861318,0.0863416,0.00029259146,0.21118796
0.047833685,0.06089765,0.0002511921,0.2620816
0.067591935,0.0657636,0.00031463825,0.2905804
0.057970338,0.05038527,0.00015620653,0.32496756
0.06213163,0.05197724,0.00013654692,0.3477304
0.06141796,0.05831985,0.00015646721,0.3339875
0.05704011,0.059066717,0.00017427349,0.32448438
0.051798448,0.052035257,0.00016544448,0.3416081
0.059479013,0.055878602,0.00020031857,0.34665897
0.05791461,0.054930378,0.0001856208,0.34356266
0.0670344,0.06944098,0.0002621275,0.3106245
0.043446764,0.044717122,0.00013963103,0.3448878
0.061073393,0.053410396,0.00020383709,0.36292174
0.033944234,0.025115129,6.0138525e-05,0.43142906
0.04396217,0.02550314,5.7564357e-05,0.46598712
0.03515977,0.022174895,4.5980778e-05,0.47184062
0.058041357,0.045838747,0.00013229642,0.42720693
0.06650285,0.07818811,0.00032059138,0.322035
0.057207018,0.08153701,0.00045024382,0.25988522
0.101608336,0.16913287,0.0019427385,0.13496141
0.09020817,0.22544323,0.0023044592,0.04939672
0.042456135,0.08967597,0.00021309564,0.097318344
0.087222695,0.10399152,0.00072374276,0.1447084
0.11073461,0.1513617,0.00082661404,0.08771782
0.09524386,0.1868101,0.000785641,0.050741114
0.056480587,0.105057664,0.00024954998,0.08317668
0.061056092,0.06452896,0.00021150173,0.18453348
0.06175267,0.04333757,8.86543e-05,0.29563013
0.07159327,0.047485925,6.670608e-05,0.34261364
0.07136542,0.06461341,0.00010004813,0.31168562
0.08120879,0.1131526,0.00031323504,0.20753463
0.044710863,0.07474658,0.0002181369,0.20680034
0.074735105,0.09748883,0.000598236,0.20834184
0.052798234,0.05769805,0.00020985077,0.25423282
0.09864191,0.10087426,0.00043589936,0.2245769
0.054453466,0.06854859,0.00017532286,0.21754842
0.069743164,0.077435,0.00028786837,0.24092364
0.05019175,0.04938245,0.00012956836,0.2989385
0.07605847,0.066312075,0.0002005859,0.3115306
0.046096273,0.041778173,8.276978e-05,0.3508641
0.097455695,0.102373645,0.0003737412,0.27414143
0.07631273,0.13456205,0.0005918974,0.14296465
0.049804296,0.088360734,0.00037844037,0.15868989
0.04277349,0.041707866,0.00016624483,0.30266902
0.083099306,0.056990482,0.00019633939,0.34385154
0.05298045,0.039368346,6.6312256e-05,0.371123
0.08685674,0.08365255,0.00021418619,0.30749476
0.047954287,0.066689774,0.00016606538,0.26406127
0.07101721,0.09384242,0.0004908057,0.23683514
0.041913077,0.047597855,0.00017704608,0.29629996
0.12263713,0.13548625,0.0008886951,0.20906562
0.216417,0.5970994,0.023076922,0.013621586
0.01528119,0.17792286,3.604465e-05,0.015913866
0.08256716,0.16135484,0.0011917547,0.06560993
0.066340365,0.08103449,0.000373672,0.112953715
0.094956264,0.08664784,0.0002290995,0.15648898
0.109382115,0.15332387,0.0005321687,0.09248752
0.062655285,0.11384714,0.0002899372,0.08788665
0.107560806,0.19237868,0.0012850906,0.06366907
0.06319538,0.12338269,0.00034335506,0.06940399
0.088019595,0.12817721,0.00056851003,0.091903314
0.08215346,0.118987426,0.00041174356,0.09304168
0.11306996,0.19836761,0.0011515433,0.056424357
0.0719035,0.15917434,0.0004953033,0.049341273
0.07270818,0.11794808,0.00040608094,0.08439775
0.056475263,0.058485806,0.00014122392,0.18417954
0.08512047,0.0692883,0.00016785169,0.23433506
0.08001837,0.08019493,0.00015201716,0.21354757
0.073116854,0.09167138,0.00021923667,0.19000094
0.07884154,0.117613845,0.00042091485,0.14789736
0.06486735,0.09952638,0.0003533779,0.14536986
0.07064351,0.090010755,0.00035307827,0.17014249
0.06719457,0.072217315,0.00021906423,0.21160406
0.0626522,0.056391988,0.00013097291,0.27373198
0.067364395,0.057555653,0.000121944715,0.30482504
0.065874174,0.06214746,0.00012830572,0.30432415
0.06338827,0.06865592,0.00016445128,0.28875566
0.079089195,0.10400958,0.00039227644,0.21939391
0.05333665,0.07706364,0.00027097465,0.21340232
0.07525467,0.09346013,0.0004773377,0.21025388
0.042615253,0.04244487,0.00011575055,0.3020174
0.06933917,0.05035808,0.00014124223,0.36099133
0.07806273,0.07189976,0.00018268099,0.30740023
0.038844343,0.039548926,7.20845e-05,0.35340106
0.093273,0.101532854,0.00043479883,0.28260338
0.06791398,0.10889864,0.00048176566,0.17581207
0.051723097,0.0765291,0.00032936703,0.20285831
0.07029094,0.08143176,0.0004520088,0.22425668
0.05719166,0.053716708,0.00018573173,0.28012723
0.08018474,0.06965878,0.00021680494,0.28779003
0.06292975,0.065148674,0.00016190206,0.27432135
0.06313469,0.06806435,0.00020028448,0.2770933
0.066829436,0.07604097,0.00026126317,0.258865
0.07265195,0.089125745,0.00035671316,0.22378622
0.060175553,0.0753025,0.00027808204,0.22529937
0.05630979,0.05820189,0.0002033034,0.27846277
0.102932625,0.114613526,0.0005500935,0.20813732
0.04370687,0.056510165,0.00013630661,0.23140895
0.15572745,0.23844835,0.002347396,0.10093885
0.030261219,0.07515387,0.00013003495,0.10106302
0.15043394,0.27073064,0.0046757073,0.057874918
0.107881255,0.42338207,0.004839037,0.010132445
0.05986727,0.2705473,0.00033022385,0.016349675
0.058115896,0.108249284,0.00019701738,0.072998814
0.059804045,0.050139245,0.00012712706,0.20562197
0.0689715,0.041222665,5.654924e-05,0.31206053
0.07886952,0.057407778,7.010167e-05,0.31644064
0.091879554,0.11395098,0.00024586797,0.2053924
0.04625295,0.08048006,0.0001765584,0.18708745
0.07079096,0.10070499,0.0005439281,0.19272465
0.06432595,0.07933685,0.00034427206,0.2031796
0.08578937,0.09702083,0.00039299554,0.19244637
0.05901706,0.06986192,0.00018543629,0.21241564
0.061713416,0.06040644,0.00017465046,0.2714992
0.06726637,0.06097583,0.00015865047,0.29543325
0.08393699,0.08948818,0.00026174408,0.24567448
0.05234434,0.06625101,0.0001624204,0.2461181
0.07199112,0.084984936,0.0003402296,0.24274427
0.08009529,0.10693026,0.00048074595,0.18464366
0.046881504,0.057857532,0.00016905706,0.24046227
0.07306779,0.06897586,0.00027188117,0.2804325
0.058027703,0.05193266,0.00013452445,0.3116465
0.109950915,0.12291394,0.00047575074,0.21697624
0.03723822,0.05556015,0.0001156139,0.23069666
0.07417504,0.080662176,0.00039885897,0.26097566
0.05385985,0.05450486,0.0001740661,0.28754076
0.08589387,0.08272608,0.00029984736,0.2701334
0.04624377,0.050152384,0.00011617407,0.29573005
0.08306518,0.08658883,0.000345393,0.27149525
0.06214654,0.07906336,0.00026997467,0.22862647
0.058479197,0.06781884,0.00024708596,0.25537312
0.19209017,0.3530413,0.0053808047,0.05899889
0.020533558,0.08226418,7.612573e-05,0.06278732
0.06418998,0.07281018,0.0004933253,0.20123622
0.05626948,0.03835654,0.00011317157,0.31239477
0.05656309,0.026696742,3.1681237e-05,0.423375
0.0689247,0.04551542,5.7645648e-05,0.40580085
0.051526986,0.05351391,8.100605e-05,0.35855845
0.08142785,0.118393436,0.00046171647,0.23819026
0.04628116,0.08212813,0.0003791185,0.20449571
0.062826686,0.07799127,0.000525957,0.23756811
0.068161994,0.07086744,0.00035266558,0.2520876
0.0743154,0.07409429,0.00028009366,0.25318557
0.14005215,0.21829452,0.0015644643,0.09926806
0.035850767,0.0868269,0.00017771564,0.09787248
0.079721875,0.10700417,0.00076554343,0.14797477
0.051910155,0.050054885,0.00014928791,0.23387754
0.08113564,0.058749087,0.00014416159,0.29756448
0.06800462,0.059996225,0.000104444,0.2924095
0.062083982,0.06321643,0.00013070485,0.29352558
0.085581005,0.11115762,0.0003970128,0.2111992
0.047551725,0.0705285,0.00021042081,0.2145001
0.08485186,0.107711114,0.00062040857,0.19550465
0.047269,0.054533135,0.00016245399,0.24698035
0.11474663,0.12939416,0.0007048445,0.18741618
0.04421273,0.062610276,0.00014397461,0.1952038
0.06630721,0.06579327,0.0002501669,0.2662941
0.06357722,0.058129016,0.00016160555,0.2905731
0.08913406,0.09126703,0.00029311818,0.24528255
0.058056735,0.07601002,0.00020482602,0.21987256
0.20746551,0.44224447,0.009340411,0.037227307
0.032727968,0.23482907,0.00031302782,0.014555008
0.10805173,0.29432705,0.0022569515,0.025108196
0.05984572,0.13905822,0.0003366229,0.04467733
0.058635563,0.05685332,0.000114995106,0.17319071
0.113648854,0.107478596,0.00033413805,0.15987852
0.055187754,0.06444257,0.000100487305,0.17917754
0.07441377,0.07748701,0.00020856825,0.21791585
0.060150243,0.062096346,0.0001292832,0.24874976
0.085299134,0.09145802,0.0002701306,0.22682403
0.062498216,0.0805663,0.00020544321,0.20699637
0.05666044,0.064710446,0.00018804827,0.25360397
0.089179285,0.10196512,0.00042069404,0.21379416
0.06980615,0.096716054,0.00032384036,0.17241462
0.059164893,0.07561788,0.00024649483,0.20454799
0.053706624,0.051657446,0.00015235359,0.28838506
0.062281355,0.046554483,0.00011300395,0.3517686
0.069278836,0.05639751,0.00011854351,0.34632897
0.065659225,0.070161834,0.00016583818,0.30219173
0.05167647,0.062428657,0.00017777672,0.29810157
0.07054414,0.08375954,0.00038374233,0.26809245
0.05741031,0.06853497,0.00028237104,0.26410714
0.05865625,0.058337618,0.00022017486,0.30438694
0.23276423,0.4268482,0.007828663,0.053385153
0.044301018,0.33790252,0.0010695957,0.009085189
0.06642233,0.23027468,0.0004924397,0.028969131
0.06905777,0.12640737,0.0004912731,0.06616144
0.055161398,0.047981974,0.00011395828,0.19960202
0.09154404,0.064703345,0.00012852646,0.25280508
0.09678064,0.106076404,0.00022720019,0.17698383
0.072978586,0.1194979,0.00034230997,0.124727376
0.09689071,0.19606638,0.0012518254,0.06972654
0.061860815,0.13478108,0.00048430657,0.06981856
0.06046869,0.07687331,0.00026929507,0.15095326
0.053036865,0.03806774,8.466019e-05,0.30229807
0.08302506,0.052204628,8.4966014e-05,0.3427458
0.06475596,0.055970263,7.5385724e-05,0.32302737
0.07139486,0.08533318,0.00019245956,0.2647333
0.08392867,0.1450722,0.0006663116,0.15030259
0.053743955,0.105042234,0.00046978507,0.1340612
0.064925514,0.0862992,0.0004747072,0.17994906
0.086229764,0.09799003,0.00047881814,0.17563619
0.050382704,0.04940387,0.00010905128,0.2554203
0.07244131,0.057990905,0.00014553567,0.31017712
0.06879191,0.06315831,0.00013299094,0.29871342
0.09579174,0.12302819,0.00042164847,0.19637826
0.052502334,0.09122875,0.0002786072,0.16402058
0.0638872,0.08673251,0.0004352945,0.1952824
0.051865205,0.050091863,0.00017157954,0.28079793
0.066865884,0.047898952,0.00012425228,0.34826422
0.07121488,0.058411308,0.00012237125,0.33577487
0.0869311,0.10604211,0.00032311023,0.23249084
0.064658515,0.11504539,0.00046658196,0.15426122
0.063461766,0.105887614,0.00060173444,0.14945044
0.048878744,0.05440425,0.00021836175,0.2426545
0.073252656,0.055990785,0.0001921978,0.3101598
0.065712385,0.051883996,0.00010890648,0.32793933
0.06510438,0.059070967,0.00012466965,0.3242183
0.07374669,0.08737697,0.00026125571,0.25877672
0.04712573,0.0610625,0.00018232633,0.26956207
0.06891915,0.07508017,0.00034549597,0.27676323
0.046252143,0.043461483,0.00013192372,0.33468258
0.06598854,0.051613193,0.00015447958,0.3656581
0.054441955,0.047356706,0.000115100585,0.36583456
0.061879903,0.05923543,0.00016994511,0.34709257
0.05731728,0.0632274,0.00021243017,0.3186609
0.070267044,0.0842256,0.000400355,0.2686026
0.055628616,0.06887506,0.00030693572,0.26069522
0.056992736,0.058672402,0.00025585672,0.29858857
0.06617451,0.061889198,0.0002444775,0.30871814
0.06283377,0.06023396,0.00019797917,0.30885166
0.121802844,0.16776776,0.0010191882,0.15862927
0.04219972,0.088140905,0.00027798978,0.12926756
0.06851123,0.08984393,0.0005708495,0.18154608
0.08168433,0.0951383,0.0005007828,0.1715566
0.06500136,0.06864748,0.00020871585,0.20829117
0.070839785,0.068483315,0.00019740028,0.2433044
0.06524332,0.06297834,0.00015759202,0.26593643
0.08019925,0.08529771,0.00025707402,0.23814434
0.0461594,0.05047541,0.000110121706,0.28482834
0.06697071,0.061337803,0.00018941681,0.31806067
0.06917859,0.070238255,0.00020990508,0.2885255
0.04176091,0.039615445,8.5700834e-05,0.3537885
0.07706255,0.07097496,0.00024288663,0.33322737
0.04675463,0.048845325,0.00012996876,0.33398053
0.0711738,0.07186451,0.0002714157,0.31557822
0.060829848,0.072952546,0.0002829206,0.2732829
0.05384588,0.059714228,0.00023696145,0.29616445
0.064355075,0.06417291,0.00027209922,0.30475736
0.072432294,0.07674052,0.00032216555,0.2722212
0.05421129,0.059129056,0.00020199413,0.28645837
0.08464702,0.095839694,0.00047066342,0.24057393
0.05822776,0.07599633,0.00030074257,0.21950631
0.07805018,0.09472703,0.0004918722,0.20629416
0.051909573,0.05885739,0.00020023732,0.2468746
0.05539255,0.044166606,0.00013115641,0.34073275
0.049990267,0.032615904,6.370637e-05,0.40930322
0.07466368,0.05752935,0.00012971381,0.3779429
0.057923928,0.06599054,0.00015724155,0.31367093
0.052332,0.065161176,0.00022381094,0.3023318
0.060945135,0.07084003,0.0003522855,0.29068425
0.0618517,0.066345274,0.0003137912,0.28782588
0.095926814,0.118617736,0.0006979003,0.20133981
0.051662076,0.07763107,0.00030304512,0.18724374
0.056351822,0.060212687,0.00027219855,0.26244608
0.06961886,0.06072093,0.0002287876,0.29489544
0.08436057,0.08263737,0.00027797685,0.2553308
0.05204677,0.058385067,0.00014653934,0.26995465
0.10266851,0.1309346,0.0006948665,0.187721
0.038413387,0.055983305,0.00014798688,0.21782464
0.081668615,0.084273905,0.00044077446,0.24702917
0.056235354,0.05690258,0.00016700116,0.2686006
0.087119564,0.0870479,0.0003129644,0.2497838
0.037321378,0.037583783,7.235748e-05,0.32511878
0.072890885,0.059200156,0.00018129403,0.35305518
0.046768356,0.04076278,8.7038425e-05,0.37076184
0.056963984,0.046982497,0.00011311853,0.3877769
0.0461923,0.041091606,0.000100032405,0.39523596
0.07787759,0.07993574,0.00031262098,0.3256677
0.0488938,0.062242392,0.00022594053,0.2928379
0.050738312,0.052528273,0.000233145,0.33527866
0.040561058,0.030732268,0.00010195663,0.41238156
0.056675926,0.036099892,0.00010363889,0.43355492
0.046254158,0.034400452,8.068181e-05,0.42895252
0.06694364,0.06333982,0.00020520684,0.36938524
0.049503483,0.059148487,0.00021886811,0.32802445
0.050572954,0.05293863,0.00025073584,0.34658548
0.04040712,0.031827606,0.00011864634,0.41200295
0.085385874,0.069614135,0.00030479283,0.36230132
0.053099662,0.06126141,0.00020691134,0.30624452
0.13315007,0.21821271,0.0021396729,0.1262599
0.04092086,0.11786769,0.0004856258,0.078293346
0.07520331,0.12021945,0.0009474921,0.11620615
0.044893805,0.044171404,0.00014737365,0.23976085
0.05394445,0.027455293,5.524572e-05,0.403138
0.05140484,0.02447004,2.6494894e-05,0.45318547
0.060009576,0.042096745,5.8761394e-05,0.42377704
0.069738686,0.086869985,0.0002016837,0.3028634
0.062424757,0.11305012,0.00050810707,0.19831292
0.067074895,0.12516387,0.0010892336,0.14588434
0.045889013,0.06095688,0.00032608514,0.21591595
0.08006486,0.07089402,0.00036632712,0.26463827
0.050056566,0.039335206,8.8951834e-05,0.33717903
0.14103769,0.15359022,0.0006734093,0.20318356
0.02686682,0.046808753,7.426182e-05,0.21759942
0.065091245,0.065159366,0.00034166497,0.30153763
0.058259834,0.050721668,0.00017128723,0.32523835
0.060237784,0.045141257,0.000105908235,0.37040156
0.09410919,0.10092803,0.00033182686,0.26881048
0.06169691,0.10273624,0.0003684314,0.17842954
0.060341254,0.095996656,0.0005053959,0.17569947
0.107915305,0.17798272,0.0016896261,0.09959158
0.09435781,0.21726482,0.0014681806,0.044464335
0.051378477,0.10237321,0.00021692237,0.08297276
0.06349731,0.066012345,0.00024809135,0.1888775
0.052108075,0.033089064,6.229901e-05,0.33202216
0.070221104,0.038661674,4.7559828e-05,0.39253488
0.051223945,0.0370671,3.9711318e-05,0.40270227
0.066922866,0.06786421,0.00012906484,0.3457053
0.09154096,0.15468317,0.0006981867,0.17493393
0.050216775,0.11607439,0.0005934755,0.12466443
0.052793115,0.07629631,0.0004842222,0.19168699
0.06518869,0.05833236,0.00029196154,0.2699149
0.07775921,0.060800247,0.0001794545,0.2966767
0.07923104,0.07771875,0.00019477842,0.26043946
0.048887562,0.054275017,0.000118352895,0.2873324
0.0834841,0.09497683,0.00038277588,0.24741755
0.042146407,0.048932128,0.00012813302,0.28843355
0.07384817,0.068413585,0.0002588542,0.3105768
0.07152641,0.07922391,0.00027095454,0.2601299
0.09017393,0.12773453,0.0006111785,0.16989875
0.04743463,0.07671515,0.0002652615,0.17771594
0.06074186,0.06516284,0.00031610648,0.25227624
0.053491812,0.040597502,0.00011901379,0.34360436
0.08614328,0.0641096,0.00016112953,0.33762693
0.049144194,0.04787025,8.459506e-05,0.3353902
0.052492008,0.049853947,0.00012177749,0.36185217
0.056651257,0.05510883,0.00016888889,0.35352066
0.07583085,0.08356608,0.0003401339,0.28904298
0.08653996,0.13518426,0.000771995,0.16576567
0.046290293,0.08036912,0.00034588296,0.17059395
0.06287674,0.070523106,0.0004064452,0.234658
0.17860371,0.2814857,0.0034476486,0.071980745
0.032417852,0.09636167,0.00012972586,0.06449008
0.08162097,0.114213765,0.00078316306,0.12501958
0.05706371,0.058924325,0.00018427313,0.19230582
0.10750032,0.100934334,0.00035131845,0.18618889
0.05549597,0.065042734,0.00011676731,0.19830032
0.05655294,0.052687712,0.00012495513,0.2870832
0.07955104,0.07366516,0.00019590557,0.2777796
0.06390778,0.06900534,0.00015965906,0.26254836
0.07582047,0.093736514,0.00031228032,0.22325465
0.07053507,0.103709035,0.00041347605,0.17528488
0.052520424,0.06847596,0.00024212996,0.2165901
0.07536835,0.0782465,0.00033479056,0.23964389
0.06077813,0.059693847,0.00016720622,0.2683493
0.07304931,0.06983095,0.0002006486,0.27703872
0.049337137,0.0476034,0.00010297403,0.3198411
0.103701785,0.116105266,0.0004760168,0.23457737
0.06258655,0.10696439,0.00038015668,0.1521034
0.08083115,0.13916545,0.0008750301,0.11913316
0.06357348,0.104656905,0.0004911226,0.121753484
0.056107294,0.059371285,0.00021304404,0.21731895
0.07672659,0.061325926,0.00018361407,0.27443448
0.064078346,0.050990693,9.258303e-05,0.3106184
0.09009461,0.09220745,0.00023430861,0.2513581
0.07750477,0.12397104,0.0004163399,0.15204945
0.05195596,0.08769653,0.00031321513,0.16267139
0.059286892,0.06742557,0.00030381163,0.23185056
0.06625209,0.056024186,0.00018387698,0.289684
0.06836597,0.054897245,0.00012251451,0.31812638
0.06950323,0.066205114,0.00014873622,0.30045357
0.06753157,0.08046723,0.0002280507,0.25619835
0.04607794,0.054090388,0.000151519,0.2937045
0.07034158,0.070328824,0.00028526643,0.30038124
0.04988881,0.04725498,0.00013495726,0.33345464
0.05588871,0.044925865,0.000119214325,0.37718508
0.055503525,0.046782892,0.00011907085,0.38033643
0.079847224,0.08538764,0.000305417,0.29976583
0.06889936,0.10610765,0.00047660948,0.19916779
0.060502704,0.09839691,0.0005618293,0.17459936
0.047858156,0.056046225,0.00026179652,0.2526285
0.05762442,0.042022195,0.00014937771,0.35373223
0.07836907,0.05726683,0.00014866026,0.34979346
0.070598505,0.072901696,0.00017675507,0.2899998
0.0497024,0.060424443,0.00016314322,0.29012796
0.0783041,0.097240195,0.0004921931,0.24068716
0.038103487,0.042575587,0.00013349451,0.30844948
0.07202514,0.058434546,0.00022640431,0.3466509
0.0416636,0.03270849,7.1674e-05,0.39521718
0.057019785,0.04053834,9.421532e-05,0.41717795
0.06884789,0.06763971,0.00020176555,0.34542382
0.046634987,0.05500779,0.00016302401,0.328105
0.06512849,0.07389767,0.0003674788,0.30419052
0.04372119,0.04453398,0.00017679558,0.34249613
0.067308836,0.05691095,0.00023671633,0.35552654
0.052795917,0.04805743,0.00015087872,0.35683113
0.053216718,0.046531916,0.00014258522,0.37522456
0.13293974,0.17969505,0.0012353731,0.18147004
0.09431351,0.2884873,0.0026891297,0.03641118
0.053935084,0.19404237,0.00055147253,0.036469415
0.09660377,0.21447855,0.0016502514,0.04156055
0.1289162,0.3419791,0.0037944396,0.01710893
0.038490795,0.10002458,7.070882e-05,0.055802304
0.07965143,0.087970726,0.00036081157,0.14418302
0.06624814,0.058811836,0.00013656994,0.2027005
0.06789682,0.050615694,8.289241e-05,0.28198534
0.067008,0.054886304,8.17109e-05,0.30871373
0.061858125,0.05950719,0.00010150732,0.3101812
0.06628101,0.07558744,0.00018180055,0.2790624
0.05012297,0.05957809,0.00015548043,0.2936937
0.05496787,0.054384872,0.00017334543,0.33306342
0.10679774,0.12741305,0.00063842663,0.2188793
0.07523259,0.14849442,0.00073054986,0.10765554
0.052585587,0.098841056,0.00044473042,0.12901835
0.09354258,0.13798477,0.0011883674,0.11627244
0.050569624,0.06078481,0.00018168525,0.18128076
0.08025402,0.06791487,0.00021834987,0.24895187
0.06301295,0.054847814,0.0001050932,0.28063655
0.11203279,0.12950772,0.00044408874,0.18857338
0.050132785,0.0860276,0.00020359292,0.15636683
0.06747416,0.090078175,0.000428389,0.19072036
0.08893534,0.116367176,0.00061892124,0.15228859
0.048990678,0.0569564,0.0001410037,0.21808098
0.11274282,0.12554477,0.0005955128,0.1777832
0.050080907,0.06984739,0.0001571768,0.17685704
0.0884395,0.10629602,0.00049008115,0.1785305
0.07915493,0.11467032,0.00043731896,0.1319898
0.1118926,0.20579952,0.0013870415,0.06652975
0.037697908,0.07003831,0.00011463346,0.12113371
0.09376776,0.10655074,0.0006351733,0.1602506
0.06701478,0.07519226,0.00019918907,0.1698965
0.082566835,0.08771975,0.00025431238,0.18642871
0.06442557,0.07411183,0.00017837166,0.20126459
0.07967658,0.09140317,0.00030140023,0.1968759
0.06554403,0.07902582,0.00021806499,0.1994402
0.061036777,0.06495852,0.0001772393,0.24577633
0.09381197,0.10699835,0.00040317728,0.19891103
0.04529624,0.05504419,0.00011661747,0.24021816
0.058560222,0.050485928,0.0001397393,0.32680058
0.058671176,0.045957338,0.000100272635,0.36142218
0.08104679,0.07553945,0.00019163998,0.31225148
0.073092386,0.10437957,0.00033609918,0.21009217
0.040311053,0.058793537,0.00018950689,0.25188684
0.054022964,0.0497934,0.00022083912,0.33597696
0.15537308,0.19150244,0.0014429925,0.15978742
0.04147832,0.09417382,0.00023066698,0.10755615
0.10735797,0.19426589,0.0020580995,0.08182718
0.11894302,0.3345507,0.0039223637,0.02157015
0.06996978,0.25690982,0.00061782973,0.01954449
0.105779804,0.28334895,0.001527803,0.02156775
0.07952548,0.20546392,0.0006055587,0.027307872
0.07962372,0.13967793,0.0003803898,0.05628744
0.07739915,0.10411976,0.00030787615,0.093577415
0.05711544,0.054782104,0.000104898034,0.19274577
0.09048766,0.07919995,0.00018874748,0.21611954
0.060969923,0.061543763,9.866211e-05,0.2353271
0.1188324,0.16216497,0.0006847999,0.13738443
0.06775317,0.15451673,0.0005225264,0.07280061
0.06936377,0.13418736,0.00059263885,0.087087624
0.069188066,0.09820534,0.00041356726,0.12244872
0.072524615,0.07604557,0.00024374694,0.17558299
0.06802108,0.061225403,0.0001330871,0.23477812
0.06319395,0.052849807,9.4676136e-05,0.293108
0.065783046,0.0569543,0.000103314946,0.315094
0.08677966,0.09981077,0.0002696191,0.23838039
0.059762646,0.09324354,0.00027545687,0.18956341
0.045483124,0.056884903,0.00018923759,0.26519918
0.06103389,0.052021362,0.00018999501,0.33373603
0.046336204,0.030491285,6.018094e-05,0.412371
0.07348343,0.05359346,0.000113334354,0.39370605
0.048034873,0.049689725,9.903514e-05,0.36143553
0.07552933,0.09285121,0.00037367613,0.28558952
0.05540641,0.081934236,0.00038444842,0.23509361
0.049244188,0.056394357,0.00026916727,0.2914533
0.099148214,0.10962222,0.000700002,0.22809821
0.05537082,0.074441575,0.00027374932,0.2052281
0.07127367,0.08262448,0.00038211822,0.2225631
0.051019423,0.05169381,0.00016059758,0.28078797
0.0978206,0.09631926,0.00040947206,0.2449993
0.042056262,0.046040744,9.88902e-05,0.28549558
0.083445914,0.08068401,0.00030673866,0.28449556
0.055776544,0.06316203,0.00017749552,0.26907477
0.044787474,0.039656643,0.00010070181,0.35922602
0.08424347,0.076092415,0.00026961224,0.3221568
0.052079335,0.057958387,0.00015662439,0.3001125
0.06532435,0.07128631,0.0002650927,0.29396176
0.08407319,0.112625614,0.00059627905,0.20395948
0.08993154,0.16326028,0.0011462037,0.104908004
0.05963702,0.11878049,0.00054039544,0.09717236
0.05555921,0.06851084,0.00029087064,0.18363936
0.061256,0.046052538,0.00014663907,0.2966454
0.067078836,0.04233333,7.562476e-05,0.35993645
0.050858017,0.03428639,4.406046e-05,0.40396845
0.055396713,0.044158533,7.304832e-05,0.4016146
0.06299853,0.067526676,0.00016872962,0.33934712
0.045879107,0.05483993,0.00016335012,0.3332805
0.052167647,0.05169531,0.00021174246,0.35945794
0.086317934,0.09221358,0.0005008281,0.28161764
0.045903143,0.05622035,0.00019407498,0.28261158
0.0690695,0.07313801,0.0003610262,0.2888821
0.048685197,0.048326507,0.00017021263,0.32255974
0.09306766,0.094048336,0.000444237,0.26918864
0.05816019,0.07818172,0.00027813343,0.22098343
0.056135423,0.06587991,0.00027030296,0.2587904
0.058702193,0.05694472,0.00021733208,0.30011082
0.13143252,0.16401498,0.0010194024,0.1637286
0.04080213,0.077087685,0.0001932333,0.14357167
0.06624796,0.07943443,0.00042572644,0.21077876
0.076900914,0.08152958,0.00035334277,0.2103324
0.09978939,0.121533945,0.00052073656,0.15296091
0.04304197,0.0553958,0.00011393748,0.20991279
0.10381679,0.11940161,0.00063494436,0.1837562
0.05985049,0.083374456,0.0002433131,0.16180219
0.0585829,0.061644305,0.00018550888,0.24013859
0.059991375,0.05049301,0.00012693726,0.30887046
0.07465845,0.06223762,0.00014825638,0.31402883
0.052421525,0.048868384,9.114412e-05,0.3329831
0.090225734,0.10397669,0.00036826683,0.25280082
0.063768394,0.1057359,0.0004134559,0.17044993
0.048715204,0.06777308,0.000275833,0.2214966
0.08761729,0.10059748,0.0006175046,0.20609319
0.058731403,0.06662097,0.00022359987,0.2220223
0.06313323,0.05795313,0.0001749814,0.28395998
0.055816445,0.04564334,0.00010360557,0.34017378
0.11611519,0.12621479,0.0004802892,0.22533743
0.10030987,0.22763568,0.0013573287,0.06560442
0.04095639,0.11050605,0.00029398,0.08258964
0.07187534,0.09813417,0.00071375846,0.14411022
0.04871836,0.038304903,0.00011357528,0.2805535
0.08094258,0.04707142,8.687142e-05,0.3547912
0.17482136,0.23558123,0.00096852833,0.123271145
0.022660222,0.067061946,7.212783e-05,0.11302305
0.10420472,0.17619981,0.0023274848,0.107889384
0.05074851,0.08325844,0.0003184648,0.119804956
0.06447462,0.056608725,0.00018445658,0.24242443
0.07836083,0.062770635,0.00015255842,0.27493003
0.04702161,0.03487465,4.8706534e-05,0.35967347
0.06576121,0.048562545,8.133094e-05,0.38067088
0.06359529,0.06471571,0.00013052298,0.3292804
0.061151963,0.07793327,0.0002262146,0.27933866
0.06165009,0.08548451,0.00037863833,0.24316695
0.060033876,0.076451376,0.0003855327,0.24269836
0.07375432,0.08498169,0.00042942652,0.23140337
0.057165097,0.062106345,0.00021450277,0.25895247
0.05480842,0.04776245,0.00013968059,0.32924318
0.077155925,0.06831525,0.00020937044,0.3138478
0.072907954,0.0844049,0.00026235642,0.25018263
0.060687654,0.08133243,0.0002890217,0.2270648
0.073052086,0.09929994,0.0005144845,0.19646046
0.07888004,0.11333986,0.0006256057,0.15359792
0.06703031,0.09420352,0.00039983858,0.15484688
0.10004791,0.14543255,0.00088571367,0.11244365
0.051625185,0.07431242,0.00019890863,0.1475949
0.0943267,0.10992659,0.0005486822,0.15533048
0.05123904,0.056146935,0.00012207749,0.21132217
0.086661816,0.08124051,0.00026212801,0.23476788
0.0629302,0.06707453,0.00014800562,0.23531935
0.06719541,0.069589965,0.00018316203,0.2573546
0.07485589,0.08668592,0.00026963273,0.22708155
0.071102284,0.09343592,0.0003264573,0.19488804
0.044431556,0.049765382,0.00013160797,0.2742805
0.068130165,0.056896623,0.00018544696,0.32664752
0.05783519,0.047341682,0.00010740897,0.34965226
0.07292449,0.0676169,0.00017105031,0.3230126
0.076458804,0.10208027,0.0003570707,0.22616975
0.06405181,0.10675499,0.0005035654,0.16978726
0.038648076,0.047675446,0.00017739541,0.2706528
0.060007524,0.04279791,0.0001621021,0.3695692
0.06969271,0.048557688,0.00012042592,0.37459803
0.06438297,0.058131613,0.0001253296,0.34354445
0.058300428,0.06707977,0.00018623617,0.3071402
0.059264235,0.07318878,0.00029410006,0.2814963
0.08373485,0.11263409,0.0006995182,0.20425989
0.041855533,0.05373091,0.0001912899,0.25293696
0.07316847,0.06812731,0.00032536965,0.2925467
0.0596645,0.05468581,0.00016841009,0.3072849
0.0812784,0.080349416,0.00027170422,0.27551264
0.048084892,0.05444225,0.000140788,0.28941375
0.07591708,0.0812487,0.00033970168,0.27366224
0.064315856,0.078261696,0.00029780963,0.23850925
0.053807415,0.058351647,0.00019924769,0.281066
0.06623206,0.06347951,0.00023238525,0.300596
0.053409964,0.04786916,0.00013300177,0.33643144
0.061253656,0.05160498,0.0001400247,0.35656223
0.07596064,0.079532295,0.0002626758,0.29386964
0.045743167,0.05412563,0.00015493586,0.30235067
0.06787775,0.07174962,0.00031822725,0.30007145
0.05357065,0.055601593,0.00020542972,0.30988827
0.07744533,0.07898603,0.00033936216,0.2830729
0.055722572,0.0643638,0.00022211135,0.27213383
0.06340772,0.06724485,0.00027320962,0.28482714
0.06473192,0.068164475,0.000266695,0.27881065
0.06500176,0.067963995,0.00024781728,0.27729735
0.20139737,0.3794784,0.005866705,0.055397816
0.029886676,0.1623174,0.00023369113,0.027476091
0.09384406,0.19550875,0.0016000912,0.05391283
0.053203415,0.07711992,0.00023126771,0.11017048
0.07226841,0.056532715,0.00015070946,0.22596154
0.07775662,0.06082642,0.00010526236,0.25809497
0.0723099,0.06774615,0.00011993851,0.25752813
0.06464623,0.071831435,0.00014853508,0.25051865
0.066676885,0.08109892,0.0002298143,0.2364118
0.05572925,0.06485173,0.00019096707,0.26099297
0.053278532,0.04890497,0.00013489614,0.32784665
0.048933104,0.035801403,7.54173e-05,0.3970851
0.056726225,0.04077603,8.1940365e-05,0.41152442
0.09103769,0.10067186,0.00031984615,0.28789386
0.05483457,0.096649855,0.0003383915,0.19546443
0.055032156,0.08655279,0.00052147027,0.2048259
0.043879986,0.04387398,0.00020611794,0.3101258
0.0599717,0.037613835,0.00011599914,0.3967572
0.04256466,0.024557628,3.9906357e-05,0.4483548
0.04596082,0.029050069,4.8778318e-05,0.45664343
0.038630247,0.029862884,5.6277764e-05,0.44924283
0.04026221,0.031998154,7.692991e-05,0.44763118
0.0536816,0.045725856,0.00016049667,0.4171176
0.059420846,0.05909809,0.00024768498,0.36524674
0.07040336,0.08427826,0.0004563853,0.2876851
0.03916956,0.046132825,0.00020173326,0.32371134
0.08063123,0.080347255,0.000509708,0.29954374
0.057866104,0.06645108,0.00029713078,0.26897326
0.07271915,0.08275404,0.00041076783,0.24913691
0.056590762,0.067355424,0.00027492348,0.25059193
0.071340136,0.077409044,0.00035675417,0.2513858
0.06601928,0.07373437,0.0002815273,0.24259819
0.13319954,0.2053719,0.0015511648,0.10610569
0.04656568,0.11407416,0.0003215147,0.07927335
0.083582245,0.13336524,0.0009274806,0.10260492
0.07328849,0.10248789,0.0004489077,0.112837225
0.09872063,0.13246,0.0006241653,0.101356916
0.06655484,0.096223325,0.00026410745,0.11348507
0.059216112,0.06283594,0.00016887246,0.19951843
0.0824484,0.075725384,0.00021642703,0.22521318
0.07148309,0.073066935,0.00015886525,0.22368954
0.06103486,0.06418504,0.00013980732,0.25364438
0.06919339,0.07363288,0.00020029164,0.25725135
0.07139393,0.0834062,0.00025564167,0.2317477
0.0915024,0.13272972,0.00060195994,0.1518369
0.05903409,0.10127117,0.00036351517,0.1345894
0.0774511,0.11015979,0.0005852019,0.14204608
0.055018008,0.062374074,0.00019252868,0.2054874
0.08069421,0.07219788,0.00023260103,0.24594505
0.12115291,0.16071971,0.0006783287,0.12749723
0.040763598,0.07166186,0.00013290596,0.14590599
0.073580265,0.08563144,0.0004134746,0.20158392
0.08275337,0.09450653,0.00036485182,0.17836034
0.07447572,0.0894051,0.00026628308,0.17494833
0.056044467,0.061557252,0.00015104775,0.23187411
0.08350754,0.08551579,0.00028830397,0.2302974
0.060570143,0.06662317,0.00016213644,0.23866019
0.08663291,0.10104022,0.00036673844,0.20593499
0.063757114,0.0880895,0.000274394,0.18177764
0.05570234,0.06373027,0.0002012697,0.23990494
0.061764844,0.05522985,0.00016368397,0.29992837
0.063531965,0.05157763,0.0001192407,0.33418012
0.07016315,0.06504817,0.0001516361,0.31478286
0.051955026,0.055645477,0.00012760273,0.31680748
0.083605744,0.101560935,0.00043016736,0.24721482
0.048577737,0.0676057,0.0002365753,0.23857929
0.061840504,0.065660685,0.00029391874,0.2814419
0.07873371,0.08351609,0.00036675925,0.250341
0.04596883,0.045852877,0.00012007108,0.30870676
0.07506273,0.067172274,0.00022922533,0.31716734
0.05760674,0.05855427,0.00016278672,0.30589274
0.07158819,0.07620599,0.00026342447,0.28235573
0.05580808,0.066074945,0.0002197247,0.27231035
0.0651668,0.07178399,0.00029665197,0.27503318
0.05163601,0.051093284,0.0001697121,0.31533495
0.069409445,0.061807524,0.00021363348,0.32497483
0.06659413,0.068863094,0.00021899903,0.29237616
0.05921926,0.066208094,0.00021650636,0.28474364
0.059609532,0.0653447,0.00024305834,0.28887716
0.069548674,0.07567684,0.00031475723,0.26999408
0.0855882,0.11127672,0.00055284076,0.19319381
0.04754959,0.06521083,0.00022048254,0.21695553
0.07307879,0.0775459,0.0003770545,0.24538761
0.05236032,0.048279434,0.00014079348,0.3010519
0.074433096,0.06127189,0.0001770509,0.3216377
0.04596664,0.039877582,7.812134e-05,0.3615331
0.08584546,0.0829948,0.00027004033,0.30981466
0.049964692,0.06404401,0.00018007014,0.2735602
0.07726586,0.098092586,0.00050779333,0.23383082
0.049582332,0.06370357,0.0002571097,0.24607073
0.06256999,0.059570536,0.00025750822,0.29878062
0.055453576,0.045628473,0.00013219538,0.34643152
0.073779486,0.062847376,0.00018063783,0.3343811
0.05017107,0.05010858,0.00011842871,0.3360067
0.074534476,0.08099689,0.0003055625,0.29261255
0.046790175,0.05542642,0.000182904,0.29782963
0.094345905,0.11214339,0.00066561997,0.22923537
0.06002214,0.09209529,0.0004137479,0.17601384
0.057493698,0.070530415,0.00032525454,0.22422594
0.06193513,0.05859164,0.00023295074,0.2791624
0.07025142,0.059006713,0.00018056466,0.30497125
0.060554687,0.053244866,0.00012220786,0.32283583
0.07799647,0.08173554,0.00024585382,0.27670678
0.059073463,0.0773255,0.00024574547,0.23931219
0.05124213,0.058656313,0.00020927742,0.2834581
0.26372582,0.5370901,0.018525807,0.0335896
0.012446485,0.12160117,4.7166643e-05,0.022136003
0.104892574,0.2069847,0.0030359747,0.05794061
0.05350683,0.0830596,0.00032094523,0.09493751
0.07049562,0.053849064,0.00013132146,0.2270719
0.067678474,0.047586933,7.126188e-05,0.29932466
0.06403078,0.0476132,6.652594e-05,0.33849117
0.061250016,0.054008532,8.27422e-05,0.3397081
0.07886956,0.09526791,0.00025026582,0.258499
0.043937072,0.06267315,0.00016388237,0.26138818
0.083391644,0.10613792,0.00061419443,0.22441652
0.04833468,0.060815327,0.0002187423,0.24471022
0.070098914,0.06657594,0.00026620674,0.28692093
0.062430073,0.059449658,0.00017324337,0.29772374
0.055552468,0.04947925,0.00012371367,0.33768472
0.0600872,0.053488366,0.00013782084,0.34901232
0.07525013,0.080708176,0.00026440542,0.29019165
0.05680295,0.07391025,0.00024904165,0.2571011
0.072259896,0.09554807,0.00049744477,0.22148019
0.042000487,0.04737692,0.00016500286,0.29070503
0.09295293,0.088044874,0.0004304494,0.27339262
0.057756763,0.06710157,0.0002030931,0.24893391
0.06290348,0.06517132,0.0002167261,0.2806567
0.05356665,0.05176417,0.00015012304,0.317085
0.06906849,0.062165227,0.00019503718,0.3232508
0.048913285,0.04515043,0.000108094595,0.35064176
0.069303215,0.065110706,0.00020486368,0.33513132
0.051405452,0.054779384,0.00016043035,0.32604924
0.073916316,0.081943855,0.00035109007,0.28500667
0.05252168,0.0638314,0.00024540006,0.27504024
0.07435315,0.08395064,0.0004285675,0.25592452
0.058077313,0.067684725,0.000272361,0.2532533
0.05098271,0.04683416,0.00015521832,0.32664025
0.045518763,0.031386472,7.5386255e-05,0.4103302
0.07090624,0.051378556,0.00013175825,0.39474598
0.042460635,0.038249236,7.697408e-05,0.39428905
0.11824121,0.15215139,0.0008542276,0.22863244
0.057699844,0.13916421,0.0007636675,0.10352782
0.11968358,0.29855582,0.0048513785,0.04090676
0.05166435,0.1696146,0.00044226143,0.037372485
0.13810715,0.32194984,0.0043037017,0.024983516
0.050245386,0.14030962,0.00021011979,0.037703827
0.05382085,0.054468006,0.00011586207,0.18334165
0.06718068,0.042739425,8.34119e-05,0.301958
0.062259093,0.03649376,3.8704038e-05,0.37023216
0.08272243,0.06955665,0.00010085265,0.32382274
0.07640198,0.11509471,0.00027256666,0.1982697
0.058630668,0.117244065,0.00047416546,0.14586331
0.056172978,0.08935576,0.0004990504,0.17259231
0.0629007,0.06540709,0.0003150101,0.23817502
0.05159716,0.03633657,8.393176e-05,0.35392615
0.079899296,0.056233924,0.00011620599,0.3613463
0.048975583,0.044574548,7.111569e-05,0.3605697
0.07556417,0.083075285,0.00024259879,0.3025605
0.054065306,0.07609235,0.0002575161,0.2545971
0.05592015,0.06801488,0.00030963638,0.27590904
0.066965684,0.071681865,0.0003399686,0.27663884
0.056829203,0.055489026,0.00019021494,0.3064645
0.072226316,0.069461584,0.00024263107,0.29979527
0.059722964,0.06433683,0.00019817472,0.2883247
0.050878387,0.04971027,0.0001450951,0.33282506
0.070867084,0.06806644,0.00024479532,0.3177003
0.06584897,0.07305741,0.0002542703,0.27963507
0.060462475,0.07132067,0.00026538005,0.26841542
0.064793065,0.076332055,0.00033483104,0.25630987
0.071121864,0.08469463,0.0003966251,0.23113434
0.05681411,0.06406874,0.00023811508,0.25480413
0.071053594,0.071701966,0.0002849276,0.26732203
0.04091306,0.034496833,7.9470585e-05,0.35954252
0.10832987,0.09872896,0.00037125536,0.29145572
0.033881668,0.040983696,7.815389e-05,0.30976558
0.07931523,0.079697646,0.00034620377,0.30605644
0.054012,0.063259825,0.00021963564,0.27841058
0.080230206,0.09209037,0.00043408104,0.24461168
0.052066006,0.06522519,0.00023456778,0.24678871
0.07710358,0.08541114,0.0004183252,0.24122968
0.06919769,0.08363334,0.00033701677,0.21294546
0.05527752,0.059657153,0.00019432562,0.26009926
0.057695117,0.049961604,0.00014865071,0.32375577
0.061162293,0.04831378,0.000120163684,0.35532498
0.05635856,0.046500113,9.995488e-05,0.36972335
0.055512622,0.05054546,0.00011930231,0.3669582
0.10543584,0.13985586,0.0006956308,0.2141899
0.03982261,0.07522483,0.000262077,0.18378702
0.057788886,0.068627745,0.00042823766,0.25339615
0.06515753,0.059493992,0.00027731853,0.28892663
0.07438753,0.06353255,0.00020369582,0.29849416
0.07095299,0.073269024,0.00020670802,0.26920283
0.049847256,0.054141622,0.00014284895,0.29782134
0.07725386,0.08206944,0.0003276966,0.27313069
0.047495645,0.051450565,0.00014823391,0.29933947
0.06545091,0.059505638,0.00020259633,0.32766342
0.052732278,0.04838128,0.00013314375,0.345743
0.06274363,0.056115363,0.00016612878,0.34952936
0.066392444,0.070470564,0.00023430376,0.30534193
0.05242248,0.059381068,0.00019875297,0.30480292
0.083173096,0.10014062,0.000532786,0.24141605
0.051185217,0.067774445,0.00026921014,0.23586541
0.06735766,0.07240886,0.00034469465,0.2612201
0.053646248,0.051150385,0.0001696389,0.30584484
0.06250382,0.050772354,0.00014988052,0.3463364
0.0725691,0.068005696,0.00019892705,0.31276837
0.057283025,0.064170726,0.00018305812,0.29213268
0.07141002,0.086774215,0.00036805053,0.2518147
0.052525237,0.064217485,0.00024686207,0.26114386
0.061164074,0.060332168,0.00024755805,0.2992124
0.07342753,0.07227427,0.0002769879,0.28240913
0.053612508,0.053927403,0.00015536183,0.30521896
0.055387046,0.04912435,0.00014427243,0.34803706
0.08157584,0.08171789,0.00030087182,0.2926238
0.043844584,0.049408942,0.00013085392,0.31020275
0.07832824,0.082818605,0.000371827,0.28619152
0.04666319,0.052198216,0.00017057793,0.30004618
0.060501292,0.053775877,0.00019375724,0.3418257
0.06865438,0.06595021,0.00023027191,0.31486082
0.06385916,0.06989993,0.00024026827,0.28578603
0.07509931,0.09568159,0.00043940102,0.22712994
0.045513973,0.05670645,0.00020712646,0.2627893
0.08185853,0.084453,0.00044356257,0.25847828
0.04802003,0.048107736,0.00014041545,0.2989817
0.06458286,0.052943587,0.00016006347,0.34442347
0.079587854,0.08067997,0.0002630638,0.28310317
0.05482125,0.0670768,0.00019928542,0.26428103
0.07238321,0.08912536,0.00041154184,0.23748645
0.048365995,0.05555819,0.00019748694,0.27417144
0.08734416,0.08936226,0.0004275559,0.25357977
0.04152208,0.0426226,0.000104388324,0.3086636
0.08299747,0.07451259,0.00027336687,0.30807084
0.06031985,0.068190776,0.00020142998,0.26950043
0.07214743,0.08617254,0.00034683326,0.24211255
0.052155867,0.062907286,0.0002228758,0.25891027
0.057284974,0.052999962,0.00019002466,0.31812528
0.07968807,0.07511804,0.00027189913,0.29037416
0.057211522,0.062040415,0.00017400553,0.28222507
0.069489926,0.07756546,0.00028874888,0.26637816
0.055495735,0.063335426,0.00021767932,0.2728054
0.11142914,0.14704096,0.00093207334,0.16847949
0.042496476,0.07147424,0.00021858033,0.16865848
0.0821339,0.09886148,0.0006446003,0.19135606
0.073567785,0.09055772,0.00039991766,0.17187661
0.057682488,0.058481827,0.00017003618,0.24071474
0.11148559,0.12659484,0.0005798185,0.17535597
0.047614098,0.066726446,0.00015268236,0.18427444
0.058613054,0.05595326,0.00018246313,0.27961713
0.06865874,0.05749047,0.00015629288,0.3085074
0.08322441,0.080798976,0.00021794482,0.26732373
0.058409322,0.07230129,0.000179645,0.24372807
0.07399842,0.09688588,0.0004059906,0.21218358
0.052017894,0.06541148,0.00023078964,0.23610714
0.053582948,0.04657991,0.00014826751,0.32718217
0.067634024,0.052144,0.00013801325,0.35214
0.08133618,0.08105099,0.00022552723,0.28651464
0.032753978,0.035467226,6.53782e-05,0.35189176
0.05191322,0.040313605,0.00011756956,0.4096143
0.040352535,0.027589438,6.475181e-05,0.44264492
0.050561078,0.033614438,7.564365e-05,0.4462137
0.037460167,0.028725814,6.1412e-05,0.44826853
0.053648505,0.04465575,0.00013921867,0.42163178
0.054733373,0.05390884,0.00020568866,0.37641427
0.04890342,0.04836636,0.00019368913,0.37316787
0.067227505,0.06782834,0.00035267786,0.33469573
0.059885513,0.06782938,0.00033183227,0.29567394
0.05578156,0.061206,0.00028566463,0.3011984
0.05653981,0.056237787,0.00024863263,0.32059315
0.074072495,0.07521523,0.0003484945,0.28848487
0.0726784,0.09049601,0.0004116367,0.22655085
0.04711208,0.05717258,0.00020983866,0.2648371
0.068252586,0.066583455,0.00030109475,0.29158333
0.06554881,0.064084895,0.00022791396,0.28777066
0.077074684,0.08364498,0.00030754632,0.2516351
0.042493414,0.046525724,0.00012199795,0.30415925
0.09535866,0.1009229,0.00049097504,0.25528252
0.04531752,0.056051563,0.00015931396,0.2595878
0.06516146,0.06318295,0.0002406668,0.30241954
0.07698284,0.083613895,0.00032272638,0.25462553
0.051851295,0.0582096,0.00017224824,0.27596125
0.073186435,0.07717733,0.00030669424,0.270776
0.06122131,0.06904302,0.00023819043,0.25974217
0.0677017,0.073958464,0.0002774214,0.25912192
0.07025783,0.081622705,0.0003150164,0.23569469
0.116674356,0.18317293,0.0012848382,0.11323058
0.038341,0.074679434,0.00018608168,0.13318558
0.06674967,0.07047007,0.00037998863,0.22674954
0.06662097,0.054914616,0.00017302984,0.27789852
0.06864222,0.05156222,0.00010501241,0.3224742
0.07311309,0.06823169,0.00014360841,0.297566
0.101666555,0.14900185,0.00060401537,0.16067795
0.05504803,0.11763048,0.00043730868,0.11202206
0.08485892,0.15241913,0.0011732933,0.09668189
0.06385034,0.100229226,0.00042659856,0.11314672
0.05432329,0.050777037,0.00014332712,0.23582123
0.09102587,0.07321276,0.00020526105,0.25784567
0.05303418,0.04629092,7.055491e-05,0.3000758
0.07123944,0.063030735,0.00013235277,0.31440535
0.05604466,0.058999013,0.0001223273,0.30613118
0.08418304,0.10362686,0.00039072018,0.23653121
0.07469143,0.12631099,0.00059098477,0.14671016
0.17158373,0.44632655,0.010804138,0.024405563
0.022473924,0.12590171,6.5002336e-05,0.03460071
0.084960975,0.12809174,0.0009537736,0.100091115
0.04593888,0.03964678,9.727753e-05,0.22820543
0.0868801,0.05106054,8.6718945e-05,0.3179926
0.08401594,0.07545417,0.000111452595,0.26379016
0.061643824,0.077911355,0.00015117034,0.2315453
0.06166509,0.08405476,0.00025826265,0.2228514
0.05108204,0.058534104,0.00018940149,0.27433366
0.09311017,0.09873383,0.00044297986,0.23696873
0.06254514,0.08093503,0.00023944891,0.20565386
0.049046736,0.052453153,0.00014572177,0.2840967
0.11610991,0.13598965,0.0007153162,0.19254869
0.049083862,0.07718647,0.00020660377,0.16925539
0.057645347,0.0628562,0.00023296212,0.2524718
0.08434195,0.08563418,0.00033853445,0.23682989
0.083833195,0.10357676,0.00036470848,0.17998384
0.059114818,0.08099241,0.00023912085,0.18509428
0.1067605,0.16028437,0.0010270522,0.11803257
0.12559253,0.3211965,0.0034081852,0.029002927
0.05872624,0.21760735,0.0004627109,0.025152303
0.07561961,0.15240824,0.00055859366,0.05664586
0.09490006,0.14668453,0.00072453334,0.065539256
0.08770647,0.1364167,0.0004443906,0.06806593
0.06721825,0.09232212,0.00022265273,0.108753406
0.09288823,0.11870368,0.00046116533,0.11251724
0.10026891,0.16601042,0.0007166896,0.06964445
0.093341604,0.20344952,0.00094544655,0.043517087
0.06405746,0.12958169,0.00033931676,0.0640448
0.054459736,0.05957568,0.0001480284,0.17686597
0.093464874,0.08018345,0.00023444276,0.20818312
0.08801455,0.099596225,0.00022611684,0.16236827
0.095344745,0.15681945,0.00060086255,0.09637272
0.058177263,0.111871496,0.00031885377,0.09813658
0.10342298,0.17554726,0.0012622181,0.077424906
0.053902104,0.08652537,0.00020982885,0.10948367
0.07714546,0.08135498,0.0002875427,0.17599672
0.1412815,0.21078925,0.0012511248,0.07603216
0.08485841,0.24178426,0.0010303974,0.029135779
0.061613545,0.15118016,0.00036168162,0.05081811
0.09419952,0.15932472,0.0009015879,0.06444507
0.042307504,0.04590184,7.263757e-05,0.18552428
0.07307477,0.046551004,9.055889e-05,0.31163794
0.07750748,0.057913244,7.742695e-05,0.30867058
0.09869211,0.11980506,0.00027852066,0.198962
0.045831967,0.081040256,0.00017226151,0.17848289
0.065541804,0.08951676,0.00044407375,0.2071555
0.053513292,0.05450474,0.00019203484,0.27310067
0.07305022,0.05771516,0.0001594475,0.31931996
0.06563398,0.059296723,0.00012518415,0.31417063
0.061784137,0.06397435,0.0001528913,0.30442575
0.038779013,0.036742654,7.595589e-05,0.37408042
0.054145645,0.04103322,0.00010568982,0.41088116
0.056001414,0.04609195,0.0001182148,0.39607337
0.08569536,0.09805443,0.00036390303,0.28598863
0.047189526,0.07424124,0.0002738988,0.23975652
0.05156054,0.061768234,0.00033586795,0.2876312
0.05315424,0.046019584,0.00019987996,0.34757063
0.07446975,0.059835102,0.00020825038,0.34551215
0.054406457,0.05200415,0.00013449698,0.33848703
0.055785324,0.05411547,0.00016005794,0.3475205
0.06302058,0.06591358,0.00024192173,0.3194134
0.078673676,0.09761591,0.00047110065,0.24138208
0.047242705,0.063348316,0.0002491994,0.24986339
0.06705069,0.071229674,0.00037351548,0.27424756
0.05624076,0.053134616,0.00019378786,0.30716538
0.078387976,0.07261839,0.0002607059,0.29422835
0.06282052,0.071177185,0.0002210244,0.26294783
0.058416665,0.06607879,0.00022843429,0.27396005
0.058812886,0.060938206,0.00021937487,0.2949314
0.089261875,0.100658834,0.00046443622,0.23216394
0.048804335,0.06241659,0.0001901522,0.2404549
0.07370412,0.08054696,0.00036944658,0.25064436
0.05137165,0.0524074,0.00016424962,0.28965682
0.071350306,0.06260949,0.00020973728,0.31313187
0.06939576,0.070899874,0.00021342679,0.28139684
0.04479022,0.044450607,0.00010868047,0.33448902
0.06421237,0.05664199,0.00018471552,0.35074937
0.039995424,0.032271784,7.447998e-05,0.40325686
0.048034325,0.032049738,7.2523086e-05,0.44039485
0.057679515,0.04664721,0.00012452736,0.40802845
0.054722734,0.055590898,0.00016502882,0.36426878
0.07084546,0.08770403,0.00042387957,0.28450215
0.06513163,0.096562915,0.0005990724,0.2124544
0.05784118,0.07918587,0.00047320197,0.21479332
0.062340777,0.068302006,0.0003622518,0.24880981
0.06615571,0.0618244,0.00024895667,0.28017786
0.073564954,0.06972991,0.0002321696,0.2753416
0.06475706,0.0694476,0.00020982839,0.2642828
0.060183857,0.06525714,0.00021316938,0.27563044
0.06564446,0.06926336,0.00025043226,0.27685645
0.057441834,0.057767704,0.00018207461,0.29941413
0.080044374,0.08452082,0.00032341568,0.26393044
0.055527084,0.06695012,0.00021238934,0.25473776
0.0672489,0.07468674,0.0003025693,0.26108164
0.061998196,0.06798125,0.0002503074,0.2638847
0.053895313,0.0507271,0.00015620797,0.31699982
0.060993724,0.05121152,0.00014773553,0.34859958
0.05016134,0.040824726,9.435848e-05,0.38166758
0.076711744,0.07236544,0.0002242783,0.33248565
0.039760698,0.043764528,0.00010791997,0.34650254
0.04805819,0.04053096,0.00013124548,0.39921972
0.24520148,0.42772007,0.00871326,0.07420657
0.026368672,0.20410435,0.00040690455,0.017760804
0.100844145,0.27810872,0.002482113,0.031162309
0.07646046,0.20544046,0.0010275278,0.029835297
0.0672865,0.10289049,0.00026232106,0.08197512
0.10337567,0.13332097,0.0006163519,0.08990629
0.07316033,0.10497652,0.00029264644,0.09577842
0.08257436,0.11084177,0.00039673658,0.11195149
0.09761429,0.15333554,0.00071408175,0.08065322
0.0840839,0.15960981,0.0006615349,0.061976634
0.11481046,0.26332438,0.0021330407,0.03258927
0.10382883,0.3512086,0.0026286235,0.014053097
0.044836875,0.124494515,0.00012608196,0.04779714
0.11399513,0.17730023,0.0012451253,0.062336937
0.0695507,0.114777274,0.0003137723,0.07023142
