-0.0013048777,-0.00067364273,-0.0004923988,0.011715769
-0.0013056649,-0.0006743842,-0.00049276825,0.011717826
-0.0013064523,-0.000675126,-0.00049313775,0.011719888
-0.0013072393,-0.00067586865,-0.0004935074,0.011721946
-0.0013080275,-0.0006766104,-0.0004938772,0.011724005
-0.0013088158,-0.00067735324,-0.0004942471,0.011726063
-0.0013096039,-0.0006780971,-0.0004946172,0.011728122
-0.0013103917,-0.0006788402,-0.0004949872,0.011730179
-0.0013111797,-0.0006795833,-0.0004953574,0.011732237
-0.001311969,-0.00068032625,-0.0004957275,0.011734295
-0.0013127576,-0.0006810701,-0.0004960979,0.011736343
-0.001313547,-0.0006818151,-0.00049646856,0.011738399
-0.0013143364,-0.00068256014,-0.0004968394,0.011740455
-0.0013151264,-0.0006833044,-0.00049721013,0.011742513
-0.0013159158,-0.00068404875,-0.00049758086,0.011744568
-0.0013167057,-0.00068479404,-0.0004979518,0.011746622
-0.0013174962,-0.0006855393,-0.000498323,0.011748675
-0.0013182866,-0.00068628497,-0.0004986941,0.011750734
-0.0013190776,-0.00068703084,-0.00049906527,0.011752784
-0.0013198676,-0.0006877768,-0.0004994365,0.01175484
-0.0013206592,-0.0006885234,-0.0004998081,0.011756892
-0.0013214501,-0.0006892693,-0.00050017954,0.011758945
-0.0013222415,-0.00069001643,-0.0005005513,0.011760993
-0.0013230327,-0.0006907638,-0.000500923,0.011763046
-0.0013238243,-0.0006915113,-0.00050129474,0.011765099
-0.0013246163,-0.000692259,-0.0005016667,0.011767148
-0.0013254085,-0.0006930071,-0.000502039,0.0117692
-0.0013262013,-0.00069375517,-0.0005024112,0.0117712505
-0.0013269931,-0.000694504,-0.00050278363,0.011773302
-0.0013277857,-0.0006952527,-0.000503156,0.011775354
-0.0013285792,-0.0006960012,-0.0005035284,0.011777403
-0.001329372,-0.00069675007,-0.0005039009,0.011779446
-0.0013301655,-0.0006974997,-0.00050427363,0.011781497
-0.001330959,-0.00069824967,-0.0005046465,0.011783544
-0.0013317525,-0.00069899915,-0.0005050194,0.011785596
-0.0013325466,-0.0006997491,-0.0005053925,0.011787645
-0.0013333408,-0.00070049934,-0.0005057658,0.011789691
-0.0013341358,-0.00070125086,-0.00050613895,0.011791739
-0.0013349294,-0.0007020023,-0.0005065121,0.011793787
-0.0013357245,-0.00070275296,-0.0005068858,0.011795828
-0.0013365196,-0.0007035042,-0.00050725933,0.011797875
-0.0013373145,-0.00070425554,-0.0005076331,0.01179992
-0.0013381102,-0.00070500816,-0.0005080069,0.011801968
-0.001338906,-0.0007057604,-0.00050838094,0.011804014
-0.001339701,-0.0007065132,-0.00050875463,0.0118060615
-0.0013404975,-0.0007072651,-0.00050912885,0.011808107
-0.0013412933,-0.00070801796,-0.000509503,0.011810152
-0.0013420901,-0.0007087715,-0.00050987734,0.011812194
-0.001342887,-0.00070952484,-0.0005102519,0.0118142385
-0.0013436836,-0.00071027887,-0.0005106265,0.011816277
-0.0013444803,-0.0007110326,-0.0005110011,0.011818321
-0.0013452778,-0.0007117867,-0.0005113758,0.011820364
-0.0013460753,-0.00071254105,-0.0005117507,0.011822409
-0.0013468729,-0.00071329577,-0.0005121257,0.01182445
-0.0013476706,-0.00071405026,-0.0005125009,0.011826495
-0.0013484693,-0.0007148056,-0.000512876,0.011828536
-0.0013492669,-0.0007155623,-0.0005132511,0.011830579
-0.001350065,-0.00071631756,-0.00051362667,0.01183262
-0.0013508637,-0.00071707316,-0.00051400217,0.011834655
-0.0013516628,-0.0007178283,-0.00051437784,0.011836696
-0.0013524614,-0.00071858586,-0.0005147536,0.011838736
-0.0013532605,-0.00071934256,-0.0005151293,0.0118407775
-0.0013540604,-0.0007201,-0.0005155053,0.011842819
-0.0013548599,-0.00072085764,-0.00051588134,0.011844858
-0.0013556597,-0.00072161516,-0.0005162575,0.011846898
-0.0013564596,-0.00072237244,-0.0005166337,0.011848937
-0.00135726,-0.00072313024,-0.00051701,0.011850975
-0.0013580605,-0.0007238881,-0.0005173865,0.011853013
-0.0013588609,-0.00072464754,-0.000517763,0.011855045
-0.0013596618,-0.0007254064,-0.0005181397,0.011857084
-0.0013604629,-0.00072616455,-0.0005185164,0.011859121
-0.0013612639,-0.00072692445,-0.00051889336,0.0118611595
-0.0013620656,-0.0007276832,-0.00051927014,0.011863194
-0.001362867,-0.00072844344,-0.0005196475,0.011865232
-0.001363669,-0.0007292027,-0.0005200245,0.011867262
-0.0013644707,-0.0007299636,-0.00052040187,0.011869304
-0.0013652733,-0.0007307238,-0.0005207793,0.011871334
-0.0013660758,-0.00073148543,-0.0005211568,0.011873372
-0.0013668786,-0.00073224626,-0.0005215346,0.011875406
-0.0013676814,-0.00073300855,-0.0005219126,0.01187744
-0.0013684848,-0.0007337696,-0.00052229036,0.011879477
-0.0013692881,-0.00073453103,-0.00052266824,0.01188151
-0.0013700915,-0.0007352927,-0.0005230465,0.011883544
-0.0013708954,-0.0007360551,-0.0005234246,0.011885578
-0.0013716992,-0.00073681783,-0.0005238029,0.01188761
-0.0013725029,-0.0007375808,-0.0005241812,0.011889638
-0.0013733073,-0.00073834363,-0.0005245595,0.0118916705
-0.0013741115,-0.0007391067,-0.000524938,0.011893704
-0.001374916,-0.00073987077,-0.00052531686,0.011895735
-0.0013757213,-0.0007406351,-0.0005256959,0.011897768
-0.0013765267,-0.0007414002,-0.00052607467,0.011899801
-0.0013773314,-0.00074216316,-0.00052645383,0.011901831
-0.0013781374,-0.00074292836,-0.00052683306,0.011903862
-0.0013789432,-0.0007436934,-0.0005272122,0.011905888
-0.0013797493,-0.000744457,-0.00052759156,0.0119079165
-0.0013805551,-0.0007452226,-0.000527971,0.011909949
-0.0013813616,-0.00074598845,-0.0005283507,0.011911977
-0.0013821679,-0.00074675516,-0.00052873034,0.011914009
-0.0013829748,-0.00074752106,-0.0005291101,0.011916036
-0.0013837822,-0.0007482881,-0.0005294902,0.011918066
-0.0013845891,-0.0007490553,-0.0005298703,0.011920094
-0.0013853963,-0.0007498217,-0.00053025025,0.011922117
-0.0013862036,-0.0007505884,-0.00053063047,0.011924143
-0.0013870116,-0.00075135584,-0.00053101085,0.01192617
-0.0013878196,-0.00075212395,-0.0005313911,0.0119282
-0.0013886273,-0.00075289275,-0.0005317717,0.011930227
-0.0013894362,-0.00075365923,-0.0005321525,0.011932254
-0.0013902457,-0.00075442763,-0.0005325333,0.011934282
-0.0013910541,-0.0007551968,-0.00053291424,0.011936307
-0.0013918632,-0.00075596635,-0.00053329533,0.0119383335
-0.0013926725,-0.00075673475,-0.0005336763,0.011940359
-0.0013934815,-0.0007575045,-0.0005340574,0.011942378
-0.0013942916,-0.00075827393,-0.000534439,0.011944406
-0.0013951012,-0.00075904507,-0.00053482025,0.01194643
-0.0013959114,-0.0007598146,-0.000535202,0.011948455
-0.0013967216,-0.0007605853,-0.0005355835,0.01195048
-0.0013975322,-0.000761356,-0.0005359652,0.011952504
-0.0013983429,-0.0007621272,-0.00053634704,0.011954527
-0.0013991533,-0.0007628977,-0.0005367291,0.011956545
-0.0013999644,-0.0007636689,-0.0005371112,0.011958567
-0.0014007755,-0.0007644413,-0.00053749327,0.01196059
-0.0014015873,-0.000765214,-0.00053787563,0.011962613
-0.001402399,-0.0007659865,-0.0005382581,0.011964636
-0.001403211,-0.0007667592,-0.0005386407,0.011966657
-0.0014040231,-0.00076753175,-0.0005390232,0.01196868
-0.0014048354,-0.0007683052,-0.0005394062,0.011970703
-0.0014056477,-0.00076907914,-0.00053978874,0.011972718
-0.0014064608,-0.0007698512,-0.0005401716,0.011974737
-0.0014072736,-0.0007706251,-0.0005405549,0.011976759
-0.0014080864,-0.0007714005,-0.0005409378,0.011978779
-0.0014089004,-0.0007721749,-0.00054132147,0.0119808
-0.0014097143,-0.0007729486,-0.0005417048,0.01198282
-0.0014105276,-0.0007737241,-0.00054208847,0.01198484
-0.0014113418,-0.0007744999,-0.0005424723,0.011986858
-0.001412156,-0.00077527546,-0.000542856,0.011988878
-0.0014129705,-0.00077605096,-0.0005432396,0.0119908955
-0.0014137854,-0.0007768266,-0.00054362364,0.011992909
-0.0014146001,-0.00077760254,-0.0005440077,0.01199493
-0.0014154151,-0.00077837956,-0.0005443918,0.011996946
-0.0014162296,-0.00077915675,-0.0005447762,0.011998963
-0.001417045,-0.00077993365,-0.0005451604,0.012000981
-0.0014178609,-0.00078071,-0.0005455448,0.012002999
-0.0014186769,-0.0007814883,-0.00054592954,0.012005014
-0.0014194933,-0.0007822658,-0.00054631423,0.012007031
-0.0014203095,-0.0007830439,-0.0005466992,0.012009049
-0.0014211263,-0.00078382157,-0.00054708426,0.012011059
-0.0014219424,-0.00078460004,-0.0005474692,0.012013074
-0.0014227596,-0.0007853792,-0.00054785423,0.012015089
-0.0014235764,-0.00078615797,-0.0005482394,0.012017107
-0.0014243938,-0.0007869379,-0.0005486248,0.01201912
-0.0014252113,-0.00078771746,-0.0005490106,0.012021136
-0.001426029,-0.000788497,-0.0005493961,0.012023147
-0.0014268474,-0.00078927784,-0.00054978195,0.012025163
-0.0014276656,-0.0007900581,-0.00055016764,0.012027178
-0.001428483,-0.0007908384,-0.0005505534,0.012029188
-0.0014293019,-0.00079161965,-0.0005509397,0.012031199
-0.0014301208,-0.0007924,-0.00055132573,0.012033213
-0.0014309398,-0.0007931813,-0.000551712,0.012035225
-0.0014317589,-0.0007939633,-0.0005520984,0.012037238
-0.0014325783,-0.00079474493,-0.0005524849,0.012039251
-0.0014333976,-0.00079552754,-0.0005528714,0.01204126
-0.0014342174,-0.0007963093,-0.00055325794,0.012043271
-0.0014350379,-0.00079709233,-0.0005536452,0.012045285
-0.0014358584,-0.00079787517,-0.0005540318,0.01204729
-0.0014366782,-0.0007986586,-0.00055441895,0.0120493015
-0.0014374994,-0.0007994417,-0.00055480615,0.012051313
-0.0014383201,-0.00080022507,-0.00055519346,0.012053322
-0.0014391405,-0.00080101,-0.0005555805,0.012055333
-0.0014399623,-0.00080179377,-0.00055596826,0.0120573435
-0.0014407837,-0.00080257875,-0.0005563556,0.012059352
-0.0014416053,-0.0008033635,-0.00055674335,0.01206136
-0.0014424273,-0.00080414856,-0.00055713125,0.012063372
-0.0014432495,-0.00080493366,-0.0005575191,0.012065375
-0.0014440715,-0.0008057197,-0.000557907,0.012067384
-0.0014448942,-0.00080650597,-0.00055829535,0.012069392
-0.0014457167,-0.00080729224,-0.00055868353,0.012071401
-0.00144654,-0.0008080769,-0.000559072,0.012073408
-0.001447363,-0.0008088648,-0.0005594605,0.012075417
-0.0014481865,-0.000809652,-0.0005598491,0.012077424
-0.0014490106,-0.00081043865,-0.0005602379,0.012079432
-0.0014498344,-0.00081122573,-0.0005606268,0.012081437
-0.0014506585,-0.00081201363,-0.0005610157,0.012083443
-0.0014514823,-0.0008128019,-0.00056140474,0.012085444
-0.0014523068,-0.00081359054,-0.00056179403,0.012087451
-0.0014531314,-0.00081437867,-0.0005621831,0.012089457
-0.0014539566,-0.00081516727,-0.0005625725,0.012091463
-0.001454781,-0.0008159571,-0.00056296185,0.012093469
-0.0014556067,-0.00081674656,-0.00056335155,0.012095474
-0.001456432,-0.0008175356,-0.0005637413,0.012097478
-0.001457258,-0.0008183251,-0.00056413095,0.012099484
-0.0014580837,-0.0008191151,-0.00056452095,0.012101485
-0.0014589098,-0.0008199058,-0.00056491117,0.01210349
-0.0014597359,-0.0008206956,-0.0005653011,0.012105495
-0.0014605632,-0.0008214867,-0.00056569156,0.012107499
-0.0014613895,-0.00082227815,-0.0005660818,0.012109498
-0.0014622163,-0.0008230696,-0.00056647236,0.012111499
-0.0014630439,-0.0008238611,-0.0005668629,0.0121135
-0.0014638708,-0.00082465366,-0.00056725356,0.012115505
-0.0014646982,-0.00082544563,-0.00056764437,0.012117507
-0.0014655263,-0.0008262384,-0.0005680354,0.012119511
-0.001466355,-0.0008270304,-0.00056842633,0.012121512
-0.0014671831,-0.0008278227,-0.0005688178,0.012123513
-0.0014680114,-0.00082861626,-0.000569209,0.012125514
-0.0014688396,-0.0008294095,-0.0005696003,0.012127514
-0.0014696684,-0.00083020434,-0.00056999177,0.012129514
-0.0014704976,-0.00083099783,-0.0005703835,0.012131518
-0.0014713272,-0.00083179225,-0.0005707752,0.012133512
-0.0014721563,-0.00083258667,-0.00057116715,0.012135511
-0.0014729861,-0.00083338114,-0.00057155907,0.012137512
-0.0014738159,-0.00083417655,-0.000571951,0.01213951
-0.0014746463,-0.00083497097,-0.0005723431,0.01214151
-0.0014754764,-0.00083576626,-0.00057273527,0.01214351
-0.0014763073,-0.0008365625,-0.00057312794,0.012145508
-0.001477138,-0.0008373589,-0.00057352043,0.012147507
-0.0014779689,-0.0008381565,-0.0005739132,0.012149504
-0.0014788003,-0.00083895284,-0.00057430577,0.012151504
-0.0014796315,-0.00083974906,-0.0005746986,0.012153502
-0.001480463,-0.0008405463,-0.00057509146,0.012155499
-0.0014812953,-0.000841344,-0.0005754848,0.012157498
-0.001482127,-0.0008421423,-0.0005758779,0.012159493
-0.0014829598,-0.0008429389,-0.00057627127,0.012161485
-0.0014837923,-0.0008437367,-0.0005766644,0.012163482
-0.0014846245,-0.0008445359,-0.0005770582,0.0121654775
-0.0014854574,-0.0008453351,-0.0005774518,0.012167476
-0.0014862907,-0.00084613427,-0.0005778457,0.012169472
-0.001487124,-0.0008469343,-0.00057823927,0.012171469
-0.0014879573,-0.00084773253,-0.0005786335,0.0121734645
-0.0014887911,-0.0008485321,-0.00057902746,0.0121754585
-0.0014896251,-0.0008493326,-0.00057942176,0.012177454
-0.0014904595,-0.0008501338,-0.0005798162,0.012179449
-0.0014912942,-0.0008509345,-0.00058021076,0.012181444
-0.0014921289,-0.0008517357,-0.00058060506,0.012183438
-0.0014929635,-0.0008525357,-0.00058099977,0.012185432
-0.0014937986,-0.00085333653,-0.0005813943,0.012187427
-0.0014946333,-0.00085413887,-0.0005817894,0.012189421
-0.0014954696,-0.0008549413,-0.00058218464,0.012191413
-0.001496305,-0.0008557441,-0.0005825795,0.012193406
-0.0014971406,-0.0008565462,-0.000582975,0.0121954
-0.0014979773,-0.00085734937,-0.00058337045,0.012197392
-0.0014988128,-0.0008581516,-0.0005837654,0.012199381
-0.0014996489,-0.00085895596,-0.000584161,0.0122013725
-0.0015004864,-0.0008597594,-0.00058455695,0.012203365
-0.0015013231,-0.000860563,-0.00058495277,0.012205355
-0.0015021604,-0.0008613664,-0.0005853486,0.012207348
-0.0015029984,-0.0008621707,-0.0005857446,0.01220934
-0.0015038358,-0.0008629757,-0.0005861408,0.01221133
-0.0015046736,-0.00086378015,-0.00058653695,0.012213321
-0.0015055112,-0.0008645853,-0.0005869332,0.012215313
-0.0015063498,-0.0008653911,-0.0005873299,0.012217304
-0.0015071887,-0.00086619635,-0.0005877266,0.012219294
-0.0015080271,-0.0008670023,-0.0005881232,0.012221283
-0.0015088664,-0.00086780865,-0.0005885201,0.012223275
-0.001509705,-0.0008686156,-0.0005889167,0.012225263
-0.0015105441,-0.0008694229,-0.00058931386,0.012227252
-0.0015113838,-0.0008702303,-0.00058971124,0.012229244
-0.0015122234,-0.00087103667,-0.00059010845,0.012231231
-0.0015130643,-0.00087184436,-0.00059050595,0.01223322
-0.0015139038,-0.0008726526,-0.00059090357,0.0122352075
-0.001514744,-0.00087346055,-0.000591301,0.012237197
-0.0015155843,-0.00087426906,-0.00059169874,0.012239186
-0.0015164255,-0.0008750778,-0.0005920967,0.012241173
-0.0015172667,-0.00087588694,-0.0005924948,0.012243161
-0.0015181083,-0.0008766962,-0.0005928929,0.012245148
-0.0015189497,-0.00087750464,-0.00059329113,0.012247137
-0.0015197915,-0.00087831425,-0.00059368915,0.012249122
-0.0015206328,-0.0008791251,-0.00059408764,0.012251109
-0.0015214754,-0.00087993447,-0.0005944861,0.012253091
-0.0015223179,-0.0008807451,-0.00059488474,0.012255082
-0.0015231604,-0.00088155654,-0.00059528364,0.012257069
-0.0015240036,-0.0008823676,-0.0005956828,0.012259054
-0.0015248458,-0.0008831788,-0.0005960816,0.012261035
-0.0015256893,-0.0008839896,-0.00059648056,0.012263019
-0.0015265325,-0.00088480185,-0.00059687975,0.012265004
-0.001527376,-0.00088561454,-0.00059727934,0.012266992
-0.0015282201,-0.00088642765,-0.0005976788,0.012268975
-0.0015290644,-0.0008872398,-0.00059807824,0.01227096
-0.001529909,-0.0008880532,-0.00059847813,0.01227295
-0.0015307529,-0.0008888671,-0.000598878,0.012274928
-0.0015315977,-0.0008896799,-0.00059927785,0.012276913
-0.0015324429,-0.0008904938,-0.000599678,0.012278898
-0.0015332879,-0.00089130807,-0.0006000781,0.01228088
-0.0015341336,-0.00089212204,-0.0006004784,0.01228287
-0.0015349797,-0.00089293753,-0.00060087896,0.012284853
-0.0015358254,-0.00089375273,-0.00060127943,0.012286834
-0.0015366718,-0.0008945656,-0.00060167996,0.012288819
-0.0015375175,-0.0008953826,-0.00060208084,0.012290801
-0.0015383641,-0.0008961984,-0.0006024818,0.012292784
-0.0015392108,-0.0008970136,-0.0006028825,0.012294767
-0.0015400576,-0.00089782954,-0.0006032835,0.012296747
-0.0015409047,-0.0008986461,-0.0006036848,0.012298731
-0.0015417524,-0.0008994632,-0.0006040861,0.012300711
-0.0015426001,-0.0009002808,-0.00060448766,0.012302693
-0.0015434477,-0.00090109755,-0.0006048892,0.012304674
-0.001544296,-0.00090191513,-0.000605291,0.012306655
-0.0015451437,-0.00090273377,-0.00060569274,0.012308638
-0.0015459921,-0.00090355205,-0.0006060947,0.012310616
-0.0015468416,-0.0009043691,-0.00060649664,0.012312597
-0.0015476902,-0.00090518885,-0.0006068987,0.012314577
-0.0015485397,-0.00090600725,-0.00060730067,0.012316557
-0.0015493883,-0.00090682646,-0.00060770335,0.012318536
-0.001550238,-0.00090764626,-0.000608106,0.012320517
-0.0015510875,-0.00090846553,-0.0006085081,0.012322493
-0.001551938,-0.0009092858,-0.00060891104,0.012324474
-0.0015527878,-0.00091010635,-0.00060931395,0.012326452
-0.0015536384,-0.0009109268,-0.00060971704,0.012328431
-0.0015544889,-0.0009117478,-0.0006101198,0.012330411
-0.0015553398,-0.0009125678,-0.000610523,0.012332387
-0.0015561904,-0.0009133895,-0.0006109264,0.012334365
-0.0015570422,-0.00091421086,-0.00061132974,0.0123363435
-0.0015578934,-0.0009150333,-0.0006117334,0.012338322
-0.0015587457,-0.00091585575,-0.0006121371,0.012340299
-0.0015595977,-0.00091667834,-0.0006125411,0.012342277
-0.00156045,-0.0009175013,-0.0006129448,0.012344254
-0.0015613022,-0.00091832434,-0.0006133486,0.012346232
-0.0015621543,-0.0009191475,-0.00061375287,0.012348207
-0.0015630074,-0.00091997057,-0.00061415706,0.012350186
-0.0015638605,-0.0009207933,-0.00061456114,0.012352161
-0.0015647139,-0.0009216188,-0.00061496574,0.012354142
-0.0015655675,-0.00092244276,-0.00061537034,0.012356117
-0.0015664215,-0.0009232678,-0.0006157751,0.012358095
-0.0015672753,-0.0009240915,-0.0006161799,0.012360072
-0.0015681293,-0.0009249176,-0.00061658485,0.012362047
-0.0015689833,-0.0009257432,-0.0006169897,0.012364021
-0.001569838,-0.00092657004,-0.0006173953,0.012365996
-0.0015706928,-0.0009273958,-0.0006178006,0.01236797
-0.001571548,-0.0009282215,-0.0006182061,0.012369946
-0.0015724027,-0.00092904863,-0.0006186113,0.01237192
-0.0015732583,-0.00092987507,-0.0006190169,0.012373894
-0.0015741138,-0.000930702,-0.0006194225,0.012375869
-0.0015749705,-0.00093152927,-0.00061982864,0.012377847
-0.0015758264,-0.00093235786,-0.0006202347,0.012379821
-0.0015766826,-0.0009331854,-0.0006206407,0.012381795
-0.0015775388,-0.0009340133,-0.000621047,0.0123837665
-0.0015783957,-0.00093484245,-0.0006214533,0.012385741
-0.0015792528,-0.00093567115,-0.00062185986,0.012387715
-0.0015801102,-0.00093649974,-0.00062226644,0.012389688
-0.0015809679,-0.00093732914,-0.0006226731,0.012391659
-0.0015818253,-0.00093815953,-0.00062307995,0.012393633
-0.0015826835,-0.00093898934,-0.0006234868,0.0123956045
-0.0015835416,-0.00093981775,-0.0006238936,0.012397575
-0.0015843995,-0.000940649,-0.00062430074,0.012399549
-0.0015852586,-0.0009414806,-0.00062470837,0.012401525
-0.0015861173,-0.00094231137,-0.00062511564,0.012403498
-0.0015869769,-0.00094314304,-0.0006255232,0.012405468
-0.0015878361,-0.0009439743,-0.0006259309,0.012407439
-0.0015886952,-0.00094480603,-0.00062633853,0.01240941
-0.0015895548,-0.0009456386,-0.0006267465,0.012411382
-0.0015904151,-0.00094647065,-0.0006271546,0.012413353
-0.001591274,-0.0009473027,-0.0006275626,0.0124153225
-0.0015921354,-0.00094813586,-0.000627971,0.012417298
-0.0015929956,-0.00094896846,-0.00062837923,0.012419268
-0.0015938566,-0.00094980246,-0.0006287877,0.012421238
-0.0015947174,-0.00095063535,-0.00062919606,0.012423208
-0.0015955785,-0.0009514696,-0.00062960485,0.012425177
-0.0015964399,-0.0009523047,-0.00063001364,0.012427147
-0.001597302,-0.00095313985,-0.0006304227,0.0124291135
-0.0015981635,-0.0009539735,-0.0006308317,0.012431084
-0.0015990253,-0.0009548083,-0.0006312407,0.012433059
-0.0015998883,-0.00095564383,-0.0006316499,0.012435028
-0.001600751,-0.0009564798,-0.0006320594,0.012436997
-0.0016016138,-0.0009573155,-0.0006324691,0.012438963
-0.0016024767,-0.0009581514,-0.0006328786,0.012440934
-0.0016033397,-0.00095898815,-0.0006332886,0.012442901
-0.0016042035,-0.00095982593,-0.00063369854,0.012444869
-0.0016050672,-0.0009606626,-0.00063410844,0.012446836
-0.0016059311,-0.0009614992,-0.0006345188,0.012448809
-0.0016067952,-0.00096233585,-0.00063492893,0.012450777
-0.00160766,-0.0009631753,-0.00063533906,0.012452743
-0.0016085248,-0.0009640136,-0.00063575,0.012454711
-0.001609389,-0.0009648522,-0.0006361606,0.012456678
-0.0016102542,-0.0009656906,-0.0006365711,0.012458644
-0.0016111194,-0.0009665291,-0.000636982,0.012460611
-0.0016119848,-0.0009673685,-0.00063739286,0.0124625815
-0.0016128508,-0.00096820935,-0.0006378039,0.012464548
-0.0016137165,-0.00096904824,-0.0006382151,0.0124665145
-0.0016145821,-0.0009698889,-0.00063862634,0.012468481
-0.0016154483,-0.0009707294,-0.00063903816,0.012470446
-0.0016163155,-0.0009715691,-0.00063944963,0.012472416
-0.0016171823,-0.00097241043,-0.0006398611,0.012474382
-0.0016180495,-0.00097325176,-0.00064027327,0.012476347
-0.0016189169,-0.0009740939,-0.00064068526,0.0124783125
-0.0016197846,-0.00097493565,-0.0006410971,0.012480277
-0.0016206524,-0.0009757774,-0.00064150937,0.012482247
-0.0016215205,-0.0009766199,-0.0006419214,0.0124842115
-0.0016223881,-0.0009774629,-0.0006423337,0.012486174
-0.001623256,-0.000978305,-0.00064274634,0.01248814
-0.0016241248,-0.0009791467,-0.0006431589,0.012490103
-0.0016249942,-0.0009799919,-0.00064357184,0.012492071
-0.0016258633,-0.0009808353,-0.00064398476,0.012494035
-0.0016267326,-0.0009816787,-0.0006443978,0.012496
-0.0016276017,-0.0009825233,-0.00064481056,0.0124979615
-0.001628472,-0.0009833684,-0.000645224,0.012499925
-0.0016293416,-0.0009842126,-0.0006456374,0.012501888
-0.0016302117,-0.0009850594,-0.0006460509,0.012503855
-0.001631082,-0.000985905,-0.00064646464,0.012505818
-0.0016319528,-0.00098675,-0.0006468784,0.012507781
-0.0016328244,-0.0009875954,-0.0006472922,0.012509745
-0.0016336952,-0.0009884415,-0.00064770615,0.012511713
-0.0016345668,-0.0009892888,-0.0006481205,0.012513677
-0.0016354377,-0.000990136,-0.0006485345,0.012515638
-0.0016363099,-0.0009909831,-0.00064894883,0.012517599
-0.0016371821,-0.0009918298,-0.00064936304,0.01251956
-0.0016380539,-0.0009926772,-0.0006497779,0.012521527
-0.0016389268,-0.0009935261,-0.00065019244,0.012523487
-0.0016397996,-0.0009943742,-0.00065060746,0.012525449
-0.0016406717,-0.0009952224,-0.000651022,0.012527409
-0.0016415458,-0.0009960717,-0.00065143744,0.012529376
-0.0016424186,-0.0009969211,-0.00065185234,0.012531336
-0.0016432926,-0.0009977691,-0.0006522678,0.012533298
-0.0016441667,-0.0009986189,-0.00065268314,0.012535258
-0.0016450407,-0.0009994693,-0.0006530989,0.012537224
-0.001645915,-0.0010003194,-0.0006535143,0.012539182
-0.001646789,-0.0010011692,-0.00065392995,0.012541143
-0.0016476638,-0.0010020208,-0.0006543462,0.012543103
-0.0016485391,-0.0010028712,-0.0006547621,0.012545067
-0.0016494145,-0.0010037224,-0.0006551782,0.012547026
-0.0016502895,-0.0010045746,-0.0006555945,0.012548987
-0.0016511654,-0.0010054264,-0.000656011,0.012550952
-0.0016520413,-0.0010062784,-0.00065642747,0.01255291
-0.0016529177,-0.0010071313,-0.00065684406,0.012554869
-0.0016537936,-0.0010079838,-0.0006572608,0.012556828
-0.0016546703,-0.0010088349,-0.00065767765,0.012558792
-0.0016555465,-0.0010096887,-0.0006580946,0.012560751
-0.0016564238,-0.001010543,-0.0006585116,0.01256271
-0.0016573013,-0.0010113964,-0.000658929,0.012564666
-0.0016581787,-0.0010122508,-0.0006593461,0.01256663
-0.0016590562,-0.0010131052,-0.00065976375,0.012568588
-0.0016599346,-0.0010139608,-0.0006601815,0.0125705525
-0.0016608133,-0.0010148163,-0.0006605994,0.012572507
-0.0016616916,-0.0010156711,-0.00066101726,0.012574467
-0.0016625696,-0.0010165267,-0.0006614352,0.012576423
-0.0016634488,-0.0010173826,-0.00066185324,0.012578387
-0.0016643282,-0.0010182394,-0.0006622716,0.012580342
-0.0016652074,-0.0010190954,-0.0006626898,0.0125823
-0.0016660871,-0.0010199519,-0.00066310837,0.012584261
-0.0016669667,-0.0010208084,-0.000663527,0.012586217
-0.0016678463,-0.0010216656,-0.0006639454,0.012588175
-0.0016687269,-0.001022524,-0.00066436443,0.012590135
-0.0016696074,-0.0010233823,-0.00066478335,0.012592092
-0.0016704884,-0.0010242392,-0.00066520245,0.012594048
-0.0016713691,-0.0010250981,-0.0006656217,0.01259601
-0.0016722501,-0.0010259558,-0.00066604104,0.012597966
-0.0016731315,-0.0010268162,-0.00066646043,0.012599921
-0.0016740132,-0.0010276756,-0.00066688,0.012601881
-0.0016748951,-0.0010285348,-0.0006672997,0.012603836
-0.001675777,-0.0010293933,-0.00066771935,0.012605793
-0.0016766603,-0.0010302537,-0.00066813955,0.012607752
-0.001677542,-0.0010311151,-0.0006685594,0.012609708
-0.0016784249,-0.0010319767,-0.00066897995,0.012611668
-0.0016793075,-0.0010328372,-0.0006694001,0.0126136225
-0.0016801911,-0.0010336977,-0.00066982047,0.012615578
-0.0016810744,-0.0010345604,-0.0006702409,0.012617538
-0.0016819582,-0.0010354209,-0.00067066157,0.01261949
-0.0016828419,-0.0010362833,-0.0006710825,0.012621444
-0.0016837259,-0.0010371463,-0.00067150337,0.012623405
-0.0016846106,-0.0010380077,-0.0006719243,0.012625358
-0.0016854953,-0.0010388704,-0.0006723454,0.012627311
-0.0016863795,-0.0010397343,-0.0006727666,0.012629271
-0.0016872645,-0.0010405979,-0.00067318813,0.0126312245
-0.0016881502,-0.0010414612,-0.0006736097,0.012633178
-0.0016890363,-0.0010423259,-0.00067403144,0.012635137
-0.0016899218,-0.0010431901,-0.0006744532,0.012637089
-0.0016908076,-0.0010440557,-0.0006748752,0.0126390485
-0.0016916937,-0.0010449204,-0.0006752973,0.012641001
-0.0016925804,-0.0010457854,-0.0006757191,0.012642954
-0.001693467,-0.0010466494,-0.00067614135,0.012644912
-0.0016943541,-0.0010475164,-0.0006765639,0.012646863
-0.0016952411,-0.0010483824,-0.0006769863,0.012648821
-0.0016961283,-0.0010492492,-0.00067740923,0.012650775
-0.0016970162,-0.0010501159,-0.0006778317,0.012652724
-0.0016979035,-0.0010509829,-0.00067825464,0.012654683
-0.0016987922,-0.0010518506,-0.000678678,0.012656635
-0.0016996802,-0.0010527178,-0.000679101,0.012658592
-0.0017005693,-0.0010535854,-0.00067952456,0.012660543
-0.0017014582,-0.0010544535,-0.00067994767,0.0126625
-0.0017023468,-0.0010553211,-0.00068037084,0.012664451
-0.001703236,-0.0010561905,-0.0006807948,0.012666403
-0.0017041254,-0.0010570606,-0.0006812184,0.012668359
-0.0017050151,-0.0010579292,-0.00068164244,0.012670308
-0.001705905,-0.0010587983,-0.0006820664,0.012672267
-0.0017067953,-0.0010596674,-0.0006824904,0.012674216
-0.0017076856,-0.0010605389,-0.000682915,0.012676172
-0.0017085763,-0.0010614098,-0.00068333925,0.012678122
-0.0017094671,-0.0010622793,-0.00068376353,0.012680079
-0.0017103581,-0.0010631497,-0.00068418833,0.012682028
-0.0017112496,-0.0010640218,-0.0006846131,0.012683986
-0.0017121411,-0.0010648929,-0.0006850379,0.012685935
-0.0017130331,-0.0010657649,-0.00068546284,0.012687883
-0.001713925,-0.0010666373,-0.0006858883,0.01268984
-0.0017148176,-0.0010675082,-0.00068631343,0.012691795
-0.0017157103,-0.0010683815,-0.00068673864,0.012693744
-0.0017166031,-0.0010692548,-0.0006871644,0.0126956925
-0.0017174955,-0.0010701288,-0.0006875898,0.012697648
-0.0017183891,-0.0010710023,-0.00068801566,0.012699597
-0.0017192822,-0.0010718767,-0.00068844174,0.012701552
-0.0017201763,-0.0010727502,-0.0006888675,0.012703501
-0.00172107,-0.0010736252,-0.0006892937,0.012705455
-0.0017219636,-0.0010744992,-0.0006897198,0.012707404
-0.0017228588,-0.001075375,-0.0006901463,0.012709359
-0.001723753,-0.0010762507,-0.00069057255,0.012711305
-0.001724648,-0.0010771262,-0.0006909996,0.01271326
-0.001725543,-0.0010780019,-0.0006914262,0.012715208
-0.0017264383,-0.0010788782,-0.0006918529,0.01271716
-0.0017273345,-0.0010797541,-0.00069227995,0.012719115
-0.0017282297,-0.0010806315,-0.00069270725,0.012721064
-0.0017291261,-0.0010815081,-0.0006931345,0.012723017
-0.001730022,-0.001082386,-0.0006935619,0.012724964
-0.0017309192,-0.0010832633,-0.00069398934,0.012726918
-0.001731816,-0.0010841412,-0.00069441716,0.012728865
-0.0017327131,-0.0010850197,-0.0006948448,0.012730818
-0.0017336095,-0.0010858984,-0.0006952725,0.012732765
-0.001734507,-0.0010867768,-0.0006957009,0.012734719
-0.0017354048,-0.001087656,-0.0006961288,0.012736671
-0.0017363033,-0.0010885363,-0.0006965572,0.012738617
-0.0017372005,-0.0010894155,-0.00069698575,0.012740567
-0.0017380989,-0.0010902951,-0.00069741404,0.012742515
-0.0017389981,-0.001091175,-0.00069784257,0.012744468
-0.0017398966,-0.0010920563,-0.0006982714,0.012746414
-0.0017407958,-0.0010929372,-0.0006987005,0.012748364
-0.0017416951,-0.0010938187,-0.00069912936,0.012750318
-0.0017425952,-0.0010946991,-0.0006995584,0.012752264
-0.0017434949,-0.0010955809,-0.00069998775,0.012754208
-0.0017443942,-0.0010964627,-0.0007004171,0.012756161
-0.0017452951,-0.001097345,-0.00070084666,0.012758113
-0.0017461951,-0.0010982272,-0.0007012763,0.012760058
-0.001747096,-0.001099111,-0.00070170633,0.01276201
-0.0017479975,-0.0010999937,-0.0007021362,0.012763961
-0.0017488989,-0.0011008772,-0.00070256623,0.012765907
-0.0017497999,-0.0011017602,-0.0007029962,0.012767858
-0.0017507018,-0.0011026444,-0.00070342666,0.0127698025
-0.0017516038,-0.0011035294,-0.00070385693,0.012771752
-0.0017525059,-0.0011044143,-0.0007042875,0.012773704
-0.0017534087,-0.0011052995,-0.0007047183,0.012775647
-0.0017543109,-0.0011061851,-0.0007051495,0.012777599
-0.0017552141,-0.0011070694,-0.0007055799,0.012779543
-0.0017561172,-0.0011079558,-0.0007060113,0.012781492
-0.001757021,-0.0011088427,-0.00070644234,0.012783444
-0.001757924,-0.0011097279,-0.0007068735,0.012785396
-0.0017588282,-0.0011106146,-0.0007073049,0.012787337
-0.001759732,-0.0011115012,-0.00070773636,0.012789289
-0.001760636,-0.0011123886,-0.0007081681,0.01279123
-0.0017615407,-0.0011132769,-0.0007085999,0.012793181
-0.001762445,-0.0011141651,-0.0007090319,0.012795131
-0.001763351,-0.0011150534,-0.0007094641,0.01279708
-0.001764256,-0.0011159409,-0.00070989615,0.012799024
-0.0017651622,-0.00111683,-0.00071032875,0.012800973
-0.0017660675,-0.0011177184,-0.0007107612,0.012802921
-0.0017669735,-0.0011186091,-0.0007111937,0.012804866
-0.0017678794,-0.0011194977,-0.00071162614,0.012806814
-0.0017687858,-0.0011203884,-0.0007120589,0.0128087625
-0.0017696924,-0.0011212786,-0.00071249204,0.012810709
-0.0017705995,-0.0011221685,-0.0007129252,0.0128126545
-0.0017715069,-0.0011230593,-0.0007133584,0.012814604
-0.0017724144,-0.0011239513,-0.00071379193,0.012816552
-0.0017733219,-0.0011248436,-0.00071422517,0.012818496
-0.0017742303,-0.0011257342,-0.0007146589,0.012820444
-0.0017751383,-0.0011266253,-0.00071509246,0.012822392
-0.0017760468,-0.001127518,-0.0007155264,0.012824334
-0.0017769551,-0.0011284103,-0.00071596063,0.012826282
-0.0017778643,-0.0011293027,-0.00071639445,0.012828231
-0.001778773,-0.0011301955,-0.0007168286,0.012830171
-0.0017796828,-0.0011310898,-0.00071726314,0.01283212
-0.0017805917,-0.0011319838,-0.00071769743,0.012834067
-0.0017815022,-0.0011328789,-0.00071813236,0.012836016
-0.001782412,-0.0011337729,-0.0007185673,0.012837963
-0.0017833225,-0.0011346661,-0.0007190019,0.012839905
-0.0017842334,-0.0011355614,-0.0007194369,0.012841853
-0.001785144,-0.0011364565,-0.0007198724,0.012843799
-0.0017860541,-0.0011373531,-0.00072030735,0.012845742
-0.0017869659,-0.0011382481,-0.00072074274,0.012847688
-0.0017878776,-0.0011391442,-0.00072117837,0.012849635
-0.0017887901,-0.0011400402,-0.000721614,0.012851583
-0.0017897019,-0.0011409378,-0.0007220501,0.012853529
-0.0017906139,-0.0011418362,-0.0007224858,0.012855472
-0.0017915269,-0.001142733,-0.0007229221,0.012857421
-0.0017924395,-0.0011436312,-0.0007233582,0.012859362
-0.0017933518,-0.0011445272,-0.0007237945,0.0128613105
-0.0017942651,-0.0011454266,-0.0007242308,0.012863258
-0.0017951787,-0.0011463249,-0.0007246676,0.012865203
-0.0017960924,-0.001147224,-0.00072510436,0.012867144
-0.0017970067,-0.0011481228,-0.0007255412,0.01286909
-0.0017979206,-0.0011490217,-0.0007259778,0.012871036
-0.0017988354,-0.0011499216,-0.00072641525,0.012872983
-0.0017997499,-0.001150822,-0.00072685233,0.012874927
-0.0018006652,-0.0011517231,-0.0007272897,0.012876875
-0.0018015804,-0.0011526223,-0.00072772725,0.012878815
-0.0018024954,-0.0011535231,-0.0007281649,0.012880761
-0.0018034115,-0.0011544252,-0.0007286025,0.012882708
-0.0018043271,-0.001155327,-0.0007290401,0.01288465
-0.0018052431,-0.0011562284,-0.0007294783,0.012886598
-0.0018061597,-0.0011571294,-0.00072991627,0.012888542
-0.0018070762,-0.0011580327,-0.0007303547,0.012890488
-0.001807993,-0.0011589364,-0.00073079317,0.012892427
-0.0018089109,-0.0011598386,-0.00073123176,0.012894372
-0.0018098275,-0.0011607414,-0.0007316703,0.012896318
-0.0018107451,-0.0011616453,-0.0007321092,0.012898263
-0.0018116629,-0.0011625495,-0.0007325478,0.012900207
-0.0018125807,-0.0011634534,-0.00073298666,0.012902154
-0.0018134996,-0.0011643576,-0.0007334262,0.0129041
-0.0018144182,-0.0011652628,-0.0007338656,0.012906044
-0.0018153372,-0.0011661681,-0.0007343049,0.012907987
-0.0018162559,-0.0011670733,-0.0007347447,0.012909928
-0.0018171747,-0.0011679782,-0.00073518406,0.012911873
-0.0018180948,-0.0011688843,-0.0007356237,0.012913818
-0.0018190149,-0.0011697907,-0.0007360639,0.012915762
-0.0018199346,-0.001170697,-0.00073650386,0.012917705
-0.0018208548,-0.0011716038,-0.0007369443,0.0129196495
-0.001821775,-0.0011725116,-0.0007373844,0.012921593
-0.0018226956,-0.0011734187,-0.0007378249,0.012923538
-0.0018236169,-0.0011743264,-0.00073826534,0.012925482
-0.0018245382,-0.0011752346,-0.0007387062,0.012927426
-0.0018254593,-0.0011761431,-0.0007391471,0.012929371
-0.0018263818,-0.0011770511,-0.0007395883,0.012931315
-0.001827304,-0.001177961,-0.0007400294,0.012933257
-0.0018282261,-0.0011788703,-0.0007404707,0.012935203
-0.0018291483,-0.0011797796,-0.000740912,0.012937143
-0.0018300707,-0.0011806898,-0.00074135343,0.012939088
-0.0018309937,-0.0011816003,-0.0007417953,0.0129410345
-0.0018319176,-0.0011825096,-0.0007422371,0.012942977
-0.001832841,-0.0011834202,-0.00074267894,0.012944921
-0.0018337648,-0.0011843323,-0.0007431213,0.012946863
-0.001834688,-0.0011852435,-0.0007435627,0.012948802
-0.0018356119,-0.001186156,-0.00074400543,0.0129507445
-0.0018365373,-0.0011870678,-0.000744448,0.012952693
-0.0018374615,-0.0011879798,-0.00074489036,0.0129546365
-0.0018383864,-0.0011888916,-0.00074533303,0.01295658
-0.0018393113,-0.0011898055,-0.0007457759,0.012958517
-0.0018402366,-0.0011907173,-0.0007462189,0.012960466
-0.001841163,-0.0011916312,-0.0007466618,0.012962407
-0.0018420888,-0.0011925449,-0.0007471051,0.012964351
-0.0018430147,-0.0011934601,-0.00074754836,0.012966289
-0.0018439413,-0.0011943739,-0.0007479919,0.0129682375
-0.001844868,-0.0011952883,-0.0007484357,0.012970179
-0.001845795,-0.0011962045,-0.0007488794,0.01297212
-0.0018467217,-0.0011971197,-0.00074932317,0.012974067
-0.0018476493,-0.0011980346,-0.000749767,0.012976008
-0.001848577,-0.0011989519,-0.0007502114,0.012977949
-0.0018495055,-0.0011998671,-0.0007506558,0.012979891
-0.0018504332,-0.0012007832,-0.0007511,0.012981836
-0.0018513615,-0.0012017008,-0.0007515447,0.0129837785
-0.0018522893,-0.0012026178,-0.00075198954,0.0129857175
-0.001853219,-0.0012035352,-0.0007524343,0.012987661
-0.0018541485,-0.0012044533,-0.00075287925,0.0129896095
-0.0018550782,-0.0012053708,-0.0007533245,0.01299155
-0.001856007,-0.0012062881,-0.0007537694,0.012993495
-0.001856937,-0.0012072065,-0.0007542147,0.012995436
-0.0018578677,-0.0012081261,-0.00075466034,0.012997378
-0.0018587983,-0.001209046,-0.0007551061,0.012999318
-0.0018597285,-0.001209965,-0.00075555185,0.013001259
-0.0018606595,-0.0012108858,-0.0007559977,0.0130032
-0.0018615908,-0.001211806,-0.0007564434,0.013005144
-0.001862522,-0.0012127259,-0.00075689,0.0130070895
-0.0018634533,-0.0012136461,-0.00075733586,0.013009034
-0.001864386,-0.001214568,-0.0007577824,0.013010974
-0.0018653175,-0.0012154902,-0.00075822923,0.013012918
-0.0018662496,-0.001216411,-0.00075867574,0.013014857
-0.0018671828,-0.0012173336,-0.0007591226,0.013016799
-0.0018681152,-0.0012182555,-0.00075956946,0.013018746
-0.0018690488,-0.001219178,-0.0007600167,0.013020689
-0.001869982,-0.0012201006,-0.0007604637,0.013022628
-0.0018709155,-0.0012210237,-0.00076091103,0.013024571
-0.0018718502,-0.0012219478,-0.00076135853,0.013026511
-0.001872784,-0.0012228714,-0.0007618062,0.013028458
-0.0018737176,-0.0012237956,-0.000762254,0.0130304005
-0.0018746527,-0.0012247203,-0.0007627017,0.0130323395
-0.0018755875,-0.0012256457,-0.00076314993,0.013034282
-0.0018765226,-0.0012265705,-0.0007635981,0.013036223
-0.0018774583,-0.0012274958,-0.0007640465,0.013038169
-0.001878394,-0.0012284203,-0.000764495,0.01304011
-0.0018793297,-0.0012293463,-0.00076494337,0.01304205
-0.001880266,-0.0012302725,-0.0007653918,0.013043991
-0.0018812025,-0.0012311988,-0.0007658407,0.013045937
-0.0018821389,-0.0012321271,-0.0007662898,0.013047878
-0.0018830759,-0.0012330543,-0.0007667392,0.013049819
-0.0018840138,-0.0012339813,-0.0007671884,0.013051765
-0.0018849503,-0.0012349101,-0.0007676375,0.013053707
-0.001885888,-0.0012358371,-0.0007680869,0.013055647
-0.0018868262,-0.001236766,-0.00076853647,0.013057586
-0.0018877641,-0.0012376956,-0.0007689865,0.013059527
-0.0018887024,-0.0012386251,-0.0007694363,0.013061473
-0.0018896405,-0.0012395534,-0.0007698862,0.013063414
-0.00189058,-0.0012404826,-0.00077033637,0.013065356
-0.0018915192,-0.0012414127,-0.0007707867,0.0130673
-0.0018924585,-0.0012423415,-0.00077123696,0.013069241
-0.0018933977,-0.0012432731,-0.00077168754,0.013071181
-0.0018943384,-0.0012442041,-0.00077213824,0.013073127
-0.0018952781,-0.0012451357,-0.0007725891,0.013075069
-0.0018962183,-0.0012460675,-0.0007730399,0.013077006
-0.001897159,-0.001247,-0.00077349145,0.01307895
-0.0018980999,-0.0012479322,-0.0007739427,0.013080893
-0.001899042,-0.0012488641,-0.0007743938,0.013082834
-0.0018999833,-0.0012497981,-0.00077484583,0.0130847795
-0.0019009248,-0.0012507301,-0.00077529735,0.013086719
-0.0019018666,-0.0012516639,-0.000775749,0.01308866
-0.0019028091,-0.0012525977,-0.0007762012,0.013090605
-0.0019037509,-0.0012535315,-0.00077665295,0.013092546
-0.0019046941,-0.001254465,-0.00077710504,0.013094485
-0.0019056366,-0.0012553992,-0.0007775576,0.013096429
-0.0019065798,-0.0012563347,-0.00077801006,0.013098369
-0.001907524,-0.0012572695,-0.00077846297,0.013100315
-0.0019084674,-0.0012582059,-0.00077891536,0.013102255
-0.0019094117,-0.0012591411,-0.0007793684,0.013104193
-0.0019103556,-0.0012600765,-0.0007798211,0.013106143
-0.0019112998,-0.0012610136,-0.0007802744,0.01310808
-0.0019122445,-0.0012619509,-0.0007807275,0.013110026
-0.0019131897,-0.001262888,-0.0007811812,0.013111964
-0.001914135,-0.0012638263,-0.0007816346,0.0131139085
-0.0019150807,-0.0012647636,-0.00078208855,0.013115851
-0.0019160261,-0.0012657009,-0.0007825421,0.013117789
-0.0019169723,-0.0012666397,-0.00078299607,0.013119733
-0.001917919,-0.0012675779,-0.0007834502,0.013121674
-0.0019188649,-0.0012685175,-0.00078390486,0.013123619
-0.0019198119,-0.0012694563,-0.0007843592,0.0131255565
-0.0019207596,-0.0012703958,-0.00078481354,0.013127502
-0.0019217059,-0.001271336,-0.0007852681,0.013129442
-0.0019226545,-0.0012722765,-0.000785723,0.0131313875
-0.001923602,-0.0012732174,-0.0007861778,0.013133325
-0.0019245497,-0.0012741573,-0.0007866329,0.013135269
-0.001925498,-0.001275098,-0.0007870879,0.01313721
-0.0019264468,-0.0012760394,-0.00078754325,0.013139157
-0.0019273956,-0.0012769826,-0.0007879989,0.013141092
-0.0019283446,-0.0012779238,-0.00078845443,0.013143039
-0.0019292943,-0.0012788667,-0.0007889105,0.0131449755
-0.001930244,-0.00127981,-0.0007893663,0.013146924
-0.0019311936,-0.0012807532,-0.0007898224,0.013148869
-0.0019321436,-0.0012816961,-0.00079027837,0.0131508075
-0.0019330932,-0.0012826388,-0.00079073454,0.013152747
-0.0019340448,-0.0012835832,-0.0007911911,0.013154692
-0.0019349954,-0.0012845276,-0.00079164765,0.013156636
-0.0019359475,-0.0012854727,-0.0007921047,0.013158574
-0.0019368988,-0.001286417,-0.0007925615,0.013160519
-0.0019378497,-0.0012873613,-0.00079301785,0.013162459
-0.0019388013,-0.0012883061,-0.0007934752,0.013164403
-0.0019397539,-0.0012892531,-0.00079393265,0.013166349
-0.0019407065,-0.0012901993,-0.0007943899,0.013168286
-0.0019416593,-0.0012911464,-0.0007948477,0.01317023
-0.0019426122,-0.0012920937,-0.00079530536,0.013172171
-0.0019435653,-0.0012930407,-0.0007957634,0.013174116
-0.0019445186,-0.0012939881,-0.0007962209,0.0131760575
-0.0019454721,-0.0012949349,-0.0007966789,0.013177997
-0.0019464263,-0.0012958829,-0.00079713756,0.013179942
-0.0019473808,-0.0012968308,-0.0007975957,0.01318188
-0.0019483352,-0.0012977812,-0.0007980542,0.013183827
-0.0019492903,-0.0012987289,-0.0007985129,0.013185769
-0.0019502449,-0.001299679,-0.00079897186,0.013187709
-0.0019512002,-0.0013006292,-0.00079943065,0.013189655
-0.0019521555,-0.001301578,-0.0007998896,0.013191598
-0.001953111,-0.001302529,-0.000800349,0.013193536
-0.0019540668,-0.0013034779,-0.0008008079,0.01319548
-0.0019550235,-0.0013044288,-0.0008012671,0.013197425
-0.0019559802,-0.0013053799,-0.0008017269,0.013199366
-0.0019569367,-0.0013063317,-0.0008021867,0.01320131
-0.001957894,-0.0013072848,-0.0008026468,0.013203254
-0.0019588517,-0.0013082376,-0.0008031069,0.0132051995
-0.001959809,-0.0013091889,-0.0008035671,0.013207134
-0.0019607672,-0.001310142,-0.00080402754,0.01320908
-0.0019617253,-0.0013110959,-0.00080448797,0.013211025
-0.0019626836,-0.0013120491,-0.00080494856,0.01321297
-0.0019636424,-0.0013130025,-0.00080540916,0.013214907
-0.0019646015,-0.0013139565,-0.0008058701,0.013216851
-0.00196556,-0.0013149108,-0.0008063309,0.013218797
-0.0019665193,-0.001315864,-0.0008067919,0.013220734
-0.0019674795,-0.0013168202,-0.00080725335,0.0132226795
-0.0019684392,-0.0013177743,-0.00080771465,0.013224624
-0.0019693994,-0.0013187312,-0.00080817635,0.013226568
-0.0019703605,-0.0013196863,-0.0008086382,0.013228511
-0.001971321,-0.0013206431,-0.00080909964,0.013230449
-0.0019722818,-0.0013215998,-0.00080956187,0.013232395
-0.0019732432,-0.0013225571,-0.0008100238,0.01323434
-0.0019742046,-0.001323513,-0.00081048615,0.013236283
-0.0019751666,-0.001324471,-0.00081094855,0.013238228
-0.0019761287,-0.0013254297,-0.0008114112,0.013240165
-0.001977091,-0.0013263867,-0.00081187394,0.0132421125
-0.0019780535,-0.0013273461,-0.0008123369,0.013244055
-0.0019790162,-0.0013283053,-0.0008127996,0.013245999
-0.0019799788,-0.0013292631,-0.0008132627,0.013247943
-0.0019809424,-0.0013302228,-0.0008137258,0.013249888
-0.001981906,-0.0013311834,-0.0008141893,0.013251833
-0.0019828696,-0.0013321424,-0.0008146527,0.013253769
-0.001983834,-0.0013331029,-0.0008151162,0.013255714
-0.0019847983,-0.0013340644,-0.0008155805,0.013257658
-0.0019857637,-0.0013350247,-0.00081604434,0.013259603
-0.0019867285,-0.0013359868,-0.00081650843,0.013261547
-0.0019876931,-0.0013369488,-0.0008169726,0.013263493
-0.0019886587,-0.0013379108,-0.00081743713,0.013265435
-0.001989625,-0.0013388726,-0.0008179016,0.013267379
-0.0019905907,-0.001339836,-0.00081836653,0.013269324
-0.001991557,-0.0013407981,-0.0008188308,0.013271263
-0.0019925227,-0.0013417616,-0.0008192959,0.013273206
-0.0019934906,-0.001342724,-0.0008197607,0.01327515
-0.0019944566,-0.0013436883,-0.00082022574,0.013277094
-0.0019954245,-0.0013446528,-0.00082069146,0.013279039
-0.0019963912,-0.0013456171,-0.0008211568,0.013280984
-0.001997359,-0.0013465823,-0.0008216222,0.013282928
-0.001998328,-0.0013475476,-0.0008220882,0.013284872
-0.001999296,-0.0013485131,-0.0008225541,0.013286814
-0.0020002653,-0.0013494783,-0.00082302024,0.0132887615
-0.0020012339,-0.0013504443,-0.00082348613,0.013290705
-0.0020022034,-0.0013514099,-0.00082395296,0.01329265
-0.0020031722,-0.0013523771,-0.0008244191,0.013294594
-0.0020041424,-0.0013533449,-0.000824886,0.013296539
-0.0020051121,-0.0013543124,-0.00082535285,0.013298484
-0.002006083,-0.00135528,-0.00082581956,0.013300426
-0.0020070532,-0.0013562487,-0.0008262865,0.013302371
-0.0020080234,-0.0013572172,-0.0008267541,0.013304315
-0.0020089946,-0.0013581861,-0.0008272209,0.013306262
-0.0020099655,-0.0013591542,-0.00082768884,0.013308204
-0.0020109378,-0.0013601233,-0.000828156,0.013310148
-0.0020119091,-0.001361093,-0.0008286239,0.0133121
-0.0020128808,-0.0013620635,-0.0008290919,0.013314037
-0.0020138538,-0.0013630341,-0.0008295599,0.01331599
-0.0020148258,-0.0013640046,-0.000830028,0.013317933
-0.0020157993,-0.0013649751,-0.00083049654,0.013319876
-0.0020167723,-0.001365946,-0.0008309648,0.0133218225
-0.0020177455,-0.0013669188,-0.0008314336,0.013323764
-0.0020187194,-0.00136789,-0.0008319026,0.01332571
-0.0020196931,-0.0013688628,-0.00083237095,0.013327654
-0.0020206678,-0.0013698356,-0.0008328402,0.013329599
-0.0020216424,-0.0013708074,-0.0008333092,0.01333155
-0.002022616,-0.0013717813,-0.0008337788,0.013333495
-0.0020235917,-0.0013727548,-0.0008342484,0.013335437
-0.002024567,-0.0013737283,-0.0008347178,0.013337384
-0.0020255428,-0.0013747019,-0.0008351875,0.013339328
-0.0020265183,-0.0013756779,-0.00083565724,0.013341272
-0.0020274946,-0.001376652,-0.00083612767,0.013343224
-0.0020284713,-0.001377627,-0.0008365979,0.013345167
-0.002029448,-0.0013786026,-0.0008370683,0.013347112
-0.0020304243,-0.0013795791,-0.00083753857,0.013349056
-0.0020314015,-0.0013805546,-0.0008380092,0.013351001
-0.0020323792,-0.0013815314,-0.00083848013,0.013352952
-0.0020333566,-0.0013825092,-0.0008389506,0.0133548975
-0.0020343345,-0.0013834853,-0.00083942164,0.013356842
-0.0020353138,-0.0013844629,-0.000839893,0.013358786
-0.0020362919,-0.00138544,-0.0008403645,0.013360729
-0.00203727,-0.0013864178,-0.00084083586,0.013362682
-0.0020382495,-0.0013873976,-0.00084130757,0.013364624
-0.0020392288,-0.0013883768,-0.00084177917,0.013366572
-0.002040208,-0.0013893559,-0.00084225106,0.013368523
-0.0020411883,-0.0013903349,-0.0008427232,0.0133704655
-0.0020421688,-0.0013913142,-0.00084319536,0.013372412
-0.002043148,-0.0013922936,-0.00084366754,0.013374357
-0.002044129,-0.0013932748,-0.0008441402,0.013376309
-0.0020451103,-0.0013942551,-0.00084461295,0.013378253
-0.0020460915,-0.0013952348,-0.0008450856,0.013380196
-0.0020470726,-0.0013962163,-0.0008455585,0.013382147
-0.0020480552,-0.0013971993,-0.00084603194,0.013384093
-0.0020490368,-0.0013981804,-0.0008465048,0.013386039
-0.0020500196,-0.001399164,-0.0008469782,0.013387988
-0.0020510019,-0.0014001462,-0.0008474518,0.013389934
-0.0020519856,-0.001401129,-0.00084792543,0.013391884
-0.002052968,-0.0014021124,-0.0008483991,0.013393829
-0.0020539518,-0.0014030957,-0.00084887305,0.013395774
-0.0020549349,-0.0014040798,-0.0008493472,0.01339772
-0.0020559193,-0.0014050642,-0.0008498214,0.013399671
-0.0020569027,-0.0014060488,-0.0008502956,0.013401618
-0.0020578871,-0.0014070335,-0.0008507703,0.013403567
-0.0020588716,-0.0014080195,-0.0008512449,0.013405515
-0.0020598571,-0.0014090035,-0.00085171964,0.013407465
-0.0020608427,-0.0014099892,-0.00085219473,0.01340941
-0.0020618278,-0.0014109768,-0.0008526697,0.013411356
-0.0020628138,-0.0014119637,-0.00085314503,0.013413306
-0.0020637996,-0.0014129519,-0.0008536204,0.013415251
-0.0020647866,-0.0014139379,-0.000854096,0.013417203
-0.0020657731,-0.001414926,-0.00085457176,0.013419148
-0.0020667599,-0.001415913,-0.00085504714,0.0134211
-0.0020677473,-0.0014169014,-0.00085552357,0.013423046
-0.002068735,-0.00141789,-0.00085599953,0.013424996
-0.0020697226,-0.0014188795,-0.000856476,0.013426943
-0.0020707108,-0.0014198683,-0.0008569526,0.013428895
-0.0020716991,-0.0014208577,-0.000857429,0.01343084
-0.002072688,-0.0014218481,-0.00085790566,0.013432791
-0.0020736766,-0.0014228383,-0.0008583825,0.013434744
-0.0020746656,-0.001423829,-0.0008588594,0.01343669
-0.002075655,-0.0014248196,-0.0008593366,0.013438636
-0.0020766445,-0.0014258106,-0.00085981394,0.013440587
-0.0020776347,-0.0014268024,-0.0008602913,0.013442539
-0.0020786244,-0.0014277942,-0.00086076895,0.013444486
-0.0020796154,-0.0014287862,-0.00086124684,0.013446435
-0.0020806054,-0.0014297792,-0.0008617246,0.01344838
-0.0020815968,-0.0014307721,-0.0008622028,0.013450334
-0.0020825884,-0.0014317667,-0.0008626812,0.013452286
-0.0020835795,-0.0014327578,-0.0008631591,0.013454234
-0.0020845712,-0.0014337514,-0.0008636374,0.013456184
-0.002085564,-0.0014347453,-0.00086411624,0.013458131
-0.0020865563,-0.0014357406,-0.0008645948,0.013460083
-0.0020875488,-0.0014367364,-0.00086507405,0.013462036
-0.002088542,-0.0014377302,-0.0008655529,0.013463978
-0.0020895351,-0.0014387266,-0.00086603186,0.013465933
-0.002090529,-0.0014397213,-0.00086651125,0.013467884
-0.0020915223,-0.0014407178,-0.00086699077,0.01346983
-0.002092516,-0.0014417148,-0.0008674704,0.013471785
-0.0020935107,-0.001442712,-0.00086795003,0.013473737
-0.002094505,-0.0014437091,-0.0008684299,0.013475683
-0.0020955002,-0.001444707,-0.00086891034,0.013477635
-0.0020964956,-0.0014457046,-0.0008693907,0.013479589
-0.0020974907,-0.0014467025,-0.000869871,0.013481535
-0.0020984868,-0.0014477022,-0.0008703516,0.013483487
-0.002099482,-0.0014487002,-0.00087083224,0.013485441
-0.0021004789,-0.0014496989,-0.000871313,0.013487391
-0.0021014756,-0.0014506988,-0.00087179383,0.013489345
-0.002102472,-0.0014516972,-0.0008722748,0.013491291
-0.0021034689,-0.0014526981,-0.00087275606,0.013493244
-0.0021044668,-0.0014536977,-0.0008732375,0.0134951975
-0.0021054645,-0.0014546989,-0.00087371934,0.013497144
-0.0021064624,-0.0014557021,-0.00087420095,0.013499098
-0.00210746,-0.0014567033,-0.0008746829,0.01350105
-0.002108459,-0.0014577041,-0.0008751649,0.013503006
-0.0021094573,-0.0014587063,-0.00087564695,0.013504955
-0.002110457,-0.0014597083,-0.0008761291,0.013506902
-0.0021114564,-0.0014607114,-0.0008766119,0.013508862
-0.002112456,-0.0014617149,-0.0008770944,0.013510811
-0.0021134554,-0.0014627173,-0.00087757723,0.013512763
-0.0021144552,-0.0014637222,-0.0008780599,0.013514718
-0.0021154564,-0.0014647262,-0.00087854284,0.01351667
-0.0021164566,-0.0014657307,-0.00087902613,0.013518623
-0.0021174573,-0.0014667357,-0.0008795095,0.013520576
-0.0021184583,-0.0014677418,-0.00087999296,0.013522524
-0.0021194606,-0.0014687462,-0.00088047667,0.013524478
-0.0021204622,-0.0014697528,-0.0008809608,0.01352643
-0.0021214653,-0.0014707586,-0.0008814446,0.013528383
-0.0021224674,-0.0014717649,-0.0008819285,0.013530338
-0.002123469,-0.0014727726,-0.0008824128,0.013532292
-0.002124472,-0.0014737793,-0.000882897,0.013534246
-0.0021254756,-0.001474787,-0.000883382,0.0135362
-0.0021264795,-0.0014757941,-0.0008838662,0.013538156
-0.002127483,-0.0014768019,-0.00088435126,0.013540107
-0.0021284872,-0.0014778108,-0.000884836,0.013542062
-0.002129492,-0.0014788206,-0.0008853215,0.013544015
-0.0021304963,-0.0014798286,-0.0008858071,0.01354597
-0.002131501,-0.001480839,-0.00088629214,0.0135479225
-0.002132506,-0.00148185,-0.0008867776,0.013549877
-0.0021335122,-0.0014828591,-0.00088726345,0.013551831
-0.0021345187,-0.001483869,-0.00088774925,0.013553786
-0.0021355236,-0.0014848787,-0.00088823517,0.013555741
-0.0021365301,-0.0014858902,-0.0008887213,0.013557695
-0.0021375362,-0.0014869024,-0.0008892078,0.013559651
-0.0021385439,-0.0014879153,-0.00088969443,0.013561605
-0.0021395506,-0.0014889278,-0.0008901809,0.013563561
-0.0021405588,-0.0014899401,-0.00089066796,0.013565514
-0.0021415656,-0.0014909529,-0.000891155,0.013567468
-0.0021425737,-0.0014919655,-0.00089164206,0.013569424
-0.0021435823,-0.0014929784,-0.0008921292,0.013571378
-0.0021445912,-0.0014939931,-0.0008926166,0.013573337
-0.0021455996,-0.0014950078,-0.0008931041,0.013575295
-0.0021466091,-0.0014960221,-0.0008935918,0.013577247
-0.002147619,-0.0014970367,-0.00089407945,0.013579205
-0.002148627,-0.0014980519,-0.0008945677,0.013581159
-0.002149638,-0.0014990692,-0.0008950558,0.013583114
-0.0021506485,-0.0015000841,-0.0008955439,0.01358507
-0.0021516592,-0.0015011,-0.0008960326,0.0135870315
-0.0021526702,-0.0015021169,-0.0008965211,0.013588986
-0.0021536811,-0.0015031337,-0.0008970098,0.013590942
-0.0021546925,-0.00150415,-0.0008974988,0.013592894
-0.0021557044,-0.0015051679,-0.00089798763,0.013594853
-0.0021567165,-0.0015061869,-0.0008984771,0.013596813
-0.0021577275,-0.0015072057,-0.0008989663,0.01359877
-0.002158741,-0.0015082236,-0.000899456,0.013600726
-0.0021597536,-0.0015092426,-0.00089994574,0.013602681
-0.002160767,-0.0015102627,-0.00090043544,0.013604637
-0.0021617804,-0.0015112822,-0.00090092525,0.013606599
-0.0021627937,-0.001512302,-0.0009014154,0.013608554
-0.0021638079,-0.001513323,-0.00090190547,0.013610508
-0.0021648214,-0.0015143426,-0.0009023958,0.013612466
-0.0021658365,-0.0015153645,-0.0009028866,0.013614429
-0.002166851,-0.0015163863,-0.0009033774,0.013616383
-0.0021678663,-0.0015174088,-0.00090386835,0.013618346
-0.0021688826,-0.0015184304,-0.00090435956,0.013620304
-0.0021698987,-0.0015194517,-0.00090485066,0.013622261
-0.0021709139,-0.0015204744,-0.0009053419,0.0136242155
-0.0021719304,-0.0015214974,-0.00090583344,0.013626179
-0.002172947,-0.0015225215,-0.0009063249,0.0136281345
-0.0021739635,-0.0015235454,-0.00090681703,0.013630096
-0.0021749807,-0.0015245695,-0.00090730865,0.013632055
-0.0021759982,-0.0015255942,-0.0009078011,0.013634007
-0.0021770163,-0.0015266186,-0.00090829306,0.0136359725
-0.0021780336,-0.0015276435,-0.0009087854,0.01363793
-0.0021790522,-0.0015286695,-0.0009092781,0.013639893
-0.002180071,-0.0015296959,-0.0009097707,0.013641851
-0.0021810895,-0.001530723,-0.0009102639,0.013643811
-0.0021821097,-0.0015317475,-0.0009107569,0.013645772
-0.0021831288,-0.0015327752,-0.00091124995,0.013647728
-0.0021841484,-0.001533802,-0.0009117433,0.013649691
-0.0021851687,-0.0015348296,-0.00091223686,0.0136516495
-0.0021861892,-0.0015358576,-0.0009127306,0.013653613
-0.0021872083,-0.0015368864,-0.0009132242,0.013655571
-0.0021882297,-0.0015379143,-0.0009137182,0.013657533
-0.0021892511,-0.0015389444,-0.0009142125,0.013659491
-0.0021902728,-0.0015399728,-0.0009147066,0.013661455
-0.0021912935,-0.0015410035,-0.00091520086,0.013663413
-0.0021923159,-0.0015420336,-0.00091569556,0.013665377
-0.0021933387,-0.0015430631,-0.00091619015,0.013667334
-0.002194361,-0.0015440949,-0.0009166854,0.013669297
-0.0021953846,-0.0015451256,-0.0009171804,0.013671264
-0.0021964074,-0.001546156,-0.0009176754,0.013673222
-0.0021974314,-0.001547188,-0.0009181709,0.013675186
-0.0021984552,-0.0015482198,-0.0009186665,0.01367715
-0.0021994777,-0.0015492522,-0.0009191618,0.013679109
-0.0022005024,-0.001550285,-0.0009196575,0.013681067
-0.0022015278,-0.0015513194,-0.00092015363,0.013683031
-0.0022025532,-0.0015523522,-0.00092064985,0.0136849955
-0.0022035781,-0.0015533854,-0.0009211462,0.013686961
-0.0022046037,-0.0015544192,-0.0009216424,0.013688918
-0.0022056298,-0.0015554538,-0.0009221389,0.013690885
-0.0022066562,-0.0015564894,-0.000922636,0.013692843
-0.0022076825,-0.001557525,-0.00092313247,0.01369481
-0.0022087088,-0.0015585597,-0.0009236298,0.013696775
-0.0022097356,-0.001559597,-0.0009241274,0.01369874
-0.0022107628,-0.0015606333,-0.00092462444,0.013700699
-0.00221179,-0.0015616689,-0.0009251213,0.013702664
-0.0022128187,-0.0015627062,-0.00092561933,0.01370463
-0.0022138464,-0.0015637431,-0.0009261173,0.013706589
-0.002214875,-0.00156478,-0.00092661515,0.013708554
-0.0022159037,-0.0015658175,-0.00092711323,0.01371052
-0.0022169324,-0.0015668569,-0.00092761166,0.013712484
-0.0022179622,-0.0015678962,-0.00092811044,0.013714451
-0.0022189927,-0.0015689352,-0.00092860905,0.013716413
-0.002220022,-0.0015699746,-0.00092910783,0.013718376
-0.0022210523,-0.001571014,-0.00092960655,0.013720343
-0.0022220823,-0.0015720546,-0.00093010574,0.013722312
-0.002223113,-0.0015730946,-0.00093060476,0.0137242675
-0.002224145,-0.0015741353,-0.0009311042,0.013726238
-0.002225176,-0.0015751759,-0.0009316037,0.013728201
-0.0022262079,-0.0015762185,-0.0009321035,0.013730168
-0.0022272395,-0.0015772604,-0.0009326034,0.013732134
-0.0022282726,-0.0015783019,-0.0009331035,0.0137341
-0.0022293043,-0.0015793445,-0.00093360356,0.013736071
-0.002230337,-0.0015803858,-0.0009341037,0.013738036
-0.0022313702,-0.0015814308,-0.0009346045,0.013740003
-0.0022324033,-0.001582474,-0.0009351049,0.013741969
-0.0022334373,-0.001583518,-0.00093560567,0.013743935
-0.0022344715,-0.0015845624,-0.00093610666,0.013745904
-0.002235506,-0.0015856065,-0.00093660754,0.013747867
-0.002236541,-0.0015866507,-0.0009371088,0.013749833
-0.0022375742,-0.0015876963,-0.00093761034,0.013751801
-0.0022386105,-0.0015887434,-0.0009381121,0.013753767
-0.0022396455,-0.0015897884,-0.0009386134,0.013755735
-0.0022406813,-0.0015908343,-0.0009391156,0.013757702
-0.0022417177,-0.0015918808,-0.0009396175,0.013759671
-0.0022427537,-0.0015929278,-0.0009401198,0.013761638
-0.002243791,-0.0015939751,-0.00094062247,0.013763606
-0.0022448285,-0.0015950245,-0.0009411249,0.01376558
-0.0022458644,-0.0015960715,-0.00094162737,0.013767543
-0.0022469033,-0.0015971209,-0.0009421302,0.01376951
-0.002247941,-0.0015981686,-0.000942633,0.013771478
-0.0022489792,-0.0015992181,-0.0009431361,0.013773452
-0.0022500176,-0.0016002674,-0.0009436399,0.013775422
-0.002251056,-0.0016013181,-0.0009441433,0.01377739
-0.002252095,-0.0016023682,-0.000944647,0.013779359
-0.0022531336,-0.0016034192,-0.0009451505,0.01378133
-0.0022541732,-0.0016044704,-0.0009456547,0.0137832975
-0.0022552144,-0.0016055212,-0.00094615895,0.013785265
-0.0022562542,-0.0016065729,-0.00094666285,0.013787236
-0.0022572945,-0.0016076246,-0.0009471671,0.013789209
-0.0022583352,-0.0016086763,-0.00094767165,0.01379118
-0.002259376,-0.00160973,-0.00094817637,0.013793148
-0.002260418,-0.0016107832,-0.00094868126,0.013795115
-0.0022614596,-0.0016118375,-0.0009491865,0.013797088
-0.002262502,-0.0016128912,-0.00094969216,0.013799062
-0.0022635446,-0.0016139447,-0.0009501976,0.013801034
-0.002264587,-0.001614999,-0.0009507027,0.013803001
-0.0022656298,-0.0016160535,-0.0009512084,0.013804971
-0.002266673,-0.0016171093,-0.0009517141,0.013806942
-0.0022677165,-0.0016181641,-0.00095222,0.013808919
-0.00226876,-0.0016192193,-0.0009527262,0.013810888
-0.0022698035,-0.0016202762,-0.0009532328,0.013812858
-0.0022708492,-0.0016213336,-0.00095373945,0.013814837
-0.002271894,-0.00162239,-0.00095424615,0.0138168065
-0.0022729395,-0.0016234465,-0.0009547528,0.013818776
-0.0022739838,-0.0016245048,-0.00095525966,0.013820748
-0.0022750297,-0.0016255621,-0.00095576653,0.013822723
-0.0022760753,-0.0016266217,-0.00095627405,0.013824693
-0.0022771223,-0.0016276801,-0.00095678156,0.01382667
-0.0022781687,-0.0016287384,-0.00095728924,0.013828643
-0.0022792162,-0.0016297977,-0.00095779693,0.013830613
-0.0022802628,-0.001630858,-0.0009583051,0.013832591
-0.00228131,-0.0016319184,-0.000958813,0.01383456
-0.0022823575,-0.0016329786,-0.0009593213,0.013836539
-0.0022834062,-0.0016340403,-0.00095982966,0.013838511
-0.002284455,-0.0016351023,-0.0009603388,0.013840489
-0.0022855029,-0.0016361641,-0.00096084725,0.013842463
-0.0022865522,-0.001637225,-0.000961356,0.013844432
-0.0022876011,-0.0016382872,-0.00096186507,0.013846411
-0.0022886507,-0.0016393493,-0.00096237415,0.013848382
-0.0022897006,-0.0016404134,-0.00096288364,0.013850361
-0.0022907506,-0.0016414763,-0.0009633931,0.013852332
-0.0022918023,-0.0016425408,-0.00096390303,0.013854312
-0.002292852,-0.0016436041,-0.0009644127,0.013856284
-0.0022939034,-0.0016446684,-0.00096492283,0.0138582615
-0.0022949541,-0.0016457327,-0.00096543244,0.013860235
-0.0022960058,-0.0016467979,-0.0009659426,0.013862213
-0.0022970582,-0.001647864,-0.0009664536,0.013864186
-0.0022981106,-0.0016489289,-0.0009669645,0.013866166
-0.002299164,-0.0016499946,-0.00096747524,0.013868146
-0.0023002154,-0.0016510611,-0.00096798607,0.013870118
-0.0023012692,-0.0016521293,-0.0009684972,0.013872098
-0.002302322,-0.0016531977,-0.0009690083,0.013874078
-0.0023033768,-0.0016542654,-0.0009695202,0.013876049
-0.0023044304,-0.0016553323,-0.000970032,0.013878029
-0.0023054848,-0.0016564012,-0.00097054354,0.013880005
-0.00230654,-0.0016574694,-0.0009710555,0.013881983
-0.0023075945,-0.0016585387,-0.0009715677,0.013883963
-0.0023086502,-0.001659608,-0.0009720799,0.013885938
-0.0023097054,-0.0016606788,-0.0009725924,0.0138879195
-0.0023107617,-0.0016617491,-0.00097310496,0.013889898
-0.002311818,-0.0016628187,-0.00097361783,0.013891879
-0.0023128751,-0.0016638895,-0.0009741312,0.013893852
-0.0023139317,-0.0016649605,-0.000974644,0.013895835
-0.002314989,-0.0016660318,-0.00097515754,0.013897814
-0.0023160467,-0.0016671058,-0.0009756707,0.013899798
-0.0023171045,-0.0016681774,-0.00097618473,0.013901777
-0.0023181615,-0.0016692517,-0.0009766979,0.013903751
-0.0023192207,-0.001670325,-0.0009772119,0.013905733
-0.0023202798,-0.0016713975,-0.0009777262,0.013907715
-0.002321339,-0.0016724708,-0.0009782405,0.013909694
-0.0023223972,-0.0016735436,-0.0009787545,0.0139116775
-0.0023234573,-0.0016746199,-0.0009792693,0.013913652
-0.0023245178,-0.0016756952,-0.0009797841,0.013915635
-0.0023255774,-0.0016767693,-0.0009802987,0.013917617
-0.0023266375,-0.0016778455,-0.0009808139,0.0139195975
-0.002327699,-0.0016789212,-0.0009813292,0.01392158
-0.0023287607,-0.0016799967,-0.0009818448,0.013923562
-0.0023298217,-0.0016810744,-0.00098236,0.013925544
-0.0023308834,-0.001682152,-0.0009828757,0.013927526
-0.002331945,-0.0016832285,-0.0009833918,0.0139295105
-0.002333008,-0.0016843057,-0.0009839075,0.013931493
-0.0023340702,-0.0016853845,-0.0009844238,0.013933469
-0.0023351335,-0.0016864638,-0.0009849402,0.013935453
-0.0023361966,-0.0016875437,-0.000985457,0.0139374435
-0.0023372606,-0.0016886226,-0.0009859737,0.01393942
-0.0023383251,-0.0016897025,-0.0009864905,0.013941409
-0.0023393892,-0.0016907806,-0.0009870075,0.013943391
-0.0023404537,-0.0016918618,-0.0009875244,0.013945375
-0.0023415186,-0.0016929414,-0.0009880422,0.013947359
-0.0023425836,-0.0016940241,-0.0009885596,0.013949342
-0.0023436486,-0.0016951057,-0.0009890776,0.013951327
-0.0023447154,-0.0016961871,-0.0009895953,0.013953311
-0.002345782,-0.0016972688,-0.0009901135,0.013955294
-0.0023468477,-0.0016983508,-0.0009906312,0.013957279
-0.0023479145,-0.0016994345,-0.0009911497,0.0139592625
-0.0023489825,-0.0017005167,-0.0009916687,0.013961247
-0.0023500496,-0.0017016015,-0.0009921871,0.01396323
-0.0023511169,-0.0017026861,-0.0009927059,0.013965222
-0.0023521848,-0.0017037702,-0.0009932248,0.013967207
-0.0023532521,-0.0017048549,-0.0009937442,0.013969192
-0.0023543215,-0.0017059396,-0.0009942634,0.013971176
-0.0023553898,-0.0017070262,-0.0009947825,0.013973162
-0.0023564599,-0.0017081108,-0.0009953025,0.013975145
-0.0023575288,-0.0017091971,-0.000995822,0.013977139
-0.0023585998,-0.0017102829,-0.0009963422,0.013979125
-0.00235967,-0.0017113716,-0.0009968629,0.01398111
-0.0023607402,-0.0017124586,-0.0009973831,0.013983095
-0.002361811,-0.0017135469,-0.0009979036,0.013985088
-0.002362882,-0.0017146346,-0.0009984241,0.013987072
-0.0023639533,-0.0017157241,-0.000998945,0.013989061
-0.002365026,-0.0017168116,-0.0009994659,0.013991052
-0.0023660974,-0.0017179016,-0.0009999871,0.01399304
-0.0023671696,-0.0017189907,-0.0010005084,0.013995024
-0.0023682418,-0.0017200806,-0.0010010302,0.013997017
-0.002369315,-0.0017211715,-0.0010015516,0.013999003
-0.0023703887,-0.0017222621,-0.001002074,0.014000992
-0.0023714628,-0.0017233526,-0.0010025959,0.014002985
-0.0023725368,-0.0017244425,-0.0010031178,0.014004971
-0.0023736116,-0.0017255356,-0.0010036407,0.014006967
-0.0023746858,-0.0017266285,-0.0010041628,0.014008952
-0.002375761,-0.0017277215,-0.0010046859,0.014010946
-0.002376836,-0.0017288125,-0.0010052084,0.014012933
-0.0023779115,-0.0017299083,-0.0010057314,0.014014922
-0.0023789871,-0.0017310004,-0.0010062543,0.014016914
-0.0023800633,-0.0017320941,-0.0010067776,0.014018903
-0.00238114,-0.001733188,-0.001007301,0.014020897
-0.002382216,-0.0017342833,-0.0010078253,0.014022886
-0.0023832947,-0.0017353776,-0.001008349,0.014024879
-0.0023843711,-0.0017364736,-0.0010088732,0.014026869
-0.00238545,-0.0017375693,-0.0010093972,0.014028864
-0.002386528,-0.0017386663,-0.0010099215,0.014030853
-0.0023876056,-0.0017397639,-0.0010104461,0.014032848
-0.002388684,-0.0017408594,-0.0010109709,0.014034837
-0.0023897642,-0.0017419562,-0.0010114957,0.0140368305
-0.0023908431,-0.0017430563,-0.001012021,0.014038827
-0.002391922,-0.0017441533,-0.001012546,0.014040817
-0.0023930022,-0.0017452512,-0.001013071,0.0140428115
-0.0023940827,-0.0017463497,-0.0010135969,0.014044809
-0.0023951633,-0.0017474485,-0.0010141225,0.0140467975
-0.002396244,-0.0017485478,-0.0010146487,0.014048794
-0.0023973263,-0.0017496485,-0.0010151746,0.014050791
-0.002398407,-0.0017507488,-0.0010157006,0.01405278
-0.0023994888,-0.0017518501,-0.0010162268,0.014054778
-0.002400571,-0.0017529514,-0.0010167535,0.014056775
-0.0024016541,-0.0017540522,-0.0010172802,0.014058764
-0.0024027366,-0.0017551536,-0.0010178069,0.014060761
-0.00240382,-0.0017562573,-0.0010183343,0.014062759
-0.0024049035,-0.0017573603,-0.001018862,0.014064754
-0.0024059871,-0.0017584623,-0.001019389,0.014066755
-0.0024070719,-0.0017595645,-0.0010199167,0.014068744
-0.0024081557,-0.0017606672,-0.0010204443,0.01407074
-0.0024092412,-0.0017617717,-0.001020972,0.014072739
-0.0024103266,-0.0017628757,-0.0010215004,0.014074737
-0.0024114111,-0.0017639817,-0.0010220286,0.014076736
-0.0024124964,-0.0017650871,-0.0010225573,0.014078727
-0.0024135835,-0.0017661909,-0.0010230852,0.014080725
-0.0024146691,-0.0017672982,-0.0010236141,0.014082722
-0.0024157565,-0.0017684053,-0.0010241437,0.014084721
-0.002416843,-0.0017695115,-0.0010246723,0.014086721
-0.0024179304,-0.0017706188,-0.0010252013,0.01408872
-0.0024190175,-0.0017717261,-0.0010257309,0.014090719
-0.0024201062,-0.0017728339,-0.0010262608,0.014092717
-0.0024211942,-0.0017739418,-0.0010267906,0.014094717
-0.002422283,-0.0017750508,-0.0010273207,0.014096715
-0.002423373,-0.0017761601,-0.0010278509,0.014098715
-0.0024244615,-0.0017772694,-0.0010283812,0.014100715
-0.0024255505,-0.0017783786,-0.0010289111,0.014102715
-0.002426641,-0.001779488,-0.0010294422,0.014104715
-0.0024277314,-0.0017805983,-0.0010299728,0.014106713
-0.0024288225,-0.0017817102,-0.0010305038,0.014108714
-0.002429913,-0.00178282,-0.0010310351,0.014110716
-0.0024310034,-0.0017839307,-0.0010315658,0.014112715
-0.0024320956,-0.0017850439,-0.0010320977,0.014114717
-0.0024331873,-0.0017861566,-0.0010326295,0.014116718
-0.0024342802,-0.0017872683,-0.0010331613,0.014118716
-0.0024353722,-0.001788382,-0.0010336932,0.014120719
-0.0024364651,-0.0017894944,-0.0010342255,0.01412272
-0.0024375585,-0.0017906096,-0.0010347578,0.014124727
-0.0024386514,-0.0017917248,-0.0010352903,0.014126729
-0.0024397457,-0.0017928381,-0.0010358229,0.014128729
-0.0024408398,-0.0017939525,-0.0010363562,0.014130734
-0.0024419343,-0.0017950682,-0.0010368889,0.014132733
-0.0024430288,-0.0017961853,-0.001037422,0.014134742
-0.0024441243,-0.0017973005,-0.0010379557,0.014136745
-0.00244522,-0.0017984168,-0.0010384893,0.014138747
-0.0024463164,-0.001799534,-0.0010390229,0.014140749
-0.0024474117,-0.0018006514,-0.0010395569,0.014142758
-0.002448508,-0.001801769,-0.0010400905,0.0141447615
-0.0024496051,-0.0018028866,-0.001040625,0.014146763
-0.0024507025,-0.0018040062,-0.0010411596,0.014148774
-0.0024517998,-0.0018051239,-0.0010416945,0.014150776
-0.0024528978,-0.0018062429,-0.0010422289,0.014152779
-0.002453995,-0.0018073613,-0.0010427636,0.01415479
-0.0024550941,-0.0018084822,-0.0010432993,0.014156792
-0.0024561929,-0.001809604,-0.0010438343,0.0141587965
-0.002457291,-0.0018107238,-0.0010443695,0.014160804
-0.0024583905,-0.0018118464,-0.0010449055,0.0141628105
-0.0024594911,-0.0018129669,-0.0010454415,0.01416482
-0.0024605906,-0.0018140892,-0.0010459776,0.0141668245
-0.0024616907,-0.001815211,-0.0010465137,0.014168838
-0.0024627927,-0.0018163328,-0.0010470501,0.014170839
-0.0024638937,-0.0018174557,-0.0010475867,0.014172846
-0.0024649943,-0.0018185799,-0.001048123,0.014174855
-0.0024660963,-0.0018197023,-0.0010486598,0.014176863
-0.002467198,-0.0018208263,-0.0010491973,0.014178871
-0.0024683,-0.0018219529,-0.0010497342,0.014180879
-0.0024694025,-0.0018230765,-0.0010502711,0.01418289
-0.0024705064,-0.0018242018,-0.0010508092,0.014184902
-0.0024716097,-0.0018253282,-0.001051347,0.014186908
-0.0024727127,-0.0018264548,-0.0010518848,0.014188921
-0.0024738172,-0.0018275811,-0.0010524229,0.014190933
-0.0024749213,-0.0018287062,-0.0010529612,0.014192938
-0.0024760263,-0.0018298344,-0.0010534994,0.01419495
-0.0024771313,-0.0018309628,-0.0010540385,0.014196958
-0.0024782373,-0.0018320902,-0.0010545775,0.014198972
-0.0024793423,-0.0018332188,-0.0010551163,0.014200984
-0.0024804475,-0.0018343474,-0.0010556553,0.0142029915
-0.0024815546,-0.0018354768,-0.0010561947,0.014205004
-0.002482661,-0.0018366068,-0.001056734,0.014207019
-0.0024837689,-0.0018377365,-0.0010572736,0.014209031
-0.0024848757,-0.0018388669,-0.0010578136,0.014211039
-0.0024859826,-0.0018399963,-0.0010583535,0.014213052
-0.0024870904,-0.0018411264,-0.0010588935,0.014215067
-0.0024881999,-0.0018422593,-0.0010594343,0.014217075
-0.0024893077,-0.0018433904,-0.0010599748,0.014219089
-0.0024904166,-0.0018445243,-0.0010605153,0.014221105
-0.0024915265,-0.0018456563,-0.0010610562,0.014223119
-0.002492636,-0.0018467889,-0.0010615971,0.014225136
-0.0024937456,-0.0018479227,-0.0010621387,0.014227151
-0.0024948567,-0.0018490569,-0.0010626802,0.0142291635
-0.0024959669,-0.0018501905,-0.0010632216,0.014231174
-0.0024970784,-0.0018513243,-0.0010637633,0.01423319
-0.0024981892,-0.0018524588,-0.0010643051,0.014235206
-0.0024993012,-0.0018535949,-0.0010648477,0.01423722
-0.002500413,-0.0018547308,-0.0010653897,0.014239237
-0.0025015255,-0.0018558677,-0.0010659324,0.014241254
-0.0025026388,-0.0018570039,-0.001066475,0.014243269
-0.0025037527,-0.0018581394,-0.001067018,0.014245286
-0.0025048652,-0.0018592778,-0.0010675606,0.014247304
-0.0025059776,-0.0018604156,-0.0010681043,0.01424932
-0.0025070924,-0.0018615521,-0.0010686476,0.014251335
-0.0025082058,-0.0018626906,-0.0010691909,0.014253355
-0.0025093202,-0.0018638297,-0.0010697343,0.014255371
-0.0025104368,-0.0018649696,-0.0010702787,0.014257389
-0.0025115516,-0.0018661086,-0.0010708228,0.014259405
-0.0025126683,-0.0018672496,-0.001071367,0.014261431
-0.0025137842,-0.0018683898,-0.0010719117,0.01426345
-0.0025149,-0.0018695302,-0.0010724562,0.014265466
-0.0025160173,-0.0018706721,-0.0010730007,0.014267487
-0.0025171337,-0.001871813,-0.0010735459,0.014269501
-0.0025182508,-0.0018729552,-0.0010740911,0.014271523
-0.0025193698,-0.0018740972,-0.0010746365,0.014273539
-0.0025204872,-0.0018752402,-0.0010751816,0.014275568
-0.0025216057,-0.0018763836,-0.0010757276,0.014277587
-0.0025227242,-0.0018775254,-0.0010762734,0.014279604
-0.0025238427,-0.0018786708,-0.0010768195,0.014281623
-0.002524963,-0.0018798154,-0.0010773656,0.014283642
-0.002526083,-0.0018809596,-0.0010779124,0.014285671
-0.0025272027,-0.0018821051,-0.0010784586,0.01428769
-0.0025283233,-0.0018832497,-0.0010790057,0.01428971
-0.0025294442,-0.0018843951,-0.0010795526,0.014291735
-0.0025305657,-0.0018855422,-0.0010800996,0.014293755
-0.002531687,-0.0018866885,-0.001080647,0.014295786
-0.0025328086,-0.0018878358,-0.0010811947,0.014297805
-0.0025339308,-0.0018889834,-0.0010817421,0.014299824
-0.0025350535,-0.0018901317,-0.0010822904,0.014301853
-0.0025361762,-0.001891279,-0.0010828383,0.014303872
-0.0025373,-0.0018924278,-0.0010833866,0.014305893
-0.002538423,-0.0018935757,-0.0010839349,0.014307923
-0.0025395479,-0.0018947254,-0.0010844835,0.014309945
-0.002540671,-0.0018958754,-0.001085032,0.014311973
-0.0025417951,-0.001897027,-0.001085581,0.014313995
-0.0025429209,-0.0018981781,-0.0010861305,0.014316022
-0.002544045,-0.0018993294,-0.0010866793,0.014318047
-0.0025451712,-0.0019004795,-0.001087229,0.014320075
-0.0025462974,-0.0019016303,-0.0010877786,0.014322102
-0.002547424,-0.0019027846,-0.0010883287,0.014324127
-0.0025485498,-0.0019039363,-0.0010888785,0.014326155
-0.002549678,-0.0019050897,-0.0010894286,0.014328178
-0.0025508043,-0.0019062441,-0.0010899792,0.01433021
-0.002551933,-0.0019073952,-0.00109053,0.014332239
-0.0025530602,-0.0019085505,-0.0010910803,0.014334263
-0.0025541887,-0.0019097038,-0.0010916315,0.014336292
-0.0025553177,-0.0019108601,-0.0010921826,0.014338317
-0.0025564465,-0.001912015,-0.001092734,0.014340347
-0.0025575752,-0.001913171,-0.0010932852,0.014342378
-0.0025587059,-0.0019143275,-0.0010938373,0.014344411
-0.0025598363,-0.0019154836,-0.0010943888,0.014346432
-0.0025609657,-0.0019166404,-0.0010949404,0.014348465
-0.0025620968,-0.001917799,-0.001095493,0.014350496
-0.0025632281,-0.0019189564,-0.0010960454,0.014352523
-0.002564359,-0.0019201133,-0.0010965981,0.014354552
-0.0025654905,-0.0019212727,-0.0010971506,0.014356583
-0.0025666233,-0.0019224319,-0.0010977036,0.014358616
-0.0025677553,-0.0019235907,-0.0010982567,0.01436065
-0.0025688887,-0.0019247506,-0.00109881,0.014362681
-0.0025700214,-0.0019259093,-0.0010993634,0.014364707
-0.0025711553,-0.0019270716,-0.0010999171,0.014366748
-0.0025722897,-0.0019282321,-0.0011004712,0.014368772
-0.0025734236,-0.0019293933,-0.0011010249,0.014370806
-0.002574558,-0.0019305547,-0.0011015793,0.014372839
-0.0025756927,-0.0019317162,-0.0011021339,0.014374874
-0.0025768285,-0.0019328789,-0.0011026884,0.014376907
-0.0025779628,-0.0019340424,-0.0011032427,0.014378939
-0.002579099,-0.0019352053,-0.0011037977,0.014380977
-0.0025802352,-0.0019363703,-0.0011043535,0.014383012
-0.0025813724,-0.0019375331,-0.0011049083,0.014385045
-0.0025825095,-0.0019386988,-0.0011054637,0.01438708
-0.0025836467,-0.0019398632,-0.0011060196,0.014389113
-0.0025847845,-0.001941028,-0.0011065756,0.014391147
-0.002585922,-0.0019421938,-0.0011071312,0.014393183
-0.0025870614,-0.0019433601,-0.0011076876,0.014395218
-0.0025882002,-0.001944527,-0.001108244,0.014397259
-0.002589339,-0.001945694,-0.0011088006,0.014399297
-0.0025904786,-0.0019468617,-0.0011093577,0.014401332
-0.0025916176,-0.0019480287,-0.0011099146,0.014403367
-0.0025927585,-0.0019491976,-0.0011104717,0.014405402
-0.0025938994,-0.0019503641,-0.001111029,0.014407441
-0.002595039,-0.0019515337,-0.001111586,0.014409477
-0.00259618,-0.0019527031,-0.0011121437,0.01441152
-0.0025973218,-0.0019538724,-0.0011127018,0.014413554
-0.0025984636,-0.0019550435,-0.0011132599,0.014415592
-0.0025996065,-0.0019562142,-0.0011138183,0.014417637
-0.0026007488,-0.0019573856,-0.001114377,0.014419674
-0.0026018922,-0.0019585555,-0.0011149355,0.014421709
-0.002603035,-0.001959728,-0.0011154942,0.014423754
-0.0026041782,-0.0019609,-0.0011160531,0.014425794
-0.0026053232,-0.0019620731,-0.001116612,0.014427831
-0.002606467,-0.0019632448,-0.0011171716,0.014429877
-0.002607612,-0.0019644187,-0.0011177314,0.014431915
-0.0026087575,-0.0019655924,-0.0011182913,0.014433953
-0.0026099016,-0.0019667652,-0.0011188507,0.014435998
-0.002611048,-0.0019679412,-0.0011194109,0.014438037
-0.0026121945,-0.0019691149,-0.0011199708,0.014440082
-0.0026133414,-0.0019702918,-0.0011205322,0.014442123
-0.0026144886,-0.0019714688,-0.001121093,0.014444169
-0.002615635,-0.0019726432,-0.0011216536,0.014446206
-0.0026167822,-0.0019738197,-0.0011222145,0.014448253
-0.0026179296,-0.001974996,-0.0011227756,0.014450293
-0.0026190775,-0.0019761757,-0.0011233371,0.014452341
-0.0026202267,-0.001977354,-0.0011238989,0.014454382
-0.0026213774,-0.001978532,-0.0011244606,0.014456428
-0.0026225261,-0.0019797096,-0.0011250228,0.01445847
-0.0026236752,-0.001980888,-0.0011255848,0.014460518
-0.0026248256,-0.0019820689,-0.0011261473,0.014462562
-0.0026259765,-0.0019832486,-0.0011267097,0.014464611
-0.0026271266,-0.0019844286,-0.0011272725,0.0144666545
-0.002628278,-0.001985609,-0.0011278355,0.0144687
-0.0026294298,-0.0019867895,-0.0011283983,0.014470749
-0.0026305807,-0.0019879711,-0.0011289617,0.014472789
-0.0026317323,-0.001989155,-0.0011295255,0.014474839
-0.0026328852,-0.0019903374,-0.0011300888,0.014476888
-0.0026340405,-0.0019915185,-0.0011306531,0.014478937
-0.002635192,-0.0019927025,-0.0011312163,0.014480981
-0.002636345,-0.0019938853,-0.0011317807,0.014483031
-0.002637499,-0.0019950678,-0.0011323448,0.014485083
-0.0026386539,-0.001996254,-0.00113291,0.0144871315
-0.0026398082,-0.0019974392,-0.0011334748,0.01448918
-0.0026409624,-0.0019986238,-0.0011340398,0.014491226
-0.0026421184,-0.0019998103,-0.0011346049,0.0144932745
-0.0026432748,-0.0020009957,-0.0011351706,0.014495326
-0.0026444313,-0.002002182,-0.0011357359,0.014497375
-0.0026455866,-0.0020033685,-0.0011363016,0.014499425
-0.0026467443,-0.002004556,-0.0011368678,0.014501478
-0.0026479017,-0.0020057436,-0.0011374333,0.014503531
-0.002649059,-0.0020069322,-0.0011379998,0.01450558
-0.0026502172,-0.0020081208,-0.0011385665,0.014507633
-0.0026513755,-0.00200931,-0.001139133,0.014509685
-0.0026525338,-0.0020104977,-0.0011396998,0.014511736
-0.0026536928,-0.0020116875,-0.001140267,0.014513791
-0.0026548519,-0.002012878,-0.0011408343,0.014515841
-0.0026560123,-0.0020140705,-0.0011414019,0.014517895
-0.002657172,-0.0020152582,-0.0011419696,0.014519948
-0.0026583332,-0.002016451,-0.0011425376,0.014522004
-0.0026594936,-0.002017644,-0.0011431053,0.01452406
-0.0026606554,-0.0020188366,-0.0011436738,0.014526113
-0.0026618168,-0.0020200268,-0.001144242,0.0145281665
-0.0026629788,-0.00202122,-0.0011448102,0.014530221
-0.0026641411,-0.0020224126,-0.0011453792,0.014532281
-0.0026653043,-0.0020236073,-0.0011459487,0.014534335
-0.0026664673,-0.002024802,-0.0011465175,0.01453639
-0.00266763,-0.0020259963,-0.0011470868,0.014538445
-0.0026687942,-0.0020271922,-0.0011476564,0.014540499
-0.002669958,-0.0020283882,-0.0011482261,0.014542561
-0.0026711216,-0.002029584,-0.0011487962,0.0145446155
-0.0026722872,-0.0020307796,-0.0011493661,0.014546672
-0.0026734523,-0.0020319773,-0.0011499365,0.014548732
-0.0026746183,-0.0020331743,-0.0011505068,0.014550788
-0.0026757834,-0.0020343708,-0.0011510779,0.014552852
-0.0026769498,-0.0020355694,-0.0011516487,0.014554907
-0.0026781166,-0.002036768,-0.0011522198,0.014556963
-0.0026792835,-0.0020379666,-0.0011527909,0.014559026
-0.0026804502,-0.002039165,-0.0011533622,0.014561081
-0.0026816186,-0.002040365,-0.0011539338,0.014563147
-0.002682787,-0.0020415653,-0.0011545059,0.014565202
-0.0026839543,-0.0020427662,-0.0011550782,0.014567267
-0.0026851238,-0.0020439676,-0.0011556501,0.014569325
-0.0026862933,-0.0020451674,-0.0011562228,0.01457139
-0.0026874635,-0.00204637,-0.0011567951,0.0145734465
-0.0026886333,-0.0020475716,-0.0011573681,0.014575511
-0.0026898037,-0.0020487746,-0.0011579413,0.014577568
-0.0026909744,-0.0020499784,-0.0011585144,0.014579634
-0.0026921458,-0.0020511807,-0.001159088,0.014581699
-0.0026933167,-0.0020523847,-0.0011596611,0.014583759
-0.002694488,-0.0020535882,-0.0011602347,0.014585822
-0.0026956615,-0.002054792,-0.0011608088,0.0145878885
-0.0026968326,-0.0020559987,-0.0011613831,0.014589947
-0.0026980068,-0.0020572054,-0.0011619574,0.014592018
-0.0026991796,-0.0020584115,-0.0011625323,0.014594081
-0.002700354,-0.002059617,-0.0011631072,0.014596148
-0.002701528,-0.0020608238,-0.0011636817,0.014598216
-0.0027027025,-0.002062031,-0.0011642571,0.014600272
-0.0027038776,-0.0020632376,-0.0011648326,0.014602343
-0.002705053,-0.0020644455,-0.001165408,0.014604411
-0.0027062278,-0.0020656548,-0.0011659838,0.014606476
-0.002707404,-0.0020668628,-0.0011665593,0.014608546
-0.0027085799,-0.0020680742,-0.0011671361,0.014610615
-0.0027097561,-0.0020692826,-0.0011677122,0.014612677
-0.0027109333,-0.0020704938,-0.0011682884,0.014614744
-0.0027121098,-0.0020717029,-0.0011688648,0.014616812
-0.002713288,-0.0020729147,-0.0011694424,0.01461888
-0.0027144668,-0.0020741273,-0.0011700189,0.01462095
-0.002715645,-0.0020753373,-0.0011705965,0.014623019
-0.0027168244,-0.00207655,-0.001171174,0.014625087
-0.0027180035,-0.0020777616,-0.0011717519,0.014627158
-0.0027191832,-0.002078976,-0.0011723298,0.014629228
-0.0027203634,-0.00208019,-0.0011729073,0.014631297
-0.0027215432,-0.0020814035,-0.001173486,0.014633367
-0.0027227239,-0.0020826175,-0.0011740639,0.014635436
-0.0027239048,-0.002083834,-0.0011746426,0.014637519
-0.0027250857,-0.0020850482,-0.0011752221,0.014639589
-0.0027262687,-0.0020862631,-0.0011758006,0.014641656
-0.0027274513,-0.0020874783,-0.0011763799,0.014643729
-0.0027286343,-0.002088696,-0.00117696,0.014645803
-0.002729816,-0.002089913,-0.001177539,0.01464787
-0.0027309998,-0.0020911316,-0.0011781187,0.014649952
-0.0027321829,-0.0020923468,-0.0011786987,0.014652023
-0.002733367,-0.0020935647,-0.0011792788,0.0146540925
-0.0027345521,-0.0020947831,-0.001179859,0.014656167
-0.0027357377,-0.0020960032,-0.0011804404,0.014658244
-0.002736922,-0.0020972225,-0.0011810209,0.014660319
-0.0027381075,-0.0020984407,-0.0011816013,0.014662391
-0.0027392935,-0.0020996626,-0.0011821828,0.014664469
-0.0027404807,-0.0021008854,-0.0011827649,0.014666544
-0.0027416672,-0.002102105,-0.0011833464,0.014668628
-0.002742854,-0.0021033273,-0.001183928,0.0146707
-0.0027440418,-0.0021045497,-0.0011845101,0.014672779
-0.0027452295,-0.0021057725,-0.0011850921,0.0146748535
-0.002746418,-0.0021069956,-0.0011856748,0.014676936
-0.0027476063,-0.0021082184,-0.0011862575,0.014679009
-0.0027487956,-0.002109444,-0.0011868402,0.01468109
-0.002749984,-0.0021106643,-0.0011874232,0.014683165
-0.0027511742,-0.0021118908,-0.0011880063,0.0146852415
-0.0027523644,-0.0021131146,-0.0011885891,0.014687322
-0.0027535553,-0.0021143407,-0.001189173,0.014689406
-0.0027547465,-0.0021155663,-0.0011897569,0.014691479
-0.002755937,-0.0021167926,-0.0011903406,0.014693566
-0.0027571297,-0.0021180208,-0.0011909254,0.014695647
-0.0027583211,-0.002119247,-0.0011915092,0.014697721
-0.0027595125,-0.0021204734,-0.0011920936,0.0146998055
-0.002760707,-0.0021217004,-0.0011926787,0.01470189
-0.002761901,-0.0021229305,-0.0011932639,0.014703967
-0.002763094,-0.0021241596,-0.0011938491,0.014706052
-0.002764287,-0.0021253885,-0.0011944341,0.014708138
-0.0027654802,-0.0021266183,-0.0011950197,0.014710212
-0.002766676,-0.0021278476,-0.001195606,0.014712296
-0.0027678707,-0.0021290795,-0.0011961916,0.014714384
-0.002769067,-0.0021303107,-0.001196778,0.014716468
-0.0027702632,-0.0021315413,-0.0011973638,0.014718553
-0.0027714586,-0.0021327739,-0.0011979501,0.014720632
-0.0027726553,-0.002134006,-0.001198537,0.014722726
-0.0027738526,-0.002135239,-0.0011991244,0.014724804
-0.0027750498,-0.0021364717,-0.0011997117,0.01472689
-0.0027762481,-0.0021377038,-0.0012002987,0.014728976
-0.0027774456,-0.0021389397,-0.001200886,0.014731063
-0.0027786447,-0.0021401732,-0.001201474,0.014733151
-0.0027798433,-0.0021414086,-0.0012020626,0.014735235
-0.0027810435,-0.0021426457,-0.0012026506,0.014737323
-0.002782243,-0.0021438794,-0.0012032391,0.014739409
-0.0027834433,-0.0021451153,-0.0012038274,0.014741498
-0.002784643,-0.0021463507,-0.0012044157,0.014743585
-0.0027858438,-0.0021475896,-0.0012050052,0.014745671
-0.0027870452,-0.0021488287,-0.0012055944,0.014747768
-0.0027882473,-0.0021500657,-0.0012061838,0.0147498585
-0.002789448,-0.0021513035,-0.0012067732,0.014751945
-0.002790652,-0.0021525426,-0.0012073629,0.014754034
-0.0027918543,-0.0021537812,-0.0012079526,0.0147561245
-0.0027930583,-0.0021550227,-0.0012085435,0.01475822
-0.002794261,-0.002156263,-0.001209134,0.01476031
-0.0027954658,-0.0021575033,-0.0012097242,0.014762402
-0.0027966686,-0.0021587436,-0.0012103145,0.014764488
-0.0027978746,-0.0021599843,-0.0012109063,0.014766587
-0.0027990802,-0.0021612262,-0.0012114976,0.014768678
-0.0028002854,-0.0021624684,-0.0012120886,0.014770767
-0.00280149,-0.0021637124,-0.00121268,0.014772858
-0.002802698,-0.0021649553,-0.0012132721,0.014774955
-0.002803904,-0.0021661993,-0.0012138642,0.014777049
-0.0028051117,-0.0021674437,-0.0012144563,0.014779147
-0.0028063194,-0.0021686866,-0.0012150488,0.014781237
-0.0028075264,-0.0021699318,-0.0012156416,0.014783333
-0.0028087348,-0.002171178,-0.0012162342,0.014785428
-0.0028099434,-0.0021724242,-0.0012168272,0.014787528
-0.0028111525,-0.0021736696,-0.0012174207,0.014789619
-0.0028123623,-0.0021749148,-0.0012180137,0.014791718
-0.0028135711,-0.002176161,-0.0012186074,0.014793811
-0.0028147819,-0.0021774096,-0.001219201,0.014795909
-0.002815992,-0.002178659,-0.0012197953,0.014798004
-0.002817203,-0.0021799074,-0.0012203899,0.014800105
-0.002818415,-0.0021811568,-0.001220984,0.014802203
-0.0028196261,-0.002182404,-0.001221579,0.0148043
-0.0028208387,-0.0021836553,-0.001222174,0.014806401
-0.0028220506,-0.0021849058,-0.0012227684,0.014808502
-0.0028232639,-0.0021861563,-0.0012233643,0.014810596
-0.0028244783,-0.0021874087,-0.0012239596,0.014812696
-0.0028256911,-0.0021886588,-0.0012245548,0.0148148
-0.0028269049,-0.0021899114,-0.0012251509,0.014816902
-0.00282812,-0.0021911648,-0.0012257472,0.014818999
-0.0028293347,-0.0021924158,-0.0012263437,0.014821097
-0.0028305508,-0.0021936714,-0.0012269404,0.014823202
-0.002831767,-0.0021949243,-0.0012275368,0.014825306
-0.0028329836,-0.002196177,-0.0012281341,0.01482741
-0.0028341995,-0.0021974335,-0.0012287312,0.014829515
-0.0028354153,-0.0021986864,-0.0012293282,0.014831616
-0.0028366332,-0.0021999418,-0.0012299255,0.014833719
-0.0028378507,-0.0022011981,-0.0012305233,0.014835819
-0.0028390693,-0.0022024536,-0.0012311211,0.014837921
-0.0028402878,-0.0022037113,-0.0012317194,0.014840035
-0.0028415076,-0.0022049667,-0.0012323176,0.014842133
-0.0028427257,-0.0022062266,-0.0012329167,0.014844242
-0.0028439453,-0.0022074836,-0.0012335153,0.014846342
-0.0028451653,-0.002208743,-0.0012341144,0.014848456
-0.002846386,-0.0022100024,-0.0012347135,0.014850561
-0.002847606,-0.0022112601,-0.001235313,0.014852664
-0.002848828,-0.002212522,-0.0012359124,0.01485477
-0.00285005,-0.0022137826,-0.0012365128,0.014856877
-0.002851272,-0.002215044,-0.0012371124,0.01485899
-0.0028524944,-0.002216305,-0.0012377127,0.014861098
-0.0028537172,-0.0022175661,-0.0012383128,0.014863206
-0.002854941,-0.0022188271,-0.0012389133,0.014865309
-0.0028561652,-0.0022200898,-0.0012395148,0.014867421
-0.002857389,-0.0022213534,-0.0012401161,0.014869532
-0.0028586134,-0.0022226162,-0.0012407169,0.014871641
-0.0028598374,-0.0022238805,-0.0012413183,0.01487375
-0.0028610625,-0.002225145,-0.0012419198,0.014875865
-0.0028622877,-0.0022264095,-0.0012425219,0.014877974
-0.0028635138,-0.0022276745,-0.0012431238,0.014880083
-0.0028647408,-0.0022289408,-0.0012437266,0.0148821995
-0.0028659687,-0.0022302077,-0.0012443286,0.014884307
-0.0028671958,-0.0022314736,-0.0012449317,0.014886423
-0.0028684232,-0.0022327406,-0.0012455345,0.014888532
-0.0028696505,-0.0022340072,-0.0012461378,0.014890651
-0.0028708796,-0.0022352764,-0.0012467409,0.014892761
-0.002872109,-0.0022365446,-0.0012473448,0.014894879
-0.0028733376,-0.002237815,-0.0012479485,0.014896989
-0.0028745679,-0.0022390839,-0.0012485525,0.014899104
-0.0028757984,-0.0022403533,-0.0012491567,0.014901223
-0.0028770284,-0.002241625,-0.0012497614,0.014903333
-0.0028782599,-0.0022428962,-0.0012503663,0.014905452
-0.0028794915,-0.0022441659,-0.0012509705,0.014907571
-0.0028807227,-0.0022454374,-0.0012515761,0.014909684
-0.0028819554,-0.002246708,-0.0012521811,0.014911803
-0.002883188,-0.0022479827,-0.0012527867,0.014913923
-0.0028844203,-0.0022492544,-0.0012533921,0.014916033
-0.0028856543,-0.0022505294,-0.001253998,0.014918154
-0.0028868886,-0.002251802,-0.0012546044,0.014920275
-0.0028881216,-0.002253077,-0.0012552105,0.014922394
-0.0028893554,-0.0022543524,-0.0012558171,0.014924515
-0.0028905915,-0.002255626,-0.0012564237,0.014926638
-0.002891827,-0.0022569015,-0.0012570308,0.014928758
-0.002893063,-0.0022581778,-0.0012576377,0.01493087
-0.002894299,-0.0022594535,-0.0012582452,0.014932992
-0.0028955347,-0.002260731,-0.0012588527,0.01493511
-0.0028967722,-0.0022620084,-0.0012594602,0.014937236
-0.002898008,-0.0022632862,-0.0012600683,0.014939357
-0.0028992472,-0.0022645649,-0.0012606762,0.014941478
-0.0029004856,-0.0022658452,-0.0012612854,0.014943602
-0.0029017264,-0.0022671241,-0.0012618939,0.01494573
-0.0029029632,-0.0022684026,-0.0012625024,0.0149478465
-0.0029042035,-0.0022696825,-0.0012631117,0.0149499765
-0.0029054428,-0.0022709626,-0.0012637207,0.014952095
-0.002906683,-0.0022722431,-0.0012643301,0.014954224
-0.002907924,-0.0022735256,-0.0012649398,0.0149563495
-0.0029091656,-0.0022748085,-0.0012655503,0.014958474
-0.0029104073,-0.002276092,-0.0012661604,0.014960596
-0.0029116487,-0.0022773747,-0.0012667708,0.014962727
-0.0029128909,-0.0022786558,-0.001267381,0.014964854
-0.0029141344,-0.0022799396,-0.0012679917,0.01496698
-0.0029153768,-0.0022812248,-0.0012686024,0.014969105
-0.00291662,-0.0022825103,-0.0012692139,0.014971236
-0.0029178644,-0.0022837953,-0.0012698253,0.014973363
-0.0029191084,-0.0022850807,-0.001270437,0.014975486
-0.0029203526,-0.002286368,-0.0012710489,0.014977622
-0.002921598,-0.0022876542,-0.0012716608,0.014979748
-0.0029228446,-0.0022889418,-0.0012722731,0.01498188
-0.0029240898,-0.0022902284,-0.0012728852,0.014984011
-0.002925336,-0.0022915145,-0.0012734983,0.014986133
-0.0029265843,-0.0022928035,-0.0012741112,0.014988268
-0.0029278311,-0.002294092,-0.0012747241,0.0149904
-0.0029290784,-0.0022953814,-0.0012753375,0.014992531
-0.0029303262,-0.0022966731,-0.0012759509,0.014994665
-0.002931575,-0.0022979612,-0.0012765648,0.014996796
-0.0029328247,-0.002299253,-0.0012771792,0.0149989305
-0.002934075,-0.002300543,-0.0012777932,0.015001065
-0.0029353234,-0.0023018355,-0.0012784076,0.015003193
-0.0029365744,-0.0023031288,-0.0012790225,0.015005331
-0.0029378242,-0.0023044199,-0.001279637,0.015007461
-0.0029390757,-0.002305714,-0.0012802518,0.015009597
-0.0029403276,-0.0023070078,-0.0012808674,0.015011735
-0.002941579,-0.002308302,-0.001281483,0.01501387
-0.002942831,-0.0023095948,-0.0012820982,0.015015999
-0.002944084,-0.0023108888,-0.0012827141,0.015018138
-0.002945338,-0.0023121857,-0.0012833304,0.015020279
-0.0029465908,-0.0023134819,-0.001283947,0.0150224175
-0.002947844,-0.0023147766,-0.0012845633,0.015024552
-0.0029490981,-0.0023160733,-0.0012851803,0.015026691
-0.002950355,-0.0023173704,-0.0012857973,0.015028831
-0.0029516087,-0.0023186672,-0.0012864147,0.015030964
-0.0029528644,-0.002319966,-0.001287032,0.01503311
-0.0029541212,-0.0023212659,-0.00128765,0.015035248
-0.0029553776,-0.0023225637,-0.0012882678,0.015037383
-0.002956634,-0.0023238622,-0.0012888851,0.015039526
-0.0029578912,-0.0023251632,-0.0012895036,0.015041668
-0.0029591487,-0.0023264629,-0.0012901222,0.01504381
-0.0029604067,-0.0023277635,-0.0012907408,0.01504595
-0.0029616663,-0.0023290669,-0.0012913604,0.015048089
-0.0029629252,-0.0023303707,-0.0012919796,0.015050232
-0.0029641844,-0.0023316725,-0.0012925984,0.015052374
