2.4863848e-05,1.2316033e-07,8.59142e-06,0.0002641052
2.4853582e-05,1.2306148e-07,8.5890615e-06,0.00026428004
2.4843745e-05,1.2296458e-07,8.586899e-06,0.0002644635
2.4833847e-05,1.2286624e-07,8.58477e-06,0.00026465618
2.4823568e-05,1.2276539e-07,8.58251e-06,0.00026484643
2.481334e-05,1.2266557e-07,8.5802185e-06,0.00026503182
2.4801535e-05,1.2255728e-07,8.577305e-06,0.0002652024
2.4792145e-05,1.2246556e-07,8.575261e-06,0.0002653766
2.4783563e-05,1.2237555e-07,8.5735755e-06,0.00026557653
2.4774112e-05,1.222785e-07,8.571678e-06,0.00026578523
2.476211e-05,1.2216671e-07,8.568802e-06,0.00026597173
2.4752144e-05,1.220711e-07,8.566563e-06,0.0002661457
2.4743178e-05,1.2198021e-07,8.564717e-06,0.0002663376
2.4733903e-05,1.2188508e-07,8.562838e-06,0.00026654257
2.4723977e-05,1.2178597e-07,8.560733e-06,0.00026674513
2.471367e-05,1.2168577e-07,8.558479e-06,0.00026693867
2.4703446e-05,1.2158706e-07,8.556194e-06,0.00026712578
2.469353e-05,1.2149063e-07,8.554007e-06,0.00026731225
2.468385e-05,1.2139498e-07,8.551903e-06,0.00026750262
2.4674106e-05,1.2129914e-07,8.549816e-06,0.00026769572
2.4664363e-05,1.2120306e-07,8.547729e-06,0.00026789025
2.4652794e-05,1.2109665e-07,8.544907e-06,0.00026806752
2.4643552e-05,1.210067e-07,8.542904e-06,0.0002682439
2.4635165e-05,1.2091927e-07,8.54129e-06,0.00026844518
2.4626052e-05,1.2082555e-07,8.539531e-06,0.00026865973
2.4616165e-05,1.2072708e-07,8.537462e-06,0.00026886747
2.4606e-05,1.2062846e-07,8.535233e-06,0.00026906337
2.4594363e-05,1.2052243e-07,8.532351e-06,0.00026923526
2.4580102e-05,1.2040478e-07,8.528317e-06,0.00026935796
2.45685e-05,1.2030848e-07,8.52508e-06,0.0002694612
2.4561872e-05,1.202393e-07,8.523812e-06,0.00026962176
2.4558989e-05,1.201829e-07,8.524414e-06,0.00026988715
2.4551004e-05,1.2008655e-07,8.523471e-06,0.000270186
2.4537429e-05,1.199611e-07,8.520236e-06,0.00027040805
2.4524163e-05,1.1984858e-07,8.516711e-06,0.00027055194
2.4503724e-05,1.1969976e-07,8.510003e-06,0.00027058393
2.4497253e-05,1.1964578e-07,8.508298e-06,0.00027064144
2.450099e-05,1.1963391e-07,8.511155e-06,0.00027092022
2.4497514e-05,1.195568e-07,8.512245e-06,0.00027131898
2.44874e-05,1.194409e-07,8.510895e-06,0.00027166112
2.4472669e-05,1.193085e-07,8.507261e-06,0.0002718782
2.4324674e-05,1.18433555e-07,8.449722e-06,0.00027064685
2.4263794e-05,1.1828118e-07,8.417969e-06,0.0002685204
2.438325e-05,1.19127606e-07,8.457543e-06,0.00026840655
2.4480187e-05,1.1953354e-07,8.500886e-06,0.0002704653
2.4488942e-05,1.193152e-07,8.516223e-06,0.00027261963
2.4244877e-05,1.1774681e-07,8.427785e-06,0.0002716103
2.4264218e-05,1.18126515e-07,8.425968e-06,0.00026969632
2.4389778e-05,1.18909334e-07,8.471056e-06,0.0002703939
2.4455418e-05,1.1907683e-07,8.505183e-06,0.00027261805
2.443662e-05,1.1872396e-07,8.508996e-06,0.0002743558
2.4374376e-05,1.18242276e-07,8.490935e-06,0.00027476408
2.4332883e-05,1.1800727e-07,8.475112e-06,0.00027435186
2.4327239e-05,1.180075e-07,8.471443e-06,0.00027403224
2.4337356e-05,1.18055674e-07,8.475581e-06,0.00027418742
2.4336246e-05,1.17995675e-07,8.477359e-06,0.0002745889
2.4326477e-05,1.17881974e-07,8.476179e-06,0.00027494668
2.4314997e-05,1.1776915e-07,8.473867e-06,0.00027520471
2.430394e-05,1.1766733e-07,8.47133e-06,0.0002753999
2.4287832e-05,1.17541155e-07,8.466533e-06,0.00027550993
2.4278894e-05,1.1746517e-07,8.4641915e-06,0.00027561473
2.4273682e-05,1.17402905e-07,8.463562e-06,0.00027581264
2.426049e-05,1.17288764e-07,8.460124e-06,0.000275992
2.4254381e-05,1.17222335e-07,8.4591875e-06,0.0002761765
2.4251562e-05,1.1716646e-07,8.459865e-06,0.0002764604
2.4248695e-05,1.17100996e-07,8.460963e-06,0.0002768201
2.4240904e-05,1.17003985e-07,8.4603325e-06,0.00027716573
2.4229326e-05,1.1689168e-07,8.457912e-06,0.00027741972
2.421784e-05,1.16788826e-07,8.4551875e-06,0.00027760834
2.4208233e-05,1.1670032e-07,8.452929e-06,0.00027777907
2.420004e-05,1.1661988e-07,8.451269e-06,0.000277969
2.4192219e-05,1.165385e-07,8.449866e-06,0.00027818422
2.4178955e-05,1.16425305e-07,8.446385e-06,0.0002783569
2.4165394e-05,1.16318425e-07,8.44244e-06,0.00027846175
2.4154242e-05,1.1622927e-07,8.439237e-06,0.00027855465
2.404897e-05,1.15615265e-07,8.398241e-06,0.0002776652
2.4082561e-05,1.1592595e-07,8.4068315e-06,0.0002769856
2.415165e-05,1.1628671e-07,8.434521e-06,0.00027789027
2.415793e-05,1.1616622e-07,8.4437115e-06,0.00027922055
2.4142133e-05,1.15957356e-07,8.443439e-06,0.0002800546
2.4117762e-05,1.1575185e-07,8.437257e-06,0.0002803794
2.3988334e-05,1.15004624e-07,8.38686e-06,0.0002792461
2.4003955e-05,1.1525166e-07,8.386684e-06,0.0002780633
2.4083172e-05,1.15715096e-07,8.416217e-06,0.00027868344
2.4120378e-05,1.15774924e-07,8.437175e-06,0.00028027385
2.4104982e-05,1.1552424e-07,8.438849e-06,0.00028148585
2.4066916e-05,1.15221326e-07,8.428426e-06,0.00028185797
2.4042894e-05,1.1506913e-07,8.420119e-06,0.00028176582
2.4033789e-05,1.1501427e-07,8.416682e-06,0.00028169682
2.4033558e-05,1.1499299e-07,8.417437e-06,0.00028185127
2.4031635e-05,1.1494037e-07,8.418496e-06,0.00028217086
2.4022722e-05,1.1484185e-07,8.417244e-06,0.0002824841
2.4009896e-05,1.14728344e-07,8.41413e-06,0.0002826988
2.40003e-05,1.14642376e-07,8.411916e-06,0.00028286915
2.3993183e-05,1.1456948e-07,8.410616e-06,0.00028306793
2.3986388e-05,1.14494654e-07,8.409621e-06,0.000283302
2.3980145e-05,1.14420864e-07,8.408995e-06,0.00028356246
2.3971019e-05,1.1432838e-07,8.40728e-06,0.000283812
2.3905348e-05,1.1393001e-07,8.382685e-06,0.00028341648
2.3904773e-05,1.1398011e-07,8.380415e-06,0.0002829374
2.3937106e-05,1.1415405e-07,8.393133e-06,0.0002833063
2.3945835e-05,1.141178e-07,8.400228e-06,0.00028410845
2.3912198e-05,1.1384671e-07,8.390907e-06,0.00028448208
2.3911653e-05,1.138213e-07,8.3921395e-06,0.00028466302
2.3918357e-05,1.13815545e-07,8.396703e-06,0.00028509612
2.3915054e-05,1.1373396e-07,8.3983205e-06,0.0002856007
2.3903129e-05,1.1361036e-07,8.396366e-06,0.0002859679
2.3889655e-05,1.134946e-07,8.393053e-06,0.00028617866
2.3877541e-05,1.1339734e-07,8.389708e-06,0.00028630908
2.387071e-05,1.13332156e-07,8.388282e-06,0.0002864666
2.3865403e-05,1.13268726e-07,8.38777e-06,0.00028669904
2.3855664e-05,1.1317586e-07,8.385722e-06,0.00028693085
2.3845654e-05,1.13085335e-07,8.383436e-06,0.00028712375
2.384038e-05,1.1302345e-07,8.382907e-06,0.0002873483
2.3835013e-05,1.1295481e-07,8.382604e-06,0.00028762614
2.3827562e-05,1.1287201e-07,8.381614e-06,0.00028790536
2.3818815e-05,1.1278432e-07,8.380063e-06,0.00028815574
2.3810117e-05,1.1269926e-07,8.3783525e-06,0.00028838243
2.3801967e-05,1.12618785e-07,8.376818e-06,0.00028860103
2.3791163e-05,1.12524425e-07,8.374182e-06,0.00028878928
2.3783314e-05,1.1245008e-07,8.372569e-06,0.00028897406
2.3778504e-05,1.12389735e-07,8.372266e-06,0.00028921542
2.3772702e-05,1.1231814e-07,8.371835e-06,0.00028949924
2.3761728e-05,1.1221729e-07,8.369424e-06,0.00028973806
2.3751123e-05,1.121254e-07,8.366839e-06,0.00028991624
2.3744491e-05,1.1205858e-07,8.365673e-06,0.00029011033
2.373715e-05,1.1198316e-07,8.364413e-06,0.00029033853
2.3729343e-05,1.1190427e-07,8.363025e-06,0.00029057107
2.3721515e-05,1.11825436e-07,8.361637e-06,0.0002908027
2.371387e-05,1.117476e-07,8.360314e-06,0.00029103478
2.3706227e-05,1.11669834e-07,8.359006e-06,0.0002912693
2.3700195e-05,1.1160064e-07,8.358336e-06,0.00029152347
2.3693505e-05,1.1152563e-07,8.35754e-06,0.00029179227
2.3685734e-05,1.114444e-07,8.356296e-06,0.0002920516
2.3679066e-05,1.1137099e-07,8.355467e-06,0.00029231005
2.365505e-05,1.1120308e-07,8.34763e-06,0.00029237947
2.3647852e-05,1.1115251e-07,8.345449e-06,0.00029239673
2.3651077e-05,1.11144885e-07,8.3478535e-06,0.0002926499
2.3653405e-05,1.1111043e-07,8.350989e-06,0.00029309766
2.3647675e-05,1.1102294e-07,8.351437e-06,0.000293545
2.3636721e-05,1.10914684e-07,8.349492e-06,0.00029386583
2.3624167e-05,1.10809594e-07,8.346308e-06,0.00029406085
2.3574688e-05,1.1051557e-07,8.327751e-06,0.00029375326
2.3562588e-05,1.10482375e-07,8.32159e-06,0.00029330645
2.355919e-05,1.1046921e-07,8.319702e-06,0.0002932072
2.3547194e-05,1.10383574e-07,8.315751e-06,0.00029325
2.3526853e-05,1.1025354e-07,8.308537e-06,0.00029319743
2.3511753e-05,1.10164315e-07,8.302898e-06,0.00029308954
2.350608e-05,1.1012398e-07,8.3010445e-06,0.00029310663
2.3506978e-05,1.1010308e-07,8.302581e-06,0.0002933425
2.350626e-05,1.10055744e-07,8.304323e-06,0.0002937261
2.3499697e-05,1.09970955e-07,8.304118e-06,0.000294104
2.354444e-05,1.1016568e-07,8.324464e-06,0.00029502605
2.3565704e-05,1.1015885e-07,8.338622e-06,0.00029639283
2.3550005e-05,1.0995376e-07,8.338432e-06,0.00029735264
2.3524548e-05,1.097524e-07,8.33177e-06,0.0002976808
2.350831e-05,1.09641825e-07,8.326591e-06,0.00029771455
2.349712e-05,1.0956552e-07,8.3228915e-06,0.00029773384
2.3494431e-05,1.0953063e-07,8.322765e-06,0.00029788428
2.349244e-05,1.094852e-07,8.323606e-06,0.0002981814
2.348713e-05,1.0941411e-07,8.323544e-06,0.0002985187
2.3479226e-05,1.0932983e-07,8.322463e-06,0.000298819
2.3472332e-05,1.09255424e-07,8.321575e-06,0.00029909087
2.346546e-05,1.0918188e-07,8.320652e-06,0.00029935667
2.3458411e-05,1.0910788e-07,8.319637e-06,0.00029961846
2.3451366e-05,1.0903402e-07,8.3185905e-06,0.0002998756
2.3441344e-05,1.0894505e-07,8.316337e-06,0.00030009518
2.343571e-05,1.08883874e-07,8.31564e-06,0.00030032036
2.3430954e-05,1.0882334e-07,8.315449e-06,0.0003005973
2.342188e-05,1.0873663e-07,8.313705e-06,0.00030085587
2.3412838e-05,1.0865505e-07,8.31177e-06,0.00030106815
2.340404e-05,1.0857704e-07,8.309788e-06,0.0003012605
2.3396899e-05,1.08508715e-07,8.30841e-06,0.0003014633
2.3386301e-05,1.0841987e-07,8.305748e-06,0.00030164694
2.3292792e-05,1.078999e-07,8.269186e-06,0.0003007942
2.330732e-05,1.0807373e-07,8.270779e-06,0.00029999565
2.3349978e-05,1.0829618e-07,8.287455e-06,0.0003005065
2.3373228e-05,1.0832623e-07,8.3011555e-06,0.00030167116
2.3362674e-05,1.0816251e-07,8.302327e-06,0.0003025967
2.3321907e-05,1.0788302e-07,8.2893675e-06,0.00030275102
2.3300267e-05,1.0776908e-07,8.280913e-06,0.00030248624
2.3306198e-05,1.0780372e-07,8.283093e-06,0.00030251133
2.3305915e-05,1.0776692e-07,8.2845145e-06,0.00030284165
2.3278233e-05,1.0757758e-07,8.275497e-06,0.00030293636
2.3300225e-05,1.0768402e-07,8.285052e-06,0.00030327437
2.3318527e-05,1.0771463e-07,8.295457e-06,0.0003041315
2.3306993e-05,1.0756741e-07,8.295156e-06,0.00030484953
2.327336e-05,1.0733839e-07,8.284436e-06,0.00030496926
2.3258912e-05,1.0725786e-07,8.278987e-06,0.00030483212
2.3257715e-05,1.0724261e-07,8.278891e-06,0.00030489604
2.3202141e-05,1.0692277e-07,8.257681e-06,0.000304508
2.3229637e-05,1.0710555e-07,8.267151e-06,0.00030442644
2.326637e-05,1.0724865e-07,8.28401e-06,0.00030535145
2.3272081e-05,1.0717258e-07,8.291549e-06,0.00030647434
2.3239189e-05,1.06914e-07,8.28284e-06,0.00030695292
2.3226577e-05,1.0682615e-07,8.279176e-06,0.00030701642
2.3235354e-05,1.0685122e-07,8.283741e-06,0.00030732327
2.3239592e-05,1.06822476e-07,8.287913e-06,0.00030787828
2.3209997e-05,1.0661059e-07,8.278828e-06,0.00030809874
2.3209283e-05,1.0659432e-07,8.279411e-06,0.0003082065
2.3211856e-05,1.0657521e-07,8.281986e-06,0.00030856102
2.3211349e-05,1.0652552e-07,8.284118e-06,0.0003090243
2.3205022e-05,1.0644317e-07,8.284103e-06,0.0003094431
2.3195906e-05,1.0635387e-07,8.282586e-06,0.00030975445
2.3187366e-05,1.06275195e-07,8.280912e-06,0.00030999308
2.3180557e-05,1.0620813e-07,8.279759e-06,0.0003102248
2.317322e-05,1.0613744e-07,8.278449e-06,0.00031046176
2.3168093e-05,1.0607885e-07,8.2780225e-06,0.0003107217
2.3160095e-05,1.06002105e-07,8.276554e-06,0.0003109768
2.3155415e-05,1.05945e-07,8.276333e-06,0.00031124632
2.3022389e-05,1.0522464e-07,8.223869e-06,0.0003099402
2.2888142e-05,1.04682044e-07,8.162191e-06,0.00030667917
2.3011984e-05,1.0556154e-07,8.20025e-06,0.00030570006
2.3134498e-05,1.0610567e-07,8.252846e-06,0.00030811544
2.3134013e-05,1.0585541e-07,8.265006e-06,0.0003106616
2.2996619e-05,1.05003295e-07,8.2173e-06,0.0003104594
2.3024946e-05,1.0524812e-07,8.224842e-06,0.00030976476
2.3088092e-05,1.0555239e-07,8.250816e-06,0.00031076375
2.3049352e-05,1.05225034e-07,8.241236e-06,0.00031160607
2.3038472e-05,1.0513676e-07,8.239114e-06,0.00031180066
2.3057337e-05,1.05206276e-07,8.248156e-06,0.00031231795
2.306251e-05,1.05165654e-07,8.253584e-06,0.0003130836
2.3052928e-05,1.0504978e-07,8.253207e-06,0.00031365978
2.303233e-05,1.048988e-07,8.24729e-06,0.00031387183
2.2981132e-05,1.04617975e-07,8.227462e-06,0.00031341144
2.2953938e-05,1.0451655e-07,8.21459e-06,0.00031264764
2.2971219e-05,1.0463563e-07,8.21987e-06,0.00031252098
2.298687e-05,1.0467975e-07,8.227746e-06,0.0003130863
2.3016251e-05,1.0476434e-07,8.243107e-06,0.00031414928
2.2994931e-05,1.0455494e-07,8.23957e-06,0.00031494704
2.2947383e-05,1.0426736e-07,8.2228025e-06,0.00031481113
2.2962202e-05,1.0436286e-07,8.228074e-06,0.00031477332
2.2983944e-05,1.0443615e-07,8.238564e-06,0.00031544518
2.3016422e-05,1.0452602e-07,8.255679e-06,0.00031666522
2.3021303e-05,1.0444181e-07,8.2633505e-06,0.00031790268
2.300647e-05,1.0428059e-07,8.262011e-06,0.0003186377
2.2988901e-05,1.0414463e-07,8.25749e-06,0.0003189118
2.2973603e-05,1.0404278e-07,8.252578e-06,0.00031896832
2.2967599e-05,1.0399606e-07,8.250971e-06,0.0003190553
2.296832e-05,1.03974735e-07,8.252529e-06,0.00031932513
2.296681e-05,1.03928144e-07,8.2538845e-06,0.0003197198
2.2959935e-05,1.03850766e-07,8.253301e-06,0.0003200854
2.2953345e-05,1.0378077e-07,8.25256e-06,0.00032039094
2.2944525e-05,1.0370181e-07,8.250766e-06,0.00032064208
2.2938706e-05,1.0364269e-07,8.249964e-06,0.00032088452
2.2935556e-05,1.03594665e-07,8.25034e-06,0.00032118344
2.2931357e-05,1.03537076e-07,8.25053e-06,0.00032152067
2.2924229e-05,1.0346385e-07,8.249585e-06,0.0003218291
2.291717e-05,1.033947e-07,8.248469e-06,0.0003220973
2.2911181e-05,1.03332695e-07,8.247698e-06,0.00032236177
2.290725e-05,1.0328038e-07,8.247793e-06,0.00032265866
2.2901202e-05,1.0321451e-07,8.247179e-06,0.00032296297
2.2896134e-05,1.03155074e-07,8.246911e-06,0.0003232642
2.288801e-05,1.0307955e-07,8.245402e-06,0.00032353296
2.28807e-05,1.03012034e-07,8.244049e-06,0.00032376955
2.2873654e-05,1.0294663e-07,8.242744e-06,0.0003240005
2.2872062e-05,1.02908736e-07,8.243672e-06,0.00032430323
2.2867813e-05,1.02850066e-07,8.243892e-06,0.0003246577
2.2862927e-05,1.0278819e-07,8.243876e-06,0.00032500198
2.2856999e-05,1.0272234e-07,8.243389e-06,0.00032532302
2.2849434e-05,1.0264987e-07,8.2421475e-06,0.0003256019
2.2844119e-05,1.02591834e-07,8.241613e-06,0.00032587265
2.2837934e-05,1.02528354e-07,8.240826e-06,0.00032615045
2.2824976e-05,1.0243111e-07,8.237227e-06,0.00032633235
2.282271e-05,1.0239732e-07,8.237541e-06,0.00032654576
2.2820297e-05,1.023525e-07,8.238217e-06,0.00032687554
2.2816837e-05,1.0229806e-07,8.238798e-06,0.00032724367
2.281005e-05,1.0222589e-07,8.238028e-06,0.00032757665
2.280431e-05,1.0216351e-07,8.2374945e-06,0.00032787526
2.2798939e-05,1.02103606e-07,8.23707e-06,0.0003281729
2.2793549e-05,1.0204346e-07,8.236645e-06,0.00032847238
2.278805e-05,1.0198245e-07,8.2361585e-06,0.00032877122
2.2782488e-05,1.0192178e-07,8.235672e-06,0.00032906779
2.27784e-05,1.0186834e-07,8.23575e-06,0.00032938248
2.2773691e-05,1.0180987e-07,8.235672e-06,0.00032971165
2.2768154e-05,1.0174755e-07,8.235279e-06,0.00033002984
2.2762355e-05,1.0168488e-07,8.234729e-06,0.00033033165
2.2756692e-05,1.016242e-07,8.234164e-06,0.00033062522
2.2751268e-05,1.0156481e-07,8.233693e-06,0.00033091934
2.274463e-05,1.01498955e-07,8.232703e-06,0.00033119894
2.27386e-05,1.01438005e-07,8.231903e-06,0.00033146705
2.2731967e-05,1.0137437e-07,8.230866e-06,0.00033172936
2.272904e-05,1.0132962e-07,8.23129e-06,0.00033203303
2.2557904e-05,1.0044781e-07,8.162655e-06,0.00033008048
2.2624195e-05,1.00967306e-07,8.180314e-06,0.00032869383
2.2720547e-05,1.0142242e-07,8.219899e-06,0.0003302693
2.2750233e-05,1.0140288e-07,8.240794e-06,0.00033262567
2.2730504e-05,1.011619e-07,8.24084e-06,0.00033404928
2.2702448e-05,1.0095748e-07,8.233331e-06,0.00033444367
2.2685797e-05,1.00857015e-07,8.227648e-06,0.00033442295
2.2680626e-05,1.00820564e-07,8.226063e-06,0.00033446692
2.2678247e-05,1.0078634e-07,8.2262195e-06,0.0003346876
2.2675307e-05,1.0074031e-07,8.226691e-06,0.0003350093
2.2670896e-05,1.0068364e-07,8.226737e-06,0.0003353537
2.265181e-05,1.0055525e-07,8.220777e-06,0.00033549278
2.2654189e-05,1.00552185e-07,8.222627e-06,0.00033568917
2.2657756e-05,1.0053541e-07,8.225858e-06,0.0003361393
2.2654907e-05,1.00476555e-07,8.22713e-06,0.0003366305
2.2648015e-05,1.0040116e-07,8.226596e-06,0.00033702407
2.2639444e-05,1.0032478e-07,8.224964e-06,0.00033730912
2.263424e-05,1.0027037e-07,8.224415e-06,0.0003375722
2.2630249e-05,1.0022017e-07,8.224415e-06,0.00033787542
2.2626042e-05,1.00166474e-07,8.224494e-06,0.00033820662
2.2621209e-05,1.0010927e-07,8.224352e-06,0.00033853785
2.2615945e-05,1.00050386e-07,8.22396e-06,0.0003388516
2.2608032e-05,9.9979516e-08,8.222486e-06,0.00033912263
2.2593416e-05,9.987983e-08,8.218032e-06,0.00033925293
2.259542e-05,9.987173e-08,8.219835e-06,0.00033948294
2.2591952e-05,9.982021e-08,8.220227e-06,0.0003398468
2.2492995e-05,9.930142e-08,8.181296e-06,0.00033886934
2.2459386e-05,9.9228245e-08,8.162779e-06,0.00033724288
2.2525355e-05,9.9615185e-08,8.186057e-06,0.00033736182
2.2588623e-05,9.984383e-08,8.21601e-06,0.0003392355
2.2603186e-05,9.976949e-08,8.230033e-06,0.00034123007
2.2585158e-05,9.9570556e-08,8.229091e-06,0.00034234909
2.256285e-05,9.9409434e-08,8.223081e-06,0.00034267455
2.2550115e-05,9.932851e-08,8.218974e-06,0.00034271865
2.2545855e-05,9.929214e-08,8.218064e-06,0.00034284146
2.2524035e-05,9.916089e-08,8.210372e-06,0.00034283134
2.2531322e-05,9.9189826e-08,8.21377e-06,0.00034299673
2.2534676e-05,9.917054e-08,8.216998e-06,0.00034348058
2.2525308e-05,9.908073e-08,8.215604e-06,0.00034389165
2.2522343e-05,9.903453e-08,8.216183e-06,0.00034423397
2.2516824e-05,9.897373e-08,8.215791e-06,0.0003445734
2.251232e-05,9.891995e-08,8.215713e-06,0.000344901
2.2502509e-05,9.883988e-08,8.213441e-06,0.0003451552
2.2499138e-05,9.879813e-08,8.213488e-06,0.00034541482
2.249953e-05,9.87695e-08,8.215322e-06,0.0003457966
2.249584e-05,9.871375e-08,8.215901e-06,0.00034621407
2.2490136e-05,9.8650034e-08,8.215572e-06,0.00034657694
2.248308e-05,9.8583826e-08,8.21446e-06,0.000346872
2.2480079e-05,9.854059e-08,8.214819e-06,0.00034718058
2.2476926e-05,9.849323e-08,8.215305e-06,0.00034753646
2.2473843e-05,9.84443e-08,8.215947e-06,0.00034791496
2.2465463e-05,9.836923e-08,8.214428e-06,0.0003482268
2.2461007e-05,9.831962e-08,8.214176e-06,0.00034851066
2.2460239e-05,9.828549e-08,8.21554e-06,0.0003488756
2.2456192e-05,9.82302e-08,8.2158695e-06,0.00034926753
2.245069e-05,9.8169416e-08,8.215524e-06,0.00034961686
2.2445296e-05,9.8112054e-08,8.215054e-06,0.00034993255
2.2439197e-05,9.805228e-08,8.214239e-06,0.00035022487
2.243543e-05,9.800517e-08,8.214318e-06,0.00035053308
2.242912e-05,9.794368e-08,8.213456e-06,0.0003508339
2.2426213e-05,9.7900624e-08,8.213863e-06,0.00035115567
2.242172e-05,9.784678e-08,8.213817e-06,0.00035149854
2.2415436e-05,9.778493e-08,8.213033e-06,0.00035180894
2.2412702e-05,9.77425e-08,8.213534e-06,0.00035213763
2.2402977e-05,9.7663396e-08,8.211326e-06,0.00035240757
2.2396738e-05,9.7608364e-08,8.210183e-06,0.00035263135
2.2397018e-05,9.758379e-08,8.211764e-06,0.00035296526
2.2398257e-05,9.755477e-08,8.214192e-06,0.0003534301
2.2380727e-05,9.743092e-08,8.2091965e-06,0.00035368756
2.2364082e-05,9.7332666e-08,8.203405e-06,0.0003536704
2.2374707e-05,9.73738e-08,8.208351e-06,0.00035394053
2.2363338e-05,9.727921e-08,8.2057995e-06,0.0003542959
2.2365983e-05,9.7265485e-08,8.208476e-06,0.00035467086
2.2372365e-05,9.725797e-08,8.213221e-06,0.00035525614
2.2366907e-05,9.718444e-08,8.213674e-06,0.00035580172
2.2121805e-05,9.597969e-08,8.113957e-06,0.00035260612
2.2159053e-05,9.6427506e-08,8.114748e-06,0.00034949323
2.2321665e-05,9.726224e-08,8.177612e-06,0.00035114365
2.2406506e-05,9.746326e-08,8.22366e-06,0.00035510684
2.2391207e-05,9.716646e-08,8.23055e-06,0.00035787417
2.2346601e-05,9.684859e-08,8.218798e-06,0.00035862808
2.2322716e-05,9.6719646e-08,8.210071e-06,0.00035846233
2.2319053e-05,9.670313e-08,8.20849e-06,0.00035838585
2.2316008e-05,9.6671506e-08,8.208099e-06,0.0003585587
2.2296368e-05,9.6551915e-08,8.201354e-06,0.00035859938
2.2308643e-05,9.660128e-08,8.207004e-06,0.00035888897
2.231482e-05,9.658949e-08,8.21181e-06,0.00035953324
2.2311162e-05,9.652337e-08,8.213095e-06,0.00036012862
2.2305123e-05,9.6455196e-08,8.212922e-06,0.00036056447
2.2299231e-05,9.639504e-08,8.212373e-06,0.00036090516
2.2290491e-05,9.6324385e-08,8.210448e-06,0.00036116183
2.2249513e-05,9.610609e-08,8.194803e-06,0.00036085944
2.2267113e-05,9.6207785e-08,8.20115e-06,0.0003608553
2.2285029e-05,9.625716e-08,8.21037e-06,0.0003616037
2.228907e-05,9.6215494e-08,8.215523e-06,0.0003624867
2.2268036e-05,9.6061925e-08,8.209978e-06,0.00036290288
2.2260034e-05,9.600495e-08,8.207928e-06,0.00036303778
2.2261007e-05,9.598875e-08,8.209493e-06,0.00036332716
2.20749e-05,9.507941e-08,8.133745e-06,0.0003608989
2.2126804e-05,9.55181e-08,8.144596e-06,0.00035895084
2.2234715e-05,9.603178e-08,8.1882245e-06,0.00036054142
2.226712e-05,9.6030035e-08,8.2103215e-06,0.00036317104
2.2254688e-05,9.583947e-08,8.213236e-06,0.0003648119
2.219927e-05,9.5512185e-08,8.194364e-06,0.000364879
2.2175942e-05,9.541887e-08,8.183914e-06,0.00036427093
2.2191873e-05,9.550854e-08,8.189551e-06,0.00036429314
2.2199116e-05,9.550826e-08,8.194349e-06,0.00036487417
2.2165244e-05,9.530318e-08,8.1829e-06,0.0003649802
2.220579e-05,9.549333e-08,8.1999615e-06,0.00036559225
2.2202597e-05,9.5407216e-08,8.202558e-06,0.000366544
2.219284e-05,9.5311364e-08,8.201588e-06,0.0003670848
2.2177035e-05,9.520543e-08,8.196928e-06,0.00036727803
2.2179911e-05,9.520252e-08,8.199117e-06,0.00036753883
2.2187616e-05,9.5206524e-08,8.204122e-06,0.00036810324
2.218489e-05,9.514844e-08,8.205625e-06,0.00036869274
2.2183262e-05,9.510263e-08,8.207253e-06,0.0003692015
2.1990842e-05,9.4166815e-08,8.1290445e-06,0.0003666914
2.1975153e-05,9.428957e-08,8.111435e-06,0.00036358906
2.1961541e-05,9.4314395e-08,8.09967e-06,0.00036210203
2.210899e-05,9.504188e-08,8.158651e-06,0.00036385006
2.2219167e-05,9.537274e-08,8.214864e-06,0.0003682022
2.2222664e-05,9.514852e-08,8.230799e-06,0.00037170295
2.2176513e-05,9.479909e-08,8.220177e-06,0.000372909
2.2148099e-05,9.4640555e-08,8.210274e-06,0.0003728276
2.2141863e-05,9.461294e-08,8.207612e-06,0.00037269652
2.2147631e-05,9.462666e-08,8.210666e-06,0.0003729595
2.2151438e-05,9.4611046e-08,8.214142e-06,0.00037349339
2.2147955e-05,9.455458e-08,8.215083e-06,0.00037401344
2.2144768e-05,9.450483e-08,8.215819e-06,0.0003744546
2.2018112e-05,9.3884e-08,8.1647995e-06,0.00037290365
2.201545e-05,9.398828e-08,8.157032e-06,0.0003711146
2.21044e-05,9.443778e-08,8.191489e-06,0.00037198607
2.2034767e-05,9.4002175e-08,8.168599e-06,0.00037251113
2.2083646e-05,9.42421e-08,8.188786e-06,0.0003730711
2.210401e-05,9.426305e-08,8.201337e-06,0.00037447351
2.2123615e-05,9.4275364e-08,8.214346e-06,0.00037593246
2.2126262e-05,9.420823e-08,8.220333e-06,0.00037714286
2.2116854e-05,9.410505e-08,8.220067e-06,0.0003778603
2.2104265e-05,9.401123e-08,8.217057e-06,0.00037817765
2.2100807e-05,9.397376e-08,8.216885e-06,0.0003784239
2.2094422e-05,9.391812e-08,8.21574e-06,0.00037869485
2.2091052e-05,9.3877915e-08,8.215788e-06,0.0003789909
2.2092381e-05,9.385688e-08,8.21795e-06,0.00037940612
2.207593e-05,9.374684e-08,8.213093e-06,0.00037963904
2.2080481e-05,9.375167e-08,8.216007e-06,0.00037993732
2.2084105e-05,9.37354e-08,8.219424e-06,0.0003804772
2.2080654e-05,9.3680086e-08,8.220333e-06,0.00038100008
2.2073877e-05,9.361489e-08,8.219549e-06,0.00038138664
2.207116e-05,9.357481e-08,8.220067e-06,0.000381743
2.2068825e-05,9.353484e-08,8.220852e-06,0.00038213463
2.2065711e-05,9.349025e-08,8.221353e-06,0.00038252887
2.2062175e-05,9.3443724e-08,8.221682e-06,0.00038291333
2.2058583e-05,9.3398015e-08,8.2219485e-06,0.00038328717
2.2055006e-05,9.3352774e-08,8.222168e-06,0.0003836523
2.2050273e-05,9.3302226e-08,8.221918e-06,0.00038399908
2.204752e-05,9.326219e-08,8.222403e-06,0.00038435572
2.2044725e-05,9.3220315e-08,8.222952e-06,0.00038473867
2.2041426e-05,9.317561e-08,8.223376e-06,0.000385125
2.2032851e-05,9.310676e-08,8.221525e-06,0.00038541944
2.2032053e-05,9.30803e-08,8.222605e-06,0.00038574392
2.2028737e-05,9.3035844e-08,8.222935e-06,0.0003861253
2.202483e-05,9.298883e-08,8.223062e-06,0.0003864938
2.2023696e-05,9.295531e-08,8.224284e-06,0.00038689625
2.2021408e-05,9.291384e-08,8.22521e-06,0.00038732492
2.201788e-05,9.2866706e-08,8.225602e-06,0.00038773305
2.2014085e-05,9.281978e-08,8.22579e-06,0.00038811308
2.2010492e-05,9.277474e-08,8.22601e-06,0.00038848055
2.2007032e-05,9.2731035e-08,8.226261e-06,0.00038884726
2.1981226e-05,9.258462e-08,8.21715e-06,0.00038884685
2.1989297e-05,9.261923e-08,8.220724e-06,0.00038899807
2.1992155e-05,9.260219e-08,8.223626e-06,0.000389503
2.1991804e-05,9.256422e-08,8.225681e-06,0.00039005018
2.198939e-05,9.251807e-08,8.226842e-06,0.00039054934
2.1987946e-05,9.247889e-08,8.228223e-06,0.00039102044
2.1984884e-05,9.2432614e-08,8.228913e-06,0.00039146302
2.1981008e-05,9.238467e-08,8.229148e-06,0.00039186244
2.1976042e-05,9.2333494e-08,8.2288025e-06,0.00039221547
2.1970869e-05,9.228357e-08,8.228223e-06,0.00039253072
2.19685e-05,9.224742e-08,8.2287725e-06,0.00039287537
2.1967453e-05,9.221496e-08,8.230028e-06,0.0003932856
2.1965088e-05,9.2173636e-08,8.230891e-06,0.0003937172
2.1961674e-05,9.2127934e-08,8.2313145e-06,0.0003941253
2.195807e-05,9.208287e-08,8.231566e-06,0.00039450897
2.1950935e-05,9.202256e-08,8.230279e-06,0.00039482073
2.194991e-05,9.199431e-08,8.231284e-06,0.0003951644
2.1948677e-05,9.196019e-08,8.232492e-06,0.0003955846
2.1944741e-05,9.1911794e-08,8.232696e-06,0.00039599306
2.1942004e-05,9.187121e-08,8.233293e-06,0.000396385
2.19379e-05,9.182409e-08,8.2333245e-06,0.00039676068
2.1934242e-05,9.1780315e-08,8.23345e-06,0.0003971204
2.193236e-05,9.174496e-08,8.234314e-06,0.00039750925
2.1929956e-05,9.170516e-08,8.2350825e-06,0.00039792128
2.192316e-05,9.1645184e-08,8.233999e-06,0.0003982619
2.1918228e-05,9.1598785e-08,8.2334345e-06,0.0003985558
2.1915343e-05,9.156149e-08,8.233685e-06,0.00039888412
2.1916661e-05,9.154088e-08,8.235852e-06,0.00039932074
2.1915577e-05,9.1503885e-08,8.23736e-06,0.00039981044
2.1912276e-05,9.1457295e-08,8.237957e-06,0.00040026027
2.190841e-05,9.1410456e-08,8.238162e-06,0.00040065832
2.1895063e-05,9.1322896e-08,8.23425e-06,0.0004008653
2.1897675e-05,9.1318626e-08,8.236339e-06,0.000401155
2.1898491e-05,9.129355e-08,8.2384295e-06,0.00040162975
2.1897346e-05,9.125559e-08,8.239937e-06,0.00040212955
2.1892896e-05,9.120392e-08,8.240063e-06,0.0004025613
2.1886157e-05,9.114575e-08,8.238962e-06,0.0004028887
2.1885508e-05,9.11195e-08,8.240142e-06,0.0004032497
2.1884489e-05,9.1086484e-08,8.241462e-06,0.00040368692
2.188188e-05,9.104488e-08,8.242232e-06,0.00040412493
2.1876123e-05,9.098986e-08,8.241604e-06,0.00040449176
2.1863169e-05,9.090685e-08,8.2377055e-06,0.00040466833
2.1866548e-05,9.090676e-08,8.240079e-06,0.00040496344
2.1865259e-05,9.087192e-08,8.241289e-06,0.00040541292
2.186061e-05,9.0820976e-08,8.241211e-06,0.0004058172
2.1859027e-05,9.0787374e-08,8.2422e-06,0.00040621805
2.1858255e-05,9.075552e-08,8.243647e-06,0.00040666625
2.1857193e-05,9.072048e-08,8.245078e-06,0.00040713814
2.1855716e-05,9.0683535e-08,8.246368e-06,0.00040761026
2.1850463e-05,9.062976e-08,8.246037e-06,0.00040801207
2.184855e-05,9.059528e-08,8.2468705e-06,0.0004083992
2.1824511e-05,9.046043e-08,8.2384595e-06,0.00040843384
2.1834716e-05,9.050185e-08,8.243034e-06,0.0004086608
2.1799837e-05,9.0314664e-08,8.230167e-06,0.00040857279
2.1798318e-05,9.031388e-08,8.229194e-06,0.00040841906
2.1799127e-05,9.0303466e-08,8.230292e-06,0.00040865847
2.1808404e-05,9.031923e-08,8.2357565e-06,0.00040923682
2.1809015e-05,9.028262e-08,8.238507e-06,0.0004099074
2.1825477e-05,9.031957e-08,8.247766e-06,0.000410797
2.1824442e-05,9.026309e-08,8.250615e-06,0.00041165602
2.1818407e-05,9.019631e-08,8.250647e-06,0.0004122134
2.1753236e-05,8.987792e-08,8.224973e-06,0.0004115458
2.172277e-05,8.9782226e-08,8.209598e-06,0.0004102923
2.146542e-05,8.86721e-08,8.098353e-06,0.00040515102
2.1339789e-05,8.8389534e-08,8.02778e-06,0.000398145
2.163822e-05,8.996101e-08,8.13762e-06,0.0003992732
2.182917e-05,9.05685e-08,8.232381e-06,0.00040675615
2.1845975e-05,9.030725e-08,8.261371e-06,0.00041276848
2.1780428e-05,8.983627e-08,8.246084e-06,0.00041470485
2.1760472e-05,8.9723684e-08,8.239779e-06,0.00041475781
2.1767964e-05,8.9749264e-08,8.243379e-06,0.00041500846
2.1780534e-05,8.9775206e-08,8.250504e-06,0.0004157356
2.1787333e-05,8.976108e-08,8.256219e-06,0.00041661682
2.1787422e-05,8.971709e-08,8.259117e-06,0.0004173794
2.1781918e-05,8.96556e-08,8.259196e-06,0.00041791474
2.1778136e-05,8.961097e-08,8.259416e-06,0.00041832193
2.17755e-05,8.9573376e-08,8.259952e-06,0.0004187136
2.1773258e-05,8.953742e-08,8.260661e-06,0.0004191188
2.1769769e-05,8.949517e-08,8.260881e-06,0.00041951242
2.1767013e-05,8.945711e-08,8.261339e-06,0.00041990116
2.1759997e-05,8.9400224e-08,8.26003e-06,0.00042022063
2.175612e-05,8.936117e-08,8.259779e-06,0.00042051906
2.1759419e-05,8.9352746e-08,8.262647e-06,0.00042097492
2.1761454e-05,8.933051e-08,8.265499e-06,0.00042155263
2.1759692e-05,8.9289706e-08,8.266839e-06,0.00042208843
2.1756268e-05,8.9245354e-08,8.267312e-06,0.000422536
2.1753138e-05,8.92046e-08,8.267706e-06,0.00042294242
2.1721475e-05,8.903937e-08,8.25592e-06,0.00042281675
2.1674923e-05,8.88392e-08,8.235882e-06,0.0004218673
2.1696535e-05,8.896807e-08,8.242796e-06,0.0004216326
2.1741955e-05,8.9141665e-08,8.263512e-06,0.00042291303
2.1754098e-05,8.911786e-08,8.2735905e-06,0.00042450387
2.1744934e-05,8.901449e-08,8.273953e-06,0.00042545842
2.1736849e-05,8.894431e-08,8.272864e-06,0.00042592135
2.1731e-05,8.8894886e-08,8.271964e-06,0.00042622996
2.1729327e-05,8.886606e-08,8.2726265e-06,0.0004265745
2.1728103e-05,8.883555e-08,8.2737e-06,0.00042698852
2.1726179e-05,8.880049e-08,8.274599e-06,0.0004274249
2.1722573e-05,8.875774e-08,8.274821e-06,0.00042783163
2.1719634e-05,8.871939e-08,8.2751685e-06,0.00042821825
2.1716092e-05,8.8679045e-08,8.275278e-06,0.00042859305
2.1714624e-05,8.8648264e-08,8.276225e-06,0.0004289939
2.1712947e-05,8.861488e-08,8.277204e-06,0.00042942705
2.1710754e-05,8.857829e-08,8.277993e-06,0.0004298602
2.1709515e-05,8.8546535e-08,8.279178e-06,0.00043030616
2.170641e-05,8.850567e-08,8.279636e-06,0.00043073445
2.1704753e-05,8.847276e-08,8.280599e-06,0.00043115945
2.1702894e-05,8.843818e-08,8.281515e-06,0.00043159645
2.1699458e-05,8.8396604e-08,8.281768e-06,0.00043200632
2.1695383e-05,8.835413e-08,8.281657e-06,0.00043237413
2.1693833e-05,8.8323795e-08,8.282525e-06,0.00043276366
2.1693526e-05,8.8296765e-08,8.284027e-06,0.00043321546
2.1690732e-05,8.825695e-08,8.284643e-06,0.00043366197
2.1687834e-05,8.8218485e-08,8.285117e-06,0.00043407417
2.1685357e-05,8.818249e-08,8.285686e-06,0.00043448014
2.1684386e-05,8.815314e-08,8.286903e-06,0.00043491507
2.1681493e-05,8.8113886e-08,8.287424e-06,0.0004353442
2.1678743e-05,8.807642e-08,8.287914e-06,0.000435751
2.167763e-05,8.8046775e-08,8.289085e-06,0.00043618222
2.1673577e-05,8.800269e-08,8.289069e-06,0.00043658642
2.1671654e-05,8.7970314e-08,8.289812e-06,0.0004369843
2.1671121e-05,8.7942794e-08,8.291219e-06,0.00043743095
2.1668391e-05,8.790414e-08,8.291836e-06,0.00043787342
2.1665648e-05,8.786651e-08,8.292342e-06,0.00043828803
2.1662136e-05,8.7826386e-08,8.292485e-06,0.00043867622
2.166195e-05,8.780193e-08,8.293956e-06,0.00043910614
2.1660939e-05,8.77707e-08,8.295254e-06,0.0004395771
2.1658836e-05,8.7734634e-08,8.296139e-06,0.00044003478
2.1656439e-05,8.769833e-08,8.296835e-06,0.00044046892
2.165415e-05,8.7662876e-08,8.297532e-06,0.00044089142
2.1650783e-05,8.7623334e-08,8.297754e-06,0.00044129076
2.1648224e-05,8.7588326e-08,8.298228e-06,0.00044168366
2.1647462e-05,8.756069e-08,8.299494e-06,0.00044211574
2.1577038e-05,8.723022e-08,8.271175e-06,0.00044127097
2.1606464e-05,8.740084e-08,8.280883e-06,0.00044096538
2.1599622e-05,8.734276e-08,8.279571e-06,0.00044137484
2.159707e-05,8.730978e-08,8.279966e-06,0.00044172615
2.1632764e-05,8.74407e-08,8.296676e-06,0.00044282828
2.1608537e-05,8.727382e-08,8.29046e-06,0.0004435606
2.1613321e-05,8.727631e-08,8.2938595e-06,0.0004439801
2.1606727e-05,8.72189e-08,8.292926e-06,0.00044440164
2.1608665e-05,8.720517e-08,8.295221e-06,0.00044484952
2.1616172e-05,8.720984e-08,8.300253e-06,0.0004455143
2.1615866e-05,8.7172666e-08,8.302486e-06,0.00044618512
2.1615828e-05,8.7141835e-08,8.304576e-06,0.00044677185
2.1616243e-05,8.711416e-08,8.306699e-06,0.00044733545
2.160975e-05,8.705702e-08,8.30589e-06,0.00044776365
2.1608907e-05,8.703129e-08,8.307e-06,0.00044816147
2.160229e-05,8.697802e-08,8.305828e-06,0.00044850537
2.160553e-05,8.697188e-08,8.308537e-06,0.00044894582
2.1599537e-05,8.691782e-08,8.3078085e-06,0.00044936567
2.1603451e-05,8.69126e-08,8.310962e-06,0.00044985794
2.160337e-05,8.688293e-08,8.312912e-06,0.00045042115
2.1597501e-05,8.682926e-08,8.312325e-06,0.0004508549
2.1595939e-05,8.680019e-08,8.3131345e-06,0.00045124735
2.159495e-05,8.677197e-08,8.314308e-06,0.00045168697
2.1598165e-05,8.676056e-08,8.317352e-06,0.00045223223
2.1596932e-05,8.6725315e-08,8.318828e-06,0.00045278587
2.1588285e-05,8.666082e-08,8.316972e-06,0.00045314713
2.1591828e-05,8.6657025e-08,8.319779e-06,0.0004535757
2.1592243e-05,8.6631324e-08,8.321779e-06,0.00045411845
2.1583139e-05,8.656434e-08,8.319779e-06,0.00045448466
2.1582731e-05,8.654387e-08,8.320891e-06,0.00045483562
2.1581722e-05,8.651598e-08,8.322002e-06,0.00045527052
2.1576556e-05,8.646889e-08,8.32143e-06,0.000455652
2.1579277e-05,8.6459316e-08,8.324049e-06,0.0004561151
2.1579897e-05,8.643442e-08,8.326146e-06,0.00045666608
2.157936e-05,8.6404015e-08,8.327813e-06,0.00045720302
2.1572678e-05,8.6348486e-08,8.3267805e-06,0.0004576027
2.1571052e-05,8.632091e-08,8.327479e-06,0.00045797043
2.157383e-05,8.630971e-08,8.330197e-06,0.00045847124
2.1563217e-05,8.62364e-08,8.327543e-06,0.00045881953
2.1564349e-05,8.62239e-08,8.329195e-06,0.0004591725
2.1566595e-05,8.620935e-08,8.33177e-06,0.00045969218
2.1567192e-05,8.618387e-08,8.3339155e-06,0.00046025804
2.1558411e-05,8.611847e-08,8.332071e-06,0.00046063974
2.1559339e-05,8.610344e-08,8.3337245e-06,0.00046102444
2.1558804e-05,8.607651e-08,8.335139e-06,0.00046149912
2.1559485e-05,8.605418e-08,8.337158e-06,0.00046201612
2.1557287e-05,8.601792e-08,8.338047e-06,0.00046250765
2.1553671e-05,8.597797e-08,8.338176e-06,0.00046292742
2.1552481e-05,8.595027e-08,8.339177e-06,0.0004633481
2.1553711e-05,8.593174e-08,8.341308e-06,0.00046384588
2.1550737e-05,8.589242e-08,8.341849e-06,0.0004643217
2.1549176e-05,8.5861785e-08,8.342804e-06,0.00046476573
2.1545395e-05,8.5821924e-08,8.342804e-06,0.00046516935
2.1541759e-05,8.578477e-08,8.342757e-06,0.00046553297
2.154102e-05,8.576031e-08,8.3438545e-06,0.0004659408
2.153905e-05,8.572825e-08,8.344603e-06,0.0004663761
2.1540738e-05,8.5712074e-08,8.34691e-06,0.00046687937
2.154045e-05,8.568396e-08,8.348615e-06,0.00046741488
2.1536323e-05,8.564025e-08,8.348646e-06,0.00046786453
2.153581e-05,8.561567e-08,8.349936e-06,0.00046830255
2.1535032e-05,8.558824e-08,8.351258e-06,0.00046877578
2.1534748e-05,8.556245e-08,8.352819e-06,0.00046927002
2.1533537e-05,8.553193e-08,8.35403e-06,0.00046976
2.153058e-05,8.5494825e-08,8.35446e-06,0.00047020204
2.1527236e-05,8.545799e-08,8.354572e-06,0.00047059645
2.1527627e-05,8.543802e-08,8.356214e-06,0.0004710419
2.1526026e-05,8.540673e-08,8.357201e-06,0.00047151346
2.1523008e-05,8.5369926e-08,8.357551e-06,0.0004719409
2.1412427e-05,8.488154e-08,8.311595e-06,0.0004701751
2.148097e-05,8.524976e-08,8.335535e-06,0.00046983693
2.151301e-05,8.533656e-08,8.3522455e-06,0.00047150045
2.1527447e-05,8.533217e-08,8.363021e-06,0.00047315352
2.1525322e-05,8.526846e-08,8.366021e-06,0.00047425847
2.1517622e-05,8.520084e-08,8.365255e-06,0.0004748377
2.1504573e-05,8.51236e-08,8.361203e-06,0.00047503275
2.14961e-05,8.5075875e-08,8.358396e-06,0.0004751034
2.1507387e-05,8.5110855e-08,8.3640425e-06,0.00047557897
2.1397042e-05,8.461636e-08,8.318731e-06,0.00047399508
2.1466936e-05,8.4984976e-08,8.3436e-06,0.00047376755
2.1512797e-05,8.512717e-08,8.366435e-06,0.00047577746
2.1520218e-05,8.507977e-08,8.375154e-06,0.0004775953
2.1509244e-05,8.498085e-08,8.374306e-06,0.00047849814
2.1502887e-05,8.4928175e-08,8.373476e-06,0.00047891407
2.1499258e-05,8.489296e-08,8.373285e-06,0.00047925147
2.1499092e-05,8.487239e-08,8.374562e-06,0.00047965895
2.1498747e-05,8.484812e-08,8.376e-06,0.00048013317
2.1497724e-05,8.4819796e-08,8.377214e-06,0.00048061745
2.1496391e-05,8.479028e-08,8.378284e-06,0.0004810907
2.1493832e-05,8.4756245e-08,8.378812e-06,0.00048153053
2.1487354e-05,8.470695e-08,8.377533e-06,0.00048185917
2.148791e-05,8.469144e-08,8.37902e-06,0.0004822441
2.148953e-05,8.4675456e-08,8.381274e-06,0.0004827586
2.148908e-05,8.4647915e-08,8.382856e-06,0.000483292
2.1409553e-05,8.429081e-08,8.350348e-06,0.00048219034
2.1446274e-05,8.449186e-08,8.362829e-06,0.00048186746
2.1485428e-05,8.462565e-08,8.381497e-06,0.00048331733
2.1489146e-05,8.4578275e-08,8.387527e-06,0.00048476006
2.1485113e-05,8.4518454e-08,8.388917e-06,0.0004856047
2.1480342e-05,8.44705e-08,8.388869e-06,0.000486107
2.1478725e-05,8.444223e-08,8.389718e-06,0.00048653648
2.147893e-05,8.4420975e-08,8.391349e-06,0.00048701328
2.1478361e-05,8.439458e-08,8.392742e-06,0.00048751244
2.1474756e-05,8.435587e-08,8.3928535e-06,0.00048794787
2.147486e-05,8.433528e-08,8.394375e-06,0.0004884004
2.147453e-05,8.431067e-08,8.395848e-06,0.0004888945
2.147345e-05,8.4282455e-08,8.397033e-06,0.00048938295
2.1472099e-05,8.4253514e-08,8.39809e-06,0.00048985647
2.147081e-05,8.422556e-08,8.399132e-06,0.0004903202
2.1469585e-05,8.4197936e-08,8.400172e-06,0.00049078296
2.1468419e-05,8.417024e-08,8.401246e-06,0.00049124705
2.1467275e-05,8.4143025e-08,8.402336e-06,0.00049171393
2.1466129e-05,8.411567e-08,8.403442e-06,0.0004921808
2.1465046e-05,8.4088406e-08,8.404548e-06,0.00049265043
2.1463919e-05,8.4061384e-08,8.405654e-06,0.00049311866
2.1462774e-05,8.4034056e-08,8.406744e-06,0.00049358455
2.1460462e-05,8.400184e-08,8.407322e-06,0.0004940273
2.1456573e-05,8.396436e-08,8.407144e-06,0.0004944134
2.145584e-05,8.39417e-08,8.408204e-06,0.0004948239
2.1454265e-05,8.391352e-08,8.409038e-06,0.00049526594
2.1454185e-05,8.389144e-08,8.410513e-06,0.000495739
2.145468e-05,8.387048e-08,8.4123585e-06,0.0004962565
2.1452839e-05,8.383881e-08,8.413257e-06,0.00049674755
2.1452308e-05,8.3814264e-08,8.4145895e-06,0.0004972268
2.1449157e-05,8.377855e-08,8.414845e-06,0.0004976638
2.144953e-05,8.375953e-08,8.416482e-06,0.0004981263
2.1448222e-05,8.373094e-08,8.417511e-06,0.0004986064
2.1442147e-05,8.368368e-08,8.416467e-06,0.0004989719
2.1445217e-05,8.36785e-08,8.419035e-06,0.00049942755
2.1446549e-05,8.36599e-08,8.421283e-06,0.00049999176
2.1444526e-05,8.3626716e-08,8.4222165e-06,0.000500508
2.1443788e-05,8.3601364e-08,8.423485e-06,0.00050099083
2.1444122e-05,8.358007e-08,8.425221e-06,0.000501499
2.144349e-05,8.3554255e-08,8.426602e-06,0.00050200964
2.1441178e-05,8.3521755e-08,8.427245e-06,0.0005024748
2.144079e-05,8.3498975e-08,8.428596e-06,0.0005029403
2.144024e-05,8.3474454e-08,8.429914e-06,0.00050342747
2.1439302e-05,8.34481e-08,8.431103e-06,0.0005039121
2.143826e-05,8.3421604e-08,8.43223e-06,0.00050438964
2.143722e-05,8.339528e-08,8.433339e-06,0.00050486275
2.143626e-05,8.33696e-08,8.434497e-06,0.00050533586
2.143532e-05,8.334359e-08,8.43564e-06,0.0005058094
2.1432032e-05,8.3308315e-08,8.435769e-06,0.00050623465
2.1432626e-05,8.329092e-08,8.437425e-06,0.000506694
2.1432648e-05,8.3268525e-08,8.439036e-06,0.0005072031
2.143069e-05,8.323756e-08,8.439823e-06,0.0005076813
2.1430362e-05,8.321518e-08,8.441209e-06,0.000508158
2.1429812e-05,8.319058e-08,8.442546e-06,0.0005086493
2.1428938e-05,8.31648e-08,8.443752e-06,0.000509136
2.1427977e-05,8.3139106e-08,8.444897e-06,0.0005096165
2.1427019e-05,8.311341e-08,8.44604e-06,0.0005100926
2.1426138e-05,8.308822e-08,8.447199e-06,0.0005105676
2.1425261e-05,8.306286e-08,8.448359e-06,0.0005110456
2.1423222e-05,8.303301e-08,8.449036e-06,0.0005114976
2.142312e-05,8.301195e-08,8.450469e-06,0.0005119682
2.1422715e-05,8.2988436e-08,8.451872e-06,0.00051246356
2.1421938e-05,8.296319e-08,8.453114e-06,0.0005129549
2.1419857e-05,8.293289e-08,8.453775e-06,0.00051341264
2.1418571e-05,8.29068e-08,8.454694e-06,0.0005138589
2.1417776e-05,8.2883005e-08,8.455839e-06,0.0005143213
2.1417103e-05,8.285906e-08,8.457065e-06,0.00051479886
2.1415204e-05,8.282975e-08,8.457775e-06,0.00051525526
2.1416306e-05,8.281379e-08,8.459742e-06,0.00051575433
2.1416352e-05,8.279121e-08,8.4613885e-06,0.0005162848
2.1414393e-05,8.276066e-08,8.462164e-06,0.00051676907
2.1413005e-05,8.273414e-08,8.463051e-06,0.0005172232
2.1413314e-05,8.271481e-08,8.464698e-06,0.00051771133
2.1411905e-05,8.2687045e-08,8.465667e-06,0.0005181954
2.1411908e-05,8.2666e-08,8.467185e-06,0.00051868596
2.141152e-05,8.264267e-08,8.4685735e-06,0.00051918876
2.1410748e-05,8.2617916e-08,8.469818e-06,0.00051968324
2.1405274e-05,8.25742e-08,8.46901e-06,0.0005200676
2.1401784e-05,8.254248e-08,8.468735e-06,0.0005203957
2.1402093e-05,8.252642e-08,8.470109e-06,0.0005208089
2.1404645e-05,8.2516024e-08,8.47271e-06,0.00052135106
2.1401524e-05,8.247976e-08,8.4730655e-06,0.00052184507
2.1402913e-05,8.2465284e-08,8.475135e-06,0.000522348
2.1404405e-05,8.2448935e-08,8.477397e-06,0.00052291417
2.1400632e-05,8.241025e-08,8.477462e-06,0.00052338874
2.139847e-05,8.238197e-08,8.477931e-06,0.0005237988
2.1396594e-05,8.2355264e-08,8.478497e-06,0.0005242122
2.139351e-05,8.232346e-08,8.4785615e-06,0.0005246029
2.139229e-05,8.230014e-08,8.479354e-06,0.0005250119
2.139076e-05,8.227425e-08,8.480114e-06,0.0005254443
2.1394619e-05,8.227024e-08,8.4832045e-06,0.00052599824
2.139797e-05,8.2259895e-08,8.48644e-06,0.0005266542
2.1394479e-05,8.222028e-08,8.486781e-06,0.0005271904
2.1394404e-05,8.2199506e-08,8.488238e-06,0.00052767125
2.1397731e-05,8.219214e-08,8.491217e-06,0.00052825024
2.1397223e-05,8.216589e-08,8.492756e-06,0.0005288239
2.1397142e-05,8.214347e-08,8.494343e-06,0.0005293552
2.1393083e-05,8.210525e-08,8.494165e-06,0.0005297896
2.1385453e-05,8.205601e-08,8.4921885e-06,0.00053006073
2.1376132e-05,8.200422e-08,8.489144e-06,0.000530189
2.1182683e-05,8.121017e-08,8.405844e-06,0.0005261571
2.1285092e-05,8.1764576e-08,8.43987e-06,0.00052487286
2.1326907e-05,8.188825e-08,8.460888e-06,0.0005269468
2.1340145e-05,8.1876856e-08,8.471562e-06,0.000528849
2.1360087e-05,8.1909576e-08,8.483899e-06,0.0005304781
2.1356425e-05,8.184758e-08,8.485907e-06,0.0005315729
2.1344536e-05,8.17715e-08,8.482864e-06,0.00053199293
2.1359221e-05,8.1816985e-08,8.490293e-06,0.00053265324
2.1367641e-05,8.1820424e-08,8.496189e-06,0.00053359655
2.1357331e-05,8.1747416e-08,8.4940675e-06,0.0005341459
2.1337948e-05,8.1652594e-08,8.486877e-06,0.0005341148
2.135546e-05,8.1719506e-08,8.494731e-06,0.0005345817
2.1367627e-05,8.1739614e-08,8.502107e-06,0.00053557276
2.137234e-05,8.172496e-08,8.506698e-06,0.0005365196
2.1367698e-05,8.167681e-08,8.506909e-06,0.0005371498
2.1371468e-05,8.167175e-08,8.510056e-06,0.00053773355
2.1373937e-05,8.165781e-08,8.512865e-06,0.0005383784
2.1377244e-05,8.1647215e-08,8.516096e-06,0.00053904875
2.137062e-05,8.159592e-08,8.515058e-06,0.00053951633
2.1375614e-05,8.159888e-08,8.518485e-06,0.00054004655
2.1379125e-05,8.158977e-08,8.521735e-06,0.00054070965
2.1369973e-05,8.152848e-08,8.519573e-06,0.0005411173
2.1375276e-05,8.153494e-08,8.522988e-06,0.00054159947
2.137228e-05,8.150011e-08,8.523361e-06,0.000542105
2.1372627e-05,8.1482305e-08,8.52492e-06,0.0005425876
2.1379807e-05,8.149078e-08,8.5295405e-06,0.00054325844
2.1382953e-05,8.147726e-08,8.53286e-06,0.00054399145
2.1380241e-05,8.144129e-08,8.533576e-06,0.0005445649
2.1369071e-05,8.137631e-08,8.530223e-06,0.0005448161
2.1358512e-05,8.132231e-08,8.5264655e-06,0.0005448602
2.1369273e-05,8.13566e-08,8.531785e-06,0.00054531876
2.1374535e-05,8.135287e-08,8.535887e-06,0.0005460684
2.1373458e-05,8.132231e-08,8.537385e-06,0.00054670987
2.137407e-05,8.130331e-08,8.53929e-06,0.00054727163
2.1377395e-05,8.129533e-08,8.54232e-06,0.00054788816
2.1378051e-05,8.127448e-08,8.544342e-06,0.0005484962
2.1377422e-05,8.125006e-08,8.545726e-06,0.00054903893
2.1353679e-05,8.1134466e-08,8.53688e-06,0.0005490175
2.1368776e-05,8.1193136e-08,8.543575e-06,0.0005493869
2.137608e-05,8.119708e-08,8.548612e-06,0.0005502077
2.1374084e-05,8.116131e-08,8.5498505e-06,0.000550879
2.1372965e-05,8.113547e-08,8.550993e-06,0.00055139896
2.1344726e-05,8.10028e-08,8.54017e-06,0.0005512608
2.1359714e-05,8.106455e-08,8.546509e-06,0.0005515292
2.1374577e-05,8.110018e-08,8.554695e-06,0.00055248477
2.1365957e-05,8.1032766e-08,8.553456e-06,0.00055314734
2.1368507e-05,8.102504e-08,8.555935e-06,0.0005536635
2.1371201e-05,8.101439e-08,8.558694e-06,0.0005542721
2.1371487e-05,8.0993054e-08,8.560506e-06,0.0005548607
2.136743e-05,8.095577e-08,8.560326e-06,0.0005553124
2.1371552e-05,8.0955225e-08,8.563429e-06,0.0005558485
2.136866e-05,8.092142e-08,8.56382e-06,0.0005563561
2.136815e-05,8.090089e-08,8.564981e-06,0.00055681955
2.1372782e-05,8.0900584e-08,8.568411e-06,0.0005574161
2.1373047e-05,8.0878515e-08,8.570275e-06,0.0005580245
2.1372294e-05,8.0854385e-08,8.57155e-06,0.000558557
2.1371687e-05,8.083233e-08,8.572761e-06,0.0005590542
2.1351858e-05,8.073387e-08,8.565553e-06,0.0005590984
2.1361577e-05,8.0768295e-08,8.570095e-06,0.0005594202
2.1371077e-05,8.0784474e-08,8.575835e-06,0.0005602101
2.1373018e-05,8.076459e-08,8.578796e-06,0.0005609846
2.1371938e-05,8.073642e-08,8.5801385e-06,0.00056158827
2.136858e-05,8.070277e-08,8.5802185e-06,0.0005620406
2.1358166e-05,8.064392e-08,8.576964e-06,0.0005622495
2.1363261e-05,8.065345e-08,8.57999e-06,0.00056264276
2.1365342e-05,8.0641456e-08,8.582413e-06,0.0005632269
2.1366564e-05,8.0624844e-08,8.584541e-06,0.0005638179
2.1364143e-05,8.0594326e-08,8.585098e-06,0.00056431827
2.1331945e-05,8.044827e-08,8.5724005e-06,0.00056405005
2.1350736e-05,8.052795e-08,8.580154e-06,0.00056431827
2.1344262e-05,8.0477584e-08,8.579156e-06,0.00056483515
2.1357379e-05,8.0513125e-08,8.586146e-06,0.0005655697
2.1359909e-05,8.0495084e-08,8.589389e-06,0.0005663838
2.1366737e-05,8.0498e-08,8.5942565e-06,0.00056719
2.1364662e-05,8.046346e-08,8.595338e-06,0.0005678415
2.1363827e-05,8.0440365e-08,8.5965185e-06,0.00056835567
2.1356698e-05,8.039313e-08,8.5948295e-06,0.00056869263
2.1364847e-05,8.041168e-08,8.599421e-06,0.0005692417
2.1367317e-05,8.039826e-08,8.602276e-06,0.0005699265
2.1364713e-05,8.0365375e-08,8.602849e-06,0.00057046814
2.1367934e-05,8.035986e-08,8.605655e-06,0.0005710315
2.1370362e-05,8.0348514e-08,8.608331e-06,0.00057165744
2.136951e-05,8.032347e-08,8.609595e-06,0.0005722197
2.1366472e-05,8.029222e-08,8.609745e-06,0.00057266484
2.1367861e-05,8.028088e-08,8.611617e-06,0.00057314726
2.1366457e-05,8.025624e-08,8.612471e-06,0.0005736323
2.1362443e-05,8.022218e-08,8.612076e-06,0.0005740221
2.1367192e-05,8.022524e-08,8.6153295e-06,0.00057455007
2.1370497e-05,8.0217205e-08,8.618404e-06,0.00057520455
2.136748e-05,8.018332e-08,8.618781e-06,0.00057573535
2.1367157e-05,8.016429e-08,8.619997e-06,0.000576205
2.1367423e-05,8.0147096e-08,8.621478e-06,0.0005767031
2.1353793e-05,8.0074656e-08,8.616957e-06,0.00057689165
2.1349577e-05,8.004916e-08,8.615757e-06,0.0005770186
2.13584e-05,8.007168e-08,8.620491e-06,0.00057755096
2.1363312e-05,8.0068325e-08,8.624405e-06,0.0005782953
2.136727e-05,8.006023e-08,8.627975e-06,0.00057903957
2.136417e-05,8.002497e-08,8.628419e-06,0.00057960587
2.1364825e-05,8.000948e-08,8.6300815e-06,0.00058010855
2.1366499e-05,7.999742e-08,8.632255e-06,0.0005806637
2.1354377e-05,7.99297e-08,8.628453e-06,0.0005809215
2.1350428e-05,7.990386e-08,8.627498e-06,0.0005810969
2.1362548e-05,7.993893e-08,8.633753e-06,0.0005817284
2.1364975e-05,7.9923225e-08,8.636751e-06,0.0005824898
2.1369971e-05,7.9920476e-08,8.640705e-06,0.0005832312
2.136873e-05,7.989205e-08,8.641975e-06,0.0005838516
2.1368714e-05,7.9872855e-08,8.643441e-06,0.0005843803
2.1371141e-05,7.9863874e-08,8.645948e-06,0.0005849512
2.1370819e-05,7.9842465e-08,8.647366e-06,0.0005855042
2.1371674e-05,7.982724e-08,8.649196e-06,0.0005860416
2.1372063e-05,7.980966e-08,8.6508135e-06,0.0005865779
2.1371005e-05,7.97869e-08,8.6518185e-06,0.0005870754
2.136964e-05,7.976385e-08,8.6525615e-06,0.0005875331
2.137066e-05,7.975069e-08,8.654311e-06,0.00058802805
2.1371317e-05,7.973495e-08,8.6560285e-06,0.00058856054
2.1371643e-05,7.971731e-08,8.657613e-06,0.00058909005
2.137291e-05,7.970386e-08,8.659595e-06,0.00058963813
2.1373442e-05,7.9686906e-08,8.661329e-06,0.00059018657
2.137128e-05,7.9659706e-08,8.661825e-06,0.0005906613
2.1369511e-05,7.963601e-08,8.662337e-06,0.0005910857
2.1368329e-05,7.9614885e-08,8.663063e-06,0.00059151393
2.137308e-05,7.961702e-08,8.666419e-06,0.0005920901
2.1372656e-05,7.959462e-08,8.667841e-06,0.0005926685
2.1372105e-05,7.957376e-08,8.669063e-06,0.0005931791
2.1374412e-05,7.95651e-08,8.671428e-06,0.00059373264
2.1373027e-05,7.95403e-08,8.6723385e-06,0.000594251
2.1373682e-05,7.95255e-08,8.673993e-06,0.00059475674
2.1375416e-05,7.951412e-08,8.676143e-06,0.0005953111
2.1376092e-05,7.949775e-08,8.677931e-06,0.00059587
2.1373971e-05,7.947061e-08,8.678444e-06,0.00059634825
2.137224e-05,7.944734e-08,8.678974e-06,0.00059677556
2.1374524e-05,7.944023e-08,8.681225e-06,0.00059728744
2.1374648e-05,7.942182e-08,8.682732e-06,0.0005978243
2.1376976e-05,7.94128e-08,8.6851505e-06,0.00059839524
2.1376714e-05,7.939267e-08,8.686575e-06,0.00059894443
2.137657e-05,7.937382e-08,8.6879e-06,0.0005994553
2.1376796e-05,7.935716e-08,8.689358e-06,0.0005999632
2.1377104e-05,7.9340666e-08,8.690883e-06,0.0006004785
2.1378657e-05,7.9328785e-08,8.692956e-06,0.00060102605
2.1378168e-05,7.930821e-08,8.6942e-06,0.0006015502
2.137813e-05,7.9290515e-08,8.695542e-06,0.00060205243
2.1379597e-05,7.927887e-08,8.69755e-06,0.0006025889
2.1380314e-05,7.9263295e-08,8.699325e-06,0.0006031386
2.1378339e-05,7.9237374e-08,8.699889e-06,0.0006036163
2.1380216e-05,7.922831e-08,8.701981e-06,0.00060413056
2.1379034e-05,7.920556e-08,8.702895e-06,0.00060463144
2.1381116e-05,7.9196724e-08,8.705103e-06,0.00060516683
2.1382199e-05,7.918245e-08,8.707045e-06,0.00060573145
2.1380303e-05,7.9156486e-08,8.707643e-06,0.00060622045
2.1382204e-05,7.9147576e-08,8.709752e-06,0.00060673815
2.1383305e-05,7.913376e-08,8.711663e-06,0.00060729496
2.1382632e-05,7.9112716e-08,8.712809e-06,0.0006078112
2.138376e-05,7.910011e-08,8.714637e-06,0.0006083349
2.1384536e-05,7.908525e-08,8.7163835e-06,0.00060887466
2.1384963e-05,7.906896e-08,8.717979e-06,0.0006094079
2.1380723e-05,7.903489e-08,8.717497e-06,0.0006098203
2.138205e-05,7.902554e-08,8.71921e-06,0.0006102683
2.1381073e-05,7.900474e-08,8.720124e-06,0.0006107447
2.1381118e-05,7.898863e-08,8.721405e-06,0.0006112237
2.1380465e-05,7.896904e-08,8.722436e-06,0.00061170146
2.1382975e-05,7.8962486e-08,8.724849e-06,0.0006122459
2.1385405e-05,7.895337e-08,8.727379e-06,0.0006128505
2.1382713e-05,7.892402e-08,8.727696e-06,0.000613348
2.1385427e-05,7.8918674e-08,8.730142e-06,0.00061387767
2.1389267e-05,7.891521e-08,8.733256e-06,0.0006145142
2.1352349e-05,7.875214e-08,8.7185945e-06,0.0006141988
2.1379288e-05,7.886337e-08,8.7298595e-06,0.00061462546
2.1392718e-05,7.888835e-08,8.737872e-06,0.00061577465
2.1394293e-05,7.886532e-08,8.740923e-06,0.0006166893
2.139305e-05,7.883871e-08,8.742123e-06,0.0006173095
2.1391295e-05,7.88145e-08,8.742757e-06,0.00061778654
2.139238e-05,7.880293e-08,8.7444905e-06,0.00061828113
2.1392196e-05,7.8785185e-08,8.745758e-06,0.00061878783
2.1389056e-05,7.8756116e-08,8.745708e-06,0.0006192071
2.1389773e-05,7.8744414e-08,8.74716e-06,0.0006196562
2.1390893e-05,7.8732384e-08,8.748945e-06,0.0006201728
2.1392856e-05,7.872263e-08,8.751164e-06,0.0006207379
2.139492e-05,7.871257e-08,8.753535e-06,0.0006213312
2.1396943e-05,7.870184e-08,8.755873e-06,0.00062193465
2.139535e-05,7.8677296e-08,8.75664e-06,0.0006224503
2.1330425e-05,7.841026e-08,8.729309e-06,0.00062132295
2.1124075e-05,7.764019e-08,8.636091e-06,0.0006153331
2.1228958e-05,7.817849e-08,8.6712125e-06,0.0006137554
2.1380412e-05,7.872646e-08,8.740589e-06,0.0006186753
2.141111e-05,7.872098e-08,8.764311e-06,0.0006232828
2.1401669e-05,7.861377e-08,8.7662165e-06,0.0006252394
2.1392609e-05,7.855149e-08,8.764561e-06,0.00062585075
2.138867e-05,7.8522355e-08,8.763943e-06,0.00062617095
2.1398182e-05,7.85461e-08,8.769143e-06,0.00062679575
2.1395203e-05,7.8513224e-08,8.769544e-06,0.00062737765
2.1389144e-05,7.8473775e-08,8.768156e-06,0.00062770944
2.1397453e-05,7.8493684e-08,8.772789e-06,0.0006282814
2.1402475e-05,7.849278e-08,8.776605e-06,0.00062902994
2.140015e-05,7.8462925e-08,8.777258e-06,0.0006296097
2.140389e-05,7.846135e-08,8.780205e-06,0.0006301917
2.1403463e-05,7.844107e-08,8.7815115e-06,0.00063074956
2.1405789e-05,7.8433516e-08,8.783857e-06,0.0006313152
2.1408265e-05,7.842522e-08,8.786386e-06,0.0006319218
2.1409367e-05,7.8411155e-08,8.7883145e-06,0.0006325084
2.1409984e-05,7.8396205e-08,8.789992e-06,0.0006330611
2.1410699e-05,7.8382e-08,8.791669e-06,0.00063359865
2.1411497e-05,7.836825e-08,8.793362e-06,0.0006341325
2.141109e-05,7.8349935e-08,8.794502e-06,0.0006346334
2.1412625e-05,7.834015e-08,8.796448e-06,0.00063516013
2.141375e-05,7.8327524e-08,8.798311e-06,0.00063571037
2.1414528e-05,7.8313484e-08,8.800005e-06,0.00063625386
2.141408e-05,7.829504e-08,8.80113e-06,0.0006367577
2.1412121e-05,7.827174e-08,8.80155e-06,0.0006371976
2.1390175e-05,7.8172825e-08,8.793044e-06,0.0006370956
2.1405565e-05,7.823041e-08,8.799888e-06,0.00063750905
2.1417065e-05,7.825346e-08,8.806639e-06,0.00063846144
2.1420745e-05,7.824286e-08,8.810301e-06,0.00063933234
2.1417318e-05,7.8208764e-08,8.810486e-06,0.0006399002
2.1412701e-05,7.817581e-08,8.8096795e-06,0.0006402532
2.1412316e-05,7.816172e-08,8.810502e-06,0.0006406321
2.1419324e-05,7.817417e-08,8.814755e-06,0.0006412579
2.1422207e-05,7.816537e-08,8.817613e-06,0.0006419497
2.1422882e-05,7.814943e-08,8.81943e-06,0.00064255483
2.1422087e-05,7.812938e-08,8.820473e-06,0.00064306735
2.1424687e-05,7.812394e-08,8.822862e-06,0.0006436188
2.142622e-05,7.811261e-08,8.824933e-06,0.00064419786
2.1427102e-05,7.809876e-08,8.8266825e-06,0.0006447541
2.1427777e-05,7.80849e-08,8.828333e-06,0.0006452911
2.1428536e-05,7.807165e-08,8.829983e-06,0.0006458225
2.1428232e-05,7.8054306e-08,8.831145e-06,0.000646324
2.1428721e-05,7.804076e-08,8.832628e-06,0.00064682483
2.1425001e-05,7.8010544e-08,8.8322395e-06,0.0006472272
2.142811e-05,7.8009286e-08,8.834683e-06,0.0006477194
2.1430218e-05,7.800058e-08,8.836958e-06,0.00064829964
2.1430076e-05,7.79831e-08,8.838273e-06,0.0006488377
2.143286e-05,7.797775e-08,8.840785e-06,0.0006494073
2.14355e-05,7.797083e-08,8.843348e-06,0.0006500218
2.1435564e-05,7.795344e-08,8.844799e-06,0.0006505811
2.143712e-05,7.794339e-08,8.84679e-06,0.0006511292
2.1437098e-05,7.792697e-08,8.8481065e-06,0.0006516517
2.1438798e-05,7.7917825e-08,8.850132e-06,0.000652192
2.1438862e-05,7.790186e-08,8.851499e-06,0.0006527177
2.1440641e-05,7.789294e-08,8.853543e-06,0.0006532602
2.143956e-05,7.787244e-08,8.854403e-06,0.00065375696
2.1424656e-05,7.7800514e-08,8.849017e-06,0.0006538504
2.1438782e-05,7.7848455e-08,8.855703e-06,0.00065438746
2.144433e-05,7.7848675e-08,8.859859e-06,0.00065520825
2.1445292e-05,7.783212e-08,8.8619545e-06,0.00065588957
2.14455e-05,7.781557e-08,8.863459e-06,0.00065644836
2.144728e-05,7.780667e-08,8.865539e-06,0.00065700256
2.1448532e-05,7.779502e-08,8.867415e-06,0.00065756106
2.1448288e-05,7.7777955e-08,8.86865e-06,0.0006580768
2.1450049e-05,7.7769506e-08,8.870663e-06,0.000658611
2.1450212e-05,7.775408e-08,8.872051e-06,0.0006591357
2.1450891e-05,7.774125e-08,8.873608e-06,0.00065965013
2.1453061e-05,7.773406e-08,8.875825e-06,0.00066020596
2.1454454e-05,7.7722866e-08,8.877772e-06,0.0006607733
2.1455438e-05,7.771056e-08,8.87955e-06,0.0006613231
2.145288e-05,7.768486e-08,8.879702e-06,0.0006617705
2.1452823e-05,7.7671075e-08,8.8807865e-06,0.0006622088
2.1453989e-05,7.766108e-08,8.882464e-06,0.000662706
2.1454074e-05,7.764604e-08,8.883769e-06,0.00066320866
2.1457226e-05,7.764293e-08,8.886379e-06,0.0006637781
2.1458989e-05,7.7632784e-08,8.888515e-06,0.00066436955
2.1459975e-05,7.762035e-08,8.8903125e-06,0.00066493044
2.1463211e-05,7.7616875e-08,8.89306e-06,0.0006655305
2.1463704e-05,7.760177e-08,8.894671e-06,0.0006661
2.1464339e-05,7.7588595e-08,8.8962315e-06,0.0006666288
2.1465303e-05,7.757676e-08,8.897911e-06,0.00066715543
2.1467577e-05,7.7570036e-08,8.900169e-06,0.00066771865
2.146668e-05,7.7550354e-08,8.90112e-06,0.00066822773
2.1469383e-05,7.754628e-08,8.903514e-06,0.00066877535
2.1469998e-05,7.753246e-08,8.905111e-06,0.000669324
2.1467256e-05,7.750651e-08,8.905144e-06,0.00066975964
2.146732e-05,7.749372e-08,8.906249e-06,0.0006701923
2.1472111e-05,7.749757e-08,8.90951e-06,0.0006707812
2.1475616e-05,7.749372e-08,8.9125015e-06,0.0006714428
2.1477033e-05,7.748175e-08,8.91456e-06,0.0006720564
2.1477896e-05,7.74689e-08,8.916276e-06,0.000672613
2.1477674e-05,7.7452576e-08,8.917449e-06,0.0006731193
2.1477246e-05,7.7436326e-08,8.9184705e-06,0.00067359075
2.1478127e-05,7.742554e-08,8.920018e-06,0.0006740823
2.1481732e-05,7.742444e-08,8.922825e-06,0.0006746695
2.1483642e-05,7.741506e-08,8.925056e-06,0.0006752732
2.1484751e-05,7.7403094e-08,8.926878e-06,0.00067583943
2.1485735e-05,7.739136e-08,8.928597e-06,0.0006763824
2.1486863e-05,7.738036e-08,8.930351e-06,0.00067691924
2.1486865e-05,7.736516e-08,8.931613e-06,0.00067742623
2.148771e-05,7.735395e-08,8.933197e-06,0.0006779322
2.1488937e-05,7.734369e-08,8.934951e-06,0.0006784594
2.1491402e-05,7.7337866e-08,8.937286e-06,0.000679029
2.149177e-05,7.732349e-08,8.938769e-06,0.0006795719
2.1491427e-05,7.730727e-08,8.939844e-06,0.00068006135
2.1494627e-05,7.730521e-08,8.942437e-06,0.0006806194
2.1496593e-05,7.7296505e-08,8.944619e-06,0.00068120897
2.1497786e-05,7.728544e-08,8.946478e-06,0.00068177376
2.1498896e-05,7.7274464e-08,8.948254e-06,0.00068231806
2.1500065e-05,7.7263785e-08,8.950013e-06,0.00068285654
2.1501299e-05,7.725332e-08,8.951804e-06,0.00068339525
2.1501359e-05,7.723858e-08,8.953069e-06,0.00068390445
2.1502285e-05,7.7227604e-08,8.954673e-06,0.0006844128
2.1504771e-05,7.722238e-08,8.956979e-06,0.0006849717
2.1506434e-05,7.721317e-08,8.959012e-06,0.0006855441
2.1506496e-05,7.719794e-08,8.960312e-06,0.00068606733
2.150615e-05,7.71824e-08,8.961371e-06,0.0006865472
2.1507116e-05,7.717217e-08,8.962943e-06,0.00068704167
2.150851e-05,7.716297e-08,8.9647565e-06,0.0006875694
2.1512247e-05,7.7162305e-08,8.967662e-06,0.0006881715
2.1514237e-05,7.71534e-08,8.969887e-06,0.00068877934
2.1513071e-05,7.713355e-08,8.97069e-06,0.0006892848
2.1513568e-05,7.7121626e-08,8.972042e-06,0.00068976224
2.1517284e-05,7.7121484e-08,8.974834e-06,0.00069033867
2.1519401e-05,7.711346e-08,8.97711e-06,0.0006909419
2.1514743e-05,7.708052e-08,8.976356e-06,0.00069135474
2.1520202e-05,7.708935e-08,8.979748e-06,0.00069189357
2.1523345e-05,7.708487e-08,8.982488e-06,0.00069253374
2.1524806e-05,7.7074354e-08,8.9844925e-06,0.0006931296
2.1525895e-05,7.706325e-08,8.986258e-06,0.00069368316
2.1524787e-05,7.704437e-08,8.986978e-06,0.0006941603
2.1524256e-05,7.702901e-08,8.9878695e-06,0.0006946028
2.1525364e-05,7.702005e-08,8.989464e-06,0.0006950879
2.1530499e-05,7.702512e-08,8.99291e-06,0.0006957092
2.153299e-05,7.7017845e-08,8.995398e-06,0.000696351
2.1534282e-05,7.7006824e-08,8.997303e-06,0.0006969316
2.1535394e-05,7.699618e-08,8.9990535e-06,0.0006974782
2.153552e-05,7.698223e-08,9.0003405e-06,0.0006979859
2.153655e-05,7.697202e-08,9.001955e-06,0.00069849397
2.1539197e-05,7.696792e-08,9.004324e-06,0.0006990557
2.153982e-05,7.6955075e-08,9.00587e-06,0.0006995986
2.1540887e-05,7.694487e-08,9.0075355e-06,0.00070012186
2.1543481e-05,7.6940246e-08,9.009872e-06,0.00070068624
2.154525e-05,7.6931876e-08,9.011936e-06,0.00070125976
2.1545458e-05,7.69178e-08,9.013277e-06,0.00070178363
2.1546484e-05,7.6907604e-08,9.014909e-06,0.0007022965
2.1547925e-05,7.689909e-08,9.016715e-06,0.0007028264
2.1545897e-05,7.687709e-08,9.017025e-06,0.00070327375
2.1551094e-05,7.688414e-08,9.020379e-06,0.0007038468
2.1553995e-05,7.6879076e-08,9.023011e-06,0.00070448464
2.1554328e-05,7.686471e-08,9.024475e-06,0.00070504175
2.1555232e-05,7.6854086e-08,9.0260755e-06,0.0007055611
2.1557848e-05,7.684969e-08,9.028399e-06,0.00070612173
2.1559697e-05,7.6841914e-08,9.0305e-06,0.0007066943
2.1561142e-05,7.6832535e-08,9.032361e-06,0.0007072512
2.1559e-05,7.6810046e-08,9.032619e-06,0.0007077014
2.1561842e-05,7.680843e-08,9.034928e-06,0.00070821046
2.1565318e-05,7.680689e-08,9.037685e-06,0.00070881436
2.1536394e-05,7.66835e-08,9.026093e-06,0.00070858555
2.1556618e-05,7.676076e-08,9.034893e-06,0.0007090372
2.1555903e-05,7.673822e-08,9.036221e-06,0.0007097304
2.1559978e-05,7.673902e-08,9.039307e-06,0.000710356
2.1559854e-05,7.672285e-08,9.040582e-06,0.00071091094
2.1570144e-05,7.674751e-08,9.046309e-06,0.0007116726
2.1570617e-05,7.673061e-08,9.048138e-06,0.0007123582
2.1573294e-05,7.6725705e-08,9.050589e-06,0.0007129589
2.1573915e-05,7.671305e-08,9.05216e-06,0.0007135092
2.1577458e-05,7.671246e-08,9.054888e-06,0.0007140966
2.1582027e-05,7.671436e-08,9.058188e-06,0.0007147586
2.1584192e-05,7.6706606e-08,9.06052e-06,0.00071538927
2.158436e-05,7.6692196e-08,9.061885e-06,0.0007159285
2.1586646e-05,7.668715e-08,9.06403e-06,0.00071647356
2.1587344e-05,7.6675526e-08,9.065551e-06,0.00071700325
2.1588627e-05,7.666668e-08,9.0672975e-06,0.0007175258
2.1591408e-05,7.666339e-08,9.069702e-06,0.0007180933
2.1593389e-05,7.665608e-08,9.071812e-06,0.0007186709
2.1592583e-05,7.663883e-08,9.072678e-06,0.00071916456
2.1595859e-05,7.6638244e-08,9.075222e-06,0.00071971206
2.1597018e-05,7.6627934e-08,9.076971e-06,0.00072026544
2.1599551e-05,7.662369e-08,9.079273e-06,0.0007208323
2.160145e-05,7.661632e-08,9.081352e-06,0.000721403
2.1603078e-05,7.66082e-08,9.083275e-06,0.0007219591
2.1604668e-05,7.660017e-08,9.085164e-06,0.000722506
2.1606278e-05,7.659243e-08,9.087069e-06,0.0007230505
2.1607906e-05,7.658454e-08,9.088975e-06,0.0007235961
2.155948e-05,7.6390435e-08,9.068543e-06,0.0007227868
2.155117e-05,7.637172e-08,9.063684e-06,0.0007220754
2.1582751e-05,7.648783e-08,9.077801e-06,0.0007229699
2.1607555e-05,7.655387e-08,9.091108e-06,0.00072460715
2.1618614e-05,7.656599e-08,9.09862e-06,0.0007259882
2.1619915e-05,7.65481e-08,9.1012225e-06,0.00072686543
2.1620022e-05,7.653241e-08,9.102664e-06,0.0007274528
2.1620992e-05,7.652263e-08,9.10426e-06,0.0007279719
2.1622625e-05,7.651526e-08,9.106119e-06,0.0007285011
2.1624403e-05,7.650825e-08,9.108047e-06,0.00072904315
2.1622565e-05,7.64879e-08,9.108395e-06,0.00072949386
2.1624506e-05,7.648323e-08,9.110271e-06,0.000729977
2.162785e-05,7.64825e-08,9.112912e-06,0.0007305543
2.1631255e-05,7.64806e-08,9.11566e-06,0.0007311758
2.1633281e-05,7.6473384e-08,9.117815e-06,0.0007317715
2.163487e-05,7.646529e-08,9.119745e-06,0.00073233136
2.1636542e-05,7.645771e-08,9.1216425e-06,0.00073287776
2.1638278e-05,7.645071e-08,9.123592e-06,0.00073342316
2.1638816e-05,7.6439115e-08,9.124983e-06,0.00073393737
2.1640306e-05,7.643168e-08,9.126758e-06,0.0007344535
2.1640924e-05,7.6420605e-08,9.128151e-06,0.000734958
2.1642412e-05,7.6413386e-08,9.129928e-06,0.0007354721
2.1644233e-05,7.6406906e-08,9.131878e-06,0.00073600945
2.1647249e-05,7.640464e-08,9.134369e-06,0.000736588
2.1649377e-05,7.639845e-08,9.136529e-06,0.0007371683
2.1651094e-05,7.639101e-08,9.138499e-06,0.0007377275
2.1651633e-05,7.63795e-08,9.139892e-06,0.0007382427
2.1654276e-05,7.637653e-08,9.142159e-06,0.0007387884
2.1656424e-05,7.6370846e-08,9.144304e-06,0.00073935575
2.1658245e-05,7.636385e-08,9.146275e-06,0.000739913
2.164437e-05,7.629913e-08,9.141253e-06,0.0007400349
2.1657606e-05,7.634259e-08,9.147601e-06,0.0007405905
2.1664098e-05,7.634957e-08,9.151965e-06,0.0007414079
2.1667467e-05,7.634535e-08,9.1549155e-06,0.00074212486
2.1667884e-05,7.633188e-08,9.1564e-06,0.0007426969
2.1670265e-05,7.632781e-08,9.158601e-06,0.0007432495
2.1671154e-05,7.63174e-08,9.160156e-06,0.00074377854
2.1672688e-05,7.631012e-08,9.161955e-06,0.00074430153
2.167579e-05,7.630852e-08,9.164437e-06,0.0007448716
2.1676822e-05,7.629855e-08,9.16608e-06,0.000745418
2.1679556e-05,7.6295784e-08,9.168423e-06,0.0007459785
2.1681688e-05,7.6290185e-08,9.170575e-06,0.00074654847
2.1681173e-05,7.627483e-08,9.171502e-06,0.0007470399
2.1683574e-05,7.627156e-08,9.1736e-06,0.00074755796
2.168703e-05,7.627127e-08,9.176296e-06,0.00074814784
2.1689308e-05,7.6265664e-08,9.178519e-06,0.0007487374
2.169119e-05,7.625905e-08,9.180515e-06,0.00074929954
2.1691792e-05,7.6248e-08,9.181933e-06,0.0007498149
2.1692145e-05,7.623687e-08,9.183159e-06,0.00075029564
2.1694963e-05,7.623506e-08,9.185472e-06,0.0007508325
2.1696058e-05,7.6225895e-08,9.187136e-06,0.0007513676
2.170016e-05,7.622822e-08,9.190062e-06,0.0007519617
2.170273e-05,7.62235e-08,9.192412e-06,0.00075256574
2.1704613e-05,7.6216956e-08,9.194446e-06,0.000753135
2.1706457e-05,7.621063e-08,9.196409e-06,0.00075368537
2.1707123e-05,7.620009e-08,9.197847e-06,0.00075419806
2.1706315e-05,7.618484e-08,9.19855e-06,0.0007546456
2.171129e-05,7.61916e-08,9.201762e-06,0.0007552186
2.1714355e-05,7.618883e-08,9.204358e-06,0.0007558405
2.1715101e-05,7.617786e-08,9.2059045e-06,0.0007563885
2.1716636e-05,7.6170885e-08,9.20766e-06,0.0007569095
2.171979e-05,7.616994e-08,9.210171e-06,0.0007574777
2.1722151e-05,7.616515e-08,9.212403e-06,0.0007580565
2.172292e-05,7.6154826e-08,9.213896e-06,0.00075858366
2.172572e-05,7.615273e-08,9.2162345e-06,0.0007591345
2.1728063e-05,7.6148304e-08,9.218415e-06,0.00075970293
2.1730077e-05,7.614256e-08,9.220455e-06,0.00076026167
2.1732045e-05,7.613689e-08,9.222458e-06,0.00076081144
2.1734038e-05,7.613145e-08,9.224482e-06,0.0007613594
2.1736052e-05,7.6125936e-08,9.226487e-06,0.0007619078
2.173684e-05,7.611606e-08,9.227949e-06,0.0007624224
2.1738544e-05,7.611018e-08,9.229779e-06,0.00076293893
2.1740614e-05,7.610532e-08,9.231787e-06,0.000763476
2.1742713e-05,7.610031e-08,9.23383e-06,0.00076402375
2.1745993e-05,7.609959e-08,9.236401e-06,0.00076460757
2.1748358e-05,7.609502e-08,9.23862e-06,0.0007651896
2.1750353e-05,7.608935e-08,9.240664e-06,0.0007657494
2.1752368e-05,7.608398e-08,9.242692e-06,0.0007662988
2.1754402e-05,7.6078834e-08,9.244703e-06,0.0007668456
2.1756457e-05,7.6073675e-08,9.246731e-06,0.0007673943
2.1758537e-05,7.606867e-08,9.248759e-06,0.0007679433
2.1760654e-05,7.6063664e-08,9.250805e-06,0.000768492
2.1760283e-05,7.604974e-08,9.251741e-06,0.000768973
2.176174e-05,7.604358e-08,9.253383e-06,0.00076945795
2.1766327e-05,7.6048366e-08,9.256489e-06,0.0007700525
2.1769176e-05,7.604525e-08,9.258979e-06,0.0007706645
2.1771233e-05,7.603967e-08,9.261063e-06,0.00077123713
2.177325e-05,7.603429e-08,9.263076e-06,0.00077178894
2.177408e-05,7.602494e-08,9.264543e-06,0.0007723022
2.1777094e-05,7.6024e-08,9.266929e-06,0.0007728518
2.1779568e-05,7.602037e-08,9.2691735e-06,0.00077342166
2.1781749e-05,7.6015375e-08,9.271243e-06,0.0007739809
2.1782605e-05,7.600609e-08,9.272746e-06,0.00077449705
2.1784414e-05,7.600073e-08,9.274603e-06,0.00077501434
2.1786573e-05,7.5996674e-08,9.276637e-06,0.000775551
2.1787555e-05,7.598783e-08,9.278159e-06,0.0007760653
2.1791859e-05,7.599167e-08,9.281132e-06,0.00077665166
2.1794707e-05,7.598877e-08,9.283575e-06,0.00077725464
2.179685e-05,7.59837e-08,9.285665e-06,0.0007778248
2.1798935e-05,7.5978924e-08,9.287702e-06,0.000778377
2.180112e-05,7.597435e-08,9.289757e-06,0.0007789249
2.1803284e-05,7.597001e-08,9.291831e-06,0.0007794726
2.1805428e-05,7.596566e-08,9.293886e-06,0.0007800221
2.1807633e-05,7.596131e-08,9.295943e-06,0.00078057195
2.1809818e-05,7.595704e-08,9.298018e-06,0.0007811208
2.1812046e-05,7.595269e-08,9.300093e-06,0.0007816699
2.1813026e-05,7.594407e-08,9.301618e-06,0.00078218465
2.1814923e-05,7.593929e-08,9.3035e-06,0.0007827024
2.1818376e-05,7.5940086e-08,9.306108e-06,0.00078327436
2.1820983e-05,7.593668e-08,9.3084145e-06,0.0007838556
2.1821963e-05,7.592778e-08,9.309942e-06,0.0007843821
2.1823815e-05,7.592293e-08,9.311825e-06,0.0007849007
2.1827314e-05,7.592365e-08,9.314419e-06,0.000785472
2.182994e-05,7.592061e-08,9.316729e-06,0.0007860528
2.183217e-05,7.59162e-08,9.318843e-06,0.00078661356
2.1831922e-05,7.5903095e-08,9.319803e-06,0.00078709464
2.1835964e-05,7.5906776e-08,9.3225935e-06,0.0007876473
2.1838945e-05,7.590504e-08,9.325048e-06,0.0007882401
2.1841259e-05,7.5900914e-08,9.3272e-06,0.0007888093
2.1843469e-05,7.589665e-08,9.329282e-06,0.00078936236
2.1845683e-05,7.589274e-08,9.3313465e-06,0.00078991137
2.1847993e-05,7.588905e-08,9.3334465e-06,0.0007904599
2.1850286e-05,7.588529e-08,9.335531e-06,0.00079100806
2.1851332e-05,7.587711e-08,9.33708e-06,0.00079152355
2.1854565e-05,7.587733e-08,9.339537e-06,0.0007920755
2.1854754e-05,7.586561e-08,9.340714e-06,0.0007925765
2.1855214e-05,7.585613e-08,9.341908e-06,0.0007930372
2.186093e-05,7.5866105e-08,9.345454e-06,0.00079363934
2.186433e-05,7.5865245e-08,9.348146e-06,0.0007942736
2.1865395e-05,7.585635e-08,9.349767e-06,0.00079481996
2.186723e-05,7.5851496e-08,9.35164e-06,0.0007953409
2.186957e-05,7.5848384e-08,9.35371e-06,0.0007958773
2.1873204e-05,7.584962e-08,9.356387e-06,0.0007964596
2.1875898e-05,7.584701e-08,9.358724e-06,0.00079704233
2.1857184e-05,7.576655e-08,9.351391e-06,0.0007970059
2.1834263e-05,7.568046e-08,9.341284e-06,0.000796449
2.1872786e-05,7.582213e-08,9.358386e-06,0.0007974607
2.1875961e-05,7.580919e-08,9.362027e-06,0.0007985725
2.1816339e-05,7.557661e-08,9.336617e-06,0.0007975032
2.1872558e-05,7.579596e-08,9.360473e-06,0.0007984629
2.1894526e-05,7.584686e-08,9.37298e-06,0.00080030516
2.1896514e-05,7.582951e-08,9.376162e-06,0.00080138136
2.1896516e-05,7.5814754e-08,9.377503e-06,0.0008019821
2.189917e-05,7.581302e-08,9.3797225e-06,0.0008025231
2.1901786e-05,7.58107e-08,9.381941e-06,0.00080308045
2.1903023e-05,7.5803335e-08,9.3835515e-06,0.00080360065
2.1906388e-05,7.580427e-08,9.386074e-06,0.0008041556
2.1909149e-05,7.580232e-08,9.388385e-06,0.0008047272
2.191159e-05,7.5799214e-08,9.390551e-06,0.0008052868
2.1913997e-05,7.579618e-08,9.392683e-06,0.00080583914
2.1916445e-05,7.579343e-08,9.394833e-06,0.00080638874
2.1918891e-05,7.5790545e-08,9.396966e-06,0.0008069388
2.192132e-05,7.5787796e-08,9.399134e-06,0.00080748915
2.1922555e-05,7.578056e-08,9.400713e-06,0.00080800295
2.1924712e-05,7.577724e-08,9.402667e-06,0.0008085226
2.192722e-05,7.5774864e-08,9.404818e-06,0.00080906175
2.1931011e-05,7.5777095e-08,9.407546e-06,0.0008096476
2.1933838e-05,7.577522e-08,9.409914e-06,0.0008102306
2.1935051e-05,7.576763e-08,9.41153e-06,0.00081075623
2.19384e-05,7.576864e-08,9.414007e-06,0.0008113092
2.1938717e-05,7.5758024e-08,9.415229e-06,0.00081180845
2.1940625e-05,7.575405e-08,9.417006e-06,0.00081230263
2.1940625e-05,7.574299e-08,9.418012e-06,0.0008127622
2.1947575e-05,7.575788e-08,9.422054e-06,0.0008133886
2.1951451e-05,7.5758955e-08,9.425003e-06,0.0008140481
2.1952708e-05,7.575101e-08,9.426693e-06,0.0008146017
2.1955999e-05,7.5751736e-08,9.4291745e-06,0.0008151589
2.1958787e-05,7.574993e-08,9.431459e-06,0.00081572746
2.1960044e-05,7.574299e-08,9.433078e-06,0.000816248
2.1963544e-05,7.5744516e-08,9.435634e-06,0.0008168039
2.196512e-05,7.573866e-08,9.4374145e-06,0.0008173377
2.1967362e-05,7.573556e-08,9.439414e-06,0.00081786484
2.1971178e-05,7.573816e-08,9.442133e-06,0.0008184406
2.1974072e-05,7.573686e-08,9.4445095e-06,0.00081902137
2.1975395e-05,7.572992e-08,9.44615e-06,0.0008195465
2.1978834e-05,7.5731435e-08,9.448672e-06,0.0008201
2.1981752e-05,7.573028e-08,9.451051e-06,0.0008206703
2.1983074e-05,7.572364e-08,9.452674e-06,0.00082119333
2.1982782e-05,7.571172e-08,9.453521e-06,0.0008216392
2.1988528e-05,7.572242e-08,9.457001e-06,0.000822223
2.199092e-05,7.57188e-08,9.459185e-06,0.0008228104
2.1993232e-05,7.571555e-08,9.46126e-06,0.0008233585
2.1997052e-05,7.5718226e-08,9.463985e-06,0.0008239372
2.199869e-05,7.571237e-08,9.46579e-06,0.0008244804
2.2002218e-05,7.5714105e-08,9.468354e-06,0.0008250436
2.2003898e-05,7.570862e-08,9.470161e-06,0.00082557945
2.200621e-05,7.570602e-08,9.472183e-06,0.00082610484
2.2010052e-05,7.570891e-08,9.474929e-06,0.0008266809
2.2013059e-05,7.570818e-08,9.477333e-06,0.000827262
2.2013142e-05,7.5696924e-08,9.478401e-06,0.000827749
2.201514e-05,7.569382e-08,9.480207e-06,0.0008282354
2.2019047e-05,7.569736e-08,9.4829375e-06,0.00082879956
2.2023416e-05,7.570147e-08,9.4859415e-06,0.0008294154
2.2026401e-05,7.570039e-08,9.488366e-06,0.0008300088
2.2028988e-05,7.5698146e-08,9.4905745e-06,0.0008305702
2.2030315e-05,7.569187e-08,9.492203e-06,0.00083108287
2.2033908e-05,7.569425e-08,9.494756e-06,0.0008316347
2.2036958e-05,7.569375e-08,9.497147e-06,0.0008322058
2.203965e-05,7.569238e-08,9.499394e-06,0.0008327639
2.2042324e-05,7.569079e-08,9.501605e-06,0.00083331444
2.2043736e-05,7.5684866e-08,9.503254e-06,0.0008338265
2.204485e-05,7.567823e-08,9.504704e-06,0.0008343062
2.2048509e-05,7.568119e-08,9.507278e-06,0.0008348498
2.2051647e-05,7.568112e-08,9.509691e-06,0.0008354207
2.205434e-05,7.5679814e-08,9.511958e-06,0.00083597936
2.2057076e-05,7.567859e-08,9.514172e-06,0.00083652965
2.2061015e-05,7.56817e-08,9.516967e-06,0.0008371153
2.206411e-05,7.5681406e-08,9.519401e-06,0.00083769584
2.2066806e-05,7.5679814e-08,9.5216155e-06,0.0008382544
2.2069524e-05,7.567866e-08,9.52385e-06,0.00083880464
2.2072261e-05,7.567751e-08,9.526066e-06,0.0008393528
2.2074979e-05,7.567643e-08,9.5283e-06,0.00083990116
2.207774e-05,7.5675416e-08,9.530537e-06,0.0008404508
2.2080521e-05,7.567455e-08,9.532772e-06,0.00084099924
2.2083306e-05,7.567368e-08,9.53501e-06,0.000841548
2.2086087e-05,7.5672745e-08,9.537247e-06,0.0008420979
2.208885e-05,7.5671814e-08,9.539484e-06,0.00084264646
2.2091634e-05,7.567101e-08,9.541741e-06,0.0008431947
2.2094417e-05,7.5670144e-08,9.543997e-06,0.00084374496
2.2097218e-05,7.566928e-08,9.546218e-06,0.0008442931
2.2098717e-05,7.566394e-08,9.5478945e-06,0.00084480457
2.2101207e-05,7.566272e-08,9.549952e-06,0.00084532116
2.2104055e-05,7.566221e-08,9.552192e-06,0.0008458598
2.2106902e-05,7.5661774e-08,9.554471e-06,0.0008464078
2.2110995e-05,7.566567e-08,9.557296e-06,0.0008469947
2.2114162e-05,7.566581e-08,9.559739e-06,0.0008475756
2.211697e-05,7.566488e-08,9.562019e-06,0.00084813515
2.2119779e-05,7.566408e-08,9.564262e-06,0.00084868365
2.2122587e-05,7.5663436e-08,9.566506e-06,0.0008492317
2.2124148e-05,7.565846e-08,9.568222e-06,0.00084974297
2.2126664e-05,7.56573e-08,9.570265e-06,0.00085025857
2.2130846e-05,7.56617e-08,9.573095e-06,0.0008508344
2.2134076e-05,7.5662136e-08,9.575561e-06,0.00085141463
2.2136908e-05,7.566148e-08,9.577862e-06,0.00085197424
2.213976e-05,7.566091e-08,9.580127e-06,0.00085252366
2.2142636e-05,7.566062e-08,9.582393e-06,0.0008530718
2.2145507e-05,7.566033e-08,9.58466e-06,0.00085361884
2.2148362e-05,7.566012e-08,9.586926e-06,0.00085416675
2.215128e-05,7.5659756e-08,9.589195e-06,0.0008547159
2.2154174e-05,7.5659685e-08,9.591481e-06,0.00085526466
2.2157094e-05,7.5659464e-08,9.593751e-06,0.00085581216
2.215997e-05,7.565918e-08,9.596038e-06,0.0008563607
2.2162909e-05,7.565918e-08,9.598308e-06,0.00085690967
2.2165808e-05,7.565897e-08,9.600597e-06,0.00085745734
2.216875e-05,7.565897e-08,9.602886e-06,0.00085800455
2.21704e-05,7.565435e-08,9.604589e-06,0.00085851614
2.2174274e-05,7.5658384e-08,9.607282e-06,0.0008590706
2.2176288e-05,7.565463e-08,9.609152e-06,0.00085960247
2.217891e-05,7.565391e-08,9.611278e-06,0.0008601289
2.2183143e-05,7.565875e-08,9.6141375e-06,0.00086070487
2.2185175e-05,7.5655066e-08,9.616064e-06,0.00086124765
2.2189093e-05,7.565889e-08,9.61876e-06,0.0008618105
2.2192356e-05,7.565983e-08,9.621238e-06,0.0008623818
2.2195321e-05,7.565983e-08,9.62355e-06,0.00086293876
2.2198286e-05,7.565997e-08,9.625844e-06,0.0008634869
2.220121e-05,7.566019e-08,9.62814e-06,0.0008640348
2.2204196e-05,7.566047e-08,9.630435e-06,0.00086458283
2.2207209e-05,7.5660694e-08,9.632732e-06,0.0008651296
2.2210197e-05,7.566098e-08,9.635047e-06,0.0008656776
2.2211936e-05,7.565679e-08,9.636774e-06,0.00086618715
2.2215898e-05,7.56612e-08,9.639476e-06,0.0008667425
2.221927e-05,7.566256e-08,9.641977e-06,0.000867312
2.2222304e-05,7.566293e-08,9.644314e-06,0.0008678689
2.2225251e-05,7.5663145e-08,9.646613e-06,0.0008684178
2.2228307e-05,7.56638e-08,9.648931e-06,0.0008689655
2.2231317e-05,7.5664225e-08,9.65125e-06,0.0008695125
2.2234373e-05,7.566495e-08,9.6535705e-06,0.00087005994
2.223739e-05,7.566531e-08,9.655891e-06,0.00087060774
2.2240447e-05,7.566596e-08,9.658229e-06,0.00087115506
2.2243525e-05,7.566668e-08,9.660532e-06,0.0008717027
2.2245265e-05,7.566263e-08,9.662283e-06,0.00087221165
2.2248025e-05,7.566279e-08,9.664403e-06,0.00087272667
2.2251083e-05,7.566365e-08,9.6667245e-06,0.0008732645
2.2252909e-05,7.566012e-08,9.668495e-06,0.00087377353
2.225826e-05,7.566957e-08,9.671816e-06,0.0008743661
2.2260727e-05,7.566732e-08,9.673937e-06,0.00087493
2.2262191e-05,7.566242e-08,9.675524e-06,0.00087542576
2.2264892e-05,7.566256e-08,9.677628e-06,0.00087593275
2.227065e-05,7.567311e-08,9.681135e-06,0.000876546
2.2273201e-05,7.567108e-08,9.683296e-06,0.0008771188
2.2277216e-05,7.567534e-08,9.686068e-06,0.0008776927
2.22806e-05,7.567694e-08,9.6885615e-06,0.0008782629
2.2282427e-05,7.567318e-08,9.690336e-06,0.0008787798
2.2285172e-05,7.56734e-08,9.6924805e-06,0.0008792954
2.2289618e-05,7.567924e-08,9.695402e-06,0.00087987003
2.2293149e-05,7.5681335e-08,9.697954e-06,0.00088044733
2.2296255e-05,7.56822e-08,9.70034e-06,0.00088100584
2.2299362e-05,7.568306e-08,9.702654e-06,0.00088155374
2.2302494e-05,7.568429e-08,9.705004e-06,0.00088209956
2.2305687e-05,7.568551e-08,9.707373e-06,0.0008826465
2.230884e-05,7.568675e-08,9.709744e-06,0.0008831938
2.2311988e-05,7.568797e-08,9.712077e-06,0.00088374055
2.231516e-05,7.568927e-08,9.714448e-06,0.0008842869
2.2318356e-05,7.569057e-08,9.71682e-06,0.0008848336
2.2321508e-05,7.569194e-08,9.719174e-06,0.00088538136
2.2322107e-05,7.568393e-08,9.72036e-06,0.00088585017
2.2327262e-05,7.5693315e-08,9.723513e-06,0.00088641123
2.2331162e-05,7.569678e-08,9.726258e-06,0.0008870023
2.2334401e-05,7.5698004e-08,9.72867e-06,0.00088756747
2.2337537e-05,7.569938e-08,9.731045e-06,0.00088811613
2.2340711e-05,7.5700534e-08,9.733384e-06,0.0008886617
2.2342612e-05,7.569743e-08,9.735185e-06,0.00088916876
2.2346832e-05,7.5703205e-08,9.737972e-06,0.0008897209
2.2350418e-05,7.570573e-08,9.740535e-06,0.0008902903
2.2353659e-05,7.570724e-08,9.742931e-06,0.0008908457
2.235686e-05,7.570869e-08,9.74531e-06,0.00089139387
2.2360102e-05,7.5710425e-08,9.747689e-06,0.000891939
2.2363345e-05,7.571201e-08,9.75007e-06,0.00089248526
2.236529e-05,7.5709345e-08,9.751873e-06,0.00089299266
2.2368193e-05,7.5710204e-08,9.754069e-06,0.00089350814
2.2372828e-05,7.571699e-08,9.757027e-06,0.0008940834
2.2375112e-05,7.571504e-08,9.7590555e-06,0.0008946224
2.2378055e-05,7.571584e-08,9.761253e-06,0.0008951456
2.2382672e-05,7.572263e-08,9.764231e-06,0.00089572277
2.23863e-05,7.572537e-08,9.766839e-06,0.00089629955
2.2389593e-05,7.572718e-08,9.769242e-06,0.0008968552
2.2392864e-05,7.572891e-08,9.771628e-06,0.000897402
2.2396114e-05,7.5730796e-08,9.774015e-06,0.0008979464
2.2399447e-05,7.573288e-08,9.77642e-06,0.0008984928
2.2401433e-05,7.573028e-08,9.778248e-06,0.0008989994
2.2405733e-05,7.573628e-08,9.781045e-06,0.0008995526
2.2409413e-05,7.5739386e-08,9.783639e-06,0.0009001207
2.2412747e-05,7.5741404e-08,9.786065e-06,0.0009006753
2.2416065e-05,7.574349e-08,9.788492e-06,0.00090122264
2.2418053e-05,7.574091e-08,9.790284e-06,0.0009017273
2.242107e-05,7.574227e-08,9.792507e-06,0.00090224174
2.2425753e-05,7.574957e-08,9.795495e-06,0.00090281665
2.2429482e-05,7.575282e-08,9.798147e-06,0.0009033945
2.2432843e-05,7.575484e-08,9.800598e-06,0.00090394943
2.2432181e-05,7.5742776e-08,9.801176e-06,0.0009043765
2.2438537e-05,7.5757086e-08,9.804822e-06,0.0009049449
2.2442948e-05,7.57625e-08,9.807796e-06,0.0009055577
2.2446378e-05,7.5764596e-08,9.810304e-06,0.0009061295
2.244837e-05,7.5761996e-08,9.812118e-06,0.00090663874
2.2450064e-05,7.575881e-08,9.813728e-06,0.00090711185
2.2454455e-05,7.5765534e-08,9.816555e-06,0.0009076545
2.2459597e-05,7.5774e-08,9.819775e-06,0.0009082614
2.2461998e-05,7.577254e-08,9.821836e-06,0.00090880727
2.2465041e-05,7.5774e-08,9.824084e-06,0.0009093317
2.2469761e-05,7.578136e-08,9.827102e-06,0.0009099068
2.2473561e-05,7.5784826e-08,9.829744e-06,0.0009104822
2.2476992e-05,7.5787284e-08,9.832221e-06,0.0009110373
2.2480357e-05,7.578981e-08,9.834638e-06,0.00091158296
2.248377e-05,7.579234e-08,9.837059e-06,0.00091212644
2.2487204e-05,7.5795164e-08,9.839499e-06,0.0009126712
2.2490662e-05,7.5797914e-08,9.841957e-06,0.00091321615
2.2494118e-05,7.580066e-08,9.844417e-06,0.00091376057
2.2497616e-05,7.580363e-08,9.846876e-06,0.00091430626
2.2501072e-05,7.580644e-08,9.849337e-06,0.0009148515
2.2504531e-05,7.58094e-08,9.851779e-06,0.0009153961
2.2508031e-05,7.58123e-08,9.8542605e-06,0.0009159409
2.2511489e-05,7.5815116e-08,9.856684e-06,0.00091648527
2.251499e-05,7.581823e-08,9.859167e-06,0.0009170289
2.251843e-05,7.582119e-08,9.861613e-06,0.00091757404
2.2521954e-05,7.582409e-08,9.864096e-06,0.0009181194
2.2525459e-05,7.582712e-08,9.8665605e-06,0.00091866317
2.252896e-05,7.583023e-08,9.869026e-06,0.0009192074
2.253247e-05,7.583334e-08,9.871493e-06,0.00091975275
2.2536016e-05,7.5836596e-08,9.873978e-06,0.0009202967
2.2538165e-05,7.583486e-08,9.875824e-06,0.00092079985
2.254135e-05,7.583725e-08,9.878103e-06,0.0009213124
2.2546257e-05,7.584557e-08,9.881193e-06,0.00092188764
2.2548791e-05,7.5844845e-08,9.883266e-06,0.0009224228
2.2552e-05,7.584708e-08,9.885548e-06,0.00092294544
2.2556844e-05,7.585533e-08,9.888622e-06,0.0009235207
2.2560766e-05,7.5859525e-08,9.8913015e-06,0.0009240961
2.2562985e-05,7.585786e-08,9.893207e-06,0.00092460826
2.2566188e-05,7.586032e-08,9.895491e-06,0.00092512113
2.2548202e-05,7.5787646e-08,9.888169e-06,0.00092500704
2.2569357e-05,7.58604e-08,9.897925e-06,0.0009257304
2.2578875e-05,7.5880514e-08,9.903553e-06,0.0009266713
2.258284e-05,7.588246e-08,9.9065e-06,0.00092736236
2.2585928e-05,7.58837e-08,9.908843e-06,0.0009279241
2.2589331e-05,7.588651e-08,9.911244e-06,0.00092845963
2.2592889e-05,7.5889986e-08,9.9137005e-06,0.0009289985
2.259651e-05,7.589361e-08,9.916197e-06,0.0009295404
2.2600114e-05,7.58973e-08,9.918714e-06,0.000930085
2.2603737e-05,7.590084e-08,9.921229e-06,0.000930628
2.260738e-05,7.590454e-08,9.923728e-06,0.00093117217
2.2610988e-05,7.590823e-08,9.926227e-06,0.00093171623
2.2614635e-05,7.591199e-08,9.928745e-06,0.00093225925
2.2618238e-05,7.5915615e-08,9.931245e-06,0.0009328026
2.2621949e-05,7.591967e-08,9.933784e-06,0.0009333459
2.2625556e-05,7.592336e-08,9.936286e-06,0.00093388936
2.2629207e-05,7.59272e-08,9.938788e-06,0.0009344323
2.2632856e-05,7.593096e-08,9.941309e-06,0.0009349752
2.2636528e-05,7.593488e-08,9.943831e-06,0.00093551836
2.26402e-05,7.5938786e-08,9.946373e-06,0.00093606184
2.2643895e-05,7.5942765e-08,9.948877e-06,0.0009366052
2.2646187e-05,7.59419e-08,9.950775e-06,0.00093710684
2.26509e-05,7.594987e-08,9.953736e-06,0.0009376593
2.2654964e-05,7.595494e-08,9.956451e-06,0.0009382246
2.2650449e-05,7.5930025e-08,9.9552935e-06,0.0009385293
2.2660326e-05,7.59582e-08,9.960327e-06,0.00093913
2.2666101e-05,7.5968416e-08,9.963955e-06,0.00093980844
2.2669952e-05,7.597203e-08,9.966673e-06,0.0009404022
2.2673545e-05,7.597544e-08,9.969164e-06,0.0009409513
2.2675817e-05,7.5974505e-08,9.971028e-06,0.00094145036
2.2676466e-05,7.596834e-08,9.97215e-06,0.0009418762
2.268086e-05,7.597602e-08,9.9748695e-06,0.00094238744
2.2687742e-05,7.599138e-08,9.978847e-06,0.00094302656
2.2690881e-05,7.599247e-08,9.981226e-06,0.0009436004
2.2695607e-05,7.60003e-08,9.9842155e-06,0.00094417145
2.2698248e-05,7.600045e-08,9.986311e-06,0.00094469613
2.2703036e-05,7.6008774e-08,9.989301e-06,0.00094525394
2.2705766e-05,7.600921e-08,9.991378e-06,0.00094577845
2.270648e-05,7.600305e-08,9.992521e-06,0.0009462147
2.27109e-05,7.60108e-08,9.995267e-06,0.00094672566
2.2715109e-05,7.6016825e-08,9.998011e-06,0.000947282
2.2721697e-05,7.6031036e-08,1.0001864e-05,0.00094791566
2.2726166e-05,7.6037125e-08,1.0004821e-05,0.0009485229
2.2729897e-05,7.604118e-08,1.00073985e-05,0.00094908284
2.273224e-05,7.6040536e-08,1.0009307e-05,0.0009495827
2.273428e-05,7.603938e-08,1.0011046e-05,0.0009500492
2.2739161e-05,7.604829e-08,1.0014005e-05,0.00095059205
2.2743372e-05,7.605417e-08,1.0016774e-05,0.0009511562
2.2747256e-05,7.605888e-08,1.0019392e-05,0.00095170777
2.2751035e-05,7.606352e-08,1.0021953e-05,0.00095225056
2.2747976e-05,7.604387e-08,1.0021398e-05,0.0009525825
2.275559e-05,7.606404e-08,1.0025472e-05,0.0009531327
2.2760827e-05,7.60731e-08,1.00288e-05,0.0009537568
2.2764847e-05,7.607789e-08,1.00314965e-05,0.0009543318
2.2769997e-05,7.608703e-08,1.0034653e-05,0.0009549197
2.2775492e-05,7.609748e-08,1.0038042e-05,0.00095553324
2.2779688e-05,7.610299e-08,1.0040857e-05,0.00095611415
2.2782147e-05,7.610256e-08,1.0042811e-05,0.0009566214
2.2787019e-05,7.611148e-08,1.0045819e-05,0.0009571734
2.2791259e-05,7.611737e-08,1.0048578e-05,0.00095773675
2.2795153e-05,7.612238e-08,1.0051204e-05,0.0009582858
2.2799024e-05,7.6127165e-08,1.0053793e-05,0.00095882785
2.2800094e-05,7.6122454e-08,1.0055115e-05,0.0009592845
2.2804727e-05,7.613087e-08,1.0057935e-05,0.0009598043
2.2808972e-05,7.613711e-08,1.0060718e-05,0.000960359
2.2810189e-05,7.6132686e-08,1.0062099e-05,0.0009608246
2.2817592e-05,7.615083e-08,1.0066188e-05,0.00096142944
2.282251e-05,7.6158834e-08,1.0069356e-05,0.00096204836
2.28265e-05,7.616362e-08,1.0072025e-05,0.00096261455
2.2830376e-05,7.616856e-08,1.007462e-05,0.0009631572
2.2834278e-05,7.617379e-08,1.0077214e-05,0.00096369657
2.2838223e-05,7.617902e-08,1.0079809e-05,0.0009642362
2.2842127e-05,7.61844e-08,1.00824245e-05,0.000964777
2.2844673e-05,7.618476e-08,1.0084405e-05,0.0009652749
2.2849712e-05,7.619428e-08,1.0087464e-05,0.0009658256
2.285403e-05,7.620061e-08,1.0090254e-05,0.0009663893
2.2858043e-05,7.620613e-08,1.009291e-05,0.0009669378
2.2860639e-05,7.6206554e-08,1.0094893e-05,0.00096743775
2.2865657e-05,7.621609e-08,1.0097954e-05,0.00096798886
2.286998e-05,7.6222626e-08,1.0100747e-05,0.0009685512
2.2873995e-05,7.6228005e-08,1.0103426e-05,0.0009691
2.2877966e-05,7.6233455e-08,1.0106028e-05,0.0009696407
2.2880524e-05,7.623404e-08,1.0108013e-05,0.0009701375
2.288561e-05,7.624385e-08,1.01111e-05,0.0009706886
2.289e-05,7.625054e-08,1.0113916e-05,0.0009712515
2.2894017e-05,7.6256214e-08,1.0116578e-05,0.0009717996
2.2898019e-05,7.626174e-08,1.0119222e-05,0.0009723413
2.2902039e-05,7.626742e-08,1.0121846e-05,0.0009728802
2.2906086e-05,7.627316e-08,1.0124491e-05,0.00097341987
2.2910106e-05,7.627891e-08,1.0127118e-05,0.0009739604
2.2914175e-05,7.6284806e-08,1.0129784e-05,0.0009744991
2.2918242e-05,7.629048e-08,1.0132431e-05,0.0009750392
2.2922246e-05,7.629629e-08,1.013508e-05,0.00097557873
2.2926313e-05,7.630219e-08,1.0137727e-05,0.00097611867
2.293036e-05,7.6308154e-08,1.01403775e-05,0.0009766576
2.2934431e-05,7.631405e-08,1.0143029e-05,0.0009771971
2.2938546e-05,7.632009e-08,1.0145699e-05,0.0009777374
2.2942619e-05,7.632606e-08,1.014835e-05,0.0009782768
2.294529e-05,7.632701e-08,1.0150363e-05,0.0009787724
2.2949036e-05,7.633225e-08,1.0152841e-05,0.0009792803
2.2954577e-05,7.6343674e-08,1.0156134e-05,0.0009798539
2.2956177e-05,7.634069e-08,1.0157703e-05,0.0009803381
2.2959637e-05,7.634499e-08,1.0159989e-05,0.0009808231
2.2966558e-05,7.6361225e-08,1.0163904e-05,0.0009814317
2.2971406e-05,7.636931e-08,1.0167007e-05,0.0009820336
2.2975551e-05,7.637529e-08,1.01697215e-05,0.000982591
2.2978204e-05,7.637608e-08,1.01717205e-05,0.0009830869
2.298198e-05,7.638162e-08,1.0174184e-05,0.0009835929
2.2986103e-05,7.6387956e-08,1.0176843e-05,0.0009841231
2.2991695e-05,7.639954e-08,1.0180201e-05,0.0009847049
2.2996217e-05,7.640661e-08,1.01830765e-05,0.000985275
2.3000384e-05,7.64128e-08,1.0185778e-05,0.0009858235
2.3004492e-05,7.6419e-08,1.0188439e-05,0.0009863619
2.3008663e-05,7.6425565e-08,1.0191121e-05,0.0009868996
2.301281e-05,7.6431824e-08,1.0193803e-05,0.000987438
2.3017028e-05,7.643824e-08,1.0196525e-05,0.0009879769
2.3021183e-05,7.64448e-08,1.0199209e-05,0.0009885159
2.30254e-05,7.6451364e-08,1.0201914e-05,0.0009890543
2.3029575e-05,7.645792e-08,1.0204599e-05,0.000989593
2.3032346e-05,7.6459536e-08,1.0206643e-05,0.0009900869
2.3037643e-05,7.647018e-08,1.0209817e-05,0.0009906373
2.3042236e-05,7.6477974e-08,1.02127e-05,0.0009911988
2.3046461e-05,7.64844e-08,1.0215427e-05,0.0009917453
2.304211e-05,7.6460985e-08,1.0214219e-05,0.0009920214
2.3051369e-05,7.648776e-08,1.0218974e-05,0.0009925887
2.305594e-05,7.649461e-08,1.02219365e-05,0.0009931899
2.3062872e-05,7.651052e-08,1.0225915e-05,0.000993824
2.3067694e-05,7.651854e-08,1.0228976e-05,0.0009944217
2.3071922e-05,7.652511e-08,1.0231709e-05,0.0009949743
2.3076105e-05,7.6531464e-08,1.0234402e-05,0.0009955127
2.3080378e-05,7.65384e-08,1.0237116e-05,0.0009960494
2.3084607e-05,7.6545255e-08,1.0239831e-05,0.0009965862
2.3087448e-05,7.654708e-08,1.02419e-05,0.0009970797
2.3092847e-05,7.655832e-08,1.0245086e-05,0.0009976303
2.3096065e-05,7.656117e-08,1.0247352e-05,0.0009981476
2.309999e-05,7.656738e-08,1.0249893e-05,0.0009986613
2.310572e-05,7.6579425e-08,1.0253256e-05,0.0009992357
2.310894e-05,7.6582424e-08,1.0255525e-05,0.0009997591
2.3112909e-05,7.658856e-08,1.0258107e-05,0.0010002736
2.3117187e-05,7.659557e-08,1.0260807e-05,0.0010008037
2.312295e-05,7.660777e-08,1.0264213e-05,0.0010013845
2.3127626e-05,7.6615805e-08,1.026715e-05,0.0010019534
2.313054e-05,7.661793e-08,1.0269267e-05,0.0010024551
2.910653e-05,9.7801056e-08,1.2989516e-05,0.0011744086
3.1721087e-05,1.0540713e-07,1.4350311e-05,0.0013279596
3.2046628e-05,1.05771555e-07,1.4576516e-05,0.0013747525
3.1868072e-05,1.0499259e-07,1.4509279e-05,0.0013769933
3.1777246e-05,1.0468534e-07,1.4466227e-05,0.0013737713
3.177081e-05,1.0467505e-07,1.4461896e-05,0.0013729421
3.1795375e-05,1.0475824e-07,1.4473402e-05,0.0013737746
3.1828942e-05,1.048654e-07,1.4489754e-05,0.0013752298
3.1851097e-05,1.04929725e-07,1.4501117e-05,0.0013764857
3.187801e-05,1.0501321e-07,1.4514509e-05,0.0013777781
3.1901956e-05,1.0508554e-07,1.4526612e-05,0.0013790238
3.192358e-05,1.0515e-07,1.4537588e-05,0.0013801783
3.194403e-05,1.0521079e-07,1.4547935e-05,0.0013812718
3.1957967e-05,1.0524933e-07,1.4555289e-05,0.0013821702
3.1980144e-05,1.053178e-07,1.4566315e-05,0.0013832323
